0,2466,1
0,686,0
1,2058,1
1,2600,0
2,257,1
2,1797,1
2,773,1
2,1286,1
2,2058,1
2,1805,1
2,144,1
2,1045,1
2,2709,1
2,2466,1
2,2083,1
2,814,1
2,311,1
2,1721,1
2,2363,1
2,330,1
2,1994,1
2,1099,1
2,2387,1
2,853,1
2,601,1
2,2785,1
2,1776,1
2,1272,1
2,1657,1
2,2682,1
2,637,1
2,2175,1
2,237,0
2,1545,0
2,1130,0
2,1525,0
2,4,0
2,515,0
2,934,0
2,1638,0
2,1231,0
2,213,0
2,795,0
2,2351,0
2,21,0
2,1719,0
2,1337,0
2,1608,0
2,541,0
2,343,0
2,1483,0
2,1522,0
2,1653,0
2,1062,0
2,1674,0
2,1170,0
2,1574,0
2,1742,0
2,2104,0
2,1518,0
2,1545,0
2,489,0
2,1182,0
2,2787,0
3,1788,0
3,2227,0
5,2785,1
6,1537,1
6,1926,1
6,250,0
6,1484,0
8,1458,1
8,2395,1
8,764,1
8,1670,0
9,2575,1
10,2600,0
12,1458,1
12,350,0
12,1700,0
13,2741,1
13,1810,0
13,431,0
14,719,1
14,1074,0
14,1426,0
16,2091,1
17,1985,1
17,1645,0
18,1539,0
19,1742,1
19,1458,1
19,2365,1
19,2560,0
19,1302,0
19,993,0
19,2000,0
20,1985,1
20,1984,1
20,1515,1
20,1653,1
20,1544,0
20,468,0
20,1336,0
20,1672,0
20,711,0
20,838,0
21,1896,1
21,1611,1
21,628,0
21,575,0
22,2785,1
23,1611,1
24,1742,1
24,2732,0
25,1717,0
26,1385,1
26,2507,1
26,686,1
26,2319,1
26,226,0
26,2565,0
27,1611,1
28,864,1
28,748,1
28,2562,0
29,2319,1
29,887,0
31,1985,1
31,1654,1
31,1997,0
31,1666,0
32,3,1
32,2058,1
32,1742,1
32,2739,1
32,2179,0
32,2753,0
32,2733,0
33,2137,0
34,2395,1
35,2577,1
35,2197,1
35,2205,1
35,1566,1
35,286,1
35,814,1
35,52,1
35,1728,1
35,964,1
35,323,1
35,970,1
35,1500,1
35,2026,1
35,755,1
35,2036,1
35,2175,1
35,1609,0
35,1805,0
35,15,0
35,761,0
35,1701,0
35,2667,0
35,1435,0
35,2551,0
35,2747,0
35,590,0
35,612,0
35,1986,0
35,2264,0
37,2493,0
38,2055,1
38,1039,1
38,2168,1
38,1566,1
38,1825,1
38,1455,1
38,2224,1
38,1984,1
38,326,1
38,2260,1
38,119,1
38,1400,1
38,1534,0
38,102,0
38,1854,0
38,350,0
38,343,0
38,1995,0
38,325,0
38,871,0
38,1036,0
38,2732,0
38,164,0
39,1286,1
39,2574,1
39,2584,1
39,796,1
39,1052,1
39,285,1
39,819,1
39,2741,1
39,1979,1
39,62,1
39,1099,1
39,864,1
39,1892,1
39,615,1
39,2028,1
39,2288,1
39,1533,1
39,2234,0
39,1997,0
39,1178,0
39,2230,0
39,919,0
39,2460,0
39,243,0
39,930,0
39,829,0
39,1991,0
39,1619,0
39,2428,0
39,1485,0
39,1192,0
39,1897,0
39,1916,0
40,1538,1
40,1794,1
40,2436,1
40,907,1
40,273,1
40,166,1
40,1574,1
40,1966,1
40,830,1
40,2632,1
40,2382,1
40,1240,1
40,1892,1
40,2030,1
40,885,1
40,1531,1
40,2303,1
40,578,0
40,1086,0
40,2567,0
40,220,0
40,247,0
40,2562,0
40,638,0
40,2559,0
40,1741,0
40,494,0
40,2540,0
40,2227,0
40,2294,0
40,2425,0
40,660,0
40,1698,0
41,943,1
41,1124,0
42,518,1
42,1033,1
42,24,1
42,668,1
42,2716,1
42,1180,1
42,419,1
42,1698,1
42,1316,1
42,683,1
42,2732,1
42,812,1
42,62,1
42,320,1
42,2755,1
42,970,1
42,1484,1
42,1615,1
42,2639,1
42,1360,1
42,360,1
42,489,1
42,2288,1
42,1019,1
42,2046,1
42,1264,0
42,1162,0
42,2332,0
42,1214,0
42,1001,0
42,41,0
42,1433,0
42,2619,0
42,1799,0
42,1994,0
42,2121,0
42,1534,0
42,2699,0
42,2607,0
42,1002,0
42,38,0
42,1118,0
42,1178,0
42,2619,0
42,2628,0
42,2355,0
42,1294,0
42,1221,0
42,2171,0
43,1985,1
43,326,1
43,2765,1
43,242,1
43,281,1
43,1020,1
43,2559,1
43,1545,0
43,2479,0
43,1540,0
43,1146,0
43,1023,0
43,1218,0
44,1985,1
44,615,1
44,872,1
44,489,1
44,2028,1
44,1940,1
44,721,0
44,323,0
44,1474,0
44,751,0
44,2473,0
45,408,1
45,31,1
45,1568,1
45,2617,1
45,2492,1
45,455,1
45,1225,1
45,715,1
45,1875,1
45,346,1
45,1502,1
45,994,1
45,1764,1
45,1649,1
45,2170,1
45,1532,1
45,2085,0
45,913,0
45,2512,0
45,504,0
45,606,0
45,2664,0
45,2226,0
45,196,0
45,1144,0
45,571,0
45,2019,0
45,2278,0
45,1464,0
45,2608,0
45,8,0
45,2304,0
45,1446,0
45,677,0
45,2088,0
46,672,1
46,152,0
46,1295,0
48,1286,1
48,258,0
48,2696,0
48,275,0
48,1524,0
49,1183,1
49,2785,1
49,1664,1
49,1809,1
49,1045,1
49,63,1
49,1462,0
49,1566,0
49,2568,0
49,817,0
50,1568,1
50,2738,0
51,195,1
51,2026,1
51,2485,1
51,1400,1
51,2044,1
51,1976,0
51,656,0
51,1766,0
51,1014,0
51,310,0
51,1703,0
51,1868,0
52,517,1
52,1808,1
52,1809,1
52,1566,1
52,1188,1
52,2210,1
52,1588,1
52,1979,1
52,1985,1
52,2755,1
52,326,1
52,970,1
52,1360,1
52,89,1
52,1244,1
52,2268,1
52,478,1
52,1119,1
52,1249,1
52,107,1
52,758,1
52,374,1
52,2691,0
52,965,0
52,224,0
52,1781,0
52,1186,0
52,698,0
52,413,0
52,2081,0
52,1441,0
52,1727,0
52,1189,0
52,1496,0
52,2143,0
52,294,0
52,1864,0
52,154,0
52,1265,0
52,408,0
53,326,1
53,61,0
53,1597,0
53,1557,0
55,896,1
55,2048,1
55,2054,1
55,2312,1
55,390,1
55,396,1
55,1045,1
55,1941,1
55,2466,1
55,1061,1
55,38,1
55,2088,1
55,298,1
55,943,1
55,1074,1
55,565,1
55,2103,1
55,2744,1
55,698,1
55,1467,1
55,1340,1
55,1595,1
55,1984,1
55,2619,1
55,710,1
55,1743,1
55,1871,1
55,466,1
55,1113,1
55,1504,1
55,994,1
55,2531,1
55,1381,1
55,1642,1
55,499,1
55,1651,1
55,1013,1
55,1783,1
55,1532,1
55,587,0
55,1251,0
55,45,0
55,1705,0
55,1123,0
55,2566,0
55,1740,0
55,79,0
55,1277,0
55,2085,0
55,1904,0
55,1604,0
55,2525,0
55,1429,0
55,879,0
55,1303,0
55,573,0
55,696,0
55,2560,0
55,2705,0
55,1963,0
55,1115,0
55,1126,0
55,178,0
55,967,0
55,1333,0
55,883,0
55,23,0
55,1804,0
55,2023,0
55,2424,0
55,39,0
55,1431,0
55,2210,0
55,673,0
55,412,0
55,1517,0
55,1227,0
55,1324,0
55,100,0
55,2106,0
56,1697,1
56,501,1
56,1045,1
56,1080,0
56,638,0
56,2710,0
56,336,0
57,1179,0
58,1037,0
59,2755,1
60,1131,1
60,45,1
60,1840,1
60,1566,1
60,1523,0
60,1782,0
61,1566,1
62,206,1
63,1840,1
63,475,0
64,1589,1
64,382,1
65,177,1
65,2211,1
65,1852,1
65,2546,0
65,599,0
66,943,1
66,2673,0
67,2224,1
68,1320,1
68,758,1
68,447,0
68,1926,0
69,1852,1
69,469,0
70,1183,1
70,577,0
71,2704,1
71,993,1
71,2660,0
71,767,0
72,2494,1
72,2443,1
72,1517,1
72,2224,1
72,1882,1
72,441,0
72,1866,0
72,14,0
72,1796,0
72,1066,0
73,1427,1
73,2391,0
74,2466,1
74,1206,1
74,1052,0
75,994,1
75,1299,1
75,1427,1
75,661,1
75,1197,0
75,75,0
75,2219,0
75,30,0
75,2315,0
76,1598,0
77,2091,1
77,2590,0
78,424,0
80,1427,1
81,1920,1
81,2633,1
81,785,1
81,2546,1
81,2133,1
81,859,0
81,1460,0
81,393,0
81,1748,0
82,501,1
82,832,0
83,478,1
83,717,0
84,224,1
84,2349,0
85,993,1
85,743,0
85,1338,0
85,976,0
87,478,1
87,975,0
88,1427,1
89,2268,1
89,2133,1
89,1866,0
90,1851,0
91,1030,1
91,1016,0
91,445,0
92,672,1
92,2307,1
92,25,1
92,1629,1
92,1298,0
92,264,0
92,1310,0
93,2557,1
94,2557,1
94,1217,0
95,2274,0
97,382,1
97,943,1
97,1589,1
97,631,1
97,246,1
97,478,1
97,2101,0
97,1947,0
97,46,0
97,2348,0
97,2167,0
97,1141,0
98,2557,1
98,985,0
99,2557,1
99,2654,0
100,287,0
101,2764,1
101,2557,1
101,1820,0
101,2669,0
101,2139,0
102,1611,0
103,1468,0
104,1320,1
104,2557,1
104,758,1
104,1005,0
104,1734,0
104,25,0
105,984,1
105,52,1
105,110,1
105,552,0
105,1235,0
107,1290,0
108,2557,1
108,1790,0
109,1568,1
109,609,1
109,2755,0
109,196,0
110,2307,1
110,2064,0
111,2764,1
111,1967,0
111,352,0
112,2081,1
112,1825,1
112,758,1
112,2747,1
112,1692,1
112,2764,0
112,761,0
112,1649,0
112,1064,0
112,211,0
113,969,1
113,1449,1
113,2059,1
113,2676,1
113,1271,1
113,2175,1
113,575,1
113,1911,0
113,656,0
113,2352,0
113,1609,0
113,79,0
113,1854,0
114,306,1
115,1051,1
115,1271,1
115,2387,0
116,994,1
116,386,1
116,717,1
116,2030,1
116,885,1
116,1113,1
116,2772,0
116,1287,0
116,1754,0
116,418,0
116,1304,0
116,1678,0
116,2464,0
116,1958,0
117,100,1
117,1289,1
117,1898,1
117,1271,1
117,2136,1
117,1276,1
117,1821,0
117,1837,0
118,2675,1
118,758,1
118,1934,0
118,1783,0
118,1243,0
119,1537,1
119,1320,1
119,478,1
119,384,0
119,2409,0
119,886,0
119,1866,0
119,975,0
119,667,0
119,1638,0
119,860,0
119,1679,0
120,2760,1
120,680,0
121,2695,0
122,1154,0
123,1321,1
123,2557,1
123,323,0
123,1406,0
123,718,0
124,2426,0
124,2747,0
125,2704,1
125,1840,1
125,2789,0
126,1985,1
126,2513,1
126,2175,1
126,90,0
126,893,0
126,57,0
126,1143,0
126,95,0
126,1812,0
129,1571,0
130,1870,0
131,2562,1
131,704,1
131,1411,0
131,1228,0
132,361,0
133,452,0
134,2271,1
134,131,1
134,1608,1
134,2601,1
134,306,1
134,21,1
134,2167,1
134,2426,1
134,1391,0
134,136,0
134,1830,0
134,1094,0
134,858,0
134,439,0
134,869,0
134,734,0
135,672,1
135,16,0
136,1427,1
136,470,1
136,2363,0
136,1043,0
138,2048,1
138,2051,1
138,3,1
138,2054,1
138,11,1
138,23,1
138,31,1
138,2083,1
138,2085,1
138,40,1
138,2091,1
138,45,1
138,49,1
138,52,1
138,55,1
138,2105,1
138,2119,1
138,2121,1
138,76,1
138,77,1
138,86,1
138,2134,1
138,2136,1
138,87,1
138,2155,1
138,2161,1
138,115,1
138,119,1
138,2167,1
138,2171,1
138,2179,1
138,148,1
138,156,1
138,2210,1
138,2217,1
138,2224,1
138,178,1
138,194,1
138,195,1
138,2247,1
138,203,1
138,2253,1
138,2282,1
138,237,1
138,2290,1
138,259,1
138,270,1
138,275,1
138,2325,1
138,2333,1
138,295,1
138,2345,1
138,298,1
138,2358,1
138,311,1
138,313,1
138,2370,1
138,332,1
138,333,1
138,344,1
138,2396,1
138,2399,1
138,355,1
138,2404,1
138,2409,1
138,375,1
138,2423,1
138,377,1
138,378,1
138,2431,1
138,386,1
138,2437,1
138,392,1
138,2443,1
138,397,1
138,2446,1
138,2447,1
138,2452,1
138,413,1
138,416,1
138,2466,1
138,2467,1
138,426,1
138,2479,1
138,2485,1
138,438,1
138,2489,1
138,2493,1
138,450,1
138,2501,1
138,2514,1
138,474,1
138,2528,1
138,480,1
138,2531,1
138,484,1
138,487,1
138,499,1
138,503,1
138,2553,1
138,2559,1
138,2562,1
138,2565,1
138,524,1
138,2574,1
138,2583,1
138,2586,1
138,2591,1
138,2598,1
138,562,1
138,2611,1
138,571,1
138,579,1
138,2632,1
138,2633,1
138,586,1
138,590,1
138,594,1
138,2646,1
138,2648,1
138,600,1
138,2650,1
138,607,1
138,612,1
138,2662,1
138,615,1
138,2663,1
138,614,1
138,2666,1
138,631,1
138,633,1
138,640,1
138,2692,1
138,2697,1
138,656,1
138,667,1
138,2740,1
138,2741,1
138,693,1
138,697,1
138,2747,1
138,2755,1
138,709,1
138,714,1
138,2770,1
138,2772,1
138,2783,1
138,2785,1
138,2790,1
138,748,1
138,755,1
138,757,1
138,773,1
138,782,1
138,789,1
138,790,1
138,792,1
138,801,1
138,820,1
138,822,1
138,823,1
138,845,1
138,857,1
138,858,1
138,875,1
138,906,1
138,910,1
138,911,1
138,913,1
138,920,1
138,922,1
138,943,1
138,945,1
138,964,1
138,968,1
138,977,1
138,986,1
138,987,1
138,997,1
138,1022,1
138,1040,1
138,1047,1
138,1052,1
138,1069,1
138,1072,1
138,1092,1
138,1096,1
138,1128,1
138,1132,1
138,1142,1
138,1181,1
138,1185,1
138,1201,1
138,1215,1
138,1234,1
138,1236,1
138,1262,1
138,1264,1
138,1272,1
138,1283,1
138,1288,1
138,1309,1
138,1310,1
138,1321,1
138,1336,1
138,1350,1
138,1367,1
138,1373,1
138,1374,1
138,1376,1
138,1397,1
138,1412,1
138,1414,1
138,1423,1
138,1428,1
138,1431,1
138,1475,1
138,1515,1
138,1523,1
138,1524,1
138,1530,1
138,1531,1
138,1532,1
138,1559,1
138,1567,1
138,1631,1
138,1634,1
138,1642,1
138,1646,1
138,1652,1
138,1653,1
138,1656,1
138,1671,1
138,1697,1
138,1704,1
138,1725,1
138,1743,1
138,1757,1
138,1762,1
138,1764,1
138,1780,1
138,1783,1
138,1809,1
138,1819,1
138,1833,1
138,1836,1
138,1837,1
138,1845,1
138,1866,1
138,1884,1
138,1915,1
138,1920,1
138,1923,1
138,1927,1
138,1930,1
138,1952,1
138,1961,1
138,1977,1
138,1979,1
138,1985,1
138,1991,1
138,1997,1
138,2001,1
138,2009,1
138,2017,1
138,2021,1
138,2022,1
138,2024,1
138,2026,1
138,2029,1
138,2030,1
138,2032,1
138,2035,1
138,2039,1
138,1301,0
138,1387,0
138,188,0
138,2320,0
138,1323,0
138,729,0
138,710,0
138,1857,0
138,411,0
138,2140,0
138,145,0
138,1661,0
138,2111,0
138,182,0
138,2606,0
138,2578,0
138,60,0
138,1332,0
138,247,0
138,1898,0
138,1471,0
138,1462,0
138,1330,0
138,719,0
138,184,0
138,251,0
138,2781,0
138,2184,0
138,850,0
138,2158,0
138,1940,0
138,2694,0
138,2002,0
138,1719,0
138,1556,0
138,1014,0
138,2053,0
138,364,0
138,2539,0
138,1996,0
138,2653,0
138,1758,0
138,1926,0
138,1478,0
138,427,0
138,1259,0
138,1864,0
138,78,0
138,2050,0
138,578,0
138,1292,0
138,2383,0
138,740,0
138,2015,0
138,212,0
138,873,0
138,339,0
138,116,0
138,992,0
138,2252,0
138,1362,0
138,569,0
138,2205,0
138,2336,0
138,609,0
138,68,0
138,432,0
138,2425,0
138,1607,0
138,175,0
138,454,0
138,726,0
138,1300,0
138,2571,0
138,1598,0
138,722,0
138,2573,0
138,1904,0
138,2579,0
138,1289,0
138,2246,0
138,563,0
138,150,0
138,1771,0
138,1253,0
138,2078,0
138,44,0
138,1578,0
138,2208,0
138,1502,0
138,2593,0
138,2322,0
138,2166,0
138,1267,0
138,1284,0
138,1079,0
138,1265,0
138,90,0
138,1959,0
138,1327,0
138,2685,0
138,1019,0
138,106,0
138,1049,0
138,1145,0
138,883,0
138,1842,0
138,2018,0
138,1677,0
138,141,0
138,350,0
138,2230,0
138,2538,0
138,1286,0
138,2018,0
138,1156,0
138,1556,0
138,2284,0
138,2515,0
138,1108,0
138,1034,0
138,418,0
138,1551,0
138,1956,0
138,2629,0
138,840,0
138,2329,0
138,2096,0
138,2412,0
138,364,0
138,89,0
138,2745,0
138,73,0
138,1534,0
138,1018,0
138,231,0
138,2339,0
138,2758,0
138,1508,0
138,2551,0
138,635,0
138,834,0
138,448,0
138,224,0
138,62,0
138,1127,0
138,896,0
138,1861,0
138,2487,0
138,483,0
138,1255,0
138,1782,0
138,2789,0
138,2521,0
138,2189,0
138,2724,0
138,47,0
138,0,0
138,817,0
138,220,0
138,880,0
138,1737,0
138,2569,0
138,536,0
138,1700,0
138,1665,0
138,2468,0
138,66,0
138,819,0
138,2152,0
138,999,0
138,303,0
138,403,0
138,2469,0
138,735,0
138,918,0
138,1115,0
138,1225,0
138,328,0
138,398,0
138,2129,0
138,2156,0
138,1882,0
138,1673,0
138,1815,0
138,1895,0
138,361,0
138,2124,0
138,1169,0
138,825,0
138,317,0
138,2249,0
138,536,0
138,1878,0
138,2267,0
138,37,0
138,2761,0
138,70,0
138,2713,0
138,1596,0
138,2043,0
138,908,0
138,1066,0
138,1939,0
138,580,0
138,150,0
138,2043,0
138,369,0
138,193,0
138,2127,0
138,2279,0
138,299,0
138,1823,0
138,878,0
138,284,0
138,66,0
138,2108,0
138,387,0
138,223,0
138,1792,0
138,1184,0
138,514,0
138,1835,0
138,137,0
138,1214,0
138,1692,0
138,2476,0
138,2195,0
138,495,0
138,991,0
138,1741,0
138,1936,0
138,1138,0
138,2120,0
138,1259,0
138,544,0
138,1875,0
138,1098,0
138,1957,0
138,1929,0
138,617,0
138,1025,0
138,2714,0
138,2103,0
138,1474,0
138,555,0
138,1859,0
138,1171,0
138,918,0
138,921,0
138,1622,0
138,660,0
138,525,0
138,694,0
138,2776,0
138,2605,0
138,2166,0
138,1410,0
138,300,0
138,547,0
138,2727,0
138,2137,0
138,2104,0
138,267,0
138,2164,0
138,315,0
138,825,0
138,2158,0
138,2228,0
138,1149,0
138,2392,0
138,1296,0
138,2052,0
138,948,0
138,453,0
138,1924,0
138,2357,0
138,376,0
138,1552,0
138,1579,0
138,969,0
138,1355,0
138,1844,0
138,533,0
138,1455,0
138,2757,0
138,1853,0
138,779,0
138,290,0
139,1321,1
139,2507,1
139,382,1
139,2039,0
139,398,0
140,1035,1
141,1833,1
141,913,1
141,2740,1
141,2644,1
141,1725,1
141,1100,0
141,427,0
141,1988,0
141,2725,0
141,183,0
141,2728,0
141,2613,0
141,137,0
141,1944,0
142,133,1
142,1896,1
142,748,1
142,45,1
142,501,1
142,1819,1
142,1108,0
142,1616,0
142,1171,0
142,1131,0
142,1591,0
142,2744,0
143,1725,1
143,2055,0
144,1037,0
145,1152,1
145,642,1
145,273,1
145,667,1
145,668,1
145,2091,1
145,1971,1
145,1592,1
145,186,1
145,1979,1
145,1085,1
145,2755,1
145,1611,1
145,2772,1
145,2015,1
145,609,1
145,2675,1
145,2175,1
145,1763,0
145,545,0
145,1540,0
145,37,0
145,906,0
145,1945,0
145,2047,0
145,2588,0
145,2350,0
145,856,0
145,903,0
145,1677,0
145,590,0
145,1425,0
145,1120,0
145,52,0
145,504,0
145,1339,0
145,2776,0
147,2468,1
147,888,0
148,1367,1
148,2318,0
149,45,1
150,1819,1
150,490,0
152,591,0
153,45,1
153,2488,0
154,1559,1
155,2466,1
155,1369,0
156,775,0
156,2234,0
157,1566,1
158,1035,1
158,1032,0
160,2288,1
160,2330,0
161,704,1
162,704,1
162,1196,1
162,1271,1
162,229,0
162,945,0
162,2774,0
162,1137,0
162,1832,0
162,1963,0
164,256,1
164,1273,1
164,646,1
164,903,1
164,1928,1
164,388,1
164,2056,1
164,1941,1
164,2583,1
164,2590,1
164,1952,1
164,1570,1
164,163,1
164,2298,1
164,1071,1
164,47,1
164,433,1
164,190,1
164,191,1
164,704,1
164,576,1
164,1859,1
164,1351,1
164,207,1
164,2777,1
164,737,1
164,98,1
164,100,1
164,2537,1
164,238,1
164,2030,1
164,2423,1
164,2553,1
164,2556,1
164,2045,1
164,501,0
164,2194,0
164,379,0
164,1937,0
164,2375,0
164,1055,0
164,1163,0
164,110,0
164,2149,0
164,2183,0
164,2345,0
164,1784,0
164,2154,0
164,2199,0
164,1158,0
164,1189,0
164,2282,0
164,531,0
164,1730,0
164,2312,0
164,2585,0
164,334,0
164,454,0
164,2696,0
164,1775,0
164,174,0
164,614,0
164,2733,0
164,1325,0
164,2541,0
164,1459,0
164,2772,0
164,212,0
164,2203,0
164,2744,0
164,2133,0
165,4,1
165,1925,1
165,773,1
165,2186,1
165,1300,1
165,1069,1
165,2744,1
165,63,1
165,987,1
165,1756,1
165,1631,1
165,1889,1
165,870,1
165,1013,1
165,2426,1
165,2044,0
165,1246,0
165,977,0
165,1279,0
165,1392,0
165,1920,0
165,1588,0
165,2755,0
165,511,0
165,881,0
165,2343,0
165,2194,0
165,2293,0
165,1522,0
165,2524,0
165,863,0
165,1493,0
165,845,0
165,349,0
166,1938,1
166,1634,1
166,2579,0
166,202,0
167,1261,0
168,1061,1
168,1013,1
169,1013,1
169,2103,0
170,1013,1
171,1611,1
171,574,0
172,1840,1
172,1819,1
172,2772,0
172,1098,0
172,2312,0
173,1861,0
175,1300,1
175,1133,0
176,1889,1
176,1028,0
176,1934,0
177,1855,1
177,2472,0
178,8,1
178,294,1
178,1839,0
178,1451,0
179,758,1
179,2314,0
179,1591,0
180,1360,1
180,354,1
180,2591,0
180,1118,0
180,433,0
181,1402,0
182,294,1
182,1453,0
183,348,0
184,1965,0
185,2215,1
185,2449,0
187,2,1
187,2362,0
188,2744,1
188,1421,0
189,1634,1
189,1611,1
189,1142,1
189,312,1
189,2426,1
189,796,1
189,578,0
189,2672,0
189,343,0
189,331,0
189,203,0
190,2744,1
190,2466,1
191,63,1
192,1549,0
193,95,0
195,63,1
195,2395,0
197,1837,1
197,847,1
197,816,1
197,2513,1
197,2137,1
197,1845,0
197,1873,0
197,1393,0
198,2215,1
199,1114,1
199,1013,0
200,2367,1
200,1594,0
200,2721,0
200,2252,0
201,1671,0
202,2215,1
202,615,0
203,1498,1
203,989,1
203,2367,1
203,2070,0
203,1557,0
204,1725,1
204,2416,0
205,1634,1
205,1180,1
205,450,0
205,2157,0
206,2368,1
206,2433,1
206,1168,1
206,1488,1
206,1832,0
206,1607,0
206,321,0
207,1168,1
207,2367,1
207,1596,0
207,2680,0
208,2053,1
208,2439,1
208,1933,1
208,1172,1
208,2215,1
208,2224,1
208,313,1
208,575,1
208,2633,1
208,336,1
208,81,1
208,2394,1
208,1126,1
208,1894,1
208,872,1
208,233,1
208,496,1
208,2160,1
208,501,1
208,2205,0
208,1485,0
208,103,0
208,1417,0
208,967,0
208,2528,0
208,2474,0
208,2207,0
208,1469,0
208,1562,0
208,1202,0
208,71,0
208,885,0
208,1162,0
208,1045,0
208,1055,0
208,2547,0
208,1999,0
208,1449,0
208,1521,0
208,280,0
208,2242,0
208,585,0
208,219,0
209,2770,0
210,2304,1
210,259,1
210,131,1
210,2055,1
210,6,1
210,1426,1
210,1427,1
210,2591,1
210,294,1
210,816,1
210,1727,1
210,1984,1
210,2755,1
210,2001,1
210,215,1
210,485,1
210,1132,1
210,748,1
210,1264,1
210,758,1
210,630,1
210,2557,1
210,100,0
210,1187,0
210,333,0
210,1494,0
210,678,0
210,958,0
210,2181,0
210,1749,0
210,912,0
210,1366,0
210,1022,0
210,171,0
210,56,0
210,2587,0
210,1883,0
210,687,0
210,967,0
212,428,0
213,2563,1
213,1156,1
213,1546,1
213,913,1
213,2206,1
213,1069,1
213,2093,1
213,1079,1
213,2743,1
213,1855,1
213,1872,1
213,1240,1
213,2151,1
213,2407,1
213,2030,1
213,1395,1
213,1275,1
213,255,1
213,1959,0
213,462,0
213,956,0
213,1762,0
213,815,0
213,2061,0
213,2495,0
213,2580,0
213,1453,0
213,1723,0
214,115,1
214,1653,1
214,1375,1
214,411,0
214,2660,0
214,1556,0
216,1568,1
216,294,1
216,1139,0
216,1457,0
217,1432,0
217,353,0
218,2288,1
218,207,1
219,382,1
220,2308,1
220,2568,1
220,652,1
220,1804,1
220,2711,1
220,1051,1
220,283,1
220,947,1
220,1339,1
220,2376,1
220,842,1
220,972,1
220,870,1
220,875,1
220,235,1
220,1526,1
220,1787,0
220,353,0
220,1325,0
220,257,0
220,1161,0
220,1609,0
220,982,0
220,2321,0
220,2405,0
220,2768,0
220,1417,0
220,2249,0
220,806,0
220,531,0
220,1323,0
220,1747,0
221,686,1
221,1054,0
221,2641,0
222,1449,1
222,802,0
223,609,1
223,125,1
223,917,1
223,2787,0
223,352,0
224,1829,0
225,682,1
225,2511,0
226,948,1
226,615,1
226,2727,1
226,2012,0
227,1725,1
227,438,0
228,1497,0
229,1498,1
229,1634,1
229,56,0
229,219,0
230,155,1
230,2726,1
230,606,0
230,2642,0
231,2181,1
231,1446,0
232,2050,1
232,1039,1
232,1552,1
232,1043,1
232,2581,1
232,2070,1
232,2073,1
232,1051,1
232,2594,1
232,2083,1
232,1069,1
232,2045,1
232,568,1
232,2105,1
232,1098,1
232,1611,1
232,596,1
232,2137,1
232,1119,1
232,1130,1
232,2154,1
232,632,1
232,2174,1
232,1669,1
232,2700,1
232,1680,1
232,2193,1
232,148,1
232,1180,1
232,1697,1
232,1188,1
232,1194,1
232,2731,1
232,179,1
232,698,1
232,2747,1
232,1725,1
232,1727,1
232,704,1
232,195,1
232,2245,1
232,1225,1
232,1744,1
232,2265,1
232,1246,1
232,1764,1
232,2283,1
232,1773,1
232,242,1
232,757,1
232,2304,1
232,2307,1
232,1283,1
232,773,1
232,796,1
232,1821,1
232,797,1
232,285,1
232,1333,1
232,1845,1
232,824,1
232,843,1
232,1870,1
232,336,1
232,355,1
232,2405,1
232,360,1
232,2413,1
232,366,1
232,1905,1
232,2421,1
232,886,1
232,2423,1
232,2426,1
232,1920,1
232,390,1
232,2439,1
232,1421,1
232,397,1
232,2448,1
232,914,1
232,411,1
232,1958,1
232,1459,1
232,437,1
232,1984,1
232,975,1
232,987,1
232,2017,1
232,994,1
232,2023,1
232,2537,1
232,2544,1
232,2034,1
232,2550,1
232,508,1
232,147,0
232,190,0
232,2319,0
232,2536,0
232,1432,0
232,1635,0
232,2559,0
232,618,0
232,1374,0
232,2118,0
232,810,0
232,1861,0
232,330,0
232,1976,0
232,2228,0
232,652,0
232,1948,0
232,2089,0
232,2093,0
232,564,0
232,2256,0
232,1149,0
232,212,0
232,281,0
232,377,0
232,1925,0
232,893,0
232,2655,0
232,941,0
232,1415,0
232,1709,0
232,275,0
232,2363,0
232,584,0
232,71,0
232,726,0
232,2610,0
232,235,0
232,977,0
232,872,0
232,2072,0
232,1309,0
232,1790,0
232,431,0
232,945,0
232,57,0
232,74,0
232,1122,0
232,1257,0
232,1429,0
232,2321,0
232,2775,0
232,254,0
232,2005,0
232,2711,0
232,1583,0
232,2369,0
232,235,0
232,414,0
232,2506,0
232,1918,0
232,1449,0
232,1653,0
232,809,0
232,917,0
232,562,0
232,1513,0
232,42,0
232,286,0
232,794,0
232,1651,0
232,226,0
232,244,0
232,423,0
232,149,0
232,93,0
232,1741,0
232,789,0
232,275,0
232,206,0
232,296,0
232,1938,0
232,427,0
232,2151,0
232,2115,0
232,1462,0
232,805,0
232,1759,0
232,1988,0
232,2197,0
232,1131,0
233,1681,1
233,2318,0
234,1855,1
234,2395,0
235,1026,1
235,1411,1
235,2051,1
235,643,1
235,2444,1
235,2317,1
235,531,1
235,2325,1
235,1943,1
235,1057,1
235,1571,1
235,931,1
235,1832,1
235,2091,1
235,1707,1
235,2097,1
235,2227,1
235,822,1
235,1979,1
235,1218,1
235,1367,1
235,1629,1
235,1892,1
235,1387,1
235,371,1
235,1912,1
235,2681,1
235,2622,0
235,2129,0
235,2551,0
235,199,0
235,2004,0
235,202,0
235,253,0
235,2196,0
235,725,0
235,945,0
235,479,0
235,1977,0
235,1272,0
235,821,0
235,2398,0
235,218,0
235,726,0
235,2620,0
235,790,0
235,2201,0
235,2488,0
235,26,0
235,1304,0
235,2761,0
235,1711,0
235,2125,0
235,2126,0
236,2675,1
236,2587,0
237,1168,1
237,115,1
237,2726,1
237,268,0
238,789,1
240,2153,1
240,994,1
240,207,1
240,701,0
240,662,0
240,2472,0
241,333,0
242,2557,1
242,51,0
243,2128,1
243,522,1
243,2632,0
243,1749,0
244,2181,1
244,680,1
244,2224,1
244,1056,0
244,1831,0
244,1123,0
244,761,0
244,2736,0
245,2051,1
245,1765,0
246,1009,1
246,658,1
246,2158,1
246,2590,1
246,1937,0
246,1131,0
246,1396,0
247,800,1
247,1894,1
247,1855,1
247,1182,0
247,1297,0
248,1966,1
248,1424,1
248,758,1
248,1142,1
248,1559,0
248,452,0
248,2532,0
248,1832,0
249,2675,1
249,284,1
249,968,0
249,136,0
250,1664,1
250,2051,1
250,1943,0
251,704,1
251,285,0
252,199,1
252,1609,1
252,2125,1
252,664,1
252,1679,0
252,652,0
252,416,0
252,1811,0
252,562,0
252,958,0
252,561,0
253,522,1
254,2051,1
254,1959,0
255,1892,1
255,1607,1
255,905,1
255,812,1
255,1392,1
255,758,1
255,2584,1
255,2367,1
255,1812,0
255,2058,0
255,739,0
255,513,0
255,982,0
255,1645,0
255,2175,0
255,1785,0
255,441,0
255,103,0
255,1217,0
256,907,1
256,273,1
256,279,1
256,544,1
256,1961,1
256,2362,1
256,1480,1
256,843,1
256,723,1
256,2136,1
256,737,1
256,487,1
256,107,1
256,2158,1
256,1394,1
256,1876,0
256,1065,0
256,425,0
256,2229,0
256,1539,0
256,1931,0
256,204,0
256,2682,0
256,2207,0
256,1156,0
256,180,0
256,8,0
256,839,0
256,1278,0
256,347,0
256,823,0
257,2051,1
257,1531,1
257,2403,0
257,1317,0
258,1286,1
258,2215,1
258,615,1
258,2028,1
258,2288,1
258,2675,1
258,2741,1
258,1142,1
258,1979,1
258,667,1
258,2274,0
258,2486,0
258,1823,0
258,2785,0
258,2185,0
258,388,0
258,256,0
258,257,0
258,1117,0
259,2394,1
259,2307,1
259,1774,0
259,2452,0
260,2307,1
260,282,0
260,1617,0
261,2051,1
261,566,0
262,2596,1
262,889,1
262,2748,0
262,1648,0
262,1571,0
263,2051,1
264,1190,1
264,232,1
264,1528,1
264,2160,1
264,817,1
264,985,1
264,2316,0
264,2754,0
264,1609,0
264,182,0
264,2627,0
264,691,0
264,2778,0
264,1596,0
265,1994,1
265,1772,0
266,63,1
266,1838,0
267,1889,1
267,2596,1
267,2727,1
267,1180,1
267,2367,1
267,2498,0
267,1986,0
267,1197,0
267,2175,0
268,1019,1
268,1674,0
268,847,0
269,2731,1
269,1716,0
270,2051,1
270,2722,1
270,424,1
270,2443,1
270,943,1
270,562,1
270,631,1
270,2747,1
270,125,1
270,2094,0
270,548,0
270,162,0
270,1736,0
270,2227,0
270,1893,0
270,2524,0
270,506,0
270,2660,0
271,427,0
272,2588,0
273,305,1
273,2675,1
273,1842,1
273,2067,0
273,345,0
274,1387,1
274,17,0
277,501,1
277,163,0
278,2051,1
278,686,1
278,2043,0
278,2430,0
278,652,0
279,2051,1
280,704,1
281,2033,1
281,2475,0
282,1142,1
282,2671,0
283,1033,1
283,1950,1
283,290,1
283,34,1
283,2746,1
283,317,1
283,2367,1
283,465,1
283,2009,1
283,1889,1
283,1634,1
283,1761,1
283,1777,1
283,2036,1
283,1276,1
283,1390,0
283,260,0
283,1199,0
283,2425,0
283,408,0
283,786,0
283,626,0
283,2182,0
283,1717,0
283,1934,0
283,2335,0
283,2352,0
283,1422,0
283,1065,0
283,1688,0
283,1290,0
283,1215,0
283,2323,0
283,1468,0
284,2017,0
284,602,0
284,1028,0
284,1170,0
285,1788,0
286,115,1
286,2596,1
286,2726,1
286,2395,0
286,1534,0
287,2184,1
287,757,0
288,1271,1
288,727,0
289,2728,1
289,1057,1
289,2154,1
289,1063,0
289,1628,0
290,917,1
290,354,0
291,1057,1
291,1646,1
291,1223,1
291,1470,0
291,1766,0
291,723,0
292,912,1
292,642,1
292,1894,1
292,2492,0
292,1331,0
292,1692,0
293,2430,0
294,677,1
294,1126,1
294,2215,1
294,80,0
295,2754,1
295,198,1
295,1033,1
295,2786,0
295,2084,0
295,2512,0
295,1234,0
296,352,1
296,354,1
296,10,1
296,1902,1
296,306,1
296,2175,0
296,2685,0
296,1585,0
296,1605,0
296,1585,0
296,2344,0
296,1085,0
296,1852,0
296,2206,0
296,1980,0
297,2267,1
297,76,0
297,1805,0
297,401,0
298,2557,1
298,1633,0
299,2340,1
300,2624,1
300,1320,1
300,812,1
300,943,1
300,1167,1
300,690,1
300,1535,0
300,2436,0
300,493,0
300,2029,0
300,2555,0
300,1785,0
300,516,0
301,1728,1
301,1223,1
301,1580,1
301,2485,1
301,989,1
301,1901,0
301,655,0
301,2614,0
302,1129,1
302,683,1
302,1810,0
302,2520,0
302,1649,0
303,2666,1
303,2605,1
303,1421,1
303,1711,1
303,660,0
303,186,0
304,2596,1
304,856,0
305,2562,1
305,771,1
305,2666,1
305,1912,1
305,1813,0
305,945,0
305,371,0
306,2624,1
306,9,1
306,1579,1
306,1330,1
306,342,0
306,2622,0
306,1560,0
306,2556,0
306,2516,0
307,1387,1
307,1611,1
307,698,1
307,1770,0
307,2762,0
307,1456,0
309,1,1
309,924,0
310,2081,0
310,1600,0
311,2632,1
312,2395,1
312,2394,0
313,826,1
313,19,0
314,1113,1
314,574,0
314,1630,0
315,2637,1
315,31,1
315,442,0
315,1717,0
315,1085,0
316,642,1
316,885,1
316,324,0
316,2132,0
316,695,0
317,1786,1
317,2021,1
317,203,0
317,2273,0
318,1117,0
319,2248,0
320,1664,1
320,4,1
320,1167,1
320,17,1
320,2584,1
320,2459,1
320,155,1
320,682,1
320,2743,1
320,1725,1
320,575,1
320,320,1
320,2243,1
320,1357,1
320,1360,1
320,1496,1
320,994,1
320,1507,1
320,1892,1
320,1385,1
320,1770,1
320,2537,1
320,237,1
320,501,1
320,1912,1
320,2628,0
320,1684,0
320,797,0
320,192,0
320,925,0
320,1401,0
320,914,0
320,718,0
320,331,0
320,1325,0
320,1276,0
320,2577,0
320,2042,0
320,552,0
320,2767,0
320,1948,0
320,1641,0
320,2725,0
320,2108,0
320,726,0
320,1130,0
321,1899,1
321,1679,0
322,2508,1
323,1320,1
323,181,1
323,690,0
323,0,0
324,1705,0
325,1773,1
326,1892,1
327,1787,1
327,1271,1
327,2709,0
327,2748,0
328,812,1
328,148,1
328,2585,1
328,62,1
328,56,0
328,348,0
328,744,0
328,99,0
328,1826,0
329,2329,1
330,672,1
330,670,0
330,807,0
330,1580,0
331,31,1
331,564,0
332,2624,1
332,1701,1
332,2763,1
332,1679,1
332,58,1
332,1724,1
332,1405,1
332,1953,0
332,1973,0
332,2194,0
332,785,0
332,1341,0
333,1249,1
333,2663,1
333,371,1
333,755,1
333,502,1
333,2103,1
333,668,1
333,1935,0
333,2568,0
333,495,0
333,2755,0
334,1792,1
334,1541,1
334,2698,1
334,139,1
334,1546,1
334,2444,1
334,1034,1
334,404,1
334,2583,1
334,149,1
334,277,1
334,2206,1
334,2209,1
334,1661,1
334,1446,1
334,1190,1
334,1704,1
334,2218,1
334,1452,1
334,1583,1
334,2483,1
334,1717,1
334,2102,1
334,2489,1
334,1338,1
334,2247,1
334,846,1
334,1232,1
334,2134,1
334,985,1
334,613,1
334,749,1
334,2160,1
334,243,1
334,885,1
334,886,1
334,1528,1
334,765,1
334,431,0
334,2778,0
334,1940,0
334,1655,0
334,1396,0
334,2604,0
334,980,0
334,667,0
334,854,0
334,1848,0
334,2577,0
334,2128,0
334,2685,0
334,1430,0
334,193,0
334,688,0
334,2129,0
334,1147,0
334,318,0
334,2233,0
334,2504,0
334,1019,0
334,959,0
334,2529,0
334,1788,0
334,181,0
334,1962,0
334,1093,0
334,767,0
334,135,0
334,393,0
334,1315,0
334,1460,0
334,629,0
334,694,0
334,7,0
334,564,0
334,1299,0
334,1015,0
334,1599,0
334,609,0
334,911,0
334,1178,0
334,1752,0
334,448,0
335,9,1
335,1892,1
335,294,1
335,1588,0
335,1691,0
336,1656,1
336,1121,1
336,1773,1
336,2258,0
336,2488,0
337,1773,1
339,896,1
339,748,1
339,2591,1
339,2575,1
339,1114,0
339,903,0
339,881,0
339,1807,0
339,2443,0
340,320,1
340,1569,1
340,2436,1
340,1763,1
340,332,1
340,2584,1
340,1755,0
340,1894,0
340,2200,0
340,227,0
340,1716,0
340,1847,0
340,1886,0
341,1330,1
341,1928,0
342,1892,1
342,2552,0
343,1793,1
343,1669,1
343,1162,1
343,400,1
343,2192,1
343,1680,1
343,2451,1
343,1532,1
343,1699,1
343,1833,1
343,2093,1
343,58,1
343,1350,1
343,2382,1
343,2130,1
343,1492,1
343,600,1
343,2277,1
343,1513,1
343,2154,1
343,1005,1
343,1646,1
343,371,1
343,2421,1
343,2774,0
343,2727,0
343,1703,0
343,171,0
343,2552,0
343,1377,0
343,1850,0
343,621,0
343,1939,0
343,1925,0
343,2029,0
343,1407,0
343,290,0
343,1949,0
343,1470,0
343,1603,0
343,928,0
343,869,0
343,1078,0
343,2133,0
343,723,0
343,726,0
343,988,0
343,2565,0
343,2607,0
343,405,0
344,1033,1
344,2046,1
344,1167,1
344,1046,0
344,692,0
345,1012,1
345,1894,0
346,1216,1
346,864,1
346,1188,1
346,2022,1
346,2450,1
346,183,1
346,1085,1
346,758,0
346,1346,0
346,536,0
347,1216,1
347,3,1
347,2472,1
347,144,1
347,2367,1
347,51,0
347,505,0
347,66,0
347,1620,0
347,703,0
348,878,0
349,1611,1
349,1650,0
350,1760,0
351,1593,1
351,1990,0
351,979,0
351,2752,0
352,1057,1
352,131,1
352,496,1
352,2162,1
352,1685,1
352,2421,1
352,567,1
352,1052,1
352,2542,0
352,276,0
352,1431,0
352,47,0
352,2443,0
352,1723,0
352,1359,0
352,1092,0
352,1865,0
353,1249,1
353,419,1
353,1412,1
353,4,1
353,1097,1
353,1360,1
353,477,1
353,111,0
353,1555,0
353,1886,0
353,1444,0
353,1915,0
353,1672,0
353,654,0
353,2303,0
354,1505,1
354,1412,1
354,133,1
354,2437,1
354,820,1
354,2742,1
354,385,0
354,148,0
354,307,0
355,802,1
355,517,1
355,1126,1
355,2407,1
355,2743,1
355,207,1
355,1808,1
355,757,1
355,501,1
355,2389,1
355,1018,1
355,1819,1
355,1981,1
355,2709,0
355,1132,0
355,1082,0
355,2040,0
355,1751,0
355,159,0
355,549,0
355,1587,0
355,1037,0
355,1757,0
355,710,0
356,1396,1
357,1892,1
357,2464,0
358,2592,1
358,309,1
358,1848,0
358,2061,0
359,1985,1
359,1126,1
359,2419,1
359,1271,1
359,667,1
359,879,0
359,2338,0
359,2100,0
359,2319,0
359,313,0
359,1883,0
360,2695,1
360,2700,1
360,1811,1
360,23,1
360,2327,1
360,668,1
360,415,1
360,1698,1
360,2596,1
360,1316,1
360,38,1
360,1447,1
360,2047,1
360,1086,1
360,320,1
360,326,1
360,2517,1
360,2391,1
360,1241,1
360,2013,1
360,362,1
360,748,1
360,2417,1
360,2675,1
360,2294,1
360,2559,1
360,2659,0
360,712,0
360,1968,0
360,2411,0
360,2481,0
360,1582,0
360,2267,0
360,1254,0
360,1705,0
360,2694,0
360,2444,0
360,232,0
360,1787,0
360,1896,0
360,2742,0
360,1338,0
360,2499,0
360,677,0
360,1539,0
360,1081,0
360,1384,0
360,564,0
360,1955,0
360,2153,0
360,1210,0
360,155,0
360,2060,0
360,476,0
360,1256,0
360,1851,0
360,1134,0
360,951,0
360,2168,0
362,1801,1
362,2647,0
363,1914,0
365,2123,1
365,1461,0
366,2466,1
366,802,1
366,748,1
366,2224,1
366,1889,0
366,383,0
367,2760,1
367,1033,1
367,1131,1
367,2047,1
367,911,0
367,2664,0
367,2100,0
368,1320,1
368,2443,1
368,2285,1
368,2542,1
368,526,1
368,270,1
368,2619,1
368,1959,0
368,944,0
368,1975,0
368,363,0
368,1321,0
368,1264,0
368,1943,0
368,2656,0
368,2646,0
369,31,1
369,1835,0
370,384,1
370,2561,1
370,1754,1
370,83,1
370,2677,0
370,2144,0
370,499,0
370,726,0
371,2416,1
371,998,0
372,989,1
373,1611,1
373,250,0
374,133,1
375,2594,1
375,4,1
375,1320,1
375,1674,1
375,1201,1
375,2675,1
375,371,1
375,885,1
375,183,1
375,1240,1
375,1722,1
375,1388,0
375,1492,0
375,904,0
375,1180,0
375,341,0
375,1255,0
375,1161,0
375,1255,0
375,1992,0
376,943,1
378,266,1
378,654,0
378,2367,0
379,860,0
380,2785,1
380,2355,1
380,2750,1
380,575,1
380,2383,0
380,267,0
380,440,0
380,874,0
380,1843,0
380,1332,0
380,1462,0
381,1668,1
381,517,1
381,1669,1
381,1156,1
381,2058,1
381,11,1
381,2722,1
381,294,1
381,1446,1
381,2220,1
381,2224,1
381,1725,1
381,575,1
381,704,1
381,194,1
381,2764,1
381,1240,1
381,478,1
381,2273,1
381,1892,1
381,1126,1
381,1511,1
381,2666,1
381,624,1
381,2546,1
381,2163,1
381,2042,0
381,2198,0
381,2344,0
381,1336,0
381,1121,0
381,2780,0
381,761,0
381,608,0
381,310,0
381,794,0
381,1179,0
381,1482,0
381,1310,0
381,2050,0
381,1561,0
381,92,0
381,1699,0
381,918,0
381,2676,0
381,1389,0
381,1930,0
381,2614,0
381,2523,0
381,692,0
382,198,1
382,394,1
382,1039,1
382,1019,1
382,1725,1
382,2046,1
382,868,0
382,1287,0
382,1295,0
382,2279,0
382,1720,0
383,1531,1
383,113,0
384,1216,1
384,1985,1
384,2772,1
384,989,1
384,1868,0
384,2378,0
384,1496,0
384,1557,0
384,2063,0
385,2307,1
385,647,1
385,395,1
385,2764,1
385,2310,0
385,1615,0
385,1556,0
385,1786,0
386,1531,1
386,2436,1
386,1463,0
386,806,0
387,1188,1
387,1063,1
387,519,1
387,1353,1
387,2123,1
387,1356,1
387,2539,1
387,2700,1
387,1836,1
387,530,1
387,2747,1
387,2164,0
387,2355,0
387,1625,0
387,2423,0
387,2430,0
387,2686,0
387,612,0
387,2388,0
387,729,0
387,2275,0
387,1185,0
387,1401,0
388,2407,1
389,1188,1
389,2436,1
389,1072,1
389,1428,1
389,1976,1
389,2000,0
389,2705,0
389,2214,0
389,656,0
389,101,0
390,2240,1
390,865,1
390,642,1
390,133,1
390,1320,1
390,746,1
390,266,1
390,1003,1
390,2130,1
390,311,1
390,830,1
390,950,0
390,1506,0
390,2207,0
390,1140,0
390,1351,0
390,2371,0
391,642,1
391,1538,1
391,2443,1
391,907,1
391,912,1
391,1439,1
391,419,1
391,2086,1
391,1066,1
391,1346,1
391,1607,1
391,1611,1
391,1356,1
391,852,1
391,1240,1
391,1249,1
391,489,1
391,1915,1
391,1020,1
391,1016,0
391,202,0
391,1966,0
391,2599,0
391,561,0
391,67,0
391,492,0
391,166,0
391,2670,0
391,1705,0
391,600,0
391,2326,0
392,1668,1
392,2053,1
392,1033,1
392,2054,1
392,1027,1
392,1679,1
392,2447,1
392,1815,1
392,1063,1
392,2091,1
392,2476,1
392,47,1
392,1791,1
392,1718,1
392,2746,1
392,2619,1
392,573,1
392,198,1
392,2247,1
392,1101,1
392,1870,1
392,589,1
392,207,1
392,1238,1
392,2656,1
392,1382,1
392,2030,1
392,1394,1
392,1019,1
392,1493,0
392,1754,0
392,542,0
392,1275,0
392,56,0
392,501,0
392,1224,0
392,741,0
392,2628,0
392,1128,0
392,943,0
392,7,0
392,1496,0
392,2423,0
392,368,0
392,1951,0
392,1508,0
392,1393,0
392,1474,0
392,1035,0
392,2430,0
392,2014,0
392,838,0
392,83,0
392,2695,0
392,510,0
392,1388,0
392,2217,0
392,1537,0
392,2107,0
392,452,0
392,1779,0
393,320,1
393,2625,1
393,2185,1
393,1678,1
393,690,1
393,1402,0
393,387,0
393,1268,0
393,499,0
393,2319,0
393,2690,0
393,2460,0
394,2600,1
394,2121,1
394,1397,1
394,477,1
394,1676,0
394,923,0
394,1308,0
395,1026,1
395,1028,1
395,2059,1
395,2574,1
395,23,1
395,2605,1
395,52,1
395,1606,1
395,77,1
395,80,1
395,1620,1
395,2141,1
395,2672,1
395,2176,1
395,2700,1
395,2728,1
395,2741,1
395,2755,1
395,201,1
395,2765,1
395,2770,1
395,2772,1
395,1749,1
395,737,1
395,2279,1
395,1264,1
395,755,1
395,758,1
395,2294,1
395,1286,1
395,796,1
395,285,1
395,1317,1
395,1320,1
395,298,1
395,1837,1
395,816,1
395,1336,1
395,2368,1
395,1358,1
395,1890,1
395,920,1
395,928,1
395,1957,1
395,2478,1
395,957,1
395,1484,1
395,1488,1
395,2001,1
395,2512,1
395,986,1
395,484,1
395,2028,1
395,1017,1
395,895,0
395,2656,0
395,258,0
395,1460,0
395,2127,0
395,2713,0
395,2475,0
395,777,0
395,608,0
395,1504,0
395,2353,0
395,1636,0
395,347,0
395,2006,0
395,205,0
395,943,0
395,2150,0
395,2671,0
395,2188,0
395,392,0
395,1931,0
395,95,0
395,2071,0
395,2257,0
395,440,0
395,2362,0
395,1197,0
395,292,0
395,2601,0
395,2508,0
395,531,0
395,1923,0
395,828,0
395,806,0
395,1249,0
395,396,0
395,2196,0
395,2440,0
395,1192,0
395,718,0
395,262,0
395,342,0
395,2655,0
395,1353,0
395,458,0
395,2076,0
395,1919,0
395,1612,0
395,763,0
395,1530,0
395,2624,0
395,1687,0
396,897,1
396,517,1
396,1284,1
396,1428,1
396,276,1
396,1303,1
396,2329,1
396,1686,1
396,802,1
396,2093,1
396,1718,1
396,833,1
396,197,1
396,1353,1
396,2642,1
396,2517,1
396,872,1
396,1897,1
396,107,1
396,1396,1
396,502,1
396,2553,1
396,1405,1
396,1230,0
396,414,0
396,762,0
396,2293,0
396,2702,0
396,2573,0
396,811,0
396,2753,0
396,1585,0
396,2326,0
396,1869,0
396,976,0
396,366,0
396,814,0
396,2584,0
396,1516,0
396,2108,0
396,108,0
396,1546,0
396,881,0
396,1096,0
396,2698,0
396,682,0
397,1410,1
397,1674,1
397,894,1
397,789,1
397,1815,1
397,664,1
397,2073,1
397,800,1
397,437,1
397,2174,1
397,1085,1
397,2754,1
397,449,1
397,2627,1
397,332,1
397,79,1
397,336,1
397,2130,1
397,467,1
397,1240,1
397,734,1
397,484,1
397,2277,1
397,1637,1
397,1511,1
397,746,1
397,1005,1
397,117,1
397,2423,1
397,889,1
397,96,0
397,610,0
397,1725,0
397,737,0
397,2631,0
397,2640,0
397,172,0
397,1941,0
397,723,0
397,1792,0
397,28,0
397,1121,0
397,1486,0
397,1341,0
397,1776,0
397,154,0
397,1908,0
397,553,0
397,1224,0
397,1126,0
397,1417,0
397,950,0
397,433,0
397,393,0
397,607,0
397,2175,0
397,2481,0
397,683,0
397,1984,0
397,23,0
397,1435,0
397,1063,0
397,2639,0
397,1741,0
397,1160,0
397,351,0
398,1538,1
398,1668,1
398,913,1
398,1427,1
398,1303,1
398,667,1
398,31,1
398,1185,1
398,677,1
398,1574,1
398,2605,1
398,2093,1
398,187,1
398,1724,1
398,1725,1
398,1985,1
398,197,1
398,1097,1
398,2637,1
398,975,1
398,725,1
398,1113,1
398,1121,1
398,1897,1
398,1773,1
398,1396,1
398,2421,1
398,958,0
398,1847,0
398,2290,0
398,1683,0
398,391,0
398,263,0
398,2221,0
398,128,0
398,814,0
398,2750,0
398,710,0
398,1344,0
398,892,0
398,428,0
398,1937,0
398,2766,0
399,194,1
399,1538,1
399,1892,1
399,11,1
399,1773,1
399,496,1
399,2232,1
399,186,1
399,1531,1
399,1152,0
399,2613,0
399,871,0
399,1674,0
399,727,0
399,2021,0
399,1167,0
399,2320,0
399,2787,0
400,1892,1
400,1894,1
400,1930,1
400,2475,1
400,1773,1
400,336,1
400,306,1
400,922,1
400,1531,1
400,700,1
400,2213,0
400,1904,0
400,140,0
400,2089,0
400,315,0
400,2480,0
400,1273,0
400,1890,0
400,311,0
400,1899,0
401,1801,1
401,907,1
401,400,1
401,31,1
401,2592,1
401,812,1
401,2236,1
401,2772,1
401,473,1
401,91,1
401,1126,1
401,2154,1
401,748,1
401,1531,1
401,2175,1
401,560,0
401,480,0
401,437,0
401,123,0
401,1518,0
401,677,0
401,2496,0
401,681,0
401,2585,0
401,1231,0
401,1177,0
401,608,0
401,1879,0
401,1896,0
401,2247,0
401,508,0
401,1723,0
401,2789,0
402,133,1
402,1412,1
402,197,1
402,11,1
402,2452,1
402,377,1
402,93,1
402,2439,0
402,2750,0
402,1367,0
402,1470,0
402,2630,0
402,2158,0
402,2470,0
402,5,0
402,2053,0
403,2594,1
403,1896,1
403,2606,1
403,2546,1
403,692,1
403,2003,1
403,2675,1
403,824,1
403,2557,1
403,1732,0
403,1917,0
403,27,0
403,382,0
403,908,0
403,250,0
403,1193,0
403,1178,0
403,1524,0
403,1196,0
403,853,0
403,1561,0
404,1185,1
404,1220,1
404,231,1
404,748,1
404,2001,1
404,1012,1
404,763,1
404,2453,0
404,1211,0
404,1388,0
404,1461,0
404,2568,0
404,35,0
404,216,0
404,122,0
404,1496,0
405,1792,1
405,1664,1
405,1925,1
405,266,1
405,528,1
405,2451,1
405,24,1
405,1306,1
405,802,1
405,931,1
405,1570,1
405,425,1
405,1196,1
405,1069,1
405,1071,1
405,2097,1
405,50,1
405,1334,1
405,2105,1
405,700,1
405,1468,1
405,830,1
405,1986,1
405,1611,1
405,1867,1
405,2258,1
405,725,1
405,470,1
405,1505,1
405,1892,1
405,2151,1
405,496,1
405,758,1
405,632,1
405,2430,1
405,1098,0
405,1048,0
405,164,0
405,910,0
405,1000,0
405,914,0
405,89,0
405,1353,0
405,72,0
405,2450,0
405,191,0
405,2419,0
405,2270,0
405,1959,0
405,1597,0
405,903,0
405,1559,0
405,1556,0
405,1937,0
405,1317,0
405,8,0
405,1528,0
405,2280,0
405,782,0
405,141,0
405,56,0
405,762,0
405,1305,0
405,1869,0
405,661,0
405,1317,0
405,2441,0
405,488,0
405,2212,0
406,2691,1
406,264,1
406,266,1
406,11,1
406,1164,1
406,397,1
406,657,1
406,401,1
406,1429,1
406,1303,1
406,922,1
406,1183,1
406,800,1
406,1826,1
406,2340,1
406,1576,1
406,2220,1
406,1588,1
406,2744,1
406,333,1
406,2637,1
406,725,1
406,2390,1
406,473,1
406,2646,1
406,478,1
406,865,1
406,2785,1
406,1894,1
406,496,1
406,2677,1
406,2683,1
406,2322,0
406,85,0
406,468,0
406,2315,0
406,2735,0
406,2722,0
406,684,0
406,2611,0
406,2718,0
406,1299,0
406,988,0
406,1359,0
406,1470,0
406,294,0
406,1279,0
406,277,0
406,764,0
406,505,0
406,945,0
406,689,0
406,2126,0
406,982,0
406,755,0
406,112,0
406,1906,0
407,1024,1
407,1039,1
407,22,1
407,542,1
407,32,1
407,2594,1
407,1611,1
407,2639,1
407,2130,1
407,1128,1
407,2679,1
407,2703,1
407,2705,1
407,1686,1
407,1699,1
407,2724,1
407,173,1
407,1204,1
407,2742,1
407,186,1
407,2236,1
407,194,1
407,1739,1
407,1230,1
407,1743,1
407,2771,1
407,2258,1
407,2263,1
407,746,1
407,748,1
407,1262,1
407,1268,1
407,1273,1
407,1791,1
407,2304,1
407,1795,1
407,264,1
407,1289,1
407,266,1
407,1306,1
407,1307,1
407,802,1
407,301,1
407,818,1
407,1851,1
407,829,1
407,1857,1
407,1352,1
407,1869,1
407,2382,1
407,1878,1
407,1379,1
407,1896,1
407,1897,1
407,360,1
407,366,1
407,1394,1
407,1395,1
407,1397,1
407,1404,1
407,380,1
407,394,1
407,2443,1
407,1939,1
407,1439,1
407,2466,1
407,2475,1
407,1963,1
407,943,1
407,2485,1
407,964,1
407,987,1
407,995,1
407,1531,1
407,145,0
407,1456,0
407,1301,0
407,659,0
407,2553,0
407,1578,0
407,2194,0
407,727,0
407,1388,0
407,1420,0
407,1354,0
407,1753,0
407,372,0
407,951,0
407,2353,0
407,2107,0
407,2764,0
407,1703,0
407,955,0
407,2643,0
407,355,0
407,40,0
407,615,0
407,2362,0
407,624,0
407,1732,0
407,1971,0
407,1423,0
407,1801,0
407,2434,0
407,153,0
407,598,0
407,1135,0
407,455,0
407,1838,0
407,110,0
407,2736,0
407,1402,0
407,1037,0
407,1540,0
407,2600,0
407,2350,0
407,1496,0
407,1057,0
407,641,0
407,1981,0
407,148,0
407,2221,0
407,2498,0
407,581,0
407,618,0
407,787,0
407,41,0
407,248,0
407,2441,0
407,1503,0
407,733,0
407,199,0
407,1504,0
407,715,0
407,969,0
407,862,0
407,1780,0
407,2480,0
407,1175,0
407,2187,0
407,692,0
407,316,0
408,1537,1
408,1027,1
408,6,1
408,2568,1
408,9,1
408,1030,1
408,2577,1
408,20,1
408,2585,1
408,1051,1
408,542,1
408,30,1
408,1574,1
408,1576,1
408,2088,1
408,42,1
408,1581,1
408,2605,1
408,1595,1
408,2116,1
408,81,1
408,91,1
408,2141,1
408,102,1
408,1136,1
408,2167,1
408,1143,1
408,1145,1
408,2682,1
408,2683,1
408,1153,1
408,136,1
408,2700,1
408,1179,1
408,1181,1
408,2718,1
408,1188,1
408,705,1
408,194,1
408,2761,1
408,1750,1
408,1753,1
408,737,1
408,235,1
408,239,1
408,1271,1
408,1273,1
408,1790,1
408,1795,1
408,1797,1
408,1288,1
408,264,1
408,1806,1
408,2324,1
408,2338,1
408,2340,1
408,295,1
408,2353,1
408,1852,1
408,1853,1
408,830,1
408,2376,1
408,842,1
408,1867,1
408,1869,1
408,1887,1
408,1390,1
408,1393,1
408,1397,1
408,2443,1
408,914,1
408,926,1
408,928,1
408,936,1
408,1969,1
408,1976,1
408,965,1
408,968,1
408,2506,1
408,972,1
408,1490,1
408,496,1
408,2545,1
408,1322,0
408,1482,0
408,948,0
408,604,0
408,1600,0
408,719,0
408,2072,0
408,1690,0
408,2214,0
408,2251,0
408,785,0
408,1586,0
408,2148,0
408,12,0
408,1295,0
408,2427,0
408,730,0
408,834,0
408,2102,0
408,229,0
408,300,0
408,1547,0
408,2608,0
408,2333,0
408,824,0
408,2316,0
408,783,0
408,319,0
408,1864,0
408,700,0
408,2328,0
408,2108,0
408,1526,0
408,921,0
408,1680,0
408,2080,0
408,278,0
408,1929,0
408,368,0
408,274,0
408,1280,0
408,1692,0
408,1392,0
408,2549,0
408,183,0
408,1243,0
408,2770,0
408,253,0
408,225,0
408,823,0
408,756,0
408,2329,0
408,1902,0
408,992,0
408,834,0
408,2611,0
408,1158,0
408,975,0
408,2416,0
408,2406,0
408,292,0
408,638,0
408,979,0
408,2780,0
408,1624,0
408,387,0
408,2448,0
408,297,0
408,1938,0
408,1924,0
408,2024,0
408,518,0
408,480,0
408,2051,0
408,626,0
408,2314,0
408,1311,0
408,2697,0
408,361,0
408,487,0
408,1844,0
409,1920,1
409,257,1
409,1286,1
409,2574,1
409,2197,1
409,2083,1
409,1699,1
409,2300,1
409,1718,1
409,183,1
409,1099,1
409,2513,1
409,2777,1
409,858,1
409,1507,1
409,2022,1
409,2026,1
409,1400,1
409,2175,1
409,2416,0
409,64,0
409,1175,0
409,1690,0
409,394,0
409,1075,0
409,2601,0
409,2511,0
409,1715,0
409,1141,0
409,1292,0
409,617,0
409,1294,0
409,1239,0
409,506,0
409,2084,0
409,1581,0
409,2112,0
410,996,1
410,2086,1
410,232,1
410,1611,1
410,1310,1
410,1432,0
410,2705,0
410,2093,0
410,839,0
410,808,0
410,2282,0
410,2739,0
410,718,0
410,1994,0
411,3,1
411,1041,1
411,1044,1
411,2584,1
411,1052,1
411,2086,1
411,1069,1
411,2097,1
411,2101,1
411,1084,1
411,62,1
411,1607,1
411,1634,1
411,114,1
411,646,1
411,2185,1
411,1168,1
411,1685,1
411,1177,1
411,668,1
411,1698,1
411,1200,1
411,1216,1
411,2258,1
411,2263,1
411,1241,1
411,2777,1
411,1245,1
411,1757,1
411,2272,1
411,1249,1
411,231,1
411,1263,1
411,755,1
411,2291,1
411,247,1
411,812,1
411,823,1
411,320,1
411,852,1
411,1392,1
411,897,1
411,905,1
411,2447,1
411,408,1
411,415,1
411,960,1
411,2508,1
411,2514,1
411,1492,1
411,989,1
411,2531,1
411,1533,1
411,171,0
411,611,0
411,627,0
411,1796,0
411,704,0
411,751,0
411,1884,0
411,387,0
411,2004,0
411,263,0
411,1438,0
411,2238,0
411,1616,0
411,1710,0
411,1944,0
411,1462,0
411,2217,0
411,2789,0
411,1310,0
411,1640,0
411,1827,0
411,2012,0
411,2029,0
411,780,0
411,2330,0
411,2058,0
411,894,0
411,983,0
411,1931,0
411,708,0
411,2380,0
411,145,0
411,824,0
411,903,0
411,2198,0
411,757,0
411,2446,0
411,2339,0
411,667,0
411,120,0
411,779,0
411,355,0
411,2662,0
411,2529,0
411,906,0
411,969,0
411,2179,0
411,417,0
411,2363,0
411,2377,0
411,1080,0
411,2542,0
411,141,0
412,2,1
412,4,1
412,1026,1
412,2054,1
412,1039,1
412,2067,1
412,1559,1
412,2584,1
412,1568,1
412,2606,1
412,1076,1
412,1592,1
412,1600,1
412,1607,1
412,2633,1
412,2123,1
412,2642,1
412,1132,1
412,114,1
412,2682,1
412,1147,1
412,2173,1
412,125,1
412,2175,1
412,667,1
412,2742,1
412,197,1
412,1223,1
412,725,1
412,2777,1
412,232,1
412,748,1
412,1773,1
412,2291,1
412,2313,1
412,1812,1
412,298,1
412,812,1
412,814,1
412,1839,1
412,2351,1
412,819,1
412,2355,1
412,1849,1
412,858,1
412,1381,1
412,360,1
412,872,1
412,1392,1
412,2421,1
412,1402,1
412,917,1
412,1968,1
412,948,1
412,964,1
412,2500,1
412,1478,1
412,989,1
412,477,1
412,2531,1
412,496,1
412,2546,1
412,2036,1
412,2038,1
412,1531,1
412,1533,1
412,2406,0
412,762,0
412,2731,0
412,861,0
412,2073,0
412,1826,0
412,144,0
412,1042,0
412,1670,0
412,2688,0
412,595,0
412,1486,0
412,2614,0
412,1358,0
412,913,0
412,806,0
412,2326,0
412,2565,0
412,2342,0
412,70,0
412,689,0
412,559,0
412,304,0
412,538,0
412,1660,0
412,2567,0
412,2166,0
412,0,0
412,1798,0
412,810,0
412,1687,0
412,1585,0
412,2024,0
412,1345,0
412,1753,0
412,2101,0
412,2411,0
412,727,0
412,2303,0
412,361,0
412,2527,0
412,1969,0
412,1976,0
412,2405,0
412,717,0
412,682,0
412,485,0
412,688,0
412,952,0
412,2084,0
412,2359,0
412,2001,0
412,2140,0
412,152,0
412,1725,0
412,1382,0
413,266,1
413,11,1
413,522,1
413,1933,1
413,1935,1
413,1679,1
413,1427,1
413,413,1
413,1439,1
413,2722,1
413,802,1
413,2215,1
413,2472,1
413,936,1
413,680,1
413,2093,1
413,1663,1
413,1584,1
413,1330,1
413,1718,1
413,2744,1
413,700,1
413,1724,1
413,1727,1
413,63,1
413,2625,1
413,1346,1
413,1090,1
413,2130,1
413,1496,1
413,1240,1
413,1892,1
413,1894,1
413,1387,1
413,748,1
413,2154,1
413,2155,1
413,1770,1
413,1264,1
413,1405,1
413,2568,0
413,1072,0
413,1499,0
413,2425,0
413,381,0
413,2306,0
413,2360,0
413,1942,0
413,715,0
413,82,0
413,2696,0
413,539,0
413,951,0
413,2220,0
413,2730,0
413,1563,0
413,829,0
413,1867,0
413,94,0
413,1489,0
413,555,0
413,1948,0
413,2180,0
413,1807,0
413,1666,0
413,2554,0
413,752,0
413,969,0
413,1257,0
413,2436,0
413,2295,0
413,1231,0
413,2225,0
414,1536,1
414,2563,1
414,1031,1
414,1042,1
414,2067,1
414,17,1
414,1560,1
414,1052,1
414,34,1
414,1571,1
414,2596,1
414,2594,1
414,1067,1
414,1579,1
414,47,1
414,2096,1
414,62,1
414,1607,1
414,584,1
414,1101,1
414,2127,1
414,88,1
414,89,1
414,2656,1
414,1633,1
414,104,1
414,1130,1
414,1132,1
414,115,1
414,2263,1
414,1152,1
414,1680,1
414,148,1
414,1685,1
414,2708,1
414,1177,1
414,2716,1
414,1180,1
414,2719,1
414,673,1
414,1698,1
414,1699,1
414,1188,1
414,1185,1
414,2727,1
414,2217,1
414,1200,1
414,690,1
414,183,1
414,185,1
414,2746,1
414,2748,1
414,190,1
414,2752,1
414,1216,1
414,727,1
414,1241,1
414,2778,1
414,730,1
414,2268,1
414,2777,1
414,1759,1
414,2272,1
414,2274,1
414,2789,1
414,231,1
414,2277,1
414,1770,1
414,1777,1
414,757,1
414,248,1
414,2296,1
414,2305,1
414,2317,1
414,1293,1
414,1319,1
414,1839,1
414,1329,1
414,819,1
414,309,1
414,2357,1
414,315,1
414,1342,1
414,2366,1
414,1351,1
414,329,1
414,1870,1
414,1877,1
414,2391,1
414,1881,1
414,2420,1
414,2424,1
414,1409,1
414,2434,1
414,386,1
414,1412,1
414,389,1
414,396,1
414,1933,1
414,2447,1
414,1937,1
414,1938,1
414,1943,1
414,415,1
414,1440,1
414,932,1
414,1447,1
414,951,1
414,1976,1
414,1977,1
414,953,1
414,1490,1
414,466,1
414,1495,1
414,989,1
414,2015,1
414,2531,1
414,2022,1
414,1511,1
414,498,1
414,500,1
414,1012,1
414,2553,1
414,1533,1
414,2638,0
414,1732,0
414,1442,0
414,1668,0
414,1688,0
414,733,0
414,609,0
414,582,0
414,751,0
414,119,0
414,1106,0
414,603,0
414,649,0
414,608,0
414,360,0
414,2008,0
414,1250,0
414,2087,0
414,471,0
414,2400,0
414,2605,0
414,1135,0
414,265,0
414,803,0
414,2177,0
414,1377,0
414,1995,0
414,2030,0
414,2396,0
414,548,0
414,2338,0
414,2348,0
414,1137,0
414,1901,0
414,2540,0
414,101,0
414,338,0
414,1910,0
414,2405,0
414,2587,0
414,1257,0
414,2415,0
414,433,0
414,1675,0
414,866,0
414,1804,0
414,2056,0
414,517,0
414,2176,0
414,2543,0
414,829,0
414,1558,0
414,874,0
414,1059,0
414,863,0
414,2575,0
414,1629,0
414,2134,0
414,387,0
414,193,0
414,836,0
414,2041,0
414,1778,0
414,1907,0
414,909,0
414,1247,0
414,2492,0
414,2477,0
414,920,0
414,1112,0
414,617,0
414,2626,0
414,1679,0
414,121,0
414,1734,0
414,637,0
414,1158,0
414,1380,0
414,695,0
414,1357,0
414,130,0
414,2576,0
414,1790,0
414,1781,0
414,1425,0
414,82,0
414,1996,0
414,1081,0
414,2370,0
414,873,0
414,2353,0
414,1205,0
414,677,0
414,2192,0
414,188,0
414,1967,0
414,756,0
414,1053,0
414,84,0
414,2029,0
414,2507,0
414,2383,0
414,1288,0
414,2632,0
414,1250,0
414,1664,0
414,906,0
414,2749,0
414,116,0
414,2633,0
414,1847,0
414,2686,0
414,2703,0
414,750,0
414,166,0
414,655,0
414,2740,0
415,3,1
415,4,1
415,784,1
415,1168,1
415,1531,1
415,1180,1
415,2210,1
415,34,1
415,2596,1
415,294,1
415,45,1
415,830,1
415,2507,1
415,1360,1
415,2776,1
415,1498,1
415,989,1
415,872,1
415,2419,1
415,501,1
415,115,1
415,1404,1
415,2284,0
415,2512,0
415,1260,0
415,2166,0
415,2222,0
415,150,0
415,572,0
415,1809,0
415,1017,0
415,2174,0
415,449,0
415,1139,0
415,714,0
415,538,0
415,311,0
415,1689,0
415,427,0
415,1262,0
415,2347,0
416,1892,1
416,1286,1
416,294,1
416,1877,1
416,375,1
416,789,0
416,1493,0
416,1945,0
416,1231,0
416,994,0
417,1538,1
417,708,1
417,11,1
417,1773,1
417,945,1
417,398,1
417,1171,1
417,820,1
417,82,1
417,1656,1
417,1531,1
417,563,0
417,1990,0
417,2212,0
417,592,0
417,590,0
417,1265,0
417,2078,0
417,2114,0
417,667,0
418,2056,1
418,1033,1
418,2059,1
418,1020,1
418,1047,1
418,2584,1
418,2591,1
418,1568,1
418,2594,1
418,2086,1
418,1579,1
418,2093,1
418,2606,1
418,47,1
418,1069,1
418,2556,1
418,1603,1
418,1611,1
418,590,1
418,589,1
418,2644,1
418,2133,1
418,2645,1
418,601,1
418,91,1
418,93,1
418,607,1
418,1123,1
418,615,1
418,107,1
418,1653,1
418,1142,1
418,124,1
418,2175,1
418,1663,1
418,1156,1
418,133,1
418,2189,1
418,1167,1
418,1170,1
418,2197,1
418,667,1
418,668,1
418,2722,1
418,1703,1
418,1194,1
418,2737,1
418,183,1
418,2232,1
418,700,1
418,193,1
418,197,1
418,2771,1
418,2777,1
418,1246,1
418,736,1
418,2785,1
418,1250,1
418,1763,1
418,2279,1
418,748,1
418,237,1
418,2291,1
418,1268,1
418,758,1
418,762,1
418,255,1
418,1794,1
418,2307,1
418,773,1
418,778,1
418,2318,1
418,271,1
418,276,1
418,282,1
418,1819,1
418,1825,1
418,1833,1
418,301,1
418,1840,1
418,1843,1
418,1346,1
418,1859,1
418,326,1
418,2376,1
418,844,1
418,332,1
418,2380,1
418,857,1
418,1376,1
418,1894,1
418,1895,1
418,1387,1
418,367,1
418,2421,1
418,1400,1
418,1405,1
418,903,1
418,2440,1
418,1930,1
418,1422,1
418,912,1
418,913,1
418,2461,1
418,2468,1
418,1446,1
418,424,1
418,427,1
418,1966,1
418,2482,1
418,948,1
418,1978,1
418,1985,1
418,449,1
418,2501,1
418,1996,1
418,2523,1
418,2017,1
418,2530,1
418,1506,1
418,2027,1
418,2546,1
418,2034,1
418,1531,1
418,508,1
418,2495,0
418,1651,0
418,146,0
418,1438,0
418,1296,0
418,1183,0
418,1797,0
418,67,0
418,1862,0
418,492,0
418,970,0
418,2383,0
418,669,0
418,1516,0
418,1077,0
418,1857,0
418,1212,0
418,1766,0
418,585,0
418,1216,0
418,312,0
418,109,0
418,2146,0
418,836,0
418,418,0
418,2463,0
418,372,0
418,1591,0
418,248,0
418,1732,0
418,1042,0
418,1814,0
418,638,0
418,2447,0
418,2143,0
418,1968,0
418,923,0
418,1034,0
418,499,0
418,2226,0
418,2060,0
418,152,0
418,1906,0
418,2274,0
418,1552,0
418,1051,0
418,1478,0
418,2604,0
418,2227,0
418,405,0
418,245,0
418,1002,0
418,1353,0
418,345,0
418,1770,0
418,2396,0
418,1527,0
418,1974,0
418,507,0
418,1732,0
418,1327,0
418,1402,0
418,380,0
418,1757,0
418,2361,0
418,801,0
418,27,0
418,1070,0
418,1262,0
418,1547,0
418,1814,0
418,465,0
418,2669,0
418,1601,0
418,1848,0
418,175,0
418,502,0
418,2225,0
418,1398,0
418,2016,0
418,73,0
418,1259,0
418,126,0
418,644,0
418,2160,0
418,769,0
418,742,0
418,1551,0
418,1935,0
418,2559,0
418,2766,0
418,624,0
418,1594,0
418,479,0
418,2640,0
418,1871,0
418,1651,0
418,65,0
418,1434,0
418,2754,0
418,1462,0
418,1528,0
418,2199,0
418,2780,0
418,116,0
418,2393,0
418,1646,0
418,256,0
418,1261,0
418,2317,0
418,1521,0
418,349,0
418,2781,0
418,1107,0
418,2534,0
419,1039,1
419,401,1
419,1299,1
419,2594,1
419,2476,1
419,437,1
419,2229,1
419,1344,1
419,844,1
419,2656,1
419,110,1
419,494,1
419,240,1
419,2162,1
419,2163,1
419,2679,0
419,874,0
419,1189,0
419,1601,0
419,2315,0
419,2066,0
419,685,0
419,2502,0
419,2259,0
419,1229,0
419,349,0
419,2026,0
419,2047,0
419,2100,0
419,2684,0
420,2563,1
420,1892,1
420,264,1
420,1511,1
420,1933,1
420,496,1
420,1680,1
420,381,1
420,346,1
420,922,1
420,2291,0
420,1219,0
420,2129,0
420,2656,0
420,32,0
420,1368,0
420,2038,0
421,398,1
422,1796,1
422,132,1
422,748,1
422,1966,1
422,915,1
422,1169,0
422,424,0
422,1057,0
422,2332,0
422,2625,0
422,1308,0
423,1865,1
423,851,0
423,2645,0
424,2051,1
424,1892,1
424,2058,1
424,1005,1
424,207,1
424,243,1
424,1945,1
424,1531,1
424,255,1
424,1902,0
424,423,0
424,1691,0
424,2233,0
424,600,0
424,1246,0
425,2443,1
425,2071,1
425,2556,0
425,1502,0
425,2274,0
425,1546,0
425,915,0
425,285,0
425,2674,0
425,75,0
425,1501,0
425,2049,0
425,2636,0
426,1125,1
426,1949,0
426,1735,0
426,12,0
427,135,1
427,2220,1
427,977,1
427,2547,1
427,1788,1
427,2522,0
427,1545,0
427,1533,0
427,910,0
427,1721,0
428,141,1
428,1710,1
428,207,1
428,1122,0
428,469,0
428,2746,0
428,2789,0
429,1794,1
429,28,1
429,31,1
429,1702,1
429,2622,1
429,2241,1
429,2511,1
429,1745,1
429,343,1
429,2020,1
429,1910,1
429,887,1
429,1786,1
429,1562,0
429,483,0
429,170,0
429,21,0
429,2659,0
429,463,0
429,2449,0
429,1133,0
429,1733,0
429,1212,0
429,1019,0
429,854,0
429,2150,0
430,771,1
430,1668,1
430,1031,1
430,1935,1
430,1811,1
430,2067,1
430,276,1
430,674,1
430,2606,1
430,47,1
430,2746,1
430,1978,1
430,2747,1
430,1854,1
430,833,1
430,332,1
430,1101,1
430,1870,1
430,852,1
430,2777,1
430,2137,1
430,1119,1
430,2656,1
430,1892,1
430,2034,1
430,2296,1
430,2635,0
430,2058,0
430,2229,0
430,174,0
430,1891,0
430,542,0
430,912,0
430,1945,0
430,146,0
430,354,0
430,45,0
430,1215,0
430,1123,0
430,2310,0
430,2677,0
430,1544,0
430,2440,0
430,2118,0
430,419,0
430,1226,0
430,1549,0
430,2200,0
430,1239,0
430,2347,0
430,1279,0
430,875,0
430,1225,0
431,398,1
431,1924,0
432,256,1
432,2785,1
432,1668,1
432,1958,1
432,71,1
432,166,1
432,395,1
432,2475,1
432,337,1
432,2034,1
432,186,1
432,2744,0
432,1209,0
432,2121,0
432,2242,0
432,648,0
432,385,0
432,1491,0
432,2094,0
432,745,0
432,901,0
432,2298,0
432,189,0
433,390,1
433,1039,1
433,2546,1
433,1271,1
433,1592,1
433,1979,1
433,1937,0
433,474,0
433,2287,0
433,269,0
433,2039,0
433,2218,0
434,1952,1
434,32,1
434,1794,1
434,605,1
434,487,1
434,2600,1
434,1866,1
434,301,1
434,2289,1
434,2619,1
434,745,0
434,236,0
434,1483,0
434,154,0
434,1645,0
434,2604,0
434,2350,0
434,243,0
434,366,0
434,374,0
434,452,0
434,2273,0
435,2305,1
435,1527,1
435,1546,1
435,1165,1
435,2447,1
435,1816,1
435,2615,1
435,315,1
435,207,1
435,2137,1
435,1371,1
435,864,1
435,1070,0
435,1479,0
435,179,0
435,1554,0
435,2282,0
435,2299,0
435,1143,0
435,1045,0
435,2606,0
435,2641,0
436,1794,1
436,903,1
437,166,1
437,2246,1
437,2065,1
437,977,1
437,2320,1
437,2170,1
437,1360,0
437,1824,0
437,2703,0
437,51,0
438,2242,1
438,2243,1
438,1925,1
438,1958,1
438,1511,1
438,2537,1
438,1194,1
438,2617,1
438,1744,1
438,2034,1
438,1945,1
438,2527,0
438,1399,0
438,1748,0
438,496,0
438,641,0
438,21,0
438,1668,0
438,2380,0
438,2640,0
438,2215,0
439,994,1
439,1305,0
440,864,1
440,2785,1
440,493,1
440,1875,1
440,1492,1
440,2550,1
440,2492,1
440,1532,1
440,989,1
440,2783,1
440,1833,0
440,255,0
440,1975,0
440,434,0
440,1295,0
440,893,0
440,2516,0
440,1065,0
440,2731,0
441,994,1
441,1225,1
441,394,1
441,1611,1
441,2316,1
441,2447,1
441,1744,1
441,1360,1
441,2034,1
441,149,1
441,1271,1
441,285,1
441,1356,0
441,300,0
441,598,0
441,2022,0
441,1168,0
441,1780,0
441,2142,0
441,921,0
441,1497,0
442,1952,1
442,360,1
442,747,1
442,1901,1
442,2320,1
442,1744,1
442,1522,1
442,437,1
442,2170,1
442,2430,1
442,1131,0
442,2164,0
442,671,0
442,2633,0
442,1277,0
442,2543,0
442,96,0
443,2561,1
443,787,1
443,1574,1
443,1191,1
443,1069,1
443,1201,1
443,1717,1
443,828,1
443,573,1
443,63,1
443,79,1
443,207,1
443,2130,1
443,83,1
443,1237,1
443,738,1
443,1892,1
443,613,1
443,52,0
443,795,0
443,2594,0
443,1171,0
443,1392,0
443,1246,0
443,1769,0
443,2082,0
443,739,0
443,1682,0
443,2354,0
443,1126,0
443,2024,0
443,612,0
443,1427,0
443,1167,0
443,1977,0
443,1652,0
443,291,0
443,2554,0
444,2218,1
444,1002,1
444,1102,0
444,2232,0
444,599,0
444,1882,0
445,1611,1
446,2562,1
446,1796,1
446,390,1
446,903,1
446,273,1
446,1812,1
446,918,1
446,23,1
446,667,1
446,1052,1
446,1958,1
446,1194,1
446,426,1
446,1071,1
446,52,1
446,2613,1
446,2229,1
446,692,1
446,2486,1
446,1225,1
446,332,1
446,1102,1
446,1614,1
446,2646,1
446,1749,1
446,2656,1
446,994,1
446,1382,1
446,2537,1
446,2675,1
446,1653,1
446,1142,1
446,2045,1
446,507,0
446,1985,0
446,2069,0
446,2604,0
446,917,0
446,259,0
446,2373,0
446,1200,0
446,555,0
446,2429,0
446,506,0
446,1857,0
446,287,0
446,2787,0
446,1068,0
446,2311,0
446,2545,0
446,632,0
446,1602,0
446,1291,0
446,2124,0
446,802,0
446,556,0
446,1224,0
446,404,0
446,1258,0
446,1484,0
446,1585,0
446,1478,0
446,297,0
446,283,0
446,2111,0
446,364,0
446,1405,0
446,600,0
447,517,1
447,907,1
447,1548,1
447,1039,1
447,1808,1
447,1048,1
447,925,1
447,1058,1
447,1320,1
447,2220,1
447,568,1
447,2619,1
447,964,1
447,71,1
447,327,1
447,843,1
447,207,1
447,2130,1
447,466,1
447,1366,1
447,472,1
447,1753,1
447,865,1
447,1378,1
447,624,1
447,2289,1
447,2544,1
447,625,0
447,1783,0
447,2580,0
447,223,0
447,2709,0
447,2507,0
447,955,0
447,824,0
447,1804,0
447,1859,0
447,1208,0
447,2767,0
447,809,0
447,499,0
447,175,0
447,725,0
447,1387,0
447,2184,0
447,2406,0
448,1892,1
448,336,1
448,917,0
448,1830,0
449,2051,1
449,6,1
449,520,1
449,1035,1
449,14,1
449,2575,1
449,17,1
449,1561,1
449,2585,1
449,1058,1
449,2606,1
449,2095,1
449,2613,1
449,1082,1
449,573,1
449,1597,1
449,63,1
449,577,1
449,2632,1
449,1098,1
449,1611,1
449,2130,1
449,88,1
449,2653,1
449,1123,1
449,1130,1
449,2163,1
449,2677,1
449,1656,1
449,2170,1
449,2683,1
449,638,1
449,2174,1
449,644,1
449,1674,1
449,2700,1
449,655,1
449,2193,1
449,2199,1
449,2202,1
449,1695,1
449,2722,1
449,163,1
449,684,1
449,1201,1
449,2226,1
449,1717,1
449,2744,1
449,2236,1
449,2238,1
449,2247,1
449,2764,1
449,212,1
449,1240,1
449,2783,1
449,2785,1
449,737,1
449,2277,1
449,748,1
449,1773,1
449,1273,1
449,2307,1
449,1796,1
449,1809,1
449,793,1
449,1306,1
449,1825,1
449,802,1
449,2340,1
449,2345,1
449,301,1
449,1330,1
449,1845,1
449,1852,1
449,315,1
449,1855,1
449,344,1
449,1887,1
449,864,1
449,882,1
449,886,1
449,2423,1
449,1917,1
449,2436,1
449,1421,1
449,398,1
449,1936,1
449,400,1
449,1449,1
449,426,1
449,1455,1
449,947,1
449,2494,1
449,1983,1
449,467,1
449,476,1
449,1506,1
449,994,1
449,496,1
449,2034,1
449,2546,1
449,2040,1
449,1531,1
449,1020,1
449,503,0
449,1560,0
449,167,0
449,726,0
449,1636,0
449,812,0
449,647,0
449,617,0
449,2734,0
449,1112,0
449,2570,0
449,2289,0
449,2244,0
449,405,0
449,433,0
449,556,0
449,2312,0
449,505,0
449,2079,0
449,1879,0
449,888,0
449,1279,0
449,1453,0
449,1169,0
449,2114,0
449,2180,0
449,2223,0
449,898,0
449,2360,0
449,2761,0
449,2267,0
449,80,0
449,2018,0
449,778,0
449,1261,0
449,1534,0
449,1405,0
449,1259,0
449,1793,0
449,2387,0
449,542,0
449,1393,0
449,2214,0
449,424,0
449,909,0
449,1872,0
449,1334,0
449,2400,0
449,561,0
449,1150,0
449,1111,0
449,486,0
449,1814,0
449,2498,0
449,896,0
449,774,0
449,449,0
449,1062,0
449,2143,0
449,588,0
449,2438,0
449,872,0
449,1940,0
449,1768,0
449,2173,0
449,1467,0
449,70,0
449,2693,0
449,200,0
449,516,0
449,482,0
449,871,0
449,560,0
449,206,0
449,2118,0
449,2723,0
449,2275,0
449,1740,0
449,78,0
449,1047,0
449,2640,0
449,1581,0
449,1714,0
449,469,0
449,2777,0
449,180,0
449,2036,0
449,1963,0
449,773,0
449,1112,0
449,633,0
449,1113,0
449,2385,0
449,645,0
449,1793,0
449,2636,0
449,2487,0
449,1976,0
449,2385,0
449,1563,0
449,468,0
449,876,0
449,1304,0
449,2072,0
449,957,0
449,1487,0
449,1835,0
449,2464,0
449,1778,0
449,2636,0
449,1795,0
449,1022,0
449,423,0
449,567,0
449,918,0
450,646,1
450,1676,1
450,402,1
450,916,1
450,1172,1
450,2423,1
450,2472,1
450,2600,1
450,1068,1
450,2477,1
450,1589,1
450,1082,1
450,2619,1
450,964,1
450,2758,1
450,2119,1
450,2637,1
450,207,1
450,466,1
450,2646,1
450,1366,1
450,472,1
450,2653,1
450,2401,1
450,737,1
450,103,1
450,1002,1
450,2542,1
450,2544,1
450,1394,1
450,1779,1
450,2162,1
450,2777,0
450,2402,0
450,2015,0
450,1498,0
450,777,0
450,2167,0
450,1671,0
450,320,0
450,2141,0
450,821,0
450,273,0
450,1262,0
450,626,0
450,2379,0
450,2005,0
450,2750,0
450,1957,0
450,719,0
450,185,0
450,331,0
450,1776,0
450,1108,0
450,747,0
450,2139,0
450,1030,0
450,1655,0
450,867,0
451,1366,1
451,2542,1
451,207,1
451,1545,0
452,512,1
452,2563,1
452,1924,1
452,1156,1
452,646,1
452,1673,1
452,397,1
452,17,1
452,2452,1
452,2709,1
452,2203,1
452,1058,1
452,1190,1
452,1073,1
452,307,1
452,1850,1
452,956,1
452,2113,1
452,1602,1
452,1350,1
452,1094,1
452,1232,1
452,1105,1
452,1492,1
452,983,1
452,480,1
452,482,1
452,994,1
452,1130,1
452,2544,1
452,2673,1
452,2290,1
452,1268,1
452,2040,1
452,2554,1
452,894,1
452,610,0
452,2688,0
452,2627,0
452,2719,0
452,680,0
452,285,0
452,335,0
452,764,0
452,1245,0
452,2004,0
452,1836,0
452,1921,0
452,185,0
452,403,0
452,1945,0
452,2068,0
452,1259,0
452,117,0
452,2780,0
452,2264,0
452,1670,0
452,1963,0
452,524,0
452,1772,0
452,2352,0
452,2424,0
452,120,0
452,1238,0
452,2727,0
452,678,0
452,4,0
452,11,0
452,32,0
452,2208,0
452,809,0
452,314,0
452,1081,0
452,2174,0
453,1162,1
453,2443,1
453,2323,1
453,148,1
453,805,1
453,2619,1
453,195,1
453,1094,1
453,2630,1
453,2119,1
453,333,1
453,605,1
453,748,1
453,2288,1
453,2162,1
453,1011,1
453,2079,0
453,587,0
453,2575,0
453,448,0
453,765,0
453,1798,0
453,2713,0
453,1872,0
453,166,0
453,25,0
453,909,0
453,1509,0
453,1896,0
453,1336,0
453,2336,0
453,1205,0
453,1937,0
453,2243,0
453,3,0
454,2048,1
454,1156,1
454,517,1
454,1168,1
454,544,1
454,419,1
454,1316,1
454,2596,1
454,295,1
454,424,1
454,683,1
454,2488,1
454,2111,1
454,717,1
454,2128,1
454,1753,1
454,989,1
454,1759,1
454,1249,1
454,486,1
454,2525,0
454,917,0
454,2783,0
454,2381,0
454,2502,0
454,2767,0
454,1516,0
454,1054,0
454,1621,0
454,1765,0
454,254,0
454,477,0
454,127,0
454,1944,0
454,2690,0
454,2153,0
455,2048,1
455,520,1
455,1686,1
455,1945,1
455,1695,1
455,163,1
455,2345,1
455,686,1
455,1597,1
455,2494,1
455,1855,1
455,2507,1
455,79,1
455,1000,1
455,2593,0
455,999,0
455,1816,0
455,2645,0
455,1777,0
455,2097,0
455,2100,0
455,1013,0
455,2630,0
455,577,0
455,1515,0
455,861,0
455,2439,0
455,402,0
455,950,0
455,17,0
455,1341,0
455,599,0
455,746,0
455,630,0
455,1008,0
456,2561,1
456,517,1
456,904,1
456,778,1
456,11,1
456,1953,1
456,800,1
456,47,1
456,177,1
456,698,1
456,2619,1
456,59,1
456,573,1
456,1725,1
456,449,1
456,1607,1
456,335,1
456,977,1
456,473,1
456,477,1
456,1630,1
456,1126,1
456,2154,1
456,2421,1
456,2040,1
456,2045,1
456,638,1
456,908,0
456,2784,0
456,2184,0
456,1947,0
456,1859,0
456,2553,0
456,746,0
456,118,0
456,1831,0
456,17,0
456,1036,0
456,2235,0
456,1756,0
456,455,0
456,314,0
456,2604,0
456,2505,0
456,764,0
456,1819,0
456,1272,0
456,2336,0
456,955,0
456,2146,0
456,2771,0
456,18,0
456,1249,0
456,1162,0
456,458,0
457,771,1
457,517,1
457,518,1
457,2065,1
457,530,1
457,924,1
457,1318,1
457,52,1
457,2103,1
457,568,1
457,2365,1
457,2368,1
457,329,1
457,977,1
457,2675,1
457,371,1
457,2297,1
457,2170,1
457,251,1
457,1232,0
457,1373,0
457,1777,0
457,2640,0
457,1280,0
457,800,0
457,2529,0
457,1389,0
457,1599,0
457,434,0
457,586,0
457,421,0
457,1976,0
457,1491,0
457,259,0
457,1929,0
457,1569,0
457,2641,0
457,1724,0
457,972,0
458,496,1
458,11,1
458,1656,1
458,355,0
459,869,1
459,2310,1
459,2599,1
459,2125,1
459,1525,1
459,2488,1
459,1476,0
459,1551,0
459,2163,0
459,1104,0
459,457,0
459,1519,0
459,1492,0
459,1932,0
460,974,0
461,1800,1
461,2443,1
461,1068,1
461,2477,1
461,333,1
461,943,1
461,1548,1
461,1589,1
461,1366,1
461,472,1
461,2745,1
461,580,0
461,1985,0
461,406,0
461,2264,0
461,688,0
461,300,0
461,568,0
462,1760,1
462,1986,1
462,133,1
462,71,1
462,1677,1
462,2093,1
462,337,1
462,437,1
462,333,0
462,2583,0
462,959,0
462,2737,0
462,474,0
462,1505,0
462,294,0
462,253,0
462,1138,0
462,1826,0
462,2194,0
463,2304,0
464,1845,1
465,1892,1
465,1366,1
465,207,1
465,2481,0
465,1357,0
465,446,0
465,1466,0
466,2407,1
466,1673,1
466,494,1
466,398,1
466,2229,1
466,1018,1
466,2045,1
466,270,0
466,1175,0
466,2049,0
466,750,0
466,520,0
466,152,0
467,2443,1
467,18,1
467,793,1
467,1574,1
467,2218,1
467,50,1
467,1592,1
467,2619,1
467,964,1
467,1989,1
467,994,1
467,610,1
467,2170,1
467,1577,0
467,997,0
467,972,0
467,1169,0
467,1943,0
467,1487,0
467,678,0
467,632,0
467,272,0
467,756,0
467,528,0
467,1447,0
467,1147,0
467,103,0
467,184,0
467,856,0
467,2672,0
467,1575,0
468,2307,1
468,1930,1
468,1035,1
468,1422,1
468,2200,1
468,1561,1
468,1695,1
468,672,1
468,2466,1
468,2722,1
468,1446,1
468,1069,1
468,2224,1
468,1468,1
468,2764,1
468,1742,1
468,79,1
468,2258,1
468,1240,1
468,2523,1
468,610,1
468,1894,1
468,886,1
468,2683,1
468,2428,1
468,1917,1
468,2582,0
468,2454,0
468,1001,0
468,2335,0
468,574,0
468,1217,0
468,956,0
468,2553,0
468,1395,0
468,761,0
468,1473,0
468,1771,0
468,952,0
468,1409,0
468,2264,0
468,711,0
468,1942,0
468,1770,0
468,1166,0
468,480,0
468,144,0
469,2626,1
469,964,1
469,2443,1
469,2637,1
469,1840,1
469,818,1
469,2485,1
469,1592,1
469,2619,1
469,1303,1
469,22,1
469,2232,1
469,431,0
469,1967,0
469,1311,0
469,1828,0
469,1801,0
469,2690,0
469,1061,0
470,1538,1
470,2051,1
470,2563,1
470,1548,1
470,2065,1
470,22,1
470,24,1
470,2073,1
470,2592,1
470,1574,1
470,1068,1
470,50,1
470,2098,1
470,2619,1
470,63,1
470,1602,1
470,81,1
470,2130,1
470,88,1
470,89,1
470,2653,1
470,610,1
470,2150,1
470,1130,1
470,2154,1
470,2158,1
470,632,1
470,2170,1
470,642,1
470,644,1
470,1669,1
470,133,1
470,2184,1
470,1162,1
470,1680,1
470,2213,1
470,2218,1
470,1201,1
470,1718,1
470,2745,1
470,698,1
470,2744,1
470,1731,1
470,2246,1
470,1742,1
470,207,1
470,1744,1
470,2261,1
470,2277,1
470,748,1
470,2289,1
470,1779,1
470,2297,1
470,1790,1
470,1800,1
470,266,1
470,2320,1
470,276,1
470,279,1
470,1303,1
470,799,1
470,830,1
470,1346,1
470,1348,1
470,1867,1
470,333,1
470,1877,1
470,1366,1
470,2390,1
470,1886,1
470,865,1
470,1892,1
470,1381,1
470,1894,1
470,1386,1
470,1389,1
470,1397,1
470,2421,1
470,382,1
470,901,1
470,903,1
470,1930,1
470,2443,1
470,1422,1
470,398,1
470,922,1
470,416,1
470,2477,1
470,942,1
470,943,1
470,2494,1
470,977,1
470,473,1
470,478,1
470,993,1
470,485,1
470,2024,1
470,487,1
470,494,1
470,496,1
470,493,1
470,2544,1
470,1011,1
470,1531,1
470,1532,1
470,548,0
470,420,0
470,2212,0
470,226,0
470,586,0
470,1254,0
470,776,0
470,1765,0
470,510,0
470,330,0
470,132,0
470,1977,0
470,612,0
470,1627,0
470,1697,0
470,1101,0
470,77,0
470,1726,0
470,367,0
470,1935,0
470,2549,0
470,2748,0
470,720,0
470,2575,0
470,2579,0
470,2694,0
470,508,0
470,1827,0
470,800,0
470,2448,0
470,2623,0
470,1559,0
470,795,0
470,2752,0
470,2092,0
470,360,0
470,1203,0
470,322,0
470,1777,0
470,2089,0
470,1440,0
470,1595,0
470,141,0
470,1819,0
470,2221,0
470,2057,0
470,1486,0
470,1921,0
470,181,0
470,334,0
470,148,0
470,1980,0
470,1750,0
470,2319,0
470,2434,0
470,1802,0
470,2458,0
470,1172,0
470,1171,0
470,957,0
470,777,0
470,2402,0
470,1897,0
470,1847,0
470,989,0
470,438,0
470,1686,0
470,1410,0
470,2750,0
470,1257,0
470,1691,0
470,1029,0
470,818,0
470,737,0
470,1098,0
470,1315,0
470,1547,0
470,2,0
470,2472,0
470,505,0
470,1732,0
470,2346,0
470,1567,0
470,1253,0
470,117,0
470,1403,0
470,2520,0
470,1119,0
470,850,0
470,723,0
470,42,0
470,1243,0
470,2718,0
470,175,0
470,2155,0
471,1537,1
471,2003,1
471,2594,0
472,2170,1
472,2600,1
472,398,1
472,2639,1
472,2320,1
472,2297,1
472,346,1
472,123,1
472,691,0
472,429,0
472,2,0
472,1795,0
472,2596,0
472,1560,0
472,1284,0
472,2666,0
473,97,1
473,2130,1
473,2216,0
473,678,0
473,66,0
474,2050,1
474,133,1
474,520,1
474,1804,1
474,398,1
474,654,1
474,271,1
474,1422,1
474,913,1
474,1686,1
474,2583,1
474,416,1
474,1058,1
474,163,1
474,1699,1
474,677,1
474,424,1
474,2218,1
474,1066,1
474,1201,1
474,945,1
474,824,1
474,2489,1
474,1083,1
474,1464,1
474,1597,1
474,1346,1
474,2507,1
474,2764,1
474,2130,1
474,2771,1
474,2003,1
474,212,1
474,1246,1
474,994,1
474,1763,1
474,1771,1
474,2666,1
474,2163,1
474,2428,1
474,588,0
474,279,0
474,1277,0
474,1609,0
474,615,0
474,2757,0
474,1394,0
474,2092,0
474,1126,0
474,1423,0
474,813,0
474,2759,0
474,2062,0
474,1426,0
474,194,0
474,736,0
474,1590,0
474,1419,0
474,1270,0
474,2760,0
474,2390,0
474,1948,0
474,2598,0
474,1642,0
474,1113,0
474,2451,0
474,828,0
474,595,0
474,2624,0
474,1257,0
474,1000,0
474,1515,0
474,401,0
474,1474,0
474,92,0
474,2276,0
475,352,1
475,2053,1
475,1611,1
475,748,1
475,2031,1
475,2320,1
475,1744,1
475,1276,1
475,2175,1
475,648,0
475,330,0
475,2388,0
475,1555,0
475,2057,0
475,540,0
475,253,0
475,2401,0
475,21,0
475,612,0
476,4,1
476,1552,1
476,1299,1
476,802,1
476,1330,1
476,2236,1
476,2246,1
476,844,1
476,93,1
476,2151,1
476,1768,1
476,1650,1
476,116,1
476,1298,0
476,1139,0
476,1915,0
476,311,0
476,1279,0
476,1453,0
476,950,0
476,604,0
476,2573,0
476,342,0
476,2273,0
476,1339,0
476,2247,0
476,2513,0
476,763,0
476,1572,0
476,1488,0
477,640,1
477,266,1
477,2065,1
477,2093,1
477,2243,1
477,2246,1
477,844,1
477,1744,1
477,88,1
477,1886,1
477,1647,1
477,2173,0
477,1456,0
477,1342,0
477,2695,0
477,978,0
477,2619,0
477,1992,0
477,1182,0
477,910,0
477,677,0
477,2399,0
477,801,0
478,295,0
478,1261,0
479,773,1
479,2439,1
479,2059,1
479,2316,1
479,1568,1
479,2345,1
479,2224,1
479,49,1
479,2739,1
479,705,1
479,2632,1
479,1633,1
479,748,1
479,1917,1
479,1030,0
479,2386,0
479,1008,0
479,2013,0
479,211,0
479,2374,0
479,1859,0
479,1532,0
479,1868,0
479,1868,0
479,1387,0
479,1322,0
479,1531,0
479,1915,0
479,2618,0
479,662,0
479,1766,0
479,717,0
480,2158,1
480,623,0
481,1664,1
481,2053,1
481,520,1
481,2443,1
481,2583,1
481,411,1
481,2210,1
481,166,1
481,2226,1
481,2619,1
481,1611,1
481,466,1
481,2785,1
481,994,1
481,2277,1
481,1126,1
481,1397,1
481,863,0
481,1450,0
481,1450,0
481,125,0
481,11,0
481,2300,0
481,54,0
481,1422,0
481,1132,0
481,674,0
481,2203,0
481,340,0
481,1627,0
481,2784,0
481,912,0
481,2236,0
481,127,0
482,1422,1
482,760,0
484,2561,1
484,4,1
484,2320,1
484,664,1
484,2586,1
484,1201,1
484,443,1
484,595,0
484,668,0
484,912,0
484,1699,0
484,142,0
484,2400,0
484,955,0
484,2045,0
484,452,0
484,714,0
484,584,0
484,620,0
484,871,0
484,1206,0
484,2566,0
484,1195,0
484,562,0
485,2562,1
485,2058,1
485,2333,1
485,1566,1
485,2466,1
485,2468,1
485,677,1
485,2085,1
485,1320,1
485,49,1
485,1845,1
485,824,1
485,1852,1
485,446,1
485,321,1
485,1097,1
485,2507,1
485,844,1
485,2771,1
485,2003,1
485,987,1
485,1246,1
485,2785,1
485,994,1
485,611,1
485,2151,1
485,2023,1
485,1385,1
485,619,1
485,1005,1
485,1650,1
485,1529,1
485,1532,1
485,2557,1
485,1550,0
485,578,0
485,168,0
485,295,0
485,1455,0
485,533,0
485,29,0
485,1025,0
485,2709,0
485,1311,0
485,1719,0
485,2221,0
485,2351,0
485,2131,0
485,1485,0
485,2701,0
485,2692,0
485,907,0
485,1570,0
485,1953,0
485,2288,0
485,1773,0
485,1844,0
485,1397,0
485,436,0
485,0,0
485,1318,0
485,1455,0
485,2768,0
485,2307,0
486,2619,1
486,1574,1
486,1201,0
487,1412,1
487,1891,0
487,1605,0
488,994,1
488,1794,1
488,1833,1
488,2346,1
488,1005,1
488,2320,1
488,2073,1
488,120,0
488,1354,0
488,650,0
488,2495,0
488,1526,0
488,2565,0
489,1540,1
489,1286,1
489,2447,1
489,2450,1
489,1427,1
489,894,1
489,1043,1
489,2584,1
489,411,1
489,1180,1
489,285,1
489,1278,1
489,415,1
489,1569,1
489,1313,1
489,2594,1
489,680,1
489,683,1
489,687,1
489,179,1
489,317,1
489,1854,1
489,1728,1
489,1101,1
489,467,1
489,2137,1
489,91,1
489,477,1
489,1886,1
489,609,1
489,2016,1
489,2272,1
489,2405,1
489,2022,1
489,360,1
489,1129,1
489,2413,1
489,2544,1
489,1009,1
489,1141,1
489,2550,1
489,2045,1
489,126,1
489,713,0
489,2399,0
489,556,0
489,1339,0
489,1542,0
489,2580,0
489,2044,0
489,2018,0
489,1246,0
489,1646,0
489,1023,0
489,1988,0
489,766,0
489,251,0
489,1305,0
489,2021,0
489,59,0
489,419,0
489,1460,0
489,2621,0
489,734,0
489,1056,0
489,2446,0
489,390,0
489,2085,0
489,1483,0
489,2723,0
489,1147,0
489,409,0
489,1833,0
489,1981,0
489,1464,0
489,2683,0
489,1608,0
489,974,0
489,794,0
489,508,0
489,1888,0
490,222,1
490,79,1
490,2700,0
491,2053,1
491,2442,1
491,398,1
491,2069,1
491,149,1
491,2218,1
491,439,1
491,2110,1
491,1351,1
491,1232,1
491,87,1
491,2265,1
491,880,1
491,765,1
491,2393,0
491,620,0
491,2197,0
491,2711,0
491,342,0
491,49,0
491,1451,0
491,1041,0
491,1289,0
491,2316,0
491,1298,0
492,1985,1
492,2633,1
492,1225,1
492,346,1
492,2030,1
492,1680,1
492,1718,1
492,830,1
492,1553,0
492,498,0
492,2599,0
492,367,0
492,142,0
492,871,0
492,241,0
492,2777,0
493,1571,1
493,1540,1
493,1319,1
493,1737,1
493,2357,1
493,1496,1
493,1238,0
493,1752,0
493,2270,0
493,2479,0
493,1684,0
493,393,0
494,903,1
494,1366,1
494,207,1
494,1204,0
494,1196,0
495,1801,1
495,1129,1
495,1296,1
495,1168,1
495,2052,0
495,2329,0
495,686,0
495,387,0
495,750,0
496,2785,1
496,2755,1
496,1352,1
496,748,1
496,2058,1
496,1072,1
496,1877,1
496,1271,1
496,347,1
496,2132,0
496,169,0
496,700,0
496,882,0
496,1029,0
496,1639,0
496,480,0
496,2505,0
496,2469,0
496,391,0
496,1966,0
496,998,0
496,2543,0
497,2053,1
497,1033,1
497,17,1
497,1057,1
497,1058,1
497,1569,1
497,2605,1
497,1071,1
497,1101,1
497,2645,1
497,1111,1
497,2137,1
497,2659,1
497,124,1
497,2174,1
497,2210,1
497,690,1
497,2741,1
497,183,1
497,1725,1
497,195,1
497,2761,1
497,2763,1
497,719,1
497,2777,1
497,2283,1
497,1791,1
497,1819,1
497,285,1
497,290,1
497,2351,1
497,315,1
497,326,1
497,882,1
497,2447,1
497,2468,1
497,2016,1
497,2022,1
497,489,1
497,2538,1
497,1707,0
497,1039,0
497,1483,0
497,316,0
497,1993,0
497,1190,0
497,2432,0
497,819,0
497,330,0
497,1621,0
497,1770,0
497,743,0
497,1348,0
497,1920,0
497,1760,0
497,875,0
497,1760,0
497,1095,0
497,849,0
497,1680,0
497,966,0
497,1298,0
497,2720,0
497,736,0
497,1775,0
497,1801,0
497,200,0
497,706,0
497,2653,0
497,2545,0
497,1855,0
497,487,0
497,1832,0
497,298,0
497,2190,0
497,481,0
497,1793,0
497,1162,0
497,1257,0
497,648,0
497,1237,0
497,804,0
497,240,0
497,2339,0
497,665,0
497,456,0
497,2690,0
497,2726,0
498,1697,1
498,773,1
498,10,1
498,816,1
498,758,1
498,2333,1
498,1638,0
498,1678,0
498,1706,0
498,2401,0
498,171,0
498,830,0
499,1799,1
499,1801,1
499,2584,1
499,1052,1
499,2716,1
499,1695,1
499,1569,1
499,2726,1
499,682,1
499,812,1
499,1839,1
499,690,1
499,2746,1
499,1216,1
499,320,1
499,854,1
499,1498,1
499,2268,1
499,989,1
499,1129,1
499,1392,1
499,115,1
499,2516,0
499,598,0
499,57,0
499,2595,0
499,578,0
499,2331,0
499,2762,0
499,871,0
499,105,0
499,2373,0
499,432,0
499,1061,0
499,1862,0
499,2316,0
499,291,0
499,150,0
499,1763,0
499,523,0
499,1334,0
499,1502,0
499,965,0
499,2066,0
499,307,0
499,2666,0
499,1075,0
500,1,1
500,1538,1
500,2563,1
500,4,1
500,2056,1
500,1034,1
500,11,1
500,531,1
500,2073,1
500,1058,1
500,1059,1
500,2083,1
500,2102,1
500,572,1
500,2629,1
500,2120,1
500,590,1
500,2640,1
500,2130,1
500,88,1
500,95,1
500,1633,1
500,2661,1
500,2163,1
500,1656,1
500,1156,1
500,1669,1
500,1164,1
500,2703,1
500,1680,1
500,666,1
500,1183,1
500,672,1
500,2722,1
500,2724,1
500,2229,1
500,194,1
500,2758,1
500,199,1
500,2759,1
500,1228,1
500,1246,1
500,224,1
500,1250,1
500,1763,1
500,2277,1
500,232,1
500,746,1
500,2291,1
500,1779,1
500,762,1
500,1281,1
500,2307,1
500,266,1
500,1299,1
500,802,1
500,1833,1
500,2345,1
500,306,1
500,1346,1
500,845,1
500,2382,1
500,1894,1
500,2407,1
500,360,1
500,366,1
500,1395,1
500,1908,1
500,377,1
500,2436,1
500,2439,1
500,392,1
500,907,1
500,395,1
500,397,1
500,1933,1
500,911,1
500,1422,1
500,2457,1
500,1952,1
500,1446,1
500,1958,1
500,424,1
500,1961,1
500,1452,1
500,2475,1
500,1966,1
500,1455,1
500,945,1
500,2483,1
500,947,1
500,2486,1
500,994,1
500,1509,1
500,1510,1
500,494,1
500,2545,1
500,507,1
500,1810,0
500,2253,0
500,1271,0
500,1987,0
500,577,0
500,292,0
500,2306,0
500,2160,0
500,832,0
500,153,0
500,1739,0
500,2662,0
500,467,0
500,853,0
500,2244,0
500,1926,0
500,1449,0
500,1867,0
500,622,0
500,2747,0
500,959,0
500,1893,0
500,849,0
500,943,0
500,1464,0
500,924,0
500,2374,0
500,117,0
500,280,0
500,770,0
500,2744,0
500,932,0
500,149,0
500,851,0
500,711,0
500,1564,0
500,1209,0
500,1967,0
500,1298,0
500,2621,0
500,503,0
500,180,0
500,1720,0
500,2718,0
500,628,0
500,300,0
500,2200,0
500,1271,0
500,381,0
500,1907,0
500,2391,0
500,1074,0
500,898,0
500,2271,0
500,69,0
500,13,0
500,111,0
500,1192,0
500,760,0
500,2769,0
500,2709,0
500,1398,0
500,2719,0
500,2580,0
500,492,0
500,1922,0
500,282,0
500,2362,0
500,728,0
500,248,0
500,2391,0
500,1275,0
500,2316,0
500,1135,0
500,857,0
500,578,0
500,2487,0
500,1956,0
500,1858,0
500,1043,0
500,1747,0
500,66,0
500,2122,0
500,25,0
500,1821,0
500,2228,0
500,1498,0
500,303,0
500,104,0
500,767,0
500,2256,0
500,1319,0
500,1728,0
500,1064,0
500,2431,0
500,924,0
500,1076,0
500,2252,0
500,2744,0
500,1438,0
500,1947,0
501,1728,1
501,1027,1
501,1540,1
501,1129,1
501,267,1
501,684,1
501,1296,1
501,47,1
501,1912,1
501,1653,1
501,1496,1
501,892,0
501,732,0
501,1522,0
501,2383,0
501,582,0
501,2494,0
501,1575,0
501,2206,0
501,457,0
501,1177,0
502,812,1
502,2485,1
502,2505,0
502,1227,0
503,2688,1
503,1802,1
503,1296,1
503,408,1
503,285,1
503,1569,1
503,544,1
503,682,1
503,1579,1
503,315,1
503,1981,1
503,62,1
503,320,1
503,2115,1
503,1360,1
503,1235,1
503,2389,1
503,1371,1
503,477,1
503,1891,1
503,1132,1
503,245,1
503,174,0
503,381,0
503,808,0
503,1825,0
503,1582,0
503,124,0
503,1896,0
503,64,0
503,293,0
503,2483,0
503,1007,0
503,211,0
503,1672,0
503,2493,0
503,216,0
503,556,0
503,652,0
503,1912,0
503,813,0
503,1075,0
504,7,1
504,13,1
504,544,1
504,2594,1
504,2613,1
504,2104,1
504,74,1
504,2123,1
504,1614,1
504,1615,1
504,2133,1
504,609,1
504,107,1
504,1142,1
504,1657,1
504,2173,1
504,132,1
504,668,1
504,1698,1
504,164,1
504,175,1
504,687,1
504,187,1
504,2755,1
504,2760,1
504,719,1
504,209,1
504,1749,1
504,2272,1
504,1249,1
504,1801,1
504,1296,1
504,1820,1
504,284,1
504,1837,1
504,1336,1
504,1849,1
504,323,1
504,1361,1
504,860,1
504,869,1
504,1899,1
504,2415,1
504,902,1
504,402,1
504,1427,1
504,1951,1
504,2464,1
504,2478,1
504,1967,1
504,948,1
504,2485,1
504,1985,1
504,1484,1
504,2517,1
504,477,1
504,482,1
504,484,1
504,2553,1
504,2634,0
504,465,0
504,2225,0
504,1129,0
504,2164,0
504,723,0
504,70,0
504,681,0
504,41,0
504,390,0
504,433,0
504,1901,0
504,2587,0
504,15,0
504,789,0
504,2182,0
504,881,0
504,1971,0
504,442,0
504,426,0
504,626,0
504,778,0
504,813,0
504,851,0
504,364,0
504,1961,0
504,2194,0
504,66,0
504,2084,0
504,2591,0
504,374,0
504,2765,0
504,2103,0
504,1507,0
504,526,0
504,1032,0
504,1887,0
504,2758,0
504,1712,0
504,636,0
504,841,0
504,727,0
504,1440,0
504,1637,0
504,530,0
504,959,0
504,1220,0
504,1433,0
504,1778,0
504,608,0
504,2141,0
504,2646,0
504,2569,0
504,1675,0
504,1499,0
504,866,0
504,2258,0
504,1580,0
504,632,0
504,2336,0
504,1252,0
504,1320,0
504,286,0
504,1652,0
504,2671,0
504,2662,0
504,2621,0
504,1722,0
504,348,0
504,1817,0
504,2789,0
505,1094,1
505,943,1
505,372,1
505,1956,0
505,455,0
505,2228,0
506,512,1
506,517,1
506,2068,1
506,23,1
506,2584,1
506,24,1
506,1567,1
506,1569,1
506,2596,1
506,2606,1
506,47,1
506,1584,1
506,1588,1
506,2615,1
506,2617,1
506,573,1
506,1094,1
506,1101,1
506,2127,1
506,1614,1
506,1622,1
506,1113,1
506,602,1
506,1634,1
506,1130,1
506,1646,1
506,124,1
506,125,1
506,1171,1
506,1699,1
506,1194,1
506,684,1
506,2732,1
506,687,1
506,1200,1
506,1718,1
506,1209,1
506,187,1
506,2237,1
506,2752,1
506,1223,1
506,2247,1
506,1231,1
506,2272,1
506,2275,1
506,2289,1
506,242,1
506,250,1
506,780,1
506,2316,1
506,1807,1
506,1296,1
506,1839,1
506,1351,1
506,1870,1
506,2394,1
506,869,1
506,360,1
506,1392,1
506,1394,1
506,882,1
506,2422,1
506,2428,1
506,392,1
506,2443,1
506,1427,1
506,917,1
506,1944,1
506,1953,1
506,1456,1
506,1968,1
506,951,1
506,1988,1
506,967,1
506,970,1
506,465,1
506,2518,1
506,984,1
506,482,1
506,489,1
506,1518,1
506,2034,1
506,2045,1
506,993,0
506,656,0
506,2006,0
506,1463,0
506,1586,0
506,2386,0
506,1060,0
506,1331,0
506,942,0
506,1868,0
506,1714,0
506,1136,0
506,1187,0
506,1324,0
506,2706,0
506,1879,0
506,304,0
506,2114,0
506,36,0
506,1292,0
506,108,0
506,420,0
506,1715,0
506,1886,0
506,1114,0
506,977,0
506,447,0
506,523,0
506,583,0
506,1886,0
506,216,0
506,1623,0
506,565,0
506,603,0
506,2553,0
506,1669,0
506,1029,0
506,1246,0
506,2486,0
506,1429,0
506,792,0
506,439,0
506,1913,0
506,1306,0
506,2255,0
506,441,0
506,1455,0
506,432,0
506,685,0
506,2183,0
506,550,0
506,1105,0
506,1736,0
506,1481,0
506,1414,0
506,1607,0
506,625,0
506,1320,0
506,2143,0
506,2702,0
506,2403,0
506,85,0
506,552,0
506,947,0
506,576,0
506,25,0
506,252,0
506,694,0
506,1470,0
506,1670,0
506,800,0
506,2492,0
506,1865,0
506,367,0
506,420,0
506,2450,0
506,1748,0
506,1681,0
506,1996,0
506,2266,0
506,1160,0
506,2078,0
506,2720,0
506,260,0
506,2581,0
506,833,0
506,1771,0
507,1286,1
507,2443,1
507,1439,1
507,416,1
507,39,1
507,2113,1
507,218,1
507,478,1
507,1632,1
507,1377,1
507,1386,1
507,748,1
507,2544,1
507,625,1
507,1789,1
507,1883,0
507,502,0
507,2071,0
507,2456,0
507,2728,0
507,1910,0
507,1743,0
507,1706,0
507,1311,0
507,1320,0
507,241,0
507,1111,0
507,1893,0
508,897,1
508,231,1
508,2047,1
508,1868,0
508,1586,0
508,2624,0
508,1294,0
509,640,1
509,1412,1
509,1286,1
509,2058,1
509,2443,1
509,800,1
509,166,1
509,181,1
509,2485,1
509,2619,1
509,2772,1
509,2666,1
509,748,1
509,2421,1
509,2222,0
509,624,0
509,2526,0
509,2106,0
509,514,0
509,1000,0
509,1973,0
509,383,0
509,2221,0
509,985,0
509,1419,0
509,2201,0
509,2740,0
509,888,0
509,1227,0
509,901,0
510,2561,1
510,1538,1
510,1826,1
510,1892,1
510,2437,1
510,2030,1
510,207,1
510,79,1
510,946,1
510,2544,1
510,820,1
510,2228,1
510,1717,1
510,1143,1
510,1849,1
510,2057,0
510,1370,0
510,1745,0
510,923,0
510,1177,0
510,1890,0
510,896,0
511,1029,1
511,1669,1
511,1892,1
511,294,1
511,2093,1
511,1926,1
511,1201,1
511,1877,1
511,2108,1
511,2549,0
511,169,0
511,1683,0
511,5,0
511,2570,0
511,87,0
511,982,0
511,874,0
511,2743,0
511,1055,0
512,801,1
512,2470,1
512,2630,1
512,797,1
512,684,1
512,2266,1
512,989,1
512,1983,1
512,1282,0
512,2785,0
512,2589,0
512,106,0
512,2216,0
512,1335,0
512,1641,0
512,1753,0
512,1254,0
512,1477,0
513,1892,1
513,1200,0
514,1897,1
514,2666,1
514,11,1
514,1387,1
514,2058,1
514,1840,1
514,2364,0
514,705,0
514,2514,0
514,795,0
514,1932,0
515,1922,1
515,1031,1
515,392,1
515,780,1
515,2701,1
515,1422,1
515,1679,1
515,2448,1
515,789,1
515,791,1
515,2464,1
515,1699,1
515,2468,1
515,1836,1
515,2605,1
515,1580,1
515,1456,1
515,2222,1
515,1849,1
515,1728,1
515,711,1
515,2508,1
515,589,1
515,2510,1
515,1231,1
515,2260,1
515,1111,1
515,984,1
515,2521,1
515,91,1
515,348,1
515,1375,1
515,1891,1
515,1507,1
515,110,1
515,494,1
515,1903,1
515,2415,1
515,242,1
515,1646,1
515,124,1
515,1009,1
515,889,1
515,2556,1
515,969,0
515,339,0
515,2736,0
515,754,0
515,487,0
515,1293,0
515,2617,0
515,1304,0
515,1416,0
515,738,0
515,856,0
515,1025,0
515,2027,0
515,1591,0
515,1785,0
515,57,0
515,1965,0
515,2584,0
515,2432,0
515,833,0
515,2404,0
515,955,0
515,2164,0
515,1341,0
515,2494,0
515,2178,0
515,1475,0
515,1064,0
515,2516,0
515,2246,0
515,1371,0
515,104,0
515,1648,0
515,1474,0
515,936,0
515,1037,0
515,629,0
515,1077,0
515,2255,0
516,304,0
517,1668,1
517,133,1
517,2093,1
517,1330,1
517,1211,1
517,88,1
517,1897,1
517,746,1
517,494,1
517,2170,1
517,290,0
517,1535,0
517,1734,0
517,2596,0
517,2070,0
517,2031,0
517,2690,0
517,272,0
517,2164,0
517,833,0
517,2518,0
517,154,0
517,222,0
517,1011,0
517,2690,0
517,276,0
518,1686,1
518,2415,0
519,1892,1
519,1306,0
520,2791,0
521,2531,0
522,2562,1
522,2053,1
522,1541,1
522,1031,1
522,1034,1
522,17,1
522,2065,1
522,2579,1
522,1045,1
522,2584,1
522,1563,1
522,1532,1
522,32,1
522,546,1
522,1059,1
522,2595,1
522,1056,1
522,1071,1
522,1072,1
522,47,1
522,1073,1
522,1597,1
522,2116,1
522,1607,1
522,2120,1
522,1098,1
522,75,1
522,1101,1
522,2127,1
522,2646,1
522,86,1
522,88,1
522,1114,1
522,2139,1
522,93,1
522,1119,1
522,2656,1
522,2661,1
522,2153,1
522,1130,1
522,107,1
522,1136,1
522,114,1
522,2677,1
522,636,1
522,1660,1
522,2175,1
522,2180,1
522,1669,1
522,1674,1
522,1171,1
522,148,1
522,149,1
522,2199,1
522,668,1
522,1694,1
522,2207,1
522,2210,1
522,674,1
522,1699,1
522,2724,1
522,1194,1
522,2731,1
522,684,1
522,687,1
522,176,1
522,2218,1
522,692,1
522,1204,1
522,1717,1
522,2749,1
522,191,1
522,2240,1
522,1218,1
522,709,1
522,197,1
522,2247,1
522,2761,1
522,2246,1
522,1228,1
522,2258,1
522,2771,1
522,212,1
522,725,1
522,2777,1
522,222,1
522,737,1
522,1763,1
522,1251,1
522,233,1
522,748,1
522,2290,1
522,243,1
522,1268,1
522,756,1
522,247,1
522,2298,1
522,1281,1
522,1791,1
522,2304,1
522,2303,1
522,264,1
522,270,1
522,2319,1
522,273,1
522,1299,1
522,276,1
522,2326,1
522,1309,1
522,1823,1
522,807,1
522,296,1
522,817,1
522,307,1
522,820,1
522,1333,1
522,311,1
522,824,1
522,1854,1
522,321,1
522,1346,1
522,1350,1
522,1351,1
522,2378,1
522,332,1
522,333,1
522,1870,1
522,334,1
522,1360,1
522,1892,1
522,1897,1
522,1385,1
522,1896,1
522,1903,1
522,882,1
522,1395,1
522,2419,1
522,1926,1
522,2439,1
522,397,1
522,398,1
522,2447,1
522,1933,1
522,1428,1
522,1944,1
522,409,1
522,1440,1
522,1446,1
522,426,1
522,1966,1
522,431,1
522,945,1
522,2490,1
522,965,1
522,2505,1
522,2514,1
522,2003,1
522,2519,1
522,480,1
522,2017,1
522,994,1
522,999,1
522,494,1
522,2544,1
522,1523,1
522,501,1
522,1527,1
522,2553,1
522,508,1
522,441,0
522,2359,0
522,380,0
522,2476,0
522,1686,0
522,1764,0
522,2536,0
522,903,0
522,2782,0
522,977,0
522,808,0
522,1862,0
522,2002,0
522,1439,0
522,2523,0
522,2683,0
522,1940,0
522,468,0
522,1234,0
522,2057,0
522,1314,0
522,2754,0
522,973,0
522,1365,0
522,2256,0
522,1533,0
522,2630,0
522,1761,0
522,2476,0
522,1247,0
522,1399,0
522,1950,0
522,916,0
522,1465,0
522,2445,0
522,2277,0
522,648,0
522,1187,0
522,2296,0
522,1726,0
522,1147,0
522,1929,0
522,1938,0
522,1917,0
522,1558,0
522,607,0
522,1727,0
522,2288,0
522,1593,0
522,1612,0
522,1550,0
522,942,0
522,2112,0
522,1129,0
522,1654,0
522,1420,0
522,1379,0
522,1707,0
522,1054,0
522,2604,0
522,208,0
522,1663,0
522,2755,0
522,1339,0
522,1449,0
522,1116,0
522,2641,0
522,452,0
522,823,0
522,854,0
522,1992,0
522,1089,0
522,1904,0
522,782,0
522,2542,0
522,1993,0
522,1008,0
522,2083,0
522,1042,0
522,22,0
522,492,0
522,2238,0
522,2062,0
522,1902,0
522,21,0
522,782,0
522,1632,0
522,460,0
522,2392,0
522,240,0
522,156,0
522,2515,0
522,922,0
522,385,0
522,841,0
522,211,0
522,661,0
522,2163,0
522,133,0
522,1515,0
522,1376,0
522,1336,0
522,2685,0
522,2052,0
522,482,0
522,1535,0
522,618,0
522,707,0
522,177,0
522,1628,0
522,2543,0
522,1391,0
522,1742,0
522,982,0
522,218,0
522,2411,0
522,103,0
522,382,0
522,2642,0
522,2765,0
522,2090,0
522,1177,0
522,1713,0
522,1415,0
522,2538,0
522,2054,0
522,1243,0
522,894,0
522,907,0
522,1191,0
522,1040,0
522,96,0
522,2638,0
522,151,0
522,2185,0
522,254,0
522,1682,0
522,2750,0
522,224,0
522,1276,0
522,184,0
522,478,0
522,2172,0
522,92,0
522,2446,0
522,2371,0
522,1593,0
522,1733,0
522,262,0
522,703,0
522,1162,0
522,571,0
522,2403,0
522,1009,0
522,1253,0
523,207,1
523,2722,0
524,222,0
525,1041,1
525,2584,1
525,1052,1
525,1533,1
525,34,1
525,40,1
525,570,1
525,2619,1
525,62,1
525,1607,1
525,2122,1
525,589,1
525,1104,1
525,1129,1
525,2162,1
525,1177,1
525,1699,1
525,687,1
525,690,1
525,2226,1
525,187,1
525,2748,1
525,2754,1
525,2760,1
525,2263,1
525,1245,1
525,2272,1
525,1249,1
525,771,1
525,1284,1
525,1801,1
525,1296,1
525,2327,1
525,812,1
525,1845,1
525,313,1
525,315,1
525,1854,1
525,1360,1
525,854,1
525,1886,1
525,872,1
525,2417,1
525,2421,1
525,1402,1
525,1409,1
525,897,1
525,1935,1
525,419,1
525,951,1
525,1976,1
525,451,1
525,1988,1
525,466,1
525,1496,1
525,2015,1
525,2016,1
525,2039,1
525,2553,1
525,2045,1
525,1304,0
525,2279,0
525,963,0
525,1685,0
525,83,0
525,2787,0
525,1997,0
525,2729,0
525,2121,0
525,1532,0
525,2198,0
525,1704,0
525,327,0
525,792,0
525,282,0
525,136,0
525,1335,0
525,791,0
525,2568,0
525,1352,0
525,1388,0
525,1903,0
525,1464,0
525,1883,0
525,2147,0
525,1585,0
525,626,0
525,1846,0
525,2389,0
525,161,0
525,1671,0
525,1930,0
525,2447,0
525,948,0
525,168,0
525,2196,0
525,1442,0
525,1965,0
525,1985,0
525,354,0
525,179,0
525,1694,0
525,137,0
525,2594,0
525,1693,0
525,1152,0
525,421,0
525,1762,0
525,1073,0
525,1989,0
525,1468,0
525,528,0
525,785,0
525,393,0
525,1852,0
525,1807,0
525,1694,0
525,2637,0
525,1693,0
525,2009,0
526,994,1
526,2058,1
526,398,1
526,2546,1
526,2133,1
526,758,1
526,2769,0
526,36,0
526,1828,0
526,1834,0
526,2475,0
526,207,0
526,2364,0
526,2085,0
526,1700,0
526,2700,0
527,1101,1
527,517,1
527,1270,0
528,1216,1
528,1569,1
528,1057,1
528,2048,1
528,994,1
528,1296,1
528,530,0
528,144,0
528,2400,0
528,509,0
528,2560,0
529,1412,1
529,1064,0
530,896,1
530,1584,0
531,2048,1
531,517,1
531,2054,1
531,1541,1
531,1029,1
531,520,1
531,2565,1
531,1041,1
531,17,1
531,2069,1
531,2589,1
531,545,1
531,34,1
531,2086,1
531,2091,1
531,557,1
531,1071,1
531,1584,1
531,1072,1
531,1583,1
531,2610,1
531,565,1
531,2103,1
531,2617,1
531,573,1
531,1598,1
531,1597,1
531,69,1
531,1094,1
531,1101,1
531,2127,1
531,1614,1
531,596,1
531,2141,1
531,2653,1
531,1119,1
531,2656,1
531,609,1
531,606,1
531,1633,1
531,1632,1
531,2151,1
531,105,1
531,1129,1
531,1645,1
531,2153,1
531,2677,1
531,1657,1
531,636,1
531,1660,1
531,1665,1
531,646,1
531,135,1
531,2698,1
531,1162,1
531,140,1
531,2703,1
531,1680,1
531,2708,1
531,149,1
531,663,1
531,668,1
531,1181,1
531,1695,1
531,2210,1
531,675,1
531,166,1
531,1190,1
531,163,1
531,1194,1
531,2732,1
531,2226,1
531,1718,1
531,693,1
531,2746,1
531,190,1
531,1727,1
531,1731,1
531,2761,1
531,206,1
531,2767,1
531,2256,1
531,719,1
531,2260,1
531,2263,1
531,2268,1
531,222,1
531,2272,1
531,1761,1
531,1249,1
531,1768,1
531,1771,1
531,748,1
531,1263,1
531,1268,1
531,247,1
531,2045,1
531,1278,1
531,1791,1
531,1792,1
531,257,1
531,2305,1
531,771,1
531,1283,1
531,2310,1
531,1801,1
531,270,1
531,1296,1
531,1809,1
531,2325,1
531,797,1
531,801,1
531,1318,1
531,307,1
531,820,1
531,313,1
531,1341,1
531,2366,1
531,320,1
531,833,1
531,2303,1
531,1865,1
531,1356,1
531,1360,1
531,846,1
531,333,1
531,1875,1
531,852,1
531,1366,1
531,344,1
531,865,1
531,1378,1
531,1893,1
531,872,1
531,1897,1
531,362,1
531,1392,1
531,1909,1
531,1913,1
531,2430,1
531,388,1
531,903,1
531,392,1
531,908,1
531,1933,1
531,2447,1
531,1422,1
531,398,1
531,2445,1
531,1428,1
531,917,1
531,2452,1
531,918,1
531,409,1
531,1947,1
531,419,1
531,427,1
531,2476,1
531,1968,1
531,1464,1
531,953,1
531,1981,1
531,1484,1
531,2514,1
531,977,1
531,1492,1
531,2517,1
531,466,1
531,476,1
531,477,1
531,2016,1
531,2532,1
531,482,1
531,489,1
531,2537,1
531,496,1
531,2544,1
531,502,1
531,1531,1
531,1533,1
531,2046,1
531,2593,0
531,2456,0
531,1579,0
531,1937,0
531,1333,0
531,2494,0
531,2590,0
531,60,0
531,1992,0
531,725,0
531,2511,0
531,1701,0
531,534,0
531,516,0
531,1527,0
531,1329,0
531,91,0
531,1211,0
531,935,0
531,2035,0
531,92,0
531,2159,0
531,866,0
531,1452,0
531,1582,0
531,282,0
531,381,0
531,8,0
531,411,0
531,2289,0
531,301,0
531,1293,0
531,1012,0
531,692,0
531,522,0
531,1346,0
531,1219,0
531,648,0
531,1841,0
531,516,0
531,645,0
531,1439,0
531,2516,0
531,1863,0
531,738,0
531,2571,0
531,775,0
531,722,0
531,231,0
531,2060,0
531,1509,0
531,2512,0
531,1173,0
531,667,0
531,404,0
531,304,0
531,2574,0
531,647,0
531,971,0
531,2216,0
531,77,0
531,1716,0
531,969,0
531,2576,0
531,641,0
531,2113,0
531,1605,0
531,539,0
531,94,0
531,1952,0
531,1350,0
531,249,0
531,377,0
531,775,0
531,2484,0
531,1844,0
531,1526,0
531,329,0
531,2576,0
531,1670,0
531,2635,0
531,614,0
531,2041,0
531,2073,0
531,778,0
531,2666,0
531,1280,0
531,85,0
531,1260,0
531,1753,0
531,30,0
531,2627,0
531,943,0
531,1912,0
531,1534,0
531,1936,0
531,2075,0
531,1712,0
531,288,0
531,1362,0
531,431,0
531,1753,0
531,2157,0
531,346,0
531,728,0
531,1824,0
531,1693,0
531,679,0
531,1440,0
531,1361,0
531,2341,0
531,1444,0
531,2628,0
531,1611,0
531,1256,0
531,225,0
531,2317,0
531,1561,0
531,2170,0
531,2144,0
531,2291,0
531,1241,0
531,1775,0
531,350,0
531,2441,0
531,834,0
531,1577,0
531,1399,0
531,1038,0
531,2214,0
531,75,0
531,78,0
531,2478,0
531,2390,0
531,1338,0
531,2670,0
531,1391,0
531,2336,0
531,946,0
531,892,0
531,1609,0
531,841,0
531,1043,0
531,2170,0
531,2188,0
531,394,0
531,2224,0
531,2380,0
531,2623,0
531,567,0
531,2666,0
531,66,0
531,1762,0
531,2661,0
531,2232,0
531,2461,0
531,1338,0
531,2393,0
531,254,0
531,1159,0
531,2184,0
531,2764,0
531,289,0
531,44,0
531,1350,0
531,2073,0
531,595,0
531,1250,0
531,1426,0
531,418,0
531,2179,0
531,2150,0
531,726,0
531,2479,0
531,604,0
531,1396,0
531,1491,0
531,1379,0
531,525,0
531,129,0
533,989,1
535,1569,1
535,683,1
535,1036,0
535,1277,0
536,352,1
536,1503,0
537,2252,1
537,2522,0
538,896,1
538,2161,1
538,1323,1
538,1564,0
539,3,1
539,2755,1
539,1743,1
539,1142,1
539,1183,1
539,2607,0
539,2071,0
539,126,0
539,1126,0
540,1580,0
540,901,0
541,2682,1
541,894,0
541,1778,0
542,1152,1
542,796,1
542,797,1
542,2619,1
542,1727,1
542,2246,1
542,1099,1
542,719,1
542,1871,1
542,2645,1
542,864,1
542,615,1
542,2288,1
542,2675,1
542,885,1
542,289,0
542,1348,0
542,2010,0
542,868,0
542,206,0
542,1261,0
542,1053,0
542,2599,0
542,2292,0
542,2433,0
542,1121,0
542,878,0
542,1833,0
543,1920,1
543,2574,1
543,1057,1
543,49,1
543,1727,1
543,1099,1
543,362,1
543,2036,1
543,1783,1
543,1657,1
543,2175,1
543,382,0
543,1617,0
543,973,0
543,194,0
543,1384,0
543,1538,0
543,619,0
543,374,0
543,2106,0
543,745,0
543,662,0
543,2385,0
543,221,0
545,2720,1
545,2213,1
545,2597,1
545,563,1
545,1973,1
545,2495,1
545,1475,1
545,839,1
545,1991,1
545,203,1
545,1873,1
545,2148,1
545,997,1
545,1639,1
545,2029,1
545,621,1
545,1269,1
545,1144,1
545,633,1
545,964,0
545,2474,0
545,743,0
545,2622,0
545,436,0
545,2558,0
545,1781,0
545,2692,0
545,1863,0
545,185,0
545,1289,0
545,711,0
545,685,0
545,1933,0
545,1405,0
545,954,0
546,2051,1
546,9,1
546,11,1
546,15,1
546,17,1
546,2067,1
546,2068,1
546,30,1
546,40,1
546,2091,1
546,43,1
546,47,1
546,2116,1
546,70,1
546,79,1
546,89,1
546,93,1
546,97,1
546,102,1
546,103,1
546,2151,1
546,2153,1
546,110,1
546,115,1
546,2175,1
546,2179,1
546,136,1
546,141,1
546,153,1
546,2206,1
546,2230,1
546,183,1
546,2236,1
546,194,1
546,197,1
546,2252,1
546,2260,1
546,2265,1
546,2288,1
546,240,1
546,242,1
546,2291,1
546,247,1
546,2298,1
546,256,1
546,2305,1
546,2304,1
546,2316,1
546,273,1
546,276,1
546,285,1
546,295,1
546,297,1
546,2351,1
546,2357,1
546,315,1
546,2370,1
546,2385,1
546,360,1
546,362,1
546,371,1
546,372,1
546,2421,1
546,375,1
546,2423,1
546,2436,1
546,2437,1
546,388,1
546,2444,1
546,2445,1
546,397,1
546,2447,1
546,2451,1
546,409,1
546,2459,1
546,2489,1
546,2490,1
546,455,1
546,2512,1
546,2514,1
546,466,1
546,475,1
546,477,1
546,482,1
546,2539,1
546,492,1
546,498,1
546,2556,1
546,2563,1
546,2574,1
546,2577,1
546,2578,1
546,532,1
546,543,1
546,2594,1
546,557,1
546,2612,1
546,568,1
546,2617,1
546,2619,1
546,2625,1
546,2630,1
546,2640,1
546,602,1
546,615,1
546,2667,1
546,2675,1
546,640,1
546,647,1
546,2700,1
546,2716,1
546,668,1
546,2720,1
546,2726,1
546,683,1
546,690,1
546,705,1
546,2761,1
546,737,1
546,2789,1
546,755,1
546,767,1
546,771,1
546,773,1
546,796,1
546,799,1
546,801,1
546,805,1
546,812,1
546,814,1
546,818,1
546,820,1
546,843,1
546,846,1
546,858,1
546,907,1
546,925,1
546,931,1
546,951,1
546,961,1
546,980,1
546,984,1
546,992,1
546,994,1
546,997,1
546,999,1
546,1005,1
546,1008,1
546,1011,1
546,1012,1
546,1052,1
546,1072,1
546,1101,1
546,1111,1
546,1129,1
546,1152,1
546,1167,1
546,1168,1
546,1180,1
546,1185,1
546,1188,1
546,1216,1
546,1218,1
546,1225,1
546,1235,1
546,1268,1
546,1271,1
546,1286,1
546,1304,1
546,1318,1
546,1319,1
546,1351,1
546,1366,1
546,1378,1
546,1385,1
546,1393,1
546,1394,1
546,1404,1
546,1418,1
546,1428,1
546,1468,1
546,1475,1
546,1488,1
546,1490,1
546,1496,1
546,1498,1
546,1505,1
546,1515,1
546,1531,1
546,1540,1
546,1569,1
546,1574,1
546,1591,1
546,1594,1
546,1597,1
546,1611,1
546,1644,1
546,1645,1
546,1665,1
546,1691,1
546,1692,1
546,1695,1
546,1697,1
546,1763,1
546,1764,1
546,1770,1
546,1783,1
546,1807,1
546,1809,1
546,1811,1
546,1845,1
546,1855,1
546,1857,1
546,1865,1
546,1873,1
546,1877,1
546,1917,1
546,1933,1
546,1952,1
546,1953,1
546,1962,1
546,1965,1
546,1971,1
546,1972,1
546,1991,1
546,2015,1
546,2022,1
546,2028,1
546,2034,1
546,2659,0
546,1758,0
546,571,0
546,471,0
546,2449,0
546,981,0
546,2308,0
546,1677,0
546,2607,0
546,2115,0
546,1554,0
546,596,0
546,2661,0
546,1966,0
546,1060,0
546,1249,0
546,2524,0
546,441,0
546,2135,0
546,656,0
546,738,0
546,806,0
546,972,0
546,2167,0
546,797,0
546,2452,0
546,2611,0
546,445,0
546,537,0
546,723,0
546,10,0
546,1146,0
546,806,0
546,2485,0
546,2133,0
546,749,0
546,278,0
546,1093,0
546,1019,0
546,25,0
546,2158,0
546,730,0
546,1777,0
546,1884,0
546,1193,0
546,1949,0
546,1079,0
546,2088,0
546,225,0
546,2681,0
546,163,0
546,2745,0
546,2094,0
546,1110,0
546,233,0
546,2699,0
546,1705,0
546,1735,0
546,171,0
546,1595,0
546,529,0
546,525,0
546,1816,0
546,1549,0
546,127,0
546,965,0
546,1426,0
546,2676,0
546,2565,0
546,1538,0
546,1194,0
546,1572,0
546,2098,0
546,2646,0
546,1192,0
546,2722,0
546,823,0
546,1551,0
546,660,0
546,2152,0
546,1762,0
546,978,0
546,1310,0
546,1606,0
546,1818,0
546,1396,0
546,80,0
546,105,0
546,1154,0
546,1186,0
546,1529,0
546,579,0
546,1444,0
546,2493,0
546,1274,0
546,2526,0
546,282,0
546,1126,0
546,2610,0
546,1769,0
546,1995,0
546,2004,0
546,151,0
546,970,0
546,1263,0
546,695,0
546,766,0
546,1312,0
546,534,0
546,561,0
546,975,0
546,2643,0
546,1558,0
546,471,0
546,1804,0
546,2672,0
546,2320,0
546,1573,0
546,743,0
546,2149,0
546,1372,0
546,1834,0
546,1572,0
546,2362,0
546,1471,0
546,376,0
546,1125,0
546,1839,0
546,2020,0
546,154,0
546,2393,0
546,1664,0
546,1252,0
546,2710,0
546,2057,0
546,212,0
546,2372,0
546,739,0
546,296,0
546,587,0
546,347,0
546,803,0
546,46,0
546,218,0
546,1886,0
546,1901,0
546,2695,0
546,1559,0
546,1688,0
546,90,0
546,1201,0
546,1603,0
546,64,0
546,505,0
546,1646,0
546,484,0
546,98,0
546,134,0
546,1607,0
546,1543,0
546,1042,0
546,627,0
546,1660,0
546,52,0
546,2126,0
546,2608,0
546,2683,0
546,1602,0
546,1017,0
546,2324,0
546,1177,0
546,1803,0
546,717,0
546,2119,0
546,2719,0
546,614,0
546,113,0
546,2287,0
546,1362,0
546,444,0
546,2262,0
546,1744,0
546,959,0
546,1432,0
546,1711,0
546,1816,0
546,1240,0
546,2493,0
546,734,0
546,942,0
546,1261,0
546,2131,0
546,2,0
546,1680,0
546,2711,0
546,2464,0
546,1297,0
546,1259,0
546,923,0
546,1966,0
546,1126,0
546,942,0
546,217,0
546,2435,0
546,1155,0
546,2080,0
546,2378,0
546,1015,0
546,165,0
546,2739,0
546,1746,0
546,361,0
546,2001,0
546,2732,0
546,1096,0
546,2137,0
546,359,0
546,1537,0
546,234,0
546,1316,0
546,1970,0
546,558,0
546,1160,0
546,25,0
546,2290,0
546,2093,0
546,2581,0
546,2093,0
546,176,0
546,355,0
546,2472,0
546,560,0
546,1315,0
546,722,0
546,1416,0
546,1183,0
546,735,0
546,2673,0
546,1164,0
546,1816,0
546,1482,0
546,1585,0
547,667,1
547,1286,1
547,411,0
547,1250,0
547,1922,0
548,2604,1
548,205,1
548,688,1
548,1790,1
548,255,0
548,865,0
548,2221,0
548,668,0
549,2035,1
549,2302,1
549,1387,0
549,1892,0
549,1066,0
550,640,1
550,2090,1
550,844,1
550,1856,0
550,1663,0
550,104,0
551,1282,1
551,1428,1
551,2586,1
551,555,1
551,429,1
551,60,1
551,828,1
551,832,1
551,1612,1
551,2125,1
551,343,1
551,2519,1
551,985,1
551,993,1
551,1915,1
551,1616,0
551,105,0
551,90,0
551,30,0
551,172,0
551,862,0
551,430,0
551,2438,0
551,2218,0
551,1389,0
551,105,0
551,1032,0
551,2117,0
551,2787,0
551,2042,0
551,1850,0
552,1266,0
553,2690,1
553,2472,1
553,593,1
553,1336,1
553,1261,0
553,1322,0
553,2019,0
553,510,0
554,2705,1
554,2075,0
554,1545,0
555,257,1
555,2050,1
555,2054,1
555,392,1
555,2057,1
555,662,1
555,420,1
555,1318,1
555,1706,1
555,816,1
555,1984,1
555,1235,1
555,1515,1
555,1903,1
555,242,1
555,2675,1
555,1780,1
555,2168,1
555,2491,0
555,2723,0
555,707,0
555,848,0
555,2279,0
555,2648,0
555,1740,0
555,1444,0
555,2700,0
555,1777,0
555,2377,0
555,668,0
555,614,0
555,2605,0
555,2144,0
555,2678,0
555,2244,0
555,464,0
555,498,0
556,2179,1
556,1039,1
556,655,1
556,1428,1
556,675,1
556,1188,1
556,166,1
556,2298,1
556,1071,1
556,176,1
556,307,1
556,1973,1
556,2234,1
556,709,1
556,336,1
556,1360,1
556,2640,1
556,1875,1
556,1492,1
556,343,1
556,1112,1
556,477,1
556,1887,1
556,1631,1
556,1760,1
556,2151,1
556,1768,1
556,1645,1
556,372,1
556,1395,1
556,632,1
556,1146,1
556,1531,1
556,2430,1
556,1669,0
556,64,0
556,1353,0
556,1524,0
556,974,0
556,316,0
556,1077,0
556,1521,0
556,1000,0
556,1491,0
556,2269,0
556,434,0
556,1010,0
556,417,0
556,2272,0
556,1143,0
556,180,0
556,437,0
556,888,0
556,1435,0
556,955,0
556,2065,0
556,519,0
556,1455,0
556,2070,0
556,1091,0
556,1061,0
556,435,0
556,2035,0
556,2258,0
556,2063,0
556,2039,0
556,693,0
557,1997,0
558,1039,1
558,2131,0
558,557,0
559,1536,1
559,1026,1
559,2057,1
559,2068,1
559,1560,1
559,2077,1
559,1054,1
559,1567,1
559,543,1
559,1580,1
559,1581,1
559,2096,1
559,1072,1
559,2613,1
559,2103,1
559,1608,1
559,587,1
559,2123,1
559,2642,1
559,1108,1
559,1620,1
559,2646,1
559,1114,1
559,602,1
559,606,1
559,609,1
559,102,1
559,2663,1
559,2665,1
559,1131,1
559,2668,1
559,2156,1
559,110,1
559,2672,1
559,115,1
559,1653,1
559,1654,1
559,2168,1
559,124,1
559,2173,1
559,1151,1
559,131,1
559,1671,1
559,2185,1
559,1167,1
559,1685,1
559,669,1
559,2716,1
559,1701,1
559,678,1
559,1706,1
559,682,1
559,2732,1
559,1719,1
559,1722,1
559,190,1
559,2749,1
559,1728,1
559,194,1
559,1220,1
559,1223,1
559,201,1
559,2252,1
559,1740,1
559,2767,1
559,721,1
559,1235,1
559,1749,1
559,727,1
559,2263,1
559,737,1
559,1251,1
559,1253,1
559,743,1
559,1256,1
559,242,1
559,245,1
559,1785,1
559,2298,1
559,770,1
559,771,1
559,1283,1
559,1284,1
559,264,1
559,2313,1
559,780,1
559,1293,1
559,271,1
559,1809,1
559,1298,1
559,2324,1
559,789,1
559,1814,1
559,791,1
559,799,1
559,2341,1
559,1832,1
559,302,1
559,303,1
559,2377,1
559,1356,1
559,332,1
559,1870,1
559,1360,1
559,344,1
559,1371,1
559,354,1
559,1378,1
559,1903,1
559,1394,1
559,371,1
559,1912,1
559,889,1
559,2427,1
559,1931,1
559,396,1
559,2445,1
559,908,1
559,1424,1
559,1432,1
559,922,1
559,1951,1
559,1944,1
559,1450,1
559,950,1
559,451,1
559,1988,1
559,970,1
559,1482,1
559,1490,1
559,2518,1
559,1504,1
559,2528,1
559,1512,1
559,489,1
559,1518,1
559,2034,1
559,500,1
559,502,1
559,2551,1
559,504,1
559,1531,1
559,347,0
559,2774,0
559,239,0
559,2671,0
559,1142,0
559,692,0
559,1836,0
559,362,0
559,222,0
559,2442,0
559,2417,0
559,1493,0
559,2788,0
559,1049,0
559,1850,0
559,141,0
559,2281,0
559,1156,0
559,1819,0
559,2722,0
559,132,0
559,243,0
559,1986,0
559,225,0
559,2095,0
559,155,0
559,637,0
559,233,0
559,2260,0
559,638,0
559,499,0
559,2414,0
559,220,0
559,2115,0
559,1119,0
559,2419,0
559,2069,0
559,2273,0
559,603,0
559,1991,0
559,352,0
559,1544,0
559,2265,0
559,2122,0
559,333,0
559,2633,0
559,726,0
559,1069,0
559,2161,0
559,2555,0
559,203,0
559,2374,0
559,1650,0
559,1862,0
559,650,0
559,1561,0
559,1682,0
559,1864,0
559,2451,0
559,2310,0
559,2204,0
559,2620,0
559,1457,0
559,1796,0
559,395,0
559,1765,0
559,2013,0
559,1967,0
559,1977,0
559,623,0
559,2124,0
559,327,0
559,971,0
559,729,0
559,224,0
559,920,0
559,2087,0
559,486,0
559,1927,0
559,788,0
559,1460,0
559,1244,0
559,511,0
559,1813,0
559,151,0
559,1628,0
559,1412,0
559,2303,0
559,2060,0
559,1281,0
559,1537,0
559,2280,0
559,187,0
559,844,0
559,733,0
559,592,0
559,163,0
559,756,0
559,1449,0
559,2571,0
559,2027,0
559,2435,0
559,1799,0
559,1118,0
559,339,0
559,514,0
559,1821,0
559,1690,0
559,920,0
559,2617,0
559,1033,0
559,67,0
559,1190,0
559,426,0
559,2066,0
559,438,0
559,675,0
559,2014,0
559,10,0
559,893,0
559,2014,0
559,2297,0
559,2590,0
559,365,0
559,1642,0
559,1359,0
559,2558,0
559,415,0
559,2512,0
559,2402,0
559,2443,0
559,616,0
559,2271,0
559,100,0
559,1320,0
559,1229,0
559,31,0
559,1169,0
559,2093,0
559,87,0
559,1731,0
559,1626,0
559,150,0
559,766,0
559,1963,0
559,2106,0
559,1047,0
559,769,0
559,315,0
559,11,0
559,2078,0
559,1753,0
559,1176,0
559,1250,0
559,2612,0
559,1889,0
559,1243,0
559,2430,0
559,2629,0
559,2715,0
560,2616,1
561,1537,1
561,2109,0
562,2176,1
562,1051,1
562,1568,1
562,2224,1
562,1840,1
562,563,1
562,1985,1
562,962,1
562,705,1
562,1738,1
562,1240,1
562,492,1
562,2029,1
562,25,0
562,2527,0
562,2284,0
562,2560,0
562,2702,0
562,1190,0
562,1433,0
562,1337,0
562,85,0
562,2100,0
562,2449,0
562,1196,0
562,1421,0
562,147,0
563,2107,0
564,2090,1
564,2626,0
565,418,1
565,2467,1
565,7,1
565,2712,1
565,2460,1
565,2245,0
565,72,0
565,1715,0
565,1395,0
566,2085,1
566,1044,1
566,663,1
566,2490,1
566,2460,1
566,135,0
566,546,0
566,710,0
566,700,0
567,517,1
567,1542,1
567,1944,1
567,2590,1
567,1952,1
567,2595,1
567,2731,1
567,1204,1
567,1978,1
567,2746,1
567,321,1
567,194,1
567,218,1
567,477,1
567,2021,1
567,2151,1
567,382,1
567,1674,0
567,160,0
567,2309,0
567,2575,0
567,1500,0
567,911,0
567,2267,0
567,2707,0
567,2400,0
567,1051,0
567,493,0
567,542,0
567,759,0
567,894,0
567,2360,0
567,1901,0
567,1424,0
567,1590,0
567,2471,0
568,2494,1
568,292,0
568,2212,0
569,228,1
569,1908,0
570,673,1
570,1281,1
570,767,0
570,2114,0
571,471,0
572,937,1
572,948,1
572,1076,1
572,2517,0
572,1735,0
572,1690,0
572,854,0
573,1250,1
573,194,1
573,1202,1
573,2167,1
573,2523,1
573,2271,1
573,1534,0
573,1276,0
573,29,0
573,1774,0
573,588,0
574,964,1
574,68,0
574,1422,0
574,1978,0
575,2026,1
575,1947,1
575,1287,0
576,1013,1
576,630,1
576,2146,0
576,1374,0
577,2560,1
577,1796,1
577,397,1
577,2704,1
577,402,1
577,2199,1
577,1564,1
577,30,1
577,675,1
577,2346,1
577,1350,1
577,2379,1
577,1489,1
577,469,1
577,601,1
577,905,0
577,1943,0
577,242,0
577,2293,0
577,1500,0
577,1391,0
577,2552,0
577,534,0
577,672,0
577,2705,0
577,125,0
577,2056,0
578,2038,0
579,1161,1
579,2193,1
579,2331,1
579,165,1
579,426,1
579,2745,1
579,1866,1
579,1617,1
579,1373,1
579,1002,1
579,368,1
579,627,1
579,1011,1
579,1141,1
579,251,0
579,170,0
579,1402,0
579,471,0
579,1650,0
579,2420,0
579,2225,0
579,1490,0
579,840,0
579,629,0
579,0,0
579,1688,0
579,253,0
580,80,1
580,587,0
581,517,1
581,518,1
581,2059,1
581,532,1
581,1560,1
581,2077,1
581,2091,1
581,1067,1
581,1071,1
581,1584,1
581,2096,1
581,2625,1
581,1608,1
581,1101,1
581,2156,1
581,1654,1
581,119,1
581,124,1
581,2696,1
581,2701,1
581,1167,1
581,1685,1
581,2212,1
581,1706,1
581,2222,1
581,1718,1
581,1719,1
581,1722,1
581,2252,1
581,2767,1
581,207,1
581,1235,1
581,2778,1
581,1249,1
581,741,1
581,743,1
581,1780,1
581,1271,1
581,1785,1
581,2298,1
581,763,1
581,2300,1
581,1278,1
581,2317,1
581,1816,1
581,1819,1
581,2341,1
581,1832,1
581,816,1
581,1849,1
581,1351,1
581,329,1
581,332,1
581,852,1
581,2403,1
581,872,1
581,1897,1
581,360,1
581,1912,1
581,2424,1
581,394,1
581,919,1
581,1432,1
581,408,1
581,2464,1
581,936,1
581,1456,1
581,2488,1
581,1978,1
581,1984,1
581,2512,1
581,465,1
581,2528,1
581,1504,1
581,992,1
581,480,1
581,2022,1
581,488,1
581,2486,0
581,1161,0
581,1466,0
581,2735,0
581,784,0
581,286,0
581,2260,0
581,135,0
581,616,0
581,275,0
581,290,0
581,1546,0
581,447,0
581,1566,0
581,1052,0
581,986,0
581,1396,0
581,256,0
581,2758,0
581,2400,0
581,1540,0
581,1532,0
581,81,0
581,494,0
581,805,0
581,701,0
581,1440,0
581,2019,0
581,2534,0
581,42,0
581,2260,0
581,2709,0
581,754,0
581,2609,0
581,859,0
581,1464,0
581,2405,0
581,341,0
581,1017,0
581,1295,0
581,2344,0
581,403,0
581,754,0
581,1503,0
581,1347,0
581,2121,0
581,147,0
581,1190,0
581,2438,0
581,475,0
581,2268,0
581,2134,0
581,672,0
581,2,0
581,965,0
581,691,0
581,2780,0
581,1762,0
581,24,0
581,1102,0
581,651,0
581,1546,0
581,1928,0
581,287,0
581,1470,0
581,2173,0
581,1210,0
581,2120,0
581,1937,0
581,321,0
581,1048,0
581,1371,0
581,920,0
581,2726,0
581,1530,0
581,1821,0
581,311,0
581,2270,0
581,1365,0
581,855,0
582,259,1
582,393,1
582,1040,1
582,1169,1
582,1552,1
582,790,1
582,1046,1
582,2331,1
582,1328,1
582,561,1
582,695,1
582,2253,1
582,207,1
582,1873,1
582,1240,1
582,1388,1
582,236,1
582,2542,1
582,240,1
582,1893,0
582,902,0
582,2124,0
582,312,0
582,2055,0
582,103,0
582,2395,0
582,959,0
582,2204,0
582,602,0
582,596,0
582,403,0
582,641,0
582,2196,0
582,2288,0
582,2603,0
582,2364,0
582,2447,0
582,1430,0
582,2234,0
583,416,1
583,2368,1
583,2217,1
583,1967,1
583,1296,1
583,1940,1
583,2266,1
583,2136,0
583,1904,0
583,2028,0
583,1357,0
583,1319,0
583,1899,0
583,1298,0
583,2122,0
583,1974,0
584,517,1
584,2446,1
584,845,1
584,914,1
584,1759,1
584,2429,1
584,2559,1
584,1145,0
584,2210,0
584,2404,0
584,1297,0
584,1311,0
584,189,0
584,2268,0
584,580,0
585,2656,1
585,1698,1
585,2476,1
585,47,1
585,465,1
585,1791,1
585,2389,1
585,1393,1
585,2136,1
585,1151,1
585,513,0
585,535,0
585,2724,0
585,823,0
585,2499,0
585,1762,0
585,1062,0
585,890,0
585,2311,0
585,722,0
586,240,1
587,1027,1
587,6,1
587,519,1
587,2579,1
587,532,1
587,1044,1
587,23,1
587,1567,1
587,543,1
587,2081,1
587,1058,1
587,2600,1
587,2603,1
587,2606,1
587,1071,1
587,47,1
587,2610,1
587,2613,1
587,2615,1
587,2104,1
587,2620,1
587,1094,1
587,1611,1
587,77,1
587,2127,1
587,81,1
587,82,1
587,596,1
587,1614,1
587,2646,1
587,2137,1
587,1117,1
587,2656,1
587,1659,1
587,2174,1
587,1152,1
587,641,1
587,1667,1
587,132,1
587,1158,1
587,646,1
587,1165,1
587,1171,1
587,2708,1
587,668,1
587,1698,1
587,2210,1
587,2212,1
587,1194,1
587,684,1
587,2746,1
587,187,1
587,197,1
587,1733,1
587,2761,1
587,2263,1
587,2777,1
587,242,1
587,2291,1
587,1268,1
587,1783,1
587,2298,1
587,255,1
587,1791,1
587,772,1
587,267,1
587,1812,1
587,1815,1
587,1820,1
587,1316,1
587,1317,1
587,805,1
587,812,1
587,2351,1
587,303,1
587,833,1
587,2371,1
587,1353,1
587,332,1
587,1871,1
587,1873,1
587,2389,1
587,1887,1
587,1892,1
587,2410,1
587,360,1
587,2409,1
587,1394,1
587,1402,1
587,2427,1
587,903,1
587,2443,1
587,396,1
587,397,1
587,398,1
587,2447,1
587,1430,1
587,1431,1
587,411,1
587,416,1
587,1958,1
587,426,1
587,1978,1
587,2490,1
587,1979,1
587,1981,1
587,1985,1
587,1988,1
587,2505,1
587,970,1
587,2513,1
587,2514,1
587,977,1
587,2517,1
587,986,1
587,2015,1
587,994,1
587,484,1
587,2542,1
587,2544,1
587,2034,1
587,1012,1
587,2553,1
587,1531,1
587,789,0
587,1362,0
587,1209,0
587,1524,0
587,1557,0
587,1279,0
587,1772,0
587,1782,0
587,2100,0
587,2607,0
587,835,0
587,125,0
587,2033,0
587,1350,0
587,594,0
587,2417,0
587,1084,0
587,2377,0
587,83,0
587,1166,0
587,2644,0
587,1877,0
587,1198,0
587,2356,0
587,2041,0
587,1336,0
587,879,0
587,464,0
587,1366,0
587,841,0
587,1547,0
587,2037,0
587,138,0
587,50,0
587,2327,0
587,1092,0
587,1279,0
587,2658,0
587,2726,0
587,2188,0
587,1736,0
587,2011,0
587,1533,0
587,966,0
587,1514,0
587,1858,0
587,993,0
587,485,0
587,2040,0
587,1868,0
587,2035,0
587,1106,0
587,276,0
587,2696,0
587,2680,0
587,1782,0
587,2594,0
587,846,0
587,2208,0
587,732,0
587,43,0
587,1320,0
587,2194,0
587,1325,0
587,492,0
587,1842,0
587,1480,0
587,422,0
587,310,0
587,1971,0
587,2726,0
587,1641,0
587,1547,0
587,1203,0
587,1014,0
587,1860,0
587,1847,0
587,595,0
587,1889,0
587,1763,0
587,1885,0
587,2180,0
587,356,0
587,1065,0
587,2253,0
587,1374,0
587,999,0
587,982,0
587,1129,0
587,495,0
587,2631,0
587,648,0
587,1454,0
587,2437,0
587,1528,0
587,1209,0
587,1251,0
587,2276,0
587,2059,0
587,1817,0
587,1702,0
587,2040,0
587,1598,0
587,754,0
587,1496,0
587,1145,0
587,434,0
587,144,0
587,2184,0
587,1030,0
587,190,0
587,2659,0
587,2343,0
587,733,0
587,371,0
587,2222,0
587,1468,0
587,568,0
587,514,0
587,674,0
587,494,0
587,1679,0
587,1564,0
588,705,1
588,1249,1
588,1597,1
588,40,1
588,492,1
588,2739,1
588,1171,1
588,246,1
588,1240,1
588,2041,1
588,2320,0
588,1965,0
588,1512,0
588,1795,0
588,1557,0
588,1041,0
588,2700,0
588,1834,0
589,2468,1
589,360,1
589,1577,1
589,47,1
589,2640,1
589,2609,0
589,2122,0
589,3,0
589,952,0
589,1837,0
589,307,0
589,2659,0
589,394,0
589,1077,0
589,2443,0
589,1089,0
590,1024,1
590,785,1
590,1689,1
590,1072,1
590,54,1
590,2236,1
590,843,1
590,1746,1
590,2648,1
590,1376,1
590,1633,1
590,2027,1
590,2544,1
590,2567,0
590,2022,0
590,2663,0
590,2614,0
590,618,0
590,1526,0
590,436,0
590,600,0
590,525,0
590,1842,0
591,896,1
591,388,1
591,1289,1
591,2189,1
591,397,1
591,1171,1
591,1175,1
591,1404,1
591,2466,1
591,40,1
591,2485,1
591,567,1
591,1979,1
591,2639,1
591,857,1
591,1113,1
591,220,1
591,2791,1
591,1653,1
591,501,1
591,2041,1
591,2458,0
591,945,0
591,771,0
591,2013,0
591,2472,0
591,2503,0
591,37,0
591,454,0
591,1202,0
591,1734,0
591,36,0
591,732,0
591,2496,0
591,2678,0
591,819,0
591,66,0
591,2552,0
591,186,0
591,2522,0
592,2659,1
592,420,1
592,298,1
592,1515,1
592,1783,1
592,1903,1
592,1809,1
592,2513,1
592,662,1
592,242,1
592,2394,1
592,1638,0
592,1431,0
592,1545,0
592,2648,0
592,2711,0
592,418,0
592,2280,0
593,2608,1
593,319,0
594,538,1
594,1699,0
595,2626,1
595,2023,1
595,524,1
595,656,1
595,2712,1
595,1689,1
595,1182,1
595,947,0
595,2512,0
595,719,0
595,35,0
595,776,0
596,155,1
596,2736,0
597,2562,1
597,515,1
597,1030,1
597,6,1
597,2566,1
597,1559,1
597,24,1
597,1565,1
597,1566,1
597,2594,1
597,2603,1
597,1071,1
597,2608,1
597,47,1
597,2045,1
597,1588,1
597,2103,1
597,1591,1
597,2615,1
597,2111,1
597,2115,1
597,2116,1
597,1609,1
597,2123,1
597,1102,1
597,590,1
597,2641,1
597,2655,1
597,2144,1
597,2145,1
597,1126,1
597,1136,1
597,117,1
597,1659,1
597,1148,1
597,2686,1
597,1664,1
597,1667,1
597,1158,1
597,1675,1
597,2703,1
597,1170,1
597,658,1
597,660,1
597,1171,1
597,152,1
597,665,1
597,2204,1
597,2719,1
597,681,1
597,1198,1
597,2229,1
597,696,1
597,185,1
597,2230,1
597,1212,1
597,2749,1
597,2236,1
597,2751,1
597,2245,1
597,717,1
597,1230,1
597,2771,1
597,729,1
597,2265,1
597,1243,1
597,222,1
597,2281,1
597,1777,1
597,1778,1
597,250,1
597,2300,1
597,765,1
597,2302,1
597,771,1
597,1797,1
597,266,1
597,273,1
597,1304,1
597,2335,1
597,801,1
597,815,1
597,1845,1
597,1333,1
597,824,1
597,831,1
597,1866,1
597,843,1
597,333,1
597,332,1
597,338,1
597,1871,1
597,1870,1
597,1886,1
597,1896,1
597,2411,1
597,1902,1
597,366,1
597,1392,1
597,2418,1
597,2421,1
597,1912,1
597,1917,1
597,1409,1
597,386,1
597,389,1
597,1928,1
597,1929,1
597,397,1
597,919,1
597,1947,1
597,1957,1
597,2475,1
597,1965,1
597,1972,1
597,443,1
597,2492,1
597,2507,1
597,973,1
597,2003,1
597,2004,1
597,981,1
597,472,1
597,985,1
597,475,1
597,1502,1
597,997,1
597,497,1
597,2036,1
597,502,1
597,507,1
597,1021,1
597,1186,0
597,1705,0
597,1900,0
597,2731,0
597,2540,0
597,2029,0
597,277,0
597,847,0
597,509,0
597,1437,0
597,769,0
597,1931,0
597,2137,0
597,2519,0
597,679,0
597,1793,0
597,883,0
597,2461,0
597,241,0
597,143,0
597,1533,0
597,2001,0
597,1911,0
597,1278,0
597,294,0
597,1820,0
597,1293,0
597,1001,0
597,417,0
597,2299,0
597,1499,0
597,1075,0
597,147,0
597,441,0
597,2370,0
597,221,0
597,1686,0
597,1486,0
597,1854,0
597,902,0
597,1661,0
597,2318,0
597,1093,0
597,570,0
597,1496,0
597,1717,0
597,1674,0
597,513,0
597,1702,0
597,613,0
597,1135,0
597,1651,0
597,1075,0
597,1032,0
597,2309,0
597,818,0
597,582,0
597,2303,0
597,44,0
597,2432,0
597,2254,0
597,1159,0
597,1166,0
597,885,0
597,1242,0
597,1053,0
597,728,0
597,1966,0
597,1733,0
597,92,0
597,2336,0
597,1551,0
597,2301,0
597,2205,0
597,870,0
597,539,0
597,2101,0
597,2312,0
597,682,0
597,2367,0
597,1739,0
597,563,0
597,1216,0
597,2190,0
597,798,0
597,2094,0
597,1789,0
597,59,0
597,2595,0
597,1266,0
597,2693,0
597,2299,0
597,391,0
597,2297,0
597,2721,0
597,1726,0
597,1145,0
597,680,0
597,1986,0
597,293,0
597,628,0
597,493,0
597,466,0
597,1994,0
597,1773,0
597,757,0
597,1174,0
597,828,0
597,616,0
597,2183,0
597,1005,0
597,231,0
597,2311,0
597,223,0
597,1704,0
597,2016,0
597,1586,0
597,261,0
597,588,0
597,2059,0
597,105,0
597,596,0
597,782,0
597,818,0
597,1505,0
597,731,0
597,1794,0
597,2295,0
597,251,0
597,209,0
597,2782,0
597,93,0
597,416,0
597,1257,0
597,308,0
597,917,0
598,136,1
598,904,1
598,2698,1
598,1172,1
598,2070,1
598,2073,1
598,1309,1
598,157,1
598,32,1
598,801,1
598,804,1
598,293,1
598,2086,1
598,2600,1
598,181,1
598,1339,1
598,575,1
598,2371,1
598,326,1
598,1864,1
598,1352,1
598,336,1
598,2512,1
598,1360,1
598,1236,1
598,2646,1
598,1368,1
598,1112,1
598,857,1
598,2651,1
598,2523,1
598,987,1
598,863,1
598,89,1
598,1250,1
598,994,1
598,1894,1
598,487,1
598,1771,1
598,625,1
598,2165,1
598,119,1
598,508,1
598,449,0
598,207,0
598,351,0
598,42,0
598,544,0
598,803,0
598,1585,0
598,323,0
598,1753,0
598,1433,0
598,1093,0
598,2362,0
598,228,0
598,1251,0
598,1578,0
598,1169,0
598,2150,0
598,439,0
598,2558,0
598,1765,0
598,1065,0
598,2326,0
598,572,0
598,2213,0
598,2576,0
598,1514,0
598,611,0
598,494,0
598,1084,0
598,2740,0
598,963,0
598,605,0
598,827,0
598,995,0
598,2117,0
598,1985,0
598,2548,0
598,111,0
599,1603,1
599,235,1
599,281,1
599,218,1
599,536,0
599,789,0
599,1642,0
599,964,0
601,2394,1
601,2412,1
601,331,0
601,2717,0
601,151,0
602,902,1
602,132,0
603,2207,1
604,2682,1
604,1507,0
604,303,0
605,2443,1
605,808,0
605,2044,0
606,1603,1
606,74,1
606,725,1
606,1526,1
606,1303,1
606,793,1
606,2591,0
606,2505,0
606,1786,0
606,2711,0
606,1307,0
606,2775,0
607,1296,1
607,1052,1
607,2355,1
607,1983,1
607,964,1
607,1873,1
607,211,1
607,2646,1
607,2656,1
607,482,1
607,745,1
607,489,1
607,2672,1
607,1392,1
607,755,1
607,1017,1
607,495,0
607,1715,0
607,1980,0
607,840,0
607,1712,0
607,794,0
607,1986,0
607,2500,0
607,662,0
607,1860,0
607,1685,0
607,75,0
607,269,0
608,1796,1
608,20,1
608,1059,1
608,1188,1
608,1190,1
608,1583,1
608,2643,1
608,469,1
608,1119,1
608,2038,1
608,763,1
608,1791,1
608,543,0
608,2734,0
608,1545,0
608,372,0
608,909,0
608,2473,0
608,1749,0
608,1449,0
608,822,0
608,542,0
608,136,0
608,555,0
608,102,0
609,1568,1
609,661,1
609,375,1
609,1844,0
609,25,0
609,147,0
609,1775,0
610,1892,1
610,1320,1
610,2637,1
610,2293,1
610,53,1
610,1845,1
610,2744,1
610,1306,1
610,2494,1
610,603,0
610,2348,0
610,863,0
610,818,0
610,1658,0
610,2650,0
610,2523,0
610,2519,0
610,1674,0
611,1145,1
611,2692,1
611,1673,1
611,652,1
611,1423,1
611,2167,1
611,30,1
611,1823,1
611,1952,1
611,2211,1
611,675,1
611,568,1
611,1855,1
611,961,1
611,579,1
611,965,1
611,1350,1
611,2125,1
611,975,1
611,1874,1
611,2771,1
611,2519,1
611,472,1
611,2653,1
611,607,1
611,2399,1
611,612,1
611,870,1
611,1000,1
611,2154,1
611,1901,1
611,879,1
611,114,1
611,1273,1
611,735,0
611,1444,0
611,1985,0
611,1155,0
611,234,0
611,1118,0
611,657,0
611,1852,0
611,1411,0
611,2616,0
611,2363,0
611,1701,0
611,2759,0
611,1352,0
611,2535,0
611,526,0
611,1211,0
611,1862,0
611,2672,0
611,1046,0
611,815,0
611,1204,0
611,2616,0
611,1572,0
611,1705,0
611,577,0
611,1039,0
611,1629,0
611,1378,0
611,1084,0
611,34,0
611,1317,0
611,1920,0
611,1191,0
611,307,0
611,1844,0
611,1367,0
611,1147,0
611,1375,0
612,2785,1
612,1885,1
612,49,1
612,385,0
612,1688,0
612,1272,0
612,2688,0
612,1828,0
613,1255,1
614,1569,1
614,132,1
614,2279,1
614,2537,1
614,1129,1
614,1108,1
614,1594,1
614,28,0
614,1828,0
614,1826,0
614,1739,0
614,1563,0
614,2084,0
614,2356,0
614,15,0
614,1315,0
614,468,0
614,55,0
615,2479,1
615,2070,0
616,2630,1
616,2600,1
616,1645,1
616,496,1
616,820,1
616,2070,1
616,1781,0
616,512,0
616,1600,0
616,437,0
616,1979,0
616,2304,0
616,571,0
617,1505,1
617,1763,1
617,1674,1
617,717,1
617,1459,1
617,2740,1
617,1526,1
617,632,1
617,2105,1
617,1717,0
617,673,0
617,2154,0
617,1004,0
617,1310,0
617,2251,0
617,1258,0
617,2295,0
618,1739,1
619,974,1
620,2219,1
620,1279,0
621,1229,1
621,534,1
621,350,0
622,1448,1
623,652,1
623,1681,1
623,658,1
623,1555,1
623,2590,1
623,1960,1
623,176,1
623,2241,1
623,2273,1
623,2167,1
623,1401,1
623,1369,0
623,1997,0
623,1133,0
623,2408,0
623,173,0
623,153,0
623,2699,0
625,1530,1
625,6,1
625,286,0
625,1288,0
625,745,0
626,2764,1
626,301,0
626,1800,0
627,347,1
628,1153,0
629,2510,1
629,597,1
629,2461,1
629,2191,0
629,2491,0
629,1030,0
629,2086,0
629,426,0
630,2076,1
631,2731,1
631,1207,1
631,1340,0
632,1952,1
632,2640,1
632,2544,1
632,212,1
632,1433,1
632,1597,1
632,1633,0
632,2454,0
632,1324,0
632,1963,0
632,2279,0
632,1126,0
632,302,0
632,440,0
633,229,1
634,2530,1
634,1128,1
634,200,1
634,269,1
634,991,1
634,655,0
634,1690,0
634,2268,0
635,148,1
635,2340,1
635,332,1
635,1231,1
635,1360,1
635,1507,1
635,1892,1
635,107,1
635,748,1
635,237,1
635,381,1
635,200,0
635,2179,0
635,690,0
635,1715,0
635,1918,0
635,551,0
635,2497,0
635,55,0
635,96,0
635,1312,0
635,1146,0
635,1372,0
635,1599,0
636,1868,1
636,2070,1
636,2150,0
636,78,0
636,2353,0
636,1512,0
637,736,1
637,708,1
637,933,1
637,2087,1
637,1288,1
637,2376,1
637,972,1
637,968,1
637,2711,1
637,2683,1
637,285,0
637,746,0
637,1098,0
637,760,0
637,1003,0
637,1699,0
637,2014,0
637,1036,0
637,2678,0
637,2284,0
637,669,0
637,1746,0
638,2700,1
638,1039,1
638,1040,1
638,1424,1
638,1444,1
638,420,1
638,2746,1
638,1472,1
638,2755,1
638,1225,1
638,332,1
638,2512,1
638,2410,1
638,1131,1
638,2414,1
638,1775,1
638,1903,1
638,2298,1
638,1110,0
638,1784,0
638,2150,0
638,934,0
638,591,0
638,1786,0
638,53,0
638,2721,0
638,1451,0
638,1866,0
638,218,0
638,2588,0
638,432,0
638,877,0
638,950,0
638,2471,0
638,377,0
638,426,0
639,470,1
640,857,1
640,1103,1
641,1283,1
641,264,1
641,394,1
641,395,1
641,15,1
641,282,1
641,1947,1
641,1052,1
641,1439,1
641,799,1
641,1569,1
641,1698,1
641,1058,1
641,1957,1
641,38,1
641,295,1
641,1193,1
641,2349,1
641,1715,1
641,313,1
641,185,1
641,2624,1
641,1607,1
641,1864,1
641,1867,1
641,726,1
641,854,1
641,2272,1
641,868,1
641,1902,1
641,1396,1
641,1012,1
641,248,1
641,2463,0
641,1632,0
641,900,0
641,1070,0
641,1431,0
641,924,0
641,1810,0
641,352,0
641,1930,0
641,2121,0
641,337,0
641,2413,0
641,1091,0
641,1980,0
641,2013,0
641,487,0
641,681,0
641,628,0
641,1035,0
641,777,0
641,2485,0
641,2555,0
641,2514,0
641,2289,0
641,250,0
641,2106,0
641,2042,0
641,704,0
641,2230,0
641,1124,0
642,2333,1
643,510,1
643,1224,1
643,1088,0
643,947,0
643,974,0
644,2116,1
644,2149,1
644,2159,1
644,1490,1
644,2087,0
644,973,0
645,2440,0
646,517,1
646,11,1
646,1043,1
646,532,1
646,2070,1
646,1052,1
646,31,1
646,544,1
646,545,1
646,2594,1
646,38,1
646,2611,1
646,567,1
646,2615,1
646,59,1
646,1097,1
646,2636,1
646,2637,1
646,2135,1
646,2647,1
646,1113,1
646,1129,1
646,2674,1
646,1153,1
646,646,1
646,1180,1
646,2210,1
646,1188,1
646,681,1
646,1200,1
646,2744,1
646,2752,1
646,2771,1
646,726,1
646,2775,1
646,218,1
646,1759,1
646,2275,1
646,2289,1
646,757,1
646,248,1
646,1278,1
646,1791,1
646,256,1
646,2305,1
646,1284,1
646,1296,1
646,2323,1
646,1812,1
646,2357,1
646,830,1
646,320,1
646,321,1
646,1860,1
646,1869,1
646,1870,1
646,1367,1
646,348,1
646,360,1
646,366,1
646,906,1
646,2452,1
646,1446,1
646,1961,1
646,1978,1
646,2496,1
646,1996,1
646,1999,1
646,2514,1
646,1496,1
646,2528,1
646,2016,1
646,2537,1
646,1005,1
646,2034,1
646,1012,1
646,930,0
646,1381,0
646,2255,0
646,2682,0
646,1702,0
646,594,0
646,580,0
646,2307,0
646,946,0
646,2754,0
646,2599,0
646,1103,0
646,1282,0
646,386,0
646,1930,0
646,1830,0
646,262,0
646,2286,0
646,1310,0
646,1474,0
646,262,0
646,2677,0
646,874,0
646,55,0
646,349,0
646,839,0
646,2054,0
646,204,0
646,2478,0
646,123,0
646,1186,0
646,252,0
646,2179,0
646,196,0
646,845,0
646,1057,0
646,1789,0
646,402,0
646,2050,0
646,1552,0
646,2076,0
646,1851,0
646,1111,0
646,2372,0
646,2355,0
646,1045,0
646,1969,0
646,390,0
646,1315,0
646,688,0
646,501,0
646,637,0
646,1438,0
646,1402,0
646,394,0
646,290,0
646,2525,0
646,1147,0
646,2283,0
646,2119,0
646,365,0
646,1561,0
646,2238,0
646,100,0
646,876,0
646,1565,0
646,1520,0
646,1582,0
646,359,0
646,2365,0
646,1936,0
646,457,0
646,389,0
646,1322,0
646,1955,0
647,2744,1
647,2785,1
647,1427,1
647,1137,0
647,450,0
648,2113,1
648,1362,1
648,2437,0
649,896,1
650,2132,1
650,2758,0
651,3,1
651,964,1
651,2477,1
651,496,1
651,276,1
651,922,1
651,294,0
651,1190,0
651,2433,0
651,2095,0
652,1188,1
652,1009,1
652,1566,1
652,1139,0
652,143,0
652,1836,0
654,910,1
654,226,0
655,1795,1
655,1802,1
655,408,1
655,687,1
655,1222,1
655,973,1
655,475,1
655,477,1
655,1378,1
655,1892,1
655,1897,1
655,1136,1
655,1275,1
655,1926,0
655,378,0
655,2168,0
655,2769,0
655,2245,0
655,822,0
655,1951,0
655,2425,0
655,2269,0
656,1664,1
656,1925,1
656,907,1
656,398,1
656,1168,1
656,1567,1
656,1183,1
656,173,1
656,817,1
656,2103,1
656,2744,1
656,698,1
656,91,1
656,1126,1
656,2151,1
656,2660,1
656,1642,1
656,619,1
656,1894,1
656,2158,1
656,364,1
656,2419,1
656,1531,1
656,255,1
656,777,0
656,2283,0
656,2768,0
656,1272,0
656,124,0
656,2782,0
656,2512,0
656,1307,0
656,899,0
656,469,0
656,1904,0
656,991,0
656,1431,0
656,503,0
656,2734,0
656,262,0
656,616,0
656,2178,0
656,944,0
656,209,0
656,602,0
656,2572,0
656,896,0
656,2547,0
656,302,0
656,2495,0
657,1352,1
657,1096,1
657,1652,1
657,386,0
658,585,1
658,1358,0
659,494,0
660,890,1
660,282,0
661,2048,1
661,517,1
661,9,1
661,2073,1
661,1563,1
661,1053,1
661,1057,1
661,2595,1
661,2086,1
661,2600,1
661,1072,1
661,50,1
661,2608,1
661,2619,1
661,575,1
661,2626,1
661,1094,1
661,71,1
661,2119,1
661,2129,1
661,83,1
661,2136,1
661,89,1
661,1113,1
661,1632,1
661,103,1
661,1130,1
661,625,1
661,115,1
661,2679,1
661,1146,1
661,636,1
661,1663,1
661,1669,1
661,2695,1
661,2708,1
661,1686,1
661,668,1
661,1695,1
661,1711,1
661,1717,1
661,1718,1
661,2743,1
661,2232,1
661,2746,1
661,2234,1
661,2236,1
661,2761,1
661,717,1
661,2767,1
661,1232,1
661,2257,1
661,2772,1
661,2266,1
661,737,1
661,2277,1
661,1773,1
661,252,1
661,2310,1
661,1296,1
661,2345,1
661,2355,1
661,822,1
661,830,1
661,833,1
661,332,1
661,2382,1
661,1871,1
661,852,1
661,854,1
661,1368,1
661,347,1
661,352,1
661,1889,1
661,355,1
661,1894,1
661,872,1
661,1897,1
661,2420,1
661,2421,1
661,1405,1
661,2430,1
661,2444,1
661,1425,1
661,1428,1
661,924,1
661,1439,1
661,416,1
661,419,1
661,931,1
661,437,1
661,2491,1
661,2492,1
661,964,1
661,2501,1
661,1996,1
661,1997,1
661,465,1
661,473,1
661,2022,1
661,1511,1
661,489,1
661,1522,1
661,1011,1
661,2553,1
661,1532,1
661,2045,1
661,1022,1
661,67,0
661,1625,0
661,1575,0
661,131,0
661,2486,0
661,1309,0
661,1968,0
661,38,0
661,2372,0
661,1132,0
661,1514,0
661,2312,0
661,2064,0
661,141,0
661,339,0
661,2383,0
661,2782,0
661,1467,0
661,507,0
661,190,0
661,260,0
661,743,0
661,1489,0
661,1995,0
661,431,0
661,1607,0
661,320,0
661,635,0
661,1797,0
661,34,0
661,1389,0
661,1616,0
661,2759,0
661,1820,0
661,559,0
661,2376,0
661,980,0
661,427,0
661,1987,0
661,2427,0
661,2174,0
661,492,0
661,1615,0
661,2224,0
661,131,0
661,972,0
661,2010,0
661,1884,0
661,443,0
661,1070,0
661,1203,0
661,1497,0
661,498,0
661,810,0
661,507,0
661,841,0
661,1999,0
661,971,0
661,929,0
661,2014,0
661,2681,0
661,912,0
661,1984,0
661,1825,0
661,607,0
661,1721,0
661,1535,0
661,2589,0
661,1498,0
661,387,0
661,2046,0
661,954,0
661,2233,0
661,326,0
661,2381,0
661,1648,0
661,2135,0
661,224,0
661,1458,0
661,371,0
661,1069,0
661,2508,0
661,853,0
661,90,0
661,173,0
661,2529,0
661,1038,0
661,2027,0
661,623,0
661,1371,0
661,1642,0
661,766,0
661,1365,0
661,1465,0
661,1900,0
661,1872,0
661,1977,0
661,551,0
661,1183,0
661,481,0
661,2755,0
661,411,0
661,345,0
661,2054,0
661,149,0
661,1685,0
661,1327,0
661,2296,0
661,2287,0
661,1675,0
661,1115,0
661,378,0
661,2726,0
661,976,0
661,1258,0
661,1517,0
661,969,0
661,1684,0
662,2042,0
662,1338,0
663,512,1
663,520,1
663,528,1
663,2064,1
663,2590,1
663,2086,1
663,1063,1
663,43,1
663,44,1
663,1072,1
663,1601,1
663,2115,1
663,68,1
663,2116,1
663,2636,1
663,2640,1
663,2136,1
663,2141,1
663,1117,1
663,1633,1
663,102,1
663,1645,1
663,1133,1
663,1664,1
663,646,1
663,647,1
663,1673,1
663,1167,1
663,1171,1
663,1177,1
663,1698,1
663,1188,1
663,1190,1
663,2217,1
663,1715,1
663,2228,1
663,2230,1
663,693,1
663,185,1
663,186,1
663,2746,1
663,2751,1
663,194,1
663,1222,1
663,2255,1
663,2773,1
663,217,1
663,218,1
663,1249,1
663,1764,1
663,238,1
663,2289,1
663,1778,1
663,2298,1
663,1275,1
663,1280,1
663,264,1
663,266,1
663,1296,1
663,277,1
663,279,1
663,295,1
663,2349,1
663,2355,1
663,831,1
663,843,1
663,1869,1
663,2382,1
663,845,1
663,1870,1
663,1877,1
663,853,1
663,347,1
663,1897,1
663,1906,1
663,2430,1
663,1418,1
663,1428,1
663,1950,1
663,416,1
663,1953,1
663,931,1
663,2472,1
663,1961,1
663,1972,1
663,437,1
663,439,1
663,2489,1
663,1999,1
663,468,1
663,1492,1
663,472,1
663,475,1
663,480,1
663,482,1
663,2021,1
663,496,1
663,1522,1
663,1018,1
663,1532,1
663,1504,0
663,2095,0
663,25,0
663,332,0
663,101,0
663,2750,0
663,2495,0
663,57,0
663,310,0
663,900,0
663,438,0
663,540,0
663,2029,0
663,1228,0
663,2106,0
663,599,0
663,2580,0
663,1279,0
663,1093,0
663,425,0
663,655,0
663,1801,0
663,165,0
663,1408,0
663,228,0
663,1346,0
663,732,0
663,417,0
663,1755,0
663,930,0
663,159,0
663,1100,0
663,1915,0
663,709,0
663,757,0
663,1464,0
663,1971,0
663,1292,0
663,2273,0
663,1213,0
663,726,0
663,1047,0
663,379,0
663,484,0
663,526,0
663,1205,0
663,765,0
663,573,0
663,1571,0
663,1401,0
663,2520,0
663,2632,0
663,63,0
663,364,0
663,290,0
663,1841,0
663,1768,0
663,21,0
663,2532,0
663,1508,0
663,2208,0
663,2765,0
663,951,0
663,2781,0
663,1091,0
663,294,0
663,2455,0
663,2377,0
663,2147,0
663,655,0
663,2524,0
663,1015,0
663,2418,0
663,2712,0
663,2172,0
663,2332,0
663,720,0
663,2049,0
663,2603,0
663,18,0
663,1065,0
663,924,0
663,414,0
663,1913,0
663,230,0
663,1804,0
663,2028,0
663,1436,0
663,990,0
663,2183,0
663,2761,0
663,2176,0
663,1699,0
663,99,0
663,2244,0
663,1155,0
663,1731,0
663,2684,0
663,2160,0
663,1312,0
663,1891,0
663,1937,0
663,1295,0
663,934,0
663,1708,0
663,999,0
663,478,0
663,122,0
664,388,1
664,646,1
664,1418,1
664,523,1
664,2700,1
664,2447,1
664,670,1
664,2594,1
664,1699,1
664,1969,1
664,2615,1
664,312,1
664,2490,1
664,439,1
664,1082,1
664,2377,1
664,843,1
664,602,1
664,2656,1
664,102,1
664,104,1
664,1009,1
664,1273,1
664,250,1
664,1659,1
664,2045,1
664,1421,0
664,65,0
664,876,0
664,1831,0
664,2087,0
664,944,0
664,2758,0
664,1854,0
664,761,0
664,1187,0
664,1351,0
664,1573,0
664,1794,0
664,242,0
664,1093,0
664,2788,0
664,2176,0
664,1323,0
664,385,0
664,1716,0
664,1136,0
664,1370,0
664,20,0
664,888,0
664,1168,0
664,446,0
664,598,0
664,1076,0
664,2255,0
664,1731,0
664,1511,0
665,1932,1
665,1300,1
665,2722,1
665,1449,1
665,45,1
665,1199,1
665,686,1
665,1855,1
665,2378,1
665,1611,1
665,2523,1
665,2651,1
665,1510,1
665,1271,1
665,2683,1
665,2159,0
665,2496,0
665,951,0
665,644,0
665,2224,0
665,1337,0
665,2736,0
665,2405,0
665,2365,0
665,3,0
665,617,0
665,2406,0
665,2295,0
665,1236,0
665,2732,0
666,512,1
666,520,1
666,2081,1
666,2101,1
666,1598,1
666,1608,1
666,589,1
666,79,1
666,1636,1
666,131,1
666,668,1
666,163,1
666,1706,1
666,2226,1
666,197,1
666,2777,1
666,729,1
666,1757,1
666,1759,1
666,267,1
666,786,1
666,788,1
666,790,1
666,1310,1
666,805,1
666,298,1
666,2355,1
666,312,1
666,1345,1
666,2371,1
666,1373,1
666,360,1
666,1949,1
666,2469,1
666,1450,1
666,2488,1
666,1981,1
666,2511,1
666,465,1
666,466,1
666,480,1
666,2544,1
666,1522,1
666,1011,1
666,2040,1
666,2045,1
666,2707,0
666,2399,0
666,1282,0
666,1342,0
666,1908,0
666,1869,0
666,1665,0
666,329,0
666,1181,0
666,1833,0
666,1591,0
666,1078,0
666,1179,0
666,1985,0
666,2593,0
666,1838,0
666,726,0
666,951,0
666,347,0
666,1911,0
666,1029,0
666,2658,0
666,927,0
666,376,0
666,31,0
666,1480,0
666,925,0
666,1682,0
666,1579,0
666,2779,0
666,1294,0
666,1493,0
666,491,0
666,2010,0
666,1129,0
666,1120,0
666,2590,0
666,841,0
666,1580,0
666,219,0
666,1763,0
666,2706,0
666,351,0
666,600,0
666,1363,0
666,76,0
666,686,0
667,41,1
668,335,1
668,958,0
669,2649,0
670,2573,1
670,1198,0
671,1760,1
671,907,1
671,173,1
671,514,0
671,2080,0
671,497,0
672,2565,1
672,1631,1
672,31,1
672,759,0
672,1968,0
672,540,0
672,2179,0
672,445,0
673,1,1
673,520,1
673,22,1
673,2590,1
673,1566,1
673,1058,1
673,2615,1
673,1082,1
673,1083,1
673,68,1
673,2116,1
673,1611,1
673,2639,1
673,1114,1
673,2653,1
673,102,1
673,103,1
673,1133,1
673,1134,1
673,642,1
673,2702,1
673,658,1
673,1171,1
673,1691,1
673,670,1
673,2206,1
673,675,1
673,1703,1
673,173,1
673,2739,1
673,2742,1
673,186,1
673,709,1
673,1222,1
673,2265,1
673,1771,1
673,2288,1
673,252,1
673,1296,1
673,793,1
673,799,1
673,801,1
673,816,1
673,2366,1
673,834,1
673,1867,1
673,1357,1
673,1881,1
673,2405,1
673,2411,1
673,2423,1
673,2430,1
673,1427,1
673,922,1
673,1446,1
673,2472,1
673,1969,1
673,439,1
673,2507,1
673,467,1
673,999,1
673,1444,0
673,2295,0
673,2558,0
673,508,0
673,2064,0
673,527,0
673,2743,0
673,778,0
673,707,0
673,1680,0
673,2108,0
673,1739,0
673,1103,0
673,2445,0
673,920,0
673,2574,0
673,1413,0
673,1309,0
673,2728,0
673,297,0
673,1535,0
673,2251,0
673,2367,0
673,428,0
673,1693,0
673,161,0
673,2320,0
673,2445,0
673,494,0
673,792,0
673,381,0
673,910,0
673,2320,0
673,1726,0
673,384,0
673,1592,0
673,950,0
673,1514,0
673,438,0
673,1827,0
673,2117,0
673,1726,0
673,158,0
673,2722,0
673,1649,0
673,1370,0
674,1156,1
674,2309,1
674,1669,1
674,266,1
674,11,1
674,1423,1
674,273,1
674,1428,1
674,1051,1
674,32,1
674,931,1
674,305,1
674,818,1
674,2097,1
674,1853,1
674,2110,1
674,1855,1
674,2370,1
674,194,1
674,965,1
674,1350,1
674,720,1
674,723,1
674,345,1
674,474,1
674,2783,1
674,865,1
674,611,1
674,1892,1
674,2151,1
674,1649,1
674,1788,1
674,638,1
674,1663,1
674,2557,0
674,998,0
674,1393,0
674,701,0
674,1087,0
674,1805,0
674,1562,0
674,1974,0
674,1251,0
674,2522,0
674,1376,0
674,2093,0
674,2759,0
674,548,0
674,1713,0
674,923,0
674,1385,0
674,29,0
674,2455,0
674,840,0
674,766,0
674,1808,0
674,924,0
674,224,0
674,2147,0
674,1223,0
674,2723,0
675,679,1
676,131,1
676,2087,1
676,2679,1
676,948,1
676,1842,1
676,1330,1
676,1082,1
676,2245,1
676,843,1
676,467,1
676,347,1
676,2666,1
676,2544,1
676,1527,1
676,1018,1
676,436,0
676,1495,0
676,904,0
676,722,0
676,927,0
676,2041,0
676,201,0
676,182,0
676,307,0
676,978,0
676,1390,0
676,2335,0
676,2418,0
676,1319,0
676,1875,0
676,1925,0
677,1,1
677,8,1
677,9,1
677,34,1
677,38,1
677,2095,1
677,2104,1
677,58,1
677,59,1
677,62,1
677,2115,1
677,2122,1
677,2125,1
677,2137,1
677,97,1
677,98,1
677,103,1
677,107,1
677,114,1
677,124,1
677,2174,1
677,132,1
677,166,1
677,183,1
677,190,1
677,2238,1
677,2242,1
677,197,1
677,199,1
677,2247,1
677,206,1
677,2254,1
677,2256,1
677,209,1
677,2258,1
677,2263,1
677,2266,1
677,218,1
677,2274,1
677,2275,1
677,2289,1
677,2291,1
677,2298,1
677,2300,1
677,264,1
677,2316,1
677,271,1
677,2327,1
677,285,1
677,2340,1
677,313,1
677,2391,1
677,355,1
677,2413,1
677,2419,1
677,2424,1
677,2427,1
677,389,1
677,2443,1
677,401,1
677,2452,1
677,408,1
677,2461,1
677,415,1
677,2478,1
677,2488,1
677,451,1
677,2510,1
677,2511,1
677,465,1
677,2524,1
677,477,1
677,480,1
677,482,1
677,2532,1
677,489,1
677,2538,1
677,2537,1
677,2544,1
677,498,1
677,2550,1
677,2556,1
677,512,1
677,518,1
677,532,1
677,2584,1
677,2590,1
677,543,1
677,544,1
677,2594,1
677,546,1
677,2603,1
677,2605,1
677,2606,1
677,557,1
677,2610,1
677,2613,1
677,2614,1
677,2619,1
677,2630,1
677,2639,1
677,2640,1
677,2642,1
677,596,1
677,600,1
677,605,1
677,2656,1
677,609,1
677,2668,1
677,2679,1
677,2688,1
677,2695,1
677,658,1
677,2708,1
677,2719,1
677,2728,1
677,683,1
677,684,1
677,690,1
677,2748,1
677,2763,1
677,721,1
677,2785,1
677,763,1
677,797,1
677,798,1
677,853,1
677,872,1
677,889,1
677,894,1
677,897,1
677,919,1
677,936,1
677,943,1
677,951,1
677,965,1
677,980,1
677,1021,1
677,1059,1
677,1063,1
677,1071,1
677,1084,1
677,1086,1
677,1104,1
677,1119,1
677,1167,1
677,1200,1
677,1216,1
677,1225,1
677,1241,1
677,1245,1
677,1249,1
677,1271,1
677,1273,1
677,1286,1
677,1287,1
677,1294,1
677,1296,1
677,1298,1
677,1329,1
677,1340,1
677,1342,1
677,1346,1
677,1351,1
677,1356,1
677,1366,1
677,1367,1
677,1371,1
677,1378,1
677,1402,1
677,1405,1
677,1427,1
677,1430,1
677,1447,1
677,1461,1
677,1482,1
677,1490,1
677,1506,1
677,1507,1
677,1513,1
677,1547,1
677,1569,1
677,1587,1
677,1588,1
677,1600,1
677,1610,1
677,1611,1
677,1622,1
677,1637,1
677,1645,1
677,1662,1
677,1664,1
677,1669,1
677,1673,1
677,1691,1
677,1696,1
677,1718,1
677,1724,1
677,1748,1
677,1757,1
677,1759,1
677,1761,1
677,1772,1
677,1777,1
677,1785,1
677,1801,1
677,1807,1
677,1812,1
677,1815,1
677,1820,1
677,1845,1
677,1849,1
677,1854,1
677,1865,1
677,1870,1
677,1892,1
677,1899,1
677,1900,1
677,1901,1
677,1912,1
677,1953,1
677,1958,1
677,1962,1
677,1968,1
677,1971,1
677,1976,1
677,1977,1
677,1981,1
677,1983,1
677,2015,1
677,2039,1
677,2045,1
677,2046,1
677,475,0
677,50,0
677,2094,0
677,2030,0
677,2680,0
677,186,0
677,2200,0
677,802,0
677,113,0
677,2784,0
677,1129,0
677,2132,0
677,154,0
677,1760,0
677,2073,0
677,1991,0
677,2179,0
677,2462,0
677,665,0
677,1049,0
677,1531,0
677,1044,0
677,1924,0
677,2428,0
677,963,0
677,1437,0
677,2466,0
677,1726,0
677,1499,0
677,495,0
677,2481,0
677,2310,0
677,837,0
677,538,0
677,2521,0
677,795,0
677,2717,0
677,2740,0
677,2782,0
677,2365,0
677,2051,0
677,364,0
677,2009,0
677,1479,0
677,1695,0
677,2075,0
677,1746,0
677,2416,0
677,227,0
677,2094,0
677,1917,0
677,1140,0
677,442,0
677,458,0
677,2506,0
677,1833,0
677,130,0
677,416,0
677,247,0
677,1542,0
677,1774,0
677,2648,0
677,1182,0
677,1532,0
677,1121,0
677,1987,0
677,2455,0
677,2236,0
677,1188,0
677,2658,0
677,1966,0
677,1092,0
677,604,0
677,976,0
677,857,0
677,2543,0
677,2337,0
677,1350,0
677,1694,0
677,1750,0
677,2425,0
677,2215,0
677,1830,0
677,1668,0
677,241,0
677,2431,0
677,992,0
677,2171,0
677,1285,0
677,301,0
677,1553,0
677,1479,0
677,1121,0
677,1303,0
677,859,0
677,1136,0
677,2022,0
677,2560,0
677,1495,0
677,2173,0
677,954,0
677,2021,0
677,1951,0
677,1613,0
677,577,0
677,693,0
677,466,0
677,18,0
677,1838,0
677,1698,0
677,270,0
677,1479,0
677,1459,0
677,816,0
677,1399,0
677,848,0
677,1067,0
677,203,0
677,1392,0
677,2756,0
677,2279,0
677,1799,0
677,1170,0
677,2279,0
677,1215,0
677,130,0
677,877,0
677,867,0
677,42,0
677,1803,0
677,2502,0
677,2562,0
677,2157,0
677,21,0
677,1708,0
677,780,0
677,495,0
677,2061,0
677,586,0
677,2711,0
677,1332,0
677,784,0
677,2144,0
677,751,0
677,688,0
677,1049,0
677,1140,0
677,2277,0
677,1793,0
677,801,0
677,1767,0
677,1913,0
677,1916,0
677,1343,0
677,604,0
677,161,0
677,560,0
677,400,0
677,2025,0
677,1328,0
677,2741,0
677,431,0
677,2069,0
677,99,0
677,2456,0
677,1135,0
677,1197,0
677,1355,0
677,379,0
677,892,0
677,1937,0
677,646,0
677,1630,0
677,1045,0
677,1620,0
677,568,0
677,1838,0
677,1723,0
677,122,0
677,975,0
677,463,0
677,1254,0
677,2622,0
677,1094,0
677,1681,0
677,661,0
677,2271,0
677,1650,0
677,985,0
677,1466,0
677,1392,0
677,425,0
677,2414,0
677,337,0
677,1781,0
677,758,0
677,1726,0
677,78,0
677,1455,0
677,269,0
677,792,0
677,1144,0
677,1564,0
677,686,0
677,2569,0
677,222,0
677,1526,0
677,2533,0
677,347,0
677,2200,0
677,1572,0
677,1243,0
677,1141,0
677,2790,0
677,1927,0
677,403,0
677,1411,0
677,1332,0
677,1883,0
677,1795,0
677,2318,0
677,495,0
677,2089,0
677,138,0
677,246,0
677,142,0
677,150,0
677,245,0
677,379,0
677,751,0
677,1528,0
677,1083,0
677,820,0
677,625,0
677,259,0
677,1530,0
677,145,0
677,1306,0
677,1771,0
677,52,0
677,1265,0
677,398,0
677,2230,0
677,859,0
677,1227,0
677,1581,0
677,615,0
677,696,0
677,42,0
677,2608,0
678,1764,1
679,2444,0
680,2281,1
681,1541,1
681,1567,1
681,1059,1
681,1075,1
681,1593,1
681,2117,1
681,1098,1
681,2127,1
681,2652,1
681,2141,1
681,605,1
681,613,1
681,102,1
681,2151,1
681,617,1
681,1130,1
681,1645,1
681,1134,1
681,114,1
681,628,1
681,1658,1
681,2698,1
681,1680,1
681,1181,1
681,2206,1
681,1695,1
681,675,1
681,1704,1
681,170,1
681,1707,1
681,2228,1
681,2742,1
681,2746,1
681,194,1
681,2247,1
681,2248,1
681,2256,1
681,2258,1
681,1750,1
681,2263,1
681,232,1
681,235,1
681,1773,1
681,252,1
681,2303,1
681,1792,1
681,1280,1
681,774,1
681,1288,1
681,264,1
681,270,1
681,271,1
681,2325,1
681,277,1
681,801,1
681,2342,1
681,295,1
681,310,1
681,830,1
681,2371,1
681,1867,1
681,332,1
681,2381,1
681,1872,1
681,1881,1
681,1884,1
681,865,1
681,360,1
681,362,1
681,363,1
681,1394,1
681,1909,1
681,1418,1
681,2452,1
681,1943,1
681,1952,1
681,932,1
681,426,1
681,1452,1
681,431,1
681,471,1
681,987,1
681,2540,1
681,493,1
681,496,1
681,2034,1
681,2038,1
681,1532,1
681,699,0
681,2439,0
681,2654,0
681,1690,0
681,1021,0
681,1178,0
681,1880,0
681,901,0
681,2406,0
681,1987,0
681,1330,0
681,1032,0
681,1512,0
681,324,0
681,821,0
681,743,0
681,1240,0
681,853,0
681,2167,0
681,1672,0
681,1340,0
681,454,0
681,655,0
681,1095,0
681,1358,0
681,1300,0
681,1377,0
681,323,0
681,1648,0
681,1874,0
681,2309,0
681,2481,0
681,1706,0
681,377,0
681,1305,0
681,1571,0
681,2632,0
681,473,0
681,1455,0
681,257,0
681,946,0
681,585,0
681,505,0
681,325,0
681,2279,0
681,2039,0
681,584,0
681,1554,0
681,24,0
681,1005,0
681,1785,0
681,535,0
681,1245,0
681,1714,0
681,1886,0
681,2054,0
681,785,0
681,2175,0
681,1945,0
681,640,0
681,549,0
681,2386,0
681,1936,0
681,637,0
681,2554,0
681,2286,0
681,201,0
681,92,0
681,401,0
681,2606,0
681,2433,0
681,542,0
681,1339,0
681,1971,0
681,2189,0
681,442,0
681,1899,0
681,812,0
681,1838,0
681,73,0
681,2594,0
681,650,0
681,2346,0
681,469,0
681,1141,0
681,911,0
681,1722,0
681,1235,0
681,2208,0
682,571,1
682,2783,1
682,1601,0
683,2500,1
683,1909,0
684,2145,1
684,1537,1
684,1540,1
684,2737,1
684,1110,1
684,1591,1
684,351,1
684,2164,0
684,1854,0
684,1542,0
684,1785,0
684,291,0
684,631,0
684,1639,0
684,1841,0
685,667,1
685,734,1
685,695,0
685,2183,0
686,2442,1
686,907,1
686,531,1
686,2069,1
686,277,1
686,1943,1
686,1563,1
686,28,1
686,670,1
686,1055,1
686,1695,1
686,2473,1
686,1707,1
686,1452,1
686,176,1
686,305,1
686,2102,1
686,1092,1
686,2629,1
686,2117,1
686,1228,1
686,1999,1
686,2134,1
686,2158,1
686,626,1
686,2162,1
686,1658,1
686,1915,1
686,1661,1
686,1853,0
686,294,0
686,22,0
686,55,0
686,1353,0
686,2283,0
686,2107,0
686,1479,0
686,1156,0
686,2165,0
686,43,0
686,2771,0
686,2143,0
686,2160,0
686,1700,0
686,2582,0
686,931,0
686,108,0
686,812,0
686,81,0
686,1584,0
686,894,0
686,1730,0
686,1148,0
686,775,0
686,2638,0
686,1246,0
687,175,1
687,310,0
688,294,1
688,1410,0
689,2051,1
689,2596,1
689,675,1
689,1768,1
689,1713,1
689,2582,1
689,238,0
689,1285,0
689,2267,0
689,2070,0
689,615,0
690,405,1
690,250,0
691,120,0
692,512,1
692,1047,1
692,2590,1
692,2116,1
692,2640,1
692,2136,1
692,605,1
692,102,1
692,2156,1
692,2673,1
692,1141,1
692,1156,1
692,646,1
692,658,1
692,1171,1
692,1691,1
692,1181,1
692,1715,1
692,2751,1
692,218,1
692,217,1
692,737,1
692,2789,1
692,1768,1
692,1778,1
692,243,1
692,2316,1
692,270,1
692,1304,1
692,1821,1
692,1315,1
692,1833,1
692,834,1
692,1349,1
692,1869,1
692,1875,1
692,1881,1
692,1396,1
692,2423,1
692,889,1
692,397,1
692,1446,1
692,1961,1
692,1969,1
692,1972,1
692,465,1
692,467,1
692,994,1
692,496,1
692,1008,1
692,2544,1
692,1531,1
692,1532,1
692,1631,0
692,2224,0
692,1588,0
692,1576,0
692,1035,0
692,2309,0
692,430,0
692,1877,0
692,1576,0
692,1795,0
692,802,0
692,643,0
692,2785,0
692,1452,0
692,2323,0
692,2374,0
692,299,0
692,2421,0
692,1899,0
692,233,0
692,882,0
692,785,0
692,150,0
692,2454,0
692,1164,0
692,576,0
692,1309,0
692,410,0
692,2697,0
692,336,0
692,2689,0
692,1526,0
692,1659,0
692,1991,0
692,1749,0
692,2367,0
692,220,0
692,168,0
692,504,0
692,804,0
692,1814,0
692,2547,0
692,2644,0
692,1245,0
692,2044,0
692,154,0
692,2306,0
692,921,0
692,1814,0
692,269,0
692,2071,0
692,2288,0
692,1068,0
692,884,0
692,378,0
692,2383,0
692,2442,0
692,1259,0
692,1756,0
692,2611,0
693,1541,1
693,2065,1
693,2069,1
693,1059,1
693,2600,1
693,1066,1
693,49,1
693,1589,1
693,573,1
693,2110,1
693,2630,1
693,1098,1
693,2637,1
693,590,1
693,2646,1
693,1117,1
693,103,1
693,105,1
693,1130,1
693,1645,1
693,1647,1
693,2673,1
693,114,1
693,2682,1
693,646,1
693,1673,1
693,139,1
693,658,1
693,1691,1
693,2718,1
693,1695,1
693,163,1
693,2218,1
693,686,1
693,692,1
693,1717,1
693,2742,1
693,1721,1
693,194,1
693,719,1
693,1744,1
693,2255,1
693,1747,1
693,222,1
693,1760,1
693,737,1
693,2789,1
693,2289,1
693,247,1
693,252,1
693,765,1
693,1797,1
693,787,1
693,793,1
693,801,1
693,2345,1
693,1852,1
693,831,1
693,832,1
693,1348,1
693,846,1
693,338,1
693,871,1
693,1897,1
693,1396,1
693,1915,1
693,2437,1
693,906,1
693,2443,1
693,1933,1
693,1952,1
693,932,1
693,429,1
693,1969,1
693,439,1
693,1464,1
693,964,1
693,2503,1
693,973,1
693,465,1
693,994,1
693,2023,1
693,2544,1
693,2034,1
693,1011,1
693,2038,1
693,2557,1
693,2243,0
693,7,0
693,2296,0
693,1076,0
693,1729,0
693,147,0
693,1663,0
693,425,0
693,839,0
693,2771,0
693,962,0
693,531,0
693,1860,0
693,2196,0
693,2707,0
693,1950,0
693,1577,0
693,2680,0
693,2424,0
693,2030,0
693,714,0
693,2164,0
693,2248,0
693,1063,0
693,798,0
693,266,0
693,2581,0
693,280,0
693,15,0
693,2556,0
693,2094,0
693,1901,0
693,1039,0
693,2247,0
693,151,0
693,1086,0
693,555,0
693,1773,0
693,1499,0
693,329,0
693,1185,0
693,2204,0
693,941,0
693,815,0
693,1562,0
693,2653,0
693,2094,0
693,1051,0
693,291,0
693,1331,0
693,159,0
693,2357,0
693,2013,0
693,1925,0
693,1827,0
693,1753,0
693,2162,0
693,437,0
693,300,0
693,2254,0
693,1465,0
693,1614,0
693,1209,0
693,556,0
693,1485,0
693,1668,0
693,504,0
693,1080,0
693,2322,0
693,2242,0
693,1851,0
693,1258,0
693,1031,0
693,869,0
693,502,0
693,1981,0
693,1439,0
694,2564,1
694,1673,1
694,906,1
694,907,1
694,273,1
694,1047,1
694,2585,1
694,2330,1
694,2720,1
694,2600,1
694,40,1
694,37,1
694,1830,1
694,1336,1
694,333,1
694,1749,1
694,857,1
694,2266,1
694,859,1
694,2268,1
694,2653,1
694,1378,1
694,2405,1
694,103,1
694,1000,1
694,2540,1
694,1645,1
694,878,1
694,379,1
694,1148,1
694,734,0
694,30,0
694,678,0
694,264,0
694,119,0
694,417,0
694,1888,0
694,1238,0
694,75,0
694,2355,0
694,257,0
694,229,0
694,1539,0
694,459,0
694,1361,0
694,1530,0
694,139,0
694,2277,0
694,1243,0
694,1421,0
694,1895,0
694,1663,0
694,266,0
694,2340,0
694,2714,0
694,752,0
694,1279,0
694,2235,0
694,2549,0
694,667,0
694,621,0
694,662,0
694,809,0
694,2579,0
694,301,0
694,1486,0
694,166,0
694,1002,0
694,150,0
695,789,1
695,1133,0
695,1348,0
695,1602,0
696,2565,1
696,1126,1
696,1896,1
696,1481,1
696,1385,1
696,2507,1
696,1240,1
696,184,0
696,1119,0
696,1043,0
696,2436,0
696,2700,0
696,513,0
696,176,0
696,537,0
696,1693,0
696,199,0
697,425,1
697,2468,1
697,1127,0
698,1768,1
698,395,1
698,1421,1
698,1875,1
698,1082,1
698,982,0
698,870,0
698,590,0
698,1063,0
699,1664,1
699,337,1
699,1650,1
699,2005,0
699,2525,0
699,781,0
700,1793,1
700,1059,1
700,2436,1
700,2116,1
700,141,1
700,398,1
700,1309,1
700,1134,0
700,790,0
700,1540,0
701,2273,1
701,577,1
701,2118,1
701,1433,1
701,176,1
701,2323,1
701,1651,1
701,2582,1
701,1528,1
701,1595,1
701,2171,1
701,948,0
701,136,0
701,387,0
701,406,0
701,2730,0
701,2133,0
701,1544,0
701,683,0
701,1329,0
701,708,0
701,1195,0
701,2297,0
701,806,0
703,2722,1
703,1763,1
703,2764,1
703,2093,1
703,913,1
703,2163,1
703,1720,1
703,2151,0
703,2426,0
703,1257,0
704,2380,0
705,1350,1
705,526,1
705,2167,1
705,1564,1
705,30,1
705,938,0
705,2504,0
705,2343,0
705,1864,0
705,1514,0
706,612,1
706,1455,0
706,76,0
707,642,1
707,1082,1
707,2739,1
707,2731,0
707,2182,0
707,2165,0
708,576,1
708,1985,1
708,194,1
708,2443,1
708,1020,1
708,1136,1
708,1360,1
708,2546,1
708,2485,1
708,2038,1
708,1979,1
708,667,1
708,350,1
708,1722,0
708,830,0
708,1223,0
708,1319,0
708,2665,0
708,1478,0
708,87,0
708,1559,0
708,2605,0
708,443,0
708,254,0
709,1283,1
709,394,1
709,2316,1
709,528,1
709,280,1
709,1566,1
709,1568,1
709,1699,1
709,39,1
709,2045,1
709,437,1
709,1851,1
709,1598,1
709,197,1
709,1869,1
709,1238,1
709,215,1
709,217,1
709,218,1
709,347,1
709,739,1
709,1763,1
709,2021,1
709,1255,1
709,1386,1
709,999,1
709,237,1
709,2032,1
709,2162,1
709,1778,1
709,1905,1
709,2170,1
709,1029,0
709,1442,0
709,1259,0
709,1624,0
709,2601,0
709,996,0
709,239,0
709,2501,0
709,2515,0
709,609,0
709,779,0
709,1830,0
709,868,0
709,867,0
709,383,0
709,787,0
709,493,0
709,2689,0
709,976,0
709,658,0
709,2174,0
709,770,0
709,2407,0
709,150,0
709,1024,0
709,1896,0
709,1015,0
709,1424,0
709,599,0
709,2730,0
709,2415,0
709,497,0
709,2637,0
709,2476,0
709,579,0
709,400,0
710,1096,1
710,2428,1
710,391,1
710,585,0
710,1580,0
711,372,1
711,2324,1
711,1143,1
711,2271,1
711,854,0
711,2574,0
711,1122,0
711,304,0
712,2561,1
712,646,1
712,135,1
712,1160,1
712,2582,1
712,2338,1
712,675,1
712,166,1
712,1190,1
712,1072,1
712,565,1
712,1338,1
712,576,1
712,199,1
712,2125,1
712,212,1
712,344,1
712,985,1
712,2532,1
712,1645,1
712,364,1
712,372,1
712,2677,1
712,247,1
712,2425,1
712,1670,0
712,172,0
712,2188,0
712,2377,0
712,2394,0
712,2013,0
712,2095,0
712,1093,0
712,1298,0
712,141,0
712,718,0
712,1081,0
712,1728,0
712,2271,0
712,747,0
712,1440,0
712,1195,0
712,1711,0
712,323,0
712,1870,0
712,2671,0
712,2403,0
712,2225,0
712,1544,0
712,1268,0
712,1358,0
712,591,0
712,2538,0
712,452,0
712,913,0
712,1087,0
712,1731,0
712,647,0
712,2508,0
712,1505,0
713,2048,1
713,1537,1
713,512,1
713,2065,1
713,1046,1
713,2088,1
713,43,1
713,1071,1
713,1589,1
713,2615,1
713,1082,1
713,2619,1
713,576,1
713,2630,1
713,590,1
713,1625,1
713,2653,1
713,93,1
713,2656,1
713,97,1
713,1633,1
713,103,1
713,1645,1
713,2674,1
713,1669,1
713,646,1
713,2700,1
713,163,1
713,1188,1
713,173,1
713,185,1
713,2745,1
713,197,1
713,2761,1
713,2255,1
713,1240,1
713,1246,1
713,2783,1
713,1763,1
713,747,1
713,2289,1
713,2290,1
713,2298,1
713,763,1
713,264,1
713,2316,1
713,1869,1
713,1360,1
713,1871,1
713,1894,1
713,1402,1
713,903,1
713,907,1
713,397,1
713,1425,1
713,1939,1
713,1428,1
713,2457,1
713,419,1
713,1449,1
713,1464,1
713,465,1
713,1492,1
713,475,1
713,480,1
713,482,1
713,1002,1
713,2544,1
713,2034,1
713,1011,1
713,616,0
713,1572,0
713,1461,0
713,414,0
713,304,0
713,2713,0
713,2417,0
713,1989,0
713,2514,0
713,1995,0
713,2475,0
713,1445,0
713,55,0
713,1489,0
713,1581,0
713,991,0
713,1795,0
713,1463,0
713,1297,0
713,303,0
713,1985,0
713,2555,0
713,1191,0
713,192,0
713,658,0
713,808,0
713,829,0
713,1390,0
713,1268,0
713,805,0
713,890,0
713,310,0
713,640,0
713,1130,0
713,1346,0
713,409,0
713,2453,0
713,538,0
713,735,0
713,85,0
713,2352,0
713,567,0
713,1957,0
713,1852,0
713,132,0
713,1155,0
713,2622,0
713,374,0
713,627,0
713,917,0
713,168,0
713,1074,0
713,1272,0
713,572,0
713,892,0
713,1441,0
713,2339,0
713,953,0
713,577,0
713,593,0
713,1309,0
713,1560,0
713,2351,0
713,1966,0
713,78,0
713,623,0
713,2765,0
713,1427,0
713,2355,0
713,5,0
713,643,0
713,1766,0
713,985,0
713,2227,0
713,1420,0
713,1619,0
713,1724,0
713,2174,0
713,1399,0
713,727,0
713,886,0
713,949,0
713,1670,0
713,2208,0
713,1694,0
713,2256,0
713,1854,0
714,1826,1
714,903,0
715,646,1
715,2452,1
715,2722,1
715,953,1
715,1344,1
715,961,1
715,843,1
715,1870,1
715,762,1
715,2635,0
715,457,0
715,1556,0
715,1466,0
715,2355,0
715,2530,0
715,1532,0
715,496,0
715,2313,0
715,142,0
716,517,1
716,2437,1
716,397,1
716,2452,1
716,542,1
716,1439,1
716,544,1
716,2086,1
716,1574,1
716,47,1
716,820,1
716,2742,1
716,1592,1
716,1084,1
716,190,1
716,1602,1
716,465,1
716,109,1
716,496,1
716,1888,0
716,1066,0
716,157,0
716,1405,0
716,376,0
716,1943,0
716,2576,0
716,529,0
716,654,0
716,2164,0
716,549,0
716,2604,0
716,689,0
716,1909,0
716,230,0
717,512,1
717,515,1
717,1540,1
717,517,1
717,1031,1
717,1020,1
717,1052,1
717,1567,1
717,1059,1
717,1063,1
717,2606,1
717,47,1
717,1071,1
717,49,1
717,1587,1
717,2615,1
717,2620,1
717,1086,1
717,2630,1
717,1094,1
717,589,1
717,82,1
717,1111,1
717,2136,1
717,93,1
717,610,1
717,102,1
717,2151,1
717,2673,1
717,2674,1
717,1141,1
717,2679,1
717,646,1
717,647,1
717,1673,1
717,149,1
717,668,1
717,2212,1
717,166,1
717,687,1
717,1718,1
717,186,1
717,2746,1
717,2748,1
717,2236,1
717,190,1
717,197,1
717,207,1
717,2263,1
717,2777,1
717,1241,1
717,2265,1
717,1245,1
717,1761,1
717,737,1
717,1249,1
717,231,1
717,238,1
717,755,1
717,2298,1
717,250,1
717,2305,1
717,264,1
717,1801,1
717,778,1
717,270,1
717,2320,1
717,1811,1
717,797,1
717,798,1
717,1319,1
717,315,1
717,843,1
717,1356,1
717,332,1
717,1871,1
717,1877,1
717,2391,1
717,344,1
717,2394,1
717,1886,1
717,2417,1
717,2421,1
717,2423,1
717,1912,1
717,1402,1
717,2430,1
717,897,1
717,386,1
717,1412,1
717,908,1
717,397,1
717,2447,1
717,2448,1
717,2445,1
717,2452,1
717,1942,1
717,922,1
717,2461,1
717,2464,1
717,1953,1
717,1958,1
717,1447,1
717,1456,1
717,433,1
717,1976,1
717,2489,1
717,1983,1
717,465,1
717,1490,1
717,977,1
717,984,1
717,477,1
717,992,1
717,482,1
717,2537,1
717,498,1
717,2040,1
717,2553,1
717,2556,1
717,2047,1
717,2351,0
717,869,0
717,1455,0
717,2749,0
717,880,0
717,1821,0
717,921,0
717,912,0
717,669,0
717,275,0
717,215,0
717,2039,0
717,2147,0
717,748,0
717,2046,0
717,2491,0
717,1959,0
717,1779,0
717,1636,0
717,842,0
717,773,0
717,526,0
717,2484,0
717,661,0
717,1161,0
717,1539,0
717,195,0
717,2449,0
717,1037,0
717,823,0
717,2665,0
717,1478,0
717,178,0
717,2318,0
717,1350,0
717,2563,0
717,2192,0
717,2259,0
717,2246,0
717,935,0
717,1528,0
717,95,0
717,1805,0
717,2075,0
717,21,0
717,2282,0
717,2733,0
717,618,0
717,2147,0
717,2477,0
717,1650,0
717,1154,0
717,70,0
717,286,0
717,6,0
717,25,0
717,2506,0
717,2729,0
717,345,0
717,1036,0
717,1279,0
717,2632,0
717,665,0
717,942,0
717,876,0
717,219,0
717,2520,0
717,43,0
717,785,0
717,1408,0
717,2453,0
717,1251,0
717,1076,0
717,1129,0
717,544,0
717,1057,0
717,1426,0
717,2579,0
717,2492,0
717,2106,0
717,2248,0
717,2147,0
717,2520,0
717,470,0
717,2260,0
717,724,0
717,1255,0
717,1898,0
717,514,0
717,1803,0
717,937,0
717,1098,0
717,961,0
717,949,0
717,316,0
717,1299,0
717,2479,0
717,2007,0
717,2626,0
717,1893,0
717,1650,0
717,1276,0
717,1029,0
717,471,0
717,558,0
717,952,0
717,2277,0
717,2505,0
717,1749,0
717,1213,0
717,973,0
717,866,0
717,2180,0
717,2381,0
717,1705,0
717,1559,0
717,1138,0
717,2759,0
717,1666,0
717,224,0
717,112,0
717,1006,0
717,822,0
717,165,0
717,2768,0
718,1649,1
718,2546,1
718,601,1
718,1085,1
718,1055,1
718,981,0
718,776,0
718,1402,0
718,81,0
718,1104,0
718,352,0
719,1315,1
719,1030,1
719,266,1
719,2475,1
719,2158,1
719,1306,1
719,2466,0
719,2005,0
719,1196,0
719,192,0
719,2157,0
719,2477,0
720,512,1
720,517,1
720,2064,1
720,1567,1
720,1569,1
720,2606,1
720,1071,1
720,47,1
720,2610,1
720,2612,1
720,570,1
720,1099,1
720,1102,1
720,82,1
720,2646,1
720,87,1
720,93,1
720,1119,1
720,2656,1
720,2151,1
720,1645,1
720,1153,1
720,132,1
720,646,1
720,1698,1
720,2210,1
720,2212,1
720,2236,1
720,2252,1
720,2765,1
720,2771,1
720,2263,1
720,729,1
720,737,1
720,1249,1
720,1256,1
720,1276,1
720,1318,1
720,818,1
720,830,1
720,1351,1
720,332,1
720,1870,1
720,847,1
720,849,1
720,852,1
720,1368,1
720,1371,1
720,1883,1
720,348,1
720,1378,1
720,1406,1
720,388,1
720,908,1
720,407,1
720,922,1
720,2461,1
720,928,1
720,1953,1
720,419,1
720,932,1
720,1962,1
720,433,1
720,2514,1
720,2524,1
720,489,1
720,2537,1
720,496,1
720,2034,1
720,1125,0
720,2499,0
720,1544,0
720,1560,0
720,1872,0
720,1988,0
720,2629,0
720,1713,0
720,1455,0
720,1002,0
720,1198,0
720,726,0
720,879,0
720,1289,0
720,2313,0
720,2331,0
720,77,0
720,2547,0
720,50,0
720,1991,0
720,814,0
720,554,0
720,2478,0
720,565,0
720,143,0
720,1338,0
720,2070,0
720,2642,0
720,1968,0
720,2268,0
720,2695,0
720,809,0
720,1914,0
720,1376,0
720,258,0
720,427,0
720,736,0
720,2226,0
720,223,0
720,472,0
720,34,0
720,614,0
720,2008,0
720,2639,0
720,1059,0
720,452,0
720,2430,0
720,144,0
720,453,0
720,1925,0
720,415,0
720,215,0
720,2332,0
720,1516,0
720,2224,0
720,2404,0
720,1035,0
720,640,0
720,1058,0
720,658,0
720,537,0
720,210,0
720,1911,0
720,2751,0
720,2433,0
720,564,0
720,1263,0
720,437,0
721,2710,0
722,2692,1
722,565,0
724,871,1
724,615,0
725,1537,1
725,1540,1
725,517,1
725,1039,1
725,2578,1
725,2580,1
725,532,1
725,1047,1
725,1568,1
725,1071,1
725,1072,1
725,2616,1
725,2557,1
725,1604,1
725,70,1
725,1096,1
725,73,1
725,80,1
725,81,1
725,89,1
725,602,1
725,91,1
725,93,1
725,2656,1
725,2149,1
725,2663,1
725,107,1
725,1647,1
725,2175,1
725,1664,1
725,133,1
725,2700,1
725,2197,1
725,1691,1
725,2746,1
725,194,1
725,198,1
725,2761,1
725,2764,1
725,719,1
725,209,1
725,2777,1
725,1249,1
725,1251,1
725,1763,1
725,748,1
725,237,1
725,755,1
725,758,1
725,1271,1
725,2296,1
725,1286,1
725,1809,1
725,1299,1
725,799,1
725,1319,1
725,1320,1
725,809,1
725,2351,1
725,2357,1
725,844,1
725,1360,1
725,1877,1
725,344,1
725,2404,1
725,872,1
725,1405,1
725,2436,1
725,390,1
725,919,1
725,413,1
725,419,1
725,1967,1
725,1971,1
725,437,1
725,1979,1
725,1985,1
725,970,1
725,2507,1
725,2513,1
725,2013,1
725,2015,1
725,496,1
725,2036,1
725,2037,1
725,1532,1
725,1734,0
725,1469,0
725,826,0
725,2684,0
725,2740,0
725,351,0
725,124,0
725,64,0
725,1307,0
725,1409,0
725,450,0
725,500,0
725,1988,0
725,2463,0
725,2060,0
725,1503,0
725,1717,0
725,124,0
725,1208,0
725,446,0
725,900,0
725,2528,0
725,1501,0
725,2181,0
725,2468,0
725,259,0
725,2784,0
725,2300,0
725,2369,0
725,1616,0
725,1330,0
725,1614,0
725,1916,0
725,5,0
725,1137,0
725,1490,0
725,1912,0
725,2495,0
725,212,0
725,84,0
725,776,0
725,2167,0
725,2000,0
725,1855,0
725,2407,0
725,944,0
725,231,0
725,881,0
725,2664,0
725,2624,0
725,1415,0
725,764,0
725,2298,0
725,1694,0
725,2088,0
725,833,0
725,460,0
725,1337,0
725,2297,0
725,111,0
725,1157,0
725,1446,0
725,2538,0
725,1948,0
725,246,0
725,2005,0
725,866,0
725,1297,0
725,941,0
725,2028,0
725,2692,0
725,1827,0
725,2463,0
725,1710,0
725,2243,0
725,21,0
725,938,0
725,515,0
725,1702,0
725,154,0
725,1843,0
725,173,0
725,581,0
725,2410,0
725,757,0
725,1092,0
725,1057,0
725,1295,0
725,2489,0
725,1676,0
725,984,0
725,2147,0
725,1382,0
725,729,0
725,2730,0
725,2097,0
725,631,0
725,308,0
725,2641,0
726,517,1
726,1167,1
726,1428,1
726,2086,1
726,1072,1
726,1588,1
726,1333,1
726,2124,1
726,1748,1
726,2141,1
726,2018,1
726,2175,1
726,2749,0
726,2293,0
726,1809,0
726,1032,0
726,1050,0
726,450,0
726,490,0
726,2250,0
726,2418,0
726,1610,0
726,2775,0
726,1477,0
726,1713,0
727,424,1
727,845,1
727,1809,1
727,1781,1
727,885,1
727,1753,0
727,1407,0
727,112,0
727,1430,0
727,707,0
727,117,0
727,1722,0
727,1484,0
728,2353,1
728,474,1
728,287,1
728,563,0
729,2048,1
729,1029,1
729,520,1
729,526,1
729,532,1
729,2069,1
729,2582,1
729,1066,1
729,1068,1
729,557,1
729,1071,1
729,1583,1
729,1589,1
729,54,1
729,2619,1
729,573,1
729,1597,1
729,1090,1
729,1601,1
729,2116,1
729,1092,1
729,1609,1
729,2640,1
729,1633,1
729,102,1
729,1133,1
729,1134,1
729,2673,1
729,1141,1
729,2174,1
729,1156,1
729,1669,1
729,139,1
729,2702,1
729,1171,1
729,149,1
729,1691,1
729,670,1
729,1695,1
729,2206,1
729,677,1
729,2228,1
729,701,1
729,1733,1
729,2247,1
729,2249,1
729,2765,1
729,207,1
729,720,1
729,212,1
729,2773,1
729,1240,1
729,222,1
729,1771,1
729,2289,1
729,2303,1
729,256,1
729,797,1
729,804,1
729,817,1
729,831,1
729,843,1
729,1871,1
729,2405,1
729,1897,1
729,874,1
729,1395,1
729,372,1
729,1917,1
729,2430,1
729,1927,1
729,2442,1
729,2452,1
729,2457,1
729,1952,1
729,1446,1
729,1972,1
729,437,1
729,2489,1
729,465,1
729,977,1
729,472,1
729,2523,1
729,1506,1
729,1008,1
729,2371,0
729,1000,0
729,2455,0
729,2750,0
729,2415,0
729,1840,0
729,2747,0
729,942,0
729,925,0
729,1932,0
729,640,0
729,281,0
729,1803,0
729,326,0
729,2482,0
729,220,0
729,864,0
729,1083,0
729,43,0
729,1305,0
729,1617,0
729,713,0
729,2063,0
729,2052,0
729,1402,0
729,1737,0
729,2770,0
729,1394,0
729,761,0
729,1692,0
729,1532,0
729,1167,0
729,972,0
729,1565,0
729,1759,0
729,890,0
729,1194,0
729,2689,0
729,563,0
729,1449,0
729,1478,0
729,1847,0
729,164,0
729,2264,0
729,1032,0
729,1600,0
729,2515,0
729,347,0
729,606,0
729,574,0
729,106,0
729,1088,0
729,1772,0
729,2372,0
729,1500,0
729,1969,0
729,1641,0
729,699,0
729,1674,0
729,225,0
729,610,0
729,1343,0
729,2027,0
729,270,0
729,2499,0
729,1053,0
729,734,0
729,2301,0
729,688,0
729,1201,0
729,563,0
729,2389,0
729,1198,0
729,1568,0
729,2407,0
729,2075,0
729,861,0
729,1186,0
729,1662,0
729,964,0
729,1472,0
729,1494,0
729,173,0
729,596,0
729,1888,0
729,1904,0
729,213,0
729,223,0
729,2522,0
729,893,0
729,1305,0
729,685,0
729,2439,0
729,137,0
729,555,0
729,381,0
730,1540,1
730,517,1
730,2056,1
730,2057,1
730,1547,1
730,2067,1
730,2579,1
730,1566,1
730,544,1
730,1569,1
730,33,1
730,1574,1
730,2606,1
730,47,1
730,1588,1
730,2615,1
730,59,1
730,573,1
730,1598,1
730,2122,1
730,1102,1
730,1105,1
730,82,1
730,1622,1
730,2137,1
730,91,1
730,1161,1
730,2185,1
730,2700,1
730,1677,1
730,2719,1
730,2210,1
730,1699,1
730,193,1
730,2242,1
730,207,1
730,1748,1
730,1753,1
730,2268,1
730,2272,1
730,2289,1
730,1290,1
730,778,1
730,1296,1
730,1811,1
730,280,1
730,794,1
730,1819,1
730,1318,1
730,1341,1
730,830,1
730,1854,1
730,2371,1
730,1351,1
730,1883,1
730,865,1
730,360,1
730,1910,1
730,1931,1
730,2443,1
730,2448,1
730,2453,1
730,922,1
730,415,1
730,427,1
730,1971,1
730,1980,1
730,476,1
730,989,1
730,477,1
730,489,1
730,1518,1
730,1012,1
730,2265,0
730,1544,0
730,1367,0
730,2369,0
730,1692,0
730,2562,0
730,175,0
730,2035,0
730,2186,0
730,997,0
730,947,0
730,1499,0
730,885,0
730,2660,0
730,65,0
730,1762,0
730,2053,0
730,212,0
730,1932,0
730,2432,0
730,2727,0
730,969,0
730,55,0
730,1973,0
730,55,0
730,2345,0
730,2627,0
730,104,0
730,2321,0
730,368,0
730,1915,0
730,1785,0
730,1169,0
730,1659,0
730,1584,0
730,2653,0
730,2570,0
730,987,0
730,239,0
730,2000,0
730,2384,0
730,2201,0
730,2256,0
730,2144,0
730,328,0
730,2610,0
730,2152,0
730,1708,0
730,50,0
730,1735,0
730,1133,0
730,702,0
730,1261,0
730,2564,0
730,669,0
730,1537,0
730,2621,0
730,2231,0
730,868,0
730,2450,0
730,1653,0
730,1478,0
730,513,0
730,150,0
730,408,0
730,1345,0
730,2488,0
730,2306,0
730,951,0
730,258,0
730,1004,0
730,2590,0
730,2226,0
730,77,0
730,2759,0
730,2561,0
730,1419,0
730,2482,0
730,420,0
730,1149,0
731,1586,1
731,2084,1
731,1741,0
732,815,1
733,1935,1
733,2210,1
733,1083,1
733,965,1
733,1484,1
733,1870,1
733,2514,1
733,1249,1
733,2409,1
733,1772,1
733,2675,1
733,1051,0
733,504,0
733,765,0
733,357,0
733,2751,0
733,1287,0
733,2380,0
733,1406,0
733,542,0
733,45,0
734,2561,1
734,1489,1
734,402,1
734,372,1
734,565,1
734,1788,1
734,1159,0
734,1811,0
735,512,1
735,1823,1
735,830,1
735,590,1
735,1492,1
735,480,1
735,1763,1
735,2151,1
735,872,1
735,1522,1
735,1532,1
735,2430,1
735,1168,0
735,633,0
735,1574,0
735,2219,0
735,2710,0
735,2745,0
735,841,0
735,1595,0
735,944,0
735,911,0
735,147,0
735,34,0
735,776,0
735,2147,0
736,2058,1
736,1039,1
736,2065,1
736,532,1
736,2582,1
736,2599,1
736,553,1
736,1066,1
736,1583,1
736,1598,1
736,1090,1
736,2630,1
736,2125,1
736,79,1
736,93,1
736,1633,1
736,1126,1
736,2151,1
736,1134,1
736,114,1
736,2677,1
736,2170,1
736,1660,1
736,2702,1
736,1680,1
736,166,1
736,1190,1
736,2746,1
736,701,1
736,199,1
736,1224,1
736,1744,1
736,723,1
736,212,1
736,227,1
736,1268,1
736,247,1
736,270,1
736,2320,1
736,1810,1
736,807,1
736,820,1
736,1338,1
736,840,1
736,2382,1
736,1360,1
736,344,1
736,2399,1
736,360,1
736,874,1
736,1901,1
736,885,1
736,2425,1
736,388,1
736,390,1
736,397,1
736,402,1
736,1428,1
736,2452,1
736,1958,1
736,1464,1
736,2489,1
736,965,1
736,1492,1
736,2519,1
736,480,1
736,2532,1
736,1511,1
736,493,1
736,1005,1
736,1523,1
736,2038,1
736,1531,1
736,1532,1
736,1951,0
736,929,0
736,1435,0
736,406,0
736,2000,0
736,947,0
736,768,0
736,1243,0
736,2333,0
736,1668,0
736,1412,0
736,236,0
736,1487,0
736,2360,0
736,1788,0
736,2182,0
736,2721,0
736,215,0
736,894,0
736,472,0
736,103,0
736,1350,0
736,1201,0
736,2772,0
736,569,0
736,620,0
736,863,0
736,691,0
736,2704,0
736,1862,0
736,48,0
736,1817,0
736,1980,0
736,2299,0
736,2301,0
736,1188,0
736,1456,0
736,1788,0
736,2608,0
736,1995,0
736,2273,0
736,1166,0
736,1003,0
736,1173,0
736,1955,0
736,1640,0
736,462,0
736,2484,0
736,1384,0
736,2726,0
736,1697,0
736,1631,0
736,791,0
736,2695,0
736,488,0
736,510,0
736,2131,0
736,704,0
736,1413,0
736,1144,0
736,1799,0
736,859,0
736,1912,0
736,698,0
736,148,0
736,1631,0
736,695,0
736,1321,0
736,2611,0
736,1516,0
736,380,0
736,1283,0
736,1316,0
736,579,0
736,1319,0
736,625,0
736,535,0
736,757,0
737,2560,1
737,576,1
737,1541,1
737,235,1
737,1237,1
737,406,1
737,834,0
737,409,0
737,1580,0
737,473,0
737,447,0
738,4,1
738,517,1
738,8,1
738,1033,1
738,2059,1
738,532,1
738,24,1
738,1052,1
738,1054,1
738,2086,1
738,47,1
738,2610,1
738,50,1
738,1588,1
738,2613,1
738,567,1
738,2615,1
738,59,1
738,2625,1
738,2630,1
738,1607,1
738,1097,1
738,1104,1
738,2646,1
738,103,1
738,2674,1
738,116,1
738,1142,1
738,2170,1
738,2682,1
738,644,1
738,1668,1
738,132,1
738,2185,1
738,2700,1
738,660,1
738,2206,1
738,2719,1
738,1698,1
738,674,1
738,2212,1
738,1188,1
738,166,1
738,2215,1
738,683,1
738,2732,1
738,1710,1
738,687,1
738,1200,1
738,2746,1
738,2748,1
738,1725,1
738,705,1
738,2246,1
738,207,1
738,1744,1
738,2772,1
738,2263,1
738,2274,1
738,1763,1
738,2283,1
738,1773,1
738,1268,1
738,256,1
738,2310,1
738,1812,1
738,800,1
738,2351,1
738,1854,1
738,2368,1
738,1353,1
738,1356,1
738,872,1
738,360,1
738,2410,1
738,1899,1
738,2415,1
738,2416,1
738,1394,1
738,1402,1
738,903,1
738,1933,1
738,1425,1
738,1427,1
738,1940,1
738,917,1
738,919,1
738,922,1
738,1446,1
738,427,1
738,957,1
738,967,1
738,1484,1
738,2517,1
738,989,1
738,496,1
738,2034,1
738,498,1
738,2040,1
738,2553,1
738,1018,1
738,1531,1
738,887,0
738,1683,0
738,595,0
738,1036,0
738,563,0
738,1898,0
738,691,0
738,2600,0
738,679,0
738,1548,0
738,1133,0
738,1401,0
738,718,0
738,279,0
738,2323,0
738,6,0
738,2705,0
738,2420,0
738,2125,0
738,1611,0
738,1961,0
738,2778,0
738,2670,0
738,28,0
738,1207,0
738,611,0
738,2129,0
738,2442,0
738,1406,0
738,2080,0
738,455,0
738,1540,0
738,387,0
738,2361,0
738,2708,0
738,2355,0
738,2010,0
738,462,0
738,1705,0
738,2273,0
738,2307,0
738,2709,0
738,419,0
738,1527,0
738,395,0
738,1389,0
738,28,0
738,1829,0
738,1336,0
738,1556,0
738,2557,0
738,429,0
738,1858,0
738,383,0
738,1908,0
738,1519,0
738,1804,0
738,2446,0
738,404,0
738,1282,0
738,1229,0
738,2588,0
738,813,0
738,1198,0
738,2130,0
738,2596,0
738,1243,0
738,249,0
738,2433,0
738,2406,0
738,2722,0
738,1169,0
738,2727,0
738,1638,0
738,2037,0
738,1438,0
738,37,0
738,1798,0
738,2574,0
738,2632,0
738,1672,0
738,2147,0
738,764,0
738,2236,0
738,515,0
738,1817,0
738,1344,0
738,2158,0
738,1068,0
738,2197,0
738,782,0
738,1523,0
738,122,0
738,7,0
738,966,0
738,261,0
738,1057,0
738,1807,0
738,923,0
738,949,0
738,2712,0
738,1437,0
738,231,0
738,2731,0
738,1161,0
738,790,0
738,2292,0
738,221,0
738,2730,0
739,907,1
739,173,1
739,54,0
739,2724,0
740,512,1
740,517,1
740,523,1
740,2575,1
740,1043,1
740,544,1
740,2594,1
740,1058,1
740,2617,1
740,573,1
740,1598,1
740,1614,1
740,2640,1
740,1105,1
740,2127,1
740,1622,1
740,1119,1
740,103,1
740,1133,1
740,140,1
740,1677,1
740,1166,1
740,668,1
740,2210,1
740,684,1
740,2236,1
740,1222,1
740,2263,1
740,1778,1
740,256,1
740,1283,1
740,311,1
740,1349,1
740,1865,1
740,845,1
740,852,1
740,360,1
740,894,1
740,388,1
740,2437,1
740,2445,1
740,2447,1
740,1425,1
740,402,1
740,1953,1
740,427,1
740,1965,1
740,2493,1
740,450,1
740,1483,1
740,2001,1
740,468,1
740,480,1
740,2016,1
740,2034,1
740,2553,1
740,1532,1
740,62,0
740,1680,0
740,2427,0
740,2566,0
740,2195,0
740,1971,0
740,2198,0
740,1631,0
740,492,0
740,497,0
740,992,0
740,226,0
740,2378,0
740,1725,0
740,602,0
740,29,0
740,72,0
740,249,0
740,1264,0
740,1787,0
740,697,0
740,2045,0
740,970,0
740,4,0
740,1716,0
740,699,0
740,274,0
740,1378,0
740,1721,0
740,1396,0
740,1359,0
740,536,0
740,1248,0
740,2768,0
740,2341,0
740,1025,0
740,434,0
740,2428,0
740,909,0
740,1164,0
740,1599,0
740,462,0
740,547,0
740,1379,0
740,1176,0
740,798,0
740,831,0
740,2090,0
740,1746,0
741,264,1
741,1867,1
741,747,1
741,397,1
741,344,1
741,922,1
741,168,0
741,1845,0
741,1660,0
741,835,0
742,2048,1
742,528,1
742,2065,1
742,553,1
742,2095,1
742,565,1
742,1595,1
742,2110,1
742,2125,1
742,593,1
742,83,1
742,1629,1
742,1632,1
742,613,1
742,114,1
742,2170,1
742,649,1
742,2698,1
742,2702,1
742,1171,1
742,2199,1
742,1179,1
742,1695,1
742,675,1
742,163,1
742,1191,1
742,1192,1
742,166,1
742,176,1
742,2226,1
742,693,1
742,2234,1
742,701,1
742,1731,1
742,1224,1
742,2249,1
742,1744,1
742,212,1
742,2290,1
742,243,1
742,1268,1
742,1782,1
742,2297,1
742,766,1
742,2303,1
742,1794,1
742,270,1
742,1810,1
742,287,1
742,801,1
742,307,1
742,820,1
742,1869,1
742,352,1
742,885,1
742,886,1
742,390,1
742,1433,1
742,922,1
742,437,1
742,2489,1
742,953,1
742,965,1
742,2001,1
742,476,1
742,2021,1
742,493,1
742,496,1
742,507,1
742,2143,0
742,1484,0
742,2352,0
742,858,0
742,624,0
742,1962,0
742,316,0
742,2049,0
742,2576,0
742,721,0
742,2308,0
742,236,0
742,1649,0
742,2670,0
742,1737,0
742,1482,0
742,1760,0
742,1398,0
742,920,0
742,434,0
742,1143,0
742,1958,0
742,1505,0
742,989,0
742,1752,0
742,888,0
742,665,0
742,1036,0
742,2533,0
742,285,0
742,34,0
742,1931,0
742,2357,0
742,1519,0
742,819,0
742,221,0
742,607,0
742,2289,0
742,669,0
742,2490,0
742,2262,0
742,1024,0
742,413,0
742,2783,0
742,2721,0
742,2415,0
742,1243,0
742,2089,0
742,464,0
742,1255,0
742,259,0
742,336,0
742,2164,0
742,39,0
742,769,0
742,225,0
742,1820,0
742,1804,0
742,14,0
742,510,0
742,1396,0
742,1504,0
742,1765,0
742,1347,0
742,1136,0
742,2758,0
742,2020,0
742,2284,0
742,741,0
742,789,0
742,76,0
743,1897,1
743,2258,1
743,402,1
743,372,1
743,2646,1
743,344,1
743,1282,0
743,2747,0
743,1893,0
743,1091,0
743,417,0
743,297,0
743,2615,0
744,1026,1
744,2057,1
744,523,1
744,1552,1
744,530,1
744,2581,1
744,24,1
744,1568,1
744,33,1
744,2594,1
744,2088,1
744,1581,1
744,47,1
744,1071,1
744,2613,1
744,55,1
744,2615,1
744,2556,1
744,1598,1
744,2111,1
744,2122,1
744,2123,1
744,1611,1
744,1101,1
744,2127,1
744,596,1
744,1622,1
744,1111,1
744,2137,1
744,606,1
744,2656,1
744,2663,1
744,1131,1
744,110,1
744,114,1
744,2674,1
744,1138,1
744,119,1
744,2173,1
744,2175,1
744,1153,1
744,134,1
744,2696,1
744,1677,1
744,2708,1
744,665,1
744,1691,1
744,668,1
744,163,1
744,1698,1
744,678,1
744,677,1
744,1188,1
744,684,1
744,687,1
744,2228,1
744,1725,1
744,190,1
744,2238,1
744,1728,1
744,194,1
744,2242,1
744,1225,1
744,2765,1
744,719,1
744,721,1
744,1235,1
744,1240,1
744,2268,1
744,1757,1
744,1759,1
744,1761,1
744,2275,1
744,739,1
744,741,1
744,1771,1
744,1263,1
744,243,1
744,250,1
744,1791,1
744,2304,1
744,2305,1
744,770,1
744,1287,1
744,777,1
744,1809,1
744,1298,1
744,1811,1
744,1814,1
744,1820,1
744,1312,1
744,803,1
744,1836,1
744,303,1
744,1849,1
744,1341,1
744,2366,1
744,2377,1
744,332,1
744,1356,1
744,852,1
744,1883,1
744,860,1
744,1890,1
744,2413,1
744,1912,1
744,894,1
744,388,1
744,77,1
744,392,1
744,1931,1
744,908,1
744,2445,1
744,2448,1
744,1935,1
744,917,1
744,411,1
744,920,1
744,419,1
744,2470,1
744,427,1
744,1962,1
744,1968,1
744,1461,1
744,1976,1
744,1468,1
744,1985,1
744,1482,1
744,980,1
744,1492,1
744,2513,1
744,1495,1
744,986,1
744,992,1
744,994,1
744,996,1
744,2021,1
744,2022,1
744,488,1
744,493,1
744,1020,1
744,2045,1
744,1592,0
744,2172,0
744,1592,0
744,102,0
744,2046,0
744,2101,0
744,512,0
744,914,0
744,2187,0
744,1396,0
744,2217,0
744,2580,0
744,117,0
744,1979,0
744,2436,0
744,1491,0
744,1675,0
744,2562,0
744,1332,0
744,1115,0
744,2187,0
744,2241,0
744,2791,0
744,73,0
744,2116,0
744,2565,0
744,32,0
744,503,0
744,188,0
744,129,0
744,1592,0
744,2012,0
744,1555,0
744,2657,0
744,16,0
744,109,0
744,2177,0
744,2599,0
744,2753,0
744,445,0
744,2501,0
744,912,0
744,1541,0
744,1346,0
744,2725,0
744,1316,0
744,2034,0
744,2772,0
744,2476,0
744,732,0
744,1963,0
744,34,0
744,1946,0
744,2741,0
744,1395,0
744,474,0
744,1777,0
744,1639,0
744,505,0
744,50,0
744,966,0
744,725,0
744,2072,0
744,1081,0
744,2047,0
744,1373,0
744,876,0
744,469,0
744,1694,0
744,2003,0
744,2194,0
744,321,0
744,1145,0
744,10,0
744,444,0
744,1067,0
744,284,0
744,1485,0
744,816,0
744,2200,0
744,2783,0
744,251,0
744,416,0
744,437,0
744,185,0
744,663,0
744,922,0
744,2565,0
744,2193,0
744,295,0
744,475,0
744,2340,0
744,363,0
744,613,0
744,1254,0
744,126,0
744,958,0
744,988,0
744,103,0
744,1880,0
744,2744,0
744,985,0
744,276,0
744,400,0
744,2374,0
744,1008,0
744,1524,0
744,213,0
744,1908,0
744,2250,0
744,19,0
744,2388,0
744,146,0
744,65,0
744,1860,0
744,2457,0
744,69,0
744,1370,0
744,2684,0
744,2205,0
744,1392,0
744,565,0
744,2300,0
744,1807,0
744,261,0
744,602,0
744,633,0
744,2731,0
744,475,0
744,1957,0
744,372,0
744,2622,0
744,2089,0
744,1410,0
744,136,0
744,1063,0
744,1377,0
744,829,0
744,278,0
744,2673,0
744,1085,0
744,935,0
744,1992,0
744,2449,0
744,1938,0
744,1467,0
745,517,1
745,2443,1
745,907,1
745,2703,1
745,1181,1
745,2210,1
745,2086,1
745,1708,1
745,1592,1
745,964,1
745,2119,1
745,713,1
745,2646,1
745,472,1
745,1753,1
745,2282,1
745,1776,1
745,631,1
745,842,0
745,132,0
745,695,0
745,703,0
745,1449,0
745,2540,0
745,1818,0
745,2227,0
745,2466,0
745,434,0
745,422,0
745,2181,0
745,2231,0
745,2244,0
745,2229,0
745,390,0
745,258,0
746,2563,1
746,2565,1
746,1035,1
746,1550,1
746,1531,1
746,2073,1
746,28,1
746,1069,1
746,1083,1
746,2622,1
746,1094,1
746,2130,1
746,1114,1
746,603,1
746,1649,1
746,2163,1
746,1143,1
746,1145,1
746,638,1
746,2184,1
746,652,1
746,1680,1
746,1681,1
746,672,1
746,2722,1
746,1187,1
746,1189,1
746,166,1
746,2220,1
746,173,1
746,176,1
746,2224,1
746,698,1
746,186,1
746,2241,1
746,194,1
746,708,1
746,1224,1
746,2249,1
746,2764,1
746,1743,1
746,2258,1
746,213,1
746,725,1
746,1760,1
746,2276,1
746,1766,1
746,232,1
746,2290,1
746,247,1
746,762,1
746,1792,1
746,1793,1
746,1794,1
746,2309,1
746,271,1
746,1300,1
746,1303,1
746,807,1
746,301,1
746,305,1
746,818,1
746,1845,1
746,1855,1
746,1344,1
746,1346,1
746,1872,1
746,352,1
746,865,1
746,1897,1
746,886,1
746,887,1
746,1913,1
746,391,1
746,397,1
746,1933,1
746,398,1
746,400,1
746,922,1
746,1443,1
746,933,1
746,1446,1
746,1960,1
746,1449,1
746,431,1
746,947,1
746,960,1
746,1480,1
746,2511,1
746,2021,1
746,1005,1
746,493,1
746,496,1
746,507,1
746,33,0
746,1924,0
746,1859,0
746,929,0
746,1711,0
746,526,0
746,2527,0
746,1557,0
746,536,0
746,816,0
746,448,0
746,2006,0
746,2017,0
746,2174,0
746,2203,0
746,1390,0
746,475,0
746,1321,0
746,6,0
746,600,0
746,2200,0
746,96,0
746,1745,0
746,2421,0
746,1312,0
746,567,0
746,2141,0
746,2749,0
746,1043,0
746,1254,0
746,452,0
746,2594,0
746,999,0
746,555,0
746,2306,0
746,1098,0
746,1355,0
746,1884,0
746,1203,0
746,548,0
746,1332,0
746,2766,0
746,2434,0
746,696,0
746,675,0
746,1961,0
746,55,0
746,1338,0
746,228,0
746,916,0
746,2075,0
746,280,0
746,2664,0
746,633,0
746,843,0
746,2382,0
746,1354,0
746,683,0
746,2717,0
746,2216,0
746,2596,0
746,1664,0
746,1053,0
746,1222,0
746,923,0
746,486,0
746,2409,0
746,2143,0
746,518,0
746,2738,0
746,1266,0
746,2478,0
746,1374,0
746,2067,0
746,55,0
746,2724,0
746,241,0
746,2455,0
746,560,0
746,551,0
746,1991,0
746,545,0
746,763,0
746,1981,0
746,1024,0
746,1988,0
746,1659,0
746,1987,0
746,1565,0
746,673,0
746,1277,0
746,341,0
746,2577,0
746,645,0
746,1310,0
746,257,0
746,1660,0
746,2159,0
747,256,1
747,646,1
747,520,1
747,1171,1
747,1181,1
747,163,1
747,295,1
747,2116,1
747,2636,1
747,207,1
747,2265,1
747,1632,1
747,102,1
747,1771,1
747,2030,1
747,2542,1
747,2544,1
747,2423,1
747,252,1
747,2188,0
747,2446,0
747,2244,0
747,2250,0
747,2110,0
747,881,0
747,2401,0
747,162,0
747,158,0
747,2192,0
747,1560,0
747,147,0
747,1030,0
747,1591,0
747,2098,0
747,987,0
748,1952,1
748,397,1
748,2570,0
748,2237,0
749,2056,1
749,520,1
749,2583,1
749,24,1
749,1561,1
749,1569,1
749,2595,1
749,557,1
749,2610,1
749,2613,1
749,573,1
749,1102,1
749,2127,1
749,2153,1
749,2154,1
749,1143,1
749,123,1
749,140,1
749,1171,1
749,2722,1
749,2212,1
749,2746,1
749,207,1
749,1748,1
749,2277,1
749,231,1
749,243,1
749,2305,1
749,1286,1
749,270,1
749,271,1
749,801,1
749,1316,1
749,1338,1
749,1351,1
749,1870,1
749,1897,1
749,362,1
749,2436,1
749,388,1
749,903,1
749,1421,1
749,398,1
749,1427,1
749,1447,1
749,427,1
749,2492,1
749,977,1
749,994,1
749,493,1
749,2544,1
749,2034,1
749,2161,0
749,500,0
749,732,0
749,1017,0
749,2638,0
749,2733,0
749,2061,0
749,1209,0
749,1033,0
749,1001,0
749,2750,0
749,1599,0
749,2246,0
749,364,0
749,2704,0
749,120,0
749,2716,0
749,116,0
749,1054,0
749,330,0
749,1196,0
749,1261,0
749,1257,0
749,2532,0
749,1014,0
749,56,0
749,791,0
749,2184,0
749,297,0
749,2724,0
749,54,0
749,2376,0
749,2370,0
749,1227,0
749,2015,0
749,233,0
749,2396,0
749,1248,0
749,1997,0
749,1412,0
749,1296,0
749,831,0
749,699,0
749,2686,0
749,1294,0
749,1163,0
749,54,0
749,532,0
749,1861,0
749,582,0
749,838,0
749,906,0
750,2657,1
750,2768,1
750,1112,1
750,795,1
750,2337,0
750,1775,0
751,675,1
751,1541,1
751,999,1
751,1402,1
751,232,0
751,2,0
751,593,0
752,2561,1
752,1156,1
752,1541,1
752,1162,1
752,398,1
752,1944,1
752,922,1
752,2212,1
752,2595,1
752,166,1
752,1191,1
752,1446,1
752,1072,1
752,1717,1
752,2489,1
752,60,1
752,2369,1
752,590,1
752,977,1
752,345,1
752,1881,1
752,1506,1
752,2532,1
752,2405,1
752,1511,1
752,102,1
752,364,1
752,493,1
752,1133,1
752,2293,1
752,629,1
752,1026,0
752,882,0
752,1066,0
752,1507,0
752,1887,0
752,1337,0
752,1600,0
752,1543,0
752,2508,0
752,455,0
752,649,0
752,2156,0
752,2206,0
752,2153,0
752,1749,0
752,1061,0
752,1136,0
752,2269,0
752,1673,0
752,496,0
752,235,0
752,2177,0
752,925,0
752,1792,0
752,736,0
752,1083,0
752,1294,0
752,331,0
752,1883,0
752,2289,0
753,903,1
753,1673,1
753,419,1
753,2351,1
753,573,1
753,190,1
753,2646,1
753,1368,1
753,737,1
753,1763,1
753,1522,1
753,1531,1
753,636,1
753,1408,0
753,287,0
753,250,0
753,2234,0
753,1097,0
753,1223,0
753,594,0
753,1363,0
753,2192,0
753,684,0
753,2418,0
753,782,0
753,1986,0
753,2577,0
753,2542,0
753,1372,0
754,1568,1
754,2212,1
754,2340,1
754,2409,1
754,1099,1
754,1484,1
754,1772,1
754,2039,1
754,284,1
754,634,0
754,6,0
754,2540,0
754,691,0
755,1865,1
755,2188,0
756,114,1
756,1677,1
756,2110,1
756,326,0
756,384,0
757,1680,1
757,2451,1
757,2073,1
757,674,1
757,2615,1
757,977,1
757,2268,1
757,1506,1
757,2277,1
757,1511,1
757,1005,1
757,1393,1
757,2718,0
757,1707,0
757,2410,0
757,2513,0
757,854,0
757,1388,0
757,1794,0
757,2764,0
757,2542,0
757,261,0
757,2614,0
758,398,1
758,271,1
758,800,1
758,1833,1
758,2232,1
758,1346,1
758,2249,1
758,2764,1
758,720,1
758,2030,1
758,1523,1
758,885,1
758,1143,1
758,1449,0
758,1177,0
758,1666,0
758,1456,0
758,1939,0
758,1231,0
758,1524,0
758,1187,0
758,1,0
758,698,0
758,2145,0
758,678,0
758,532,0
758,260,0
759,2307,1
759,3,1
759,271,1
759,655,1
759,1300,1
759,672,1
759,804,1
759,2086,1
759,935,1
759,424,1
759,1833,1
759,1446,1
759,426,1
759,1069,1
759,2093,1
759,301,1
759,946,1
759,2739,1
759,1339,1
759,573,1
759,1855,1
759,960,1
759,708,1
759,837,1
759,1609,1
759,1355,1
759,2764,1
759,1743,1
759,2644,1
759,1240,1
759,345,1
759,1756,1
759,2271,1
759,2783,1
759,1123,1
759,2660,1
759,1511,1
759,1506,1
759,497,1
759,1143,1
759,2683,1
759,127,1
759,306,0
759,2181,0
759,939,0
759,842,0
759,1017,0
759,652,0
759,14,0
759,780,0
759,2648,0
759,2759,0
759,1812,0
759,178,0
759,943,0
759,1134,0
759,81,0
759,153,0
759,577,0
759,2617,0
759,1227,0
759,565,0
759,602,0
759,1129,0
759,275,0
759,1079,0
759,184,0
759,1604,0
759,956,0
759,824,0
759,89,0
759,2489,0
759,552,0
759,241,0
759,1544,0
759,421,0
759,2780,0
759,510,0
759,2219,0
759,1821,0
759,187,0
759,2446,0
759,480,0
759,1519,0
759,656,0
759,264,0
759,2001,0
759,1846,0
759,2630,0
759,2773,0
759,743,0
760,2053,1
760,1039,1
760,1041,1
760,530,1
760,2065,1
760,532,1
760,47,1
760,2610,1
760,1083,1
760,2630,1
760,1094,1
760,589,1
760,82,1
760,2646,1
760,1111,1
760,610,1
760,1141,1
760,2170,1
760,123,1
760,1691,1
760,2246,1
760,1225,1
760,207,1
760,1744,1
760,1240,1
760,2777,1
760,1768,1
760,2297,1
760,763,1
760,2305,1
760,777,1
760,1816,1
760,282,1
760,797,1
760,812,1
760,1352,1
760,1366,1
760,857,1
760,364,1
760,2423,1
760,903,1
760,398,1
760,2448,1
760,402,1
760,1446,1
760,426,1
760,946,1
760,989,1
760,482,1
760,2537,1
760,2030,1
760,2544,1
760,1011,1
760,85,0
760,454,0
760,23,0
760,966,0
760,2163,0
760,32,0
760,1395,0
760,752,0
760,480,0
760,2331,0
760,1864,0
760,2248,0
760,1948,0
760,287,0
760,1489,0
760,2243,0
760,535,0
760,299,0
760,1129,0
760,758,0
760,1148,0
760,54,0
760,2087,0
760,1017,0
760,1782,0
760,2545,0
760,2244,0
760,1301,0
760,1596,0
760,1980,0
760,49,0
760,2781,0
760,1963,0
760,2531,0
760,1096,0
760,1181,0
760,1108,0
760,2139,0
760,714,0
760,1400,0
760,894,0
760,366,0
760,383,0
760,681,0
760,1824,0
760,1076,0
760,443,0
760,1234,0
760,2179,0
760,1045,0
760,303,0
760,2227,0
760,1836,0
760,2524,0
760,263,0
760,894,0
760,1398,0
760,2757,0
760,211,0
760,1527,0
760,2479,0
761,1283,1
761,270,1
761,1552,1
761,1945,1
761,805,1
761,295,1
761,2615,1
761,2617,1
761,2619,1
761,1983,1
761,2630,1
761,1225,1
761,980,1
761,476,1
761,482,1
761,994,1
761,873,1
761,1659,1
761,1358,0
761,652,0
761,1452,0
761,2571,0
761,1106,0
761,2223,0
761,1570,0
761,2245,0
761,2434,0
761,700,0
761,820,0
761,1463,0
761,546,0
761,1718,0
761,2550,0
761,2261,0
761,939,0
761,2572,0
762,2064,1
762,2582,1
762,1559,1
762,2075,1
762,1564,1
762,2590,1
762,31,1
762,1058,1
762,2087,1
762,1576,1
762,2095,1
762,2110,1
762,579,1
762,2116,1
762,1098,1
762,2636,1
762,594,1
762,607,1
762,102,1
762,2673,1
762,2167,1
762,1143,1
762,2683,1
762,1663,1
762,644,1
762,1162,1
762,1681,1
762,658,1
762,2711,1
762,2717,1
762,675,1
762,2234,1
762,192,1
762,2241,1
762,2249,1
762,720,1
762,2771,1
762,212,1
762,222,1
762,737,1
762,243,1
762,1273,1
762,1786,1
762,1275,1
762,252,1
762,1280,1
762,1282,1
762,2309,1
762,2324,1
762,801,1
762,2338,1
762,295,1
762,807,1
762,1855,1
762,1344,1
762,1350,1
762,1366,1
762,1881,1
762,857,1
762,2405,1
762,1894,1
762,369,1
762,885,1
762,2423,1
762,1915,1
762,388,1
762,1418,1
762,2443,1
762,2452,1
762,1446,1
762,934,1
762,1960,1
762,439,1
762,455,1
762,467,1
762,2532,1
762,2030,1
762,2544,1
762,1020,1
762,2675,0
762,128,0
762,1796,0
762,538,0
762,2759,0
762,855,0
762,229,0
762,555,0
762,1018,0
762,2439,0
762,2078,0
762,871,0
762,901,0
762,251,0
762,772,0
762,929,0
762,2283,0
762,451,0
762,1844,0
762,1234,0
762,1242,0
762,560,0
762,1972,0
762,2231,0
762,1807,0
762,1357,0
762,1166,0
762,284,0
762,480,0
762,1598,0
762,1661,0
762,1134,0
762,1218,0
762,1125,0
762,41,0
762,988,0
762,127,0
762,1669,0
762,1481,0
762,2311,0
762,547,0
762,1373,0
762,1781,0
762,1776,0
762,379,0
762,357,0
762,1110,0
762,738,0
762,1961,0
762,1639,0
762,1643,0
762,2693,0
762,1577,0
762,2783,0
762,2413,0
762,1945,0
762,708,0
762,876,0
762,2658,0
762,8,0
762,910,0
762,557,0
762,2746,0
762,1815,0
762,2434,0
762,2011,0
762,989,0
762,1922,0
762,2557,0
762,2698,0
762,2250,0
762,195,0
762,2653,0
762,1124,0
762,681,0
762,1532,0
762,829,0
762,583,0
762,2735,0
762,768,0
762,2224,0
762,1479,0
762,2665,0
762,1730,0
762,481,0
762,802,0
762,296,0
763,1029,1
763,390,1
763,1552,1
763,2355,1
763,573,1
763,977,1
763,1492,1
763,1759,1
763,1633,1
763,107,1
763,1133,1
763,2544,1
763,882,1
763,885,1
763,2297,1
763,2170,1
763,743,0
763,2246,0
763,2430,0
763,1212,0
763,1858,0
763,276,0
763,2612,0
763,810,0
763,432,0
763,2149,0
763,344,0
763,1198,0
764,2249,1
764,2290,1
764,701,1
764,1089,0
764,1612,0
764,1608,0
765,2048,1
765,512,1
765,2053,1
765,1546,1
765,526,1
765,529,1
765,2577,1
765,532,1
765,2583,1
765,1564,1
765,1053,1
765,1058,1
765,2595,1
765,2600,1
765,2088,1
765,1066,1
765,1068,1
765,2604,1
765,1583,1
765,2097,1
765,1592,1
765,571,1
765,2619,1
765,2110,1
765,575,1
765,576,1
765,2119,1
765,1609,1
765,76,1
765,2125,1
765,74,1
765,79,1
765,83,1
765,2646,1
765,2653,1
765,99,1
765,100,1
765,2152,1
765,1645,1
765,1134,1
765,628,1
765,2167,1
765,1145,1
765,2682,1
765,642,1
765,1156,1
765,1675,1
765,1674,1
765,1161,1
765,142,1
765,1181,1
765,675,1
765,170,1
765,2218,1
765,1206,1
765,1721,1
765,186,1
765,2247,1
765,713,1
765,2248,1
765,207,1
765,1232,1
765,222,1
765,2273,1
765,1249,1
765,2282,1
765,235,1
765,1776,1
765,243,1
765,755,1
765,762,1
765,252,1
765,2303,1
765,1280,1
765,255,1
765,276,1
765,281,1
765,283,1
765,801,1
765,1829,1
765,301,1
765,1328,1
765,817,1
765,818,1
765,307,1
765,2358,1
765,310,1
765,1339,1
765,830,1
765,1858,1
765,846,1
765,1871,1
765,1363,1
765,857,1
765,1882,1
765,1369,1
765,1373,1
765,2399,1
765,863,1
765,2401,1
765,1894,1
765,1897,1
765,363,1
765,1389,1
765,880,1
765,2423,1
765,890,1
765,1924,1
765,2442,1
765,2443,1
765,910,1
765,398,1
765,1939,1
765,2453,1
765,1953,1
765,1446,1
765,426,1
765,946,1
765,947,1
765,439,1
765,2489,1
765,953,1
765,1483,1
765,466,1
765,2522,1
765,2027,1
765,2542,1
765,2544,1
765,2036,1
765,2038,1
765,2040,1
765,1020,1
765,1022,1
765,2281,0
765,303,0
765,1539,0
765,449,0
765,2677,0
765,1594,0
765,530,0
765,2108,0
765,877,0
765,12,0
765,238,0
765,1133,0
765,872,0
765,1907,0
765,551,0
765,1482,0
765,2292,0
765,633,0
765,511,0
765,2301,0
765,2384,0
765,766,0
765,1734,0
765,709,0
765,1624,0
765,698,0
765,1964,0
765,2618,0
765,1899,0
765,1837,0
765,933,0
765,1309,0
765,335,0
765,2750,0
765,309,0
765,1509,0
765,731,0
765,1605,0
765,1359,0
765,2758,0
765,849,0
765,479,0
765,1300,0
765,2416,0
765,1777,0
765,693,0
765,1036,0
765,2143,0
765,2424,0
765,1433,0
765,253,0
765,2271,0
765,1272,0
765,2,0
765,1642,0
765,2101,0
765,1359,0
765,961,0
765,2739,0
765,594,0
765,2326,0
765,1594,0
765,1115,0
765,1661,0
765,1846,0
765,1863,0
765,350,0
765,1578,0
765,1462,0
765,2047,0
765,304,0
765,882,0
765,2672,0
765,2171,0
765,2389,0
765,2756,0
765,618,0
765,2402,0
765,1576,0
765,2327,0
765,2112,0
765,899,0
765,2301,0
765,2566,0
765,567,0
765,1938,0
765,2589,0
765,1538,0
765,853,0
765,2111,0
765,2102,0
765,1712,0
765,1071,0
765,133,0
765,835,0
765,2171,0
765,1888,0
765,353,0
765,2476,0
765,2219,0
765,1947,0
765,1665,0
765,2638,0
765,1450,0
765,1756,0
765,2695,0
765,1814,0
765,2411,0
765,2022,0
765,1626,0
765,2576,0
765,379,0
765,2056,0
765,2309,0
765,1973,0
765,2284,0
765,312,0
765,1677,0
765,2181,0
765,2308,0
765,1563,0
765,2683,0
765,240,0
765,2279,0
765,1155,0
765,1901,0
766,1537,1
766,512,1
766,132,1
766,1669,1
766,1286,1
766,1019,1
766,2064,1
766,401,1
766,918,1
766,1431,1
766,920,1
766,1047,1
766,47,1
766,1082,1
766,2247,1
766,207,1
766,2770,1
766,467,1
766,853,1
766,1366,1
766,477,1
766,1633,1
766,484,1
766,2791,1
766,2285,1
766,1011,1
766,1273,1
766,2642,0
766,1861,0
766,2046,0
766,1773,0
766,593,0
766,873,0
766,2171,0
766,260,0
766,1028,0
766,394,0
766,1664,0
766,1132,0
766,1037,0
766,1216,0
766,52,0
766,2743,0
766,2480,0
766,1834,0
766,1812,0
766,1789,0
766,1808,0
766,2637,0
766,205,0
766,2444,0
766,862,0
766,2246,0
766,1742,0
766,563,0
766,349,0
767,1632,1
767,1114,1
767,1597,1
767,222,1
767,146,0
767,1427,0
767,745,0
767,1503,0
767,1110,0
768,2653,1
768,830,1
768,2756,0
768,209,0
768,528,0
769,1794,1
769,907,1
769,1936,1
769,31,1
769,824,1
769,576,1
769,2241,1
769,840,1
769,886,1
769,507,1
769,1745,0
769,1134,0
769,717,0
769,2571,0
769,1879,0
769,2595,0
769,71,0
769,2512,0
769,894,0
769,1947,0
769,2229,0
770,1766,1
770,1963,0
771,1188,1
771,136,0
771,2010,0
772,169,1
772,2203,1
772,956,1
772,166,0
772,2075,0
772,2755,0
772,2071,0
772,777,0
773,898,1
774,14,1
774,2008,1
774,1769,0
774,840,0
774,1639,0
774,1490,0
775,969,1
775,469,1
776,1120,1
776,742,1
776,1267,1
776,1558,1
776,956,1
776,2658,0
776,106,0
776,1214,0
776,210,0
776,858,0
776,507,0
777,257,1
777,99,1
777,1732,1
777,1262,1
777,838,0
777,404,0
777,1111,0
779,2740,0
780,2138,1
780,1291,1
780,1359,1
780,327,0
780,2474,0
780,1304,0
781,2008,1
781,1626,1
781,2587,1
781,2022,0
781,2319,0
781,1496,0
782,2587,1
783,1120,1
783,742,1
783,2005,1
783,496,0
783,2267,0
783,648,0
783,1741,0
784,169,1
784,2484,1
784,1307,1
784,1447,0
784,1107,0
784,2332,0
784,661,0
784,800,0
784,1255,0
785,2465,1
785,1509,1
785,136,1
785,1191,1
785,935,1
785,1789,1
785,869,0
785,259,0
785,2705,0
785,1783,0
785,615,0
785,728,0
786,679,1
787,781,1
787,754,0
788,330,1
789,1728,1
789,2466,1
789,330,1
789,1743,1
789,1013,1
790,1074,1
790,463,0
790,510,0
791,2387,1
791,273,0
792,2456,1
792,2030,0
792,1125,0
793,644,1
793,166,1
793,2501,1
793,2246,1
793,1994,1
793,1744,1
793,1492,1
793,2661,1
793,2790,1
793,2277,1
793,494,1
793,2416,1
793,1522,1
793,2297,1
793,1678,0
793,519,0
793,1791,0
793,2334,0
793,1419,0
793,2398,0
793,1673,0
793,441,0
793,367,0
793,456,0
793,1261,0
793,2268,0
793,2112,0
794,129,1
794,1398,1
794,926,1
794,376,0
794,1668,0
794,640,0
795,2682,1
795,964,1
795,2470,0
795,606,0
796,1024,1
796,467,0
797,2332,1
797,1652,0
798,1776,1
798,2020,0
799,2363,0
800,1805,1
800,2033,0
801,784,1
801,1526,0
801,420,0
802,2415,0
803,368,1
803,571,1
803,1489,0
803,367,0
803,899,0
806,2395,1
806,1851,0
807,2091,1
807,667,1
807,473,0
808,667,1
809,2755,1
809,638,0
809,2277,0
810,667,1
811,2245,1
811,667,1
811,990,1
811,2131,0
811,1615,0
811,484,0
812,2245,1
812,2671,0
813,640,1
814,2245,1
814,615,1
814,958,0
814,1243,0
815,6,1
815,2375,0
816,948,1
816,1910,0
817,1496,0
818,1537,1
818,2053,1
818,7,1
818,2059,1
818,1040,1
818,2066,1
818,1058,1
818,2083,1
818,2598,1
818,47,1
818,54,1
818,2617,1
818,2632,1
818,585,1
818,1641,1
818,1132,1
818,2686,1
818,1670,1
818,2189,1
818,1689,1
818,667,1
818,1700,1
818,2739,1
818,2240,1
818,705,1
818,2755,1
818,195,1
818,2245,1
818,2785,1
818,2285,1
818,1262,1
818,2304,1
818,1286,1
818,2316,1
818,1809,1
818,796,1
818,1320,1
818,814,1
818,1843,1
818,314,1
818,844,1
818,1359,1
818,1367,1
818,1376,1
818,355,1
818,1400,1
818,2426,1
818,390,1
818,2465,1
818,1953,1
818,2485,1
818,956,1
818,1984,1
818,1985,1
818,969,1
818,2513,1
818,2515,1
818,1493,1
818,2008,1
818,1003,1
818,1531,1
818,1418,0
818,1582,0
818,755,0
818,121,0
818,2692,0
818,1769,0
818,1064,0
818,2440,0
818,2299,0
818,2106,0
818,2256,0
818,885,0
818,1696,0
818,1363,0
818,2578,0
818,1903,0
818,1898,0
818,27,0
818,2406,0
818,2231,0
818,2383,0
818,871,0
818,1076,0
818,2744,0
818,2038,0
818,2371,0
818,2196,0
818,288,0
818,976,0
818,2481,0
818,228,0
818,913,0
818,2007,0
818,1970,0
818,2401,0
818,2232,0
818,2213,0
818,2716,0
818,1574,0
818,2430,0
818,1005,0
818,598,0
818,848,0
818,150,0
818,460,0
818,439,0
818,2543,0
818,927,0
818,339,0
818,1490,0
818,2261,0
818,2596,0
818,1982,0
818,2784,0
818,2400,0
818,1706,0
819,49,1
819,2026,1
819,195,1
820,2304,1
820,2066,1
820,2578,1
820,2083,1
820,821,1
820,1463,1
820,314,1
820,2363,1
820,1985,1
820,2632,1
820,844,1
820,2008,1
820,98,1
820,615,1
820,1003,1
820,2175,1
820,2258,0
820,797,0
820,2115,0
820,300,0
820,1715,0
820,2078,0
820,790,0
820,417,0
820,1075,0
820,496,0
820,1089,0
820,391,0
820,1418,0
820,2758,0
820,521,0
820,1525,0
821,608,0
823,1999,0
824,1994,1
824,2103,0
825,571,1
825,848,0
826,898,1
826,386,1
826,1286,1
826,2058,1
826,1675,1
826,144,1
826,1172,1
826,1048,1
826,2591,1
826,1831,1
826,1129,1
826,1718,1
826,2745,1
826,2619,1
826,830,1
826,1727,1
826,2633,1
826,1866,1
826,719,1
826,336,1
826,81,1
826,2005,1
826,1877,1
826,2394,1
826,737,1
826,1892,1
826,631,1
826,489,1
826,748,1
826,496,1
826,2032,1
826,1263,1
826,1011,1
826,2421,1
826,754,1
826,151,0
826,1798,0
826,879,0
826,2577,0
826,1943,0
826,688,0
826,227,0
826,2350,0
826,1756,0
826,218,0
826,1077,0
826,68,0
826,2208,0
826,46,0
826,2447,0
826,1128,0
826,90,0
826,493,0
826,733,0
826,1299,0
826,1283,0
826,484,0
826,743,0
826,41,0
826,1784,0
826,1405,0
826,627,0
826,786,0
826,187,0
826,2558,0
826,1964,0
826,2328,0
826,339,0
826,2622,0
826,62,0
826,8,0
826,1751,0
826,2265,0
826,1978,0
826,2790,0
826,2132,0
826,1093,0
826,1424,0
826,783,0
826,2556,0
826,1305,0
826,549,0
826,790,0
826,2131,0
826,63,0
826,78,0
827,2245,1
827,710,1
827,2643,1
827,2640,0
827,708,0
827,2745,0
827,2345,0
828,964,1
829,2058,1
830,2188,1
830,2643,1
830,2484,1
830,1595,0
830,494,0
830,1460,0
830,2604,0
831,257,1
832,2188,1
832,1509,1
832,1415,0
832,2719,0
833,257,1
833,1969,0
834,1994,1
835,1994,1
835,646,0
836,1126,1
836,1078,0
836,1428,0
837,1985,1
837,1825,1
837,2575,1
837,663,0
837,2644,0
837,2484,0
839,948,1
840,773,1
841,453,0
841,794,0
842,1302,1
842,244,0
843,57,1
843,884,1
843,76,1
843,337,0
844,2755,1
844,311,1
844,2372,0
844,681,0
845,2408,1
845,1369,1
845,2547,1
845,2549,1
845,2676,0
845,853,0
846,2686,1
846,1808,0
847,1204,1
847,764,0
847,1850,0
848,1728,1
848,802,1
848,1819,1
848,1966,1
848,1695,0
848,2743,0
848,1253,0
848,2174,0
849,898,1
849,169,1
849,1779,1
849,571,1
849,1500,1
849,808,0
849,16,0
849,146,0
849,1736,0
849,2060,0
850,771,1
850,1286,1
850,518,1
850,2053,1
850,2574,1
850,2575,1
850,2447,1
850,1296,1
850,1912,1
850,1052,1
850,924,1
850,1312,1
850,2594,1
850,931,1
850,1188,1
850,678,1
850,1958,1
850,47,1
850,1979,1
850,1727,1
850,1985,1
850,833,1
850,198,1
850,332,1
850,1101,1
850,1870,1
850,1360,1
850,2127,1
850,1102,1
850,2777,1
850,857,1
850,477,1
850,1249,1
850,2656,1
850,1637,1
850,360,1
850,1645,1
850,2553,1
850,2231,0
850,2155,0
850,403,0
850,2691,0
850,321,0
850,2782,0
850,2187,0
850,668,0
850,1508,0
850,1713,0
850,1999,0
850,768,0
850,2477,0
850,991,0
850,548,0
850,1914,0
850,2169,0
850,2138,0
850,1252,0
850,212,0
850,2690,0
850,1676,0
850,1021,0
850,1502,0
850,1186,0
850,374,0
850,1771,0
850,1933,0
850,992,0
850,1404,0
850,1199,0
850,1235,0
850,2039,0
850,1365,0
850,227,0
851,1816,1
851,1567,1
851,1317,1
851,183,1
851,451,1
851,1870,1
851,2770,1
851,484,1
851,996,1
851,1515,1
851,2421,1
851,2294,1
851,744,0
851,1908,0
851,2197,0
851,2782,0
851,522,0
851,2682,0
851,45,0
851,1099,0
851,2035,0
851,2150,0
851,500,0
851,345,0
851,2677,0
852,1702,0
853,286,1
853,1777,0
853,697,0
853,1213,0
853,2412,0
854,1152,1
854,771,1
854,1157,1
854,1286,1
854,1293,1
854,2317,1
854,1809,1
854,401,1
854,2068,1
854,1947,1
854,1057,1
854,2551,1
854,1571,1
854,937,1
854,2476,1
854,814,1
854,816,1
854,309,1
854,1740,1
854,2767,1
854,2513,1
854,1504,1
854,2023,1
854,504,1
854,488,1
854,1515,1
854,2675,1
854,1653,1
854,502,1
854,1783,1
854,2300,1
854,1151,1
854,2261,0
854,2547,0
854,1668,0
854,2758,0
854,1475,0
854,1416,0
854,836,0
854,2405,0
854,1566,0
854,2518,0
854,286,0
854,2331,0
854,1163,0
854,2521,0
854,2210,0
854,2220,0
854,1863,0
854,2676,0
854,86,0
854,359,0
854,2647,0
854,2208,0
854,2387,0
854,1499,0
855,1186,1
856,132,1
856,389,1
856,1284,1
856,1799,1
856,2584,1
856,1177,1
856,1180,1
856,1569,1
856,1698,1
856,419,1
856,2469,1
856,683,1
856,812,1
856,2478,1
856,1839,1
856,687,1
856,433,1
856,1329,1
856,819,1
856,2746,1
856,1981,1
856,320,1
856,2238,1
856,1854,1
856,1351,1
856,329,1
856,1484,1
856,1996,1
856,1615,1
856,2517,1
856,2263,1
856,1241,1
856,477,1
856,1636,1
856,496,1
856,2417,1
856,2034,1
856,2291,1
856,2422,1
856,2553,1
856,1402,1
856,1533,1
856,291,0
856,451,0
856,2024,0
856,1907,0
856,1687,0
856,142,0
856,2047,0
856,2533,0
856,910,0
856,2568,0
856,2704,0
856,702,0
856,77,0
856,145,0
856,988,0
856,631,0
856,808,0
856,357,0
856,370,0
856,1389,0
856,1956,0
856,1561,0
856,869,0
856,2710,0
856,1353,0
856,1006,0
856,1842,0
856,2479,0
856,1068,0
856,2508,0
856,429,0
856,2312,0
856,2603,0
856,395,0
856,859,0
856,1850,0
856,1400,0
856,1619,0
856,613,0
856,1947,0
856,841,0
856,766,0
856,1405,0
856,1926,0
856,2766,0
857,1500,1
857,2755,1
857,948,1
857,52,1
857,1666,0
857,1095,0
858,263,1
858,2697,1
858,2188,1
858,1420,1
858,2577,1
858,2707,1
858,145,1
858,2200,1
858,2203,1
858,37,1
858,679,1
858,939,1
858,2485,1
858,438,1
858,571,1
858,572,1
858,2493,1
858,964,1
858,2758,1
858,76,1
858,1616,1
858,2387,1
858,340,1
858,599,1
858,1500,1
858,1509,1
858,1002,1
858,1776,1
858,1779,1
858,1530,1
858,1761,0
858,653,0
858,1305,0
858,1262,0
858,1812,0
858,1236,0
858,82,0
858,1382,0
858,1598,0
858,685,0
858,619,0
858,700,0
858,559,0
858,1612,0
858,507,0
858,1545,0
858,184,0
858,1533,0
858,751,0
858,1993,0
858,2790,0
859,1537,1
859,508,1
859,571,0
859,148,0
859,563,0
860,1494,1
860,1787,0
861,195,1
861,903,0
862,2057,1
862,1803,1
862,1422,1
862,1423,1
862,398,1
862,2705,1
862,914,1
862,1056,1
862,1699,1
862,2085,1
862,1449,1
862,297,1
862,2606,1
862,692,1
862,1464,1
862,824,1
862,953,1
862,195,1
862,964,1
862,2630,1
862,2632,1
862,203,1
862,2766,1
862,1240,1
862,480,1
862,1633,1
862,2537,1
862,2026,1
862,1903,1
862,1783,1
862,1532,1
862,1663,1
862,1183,0
862,1273,0
862,484,0
862,541,0
862,600,0
862,2336,0
862,847,0
862,785,0
862,349,0
862,2128,0
862,2601,0
862,634,0
862,1914,0
862,1199,0
862,2485,0
862,1186,0
862,2375,0
862,788,0
862,641,0
862,1153,0
862,2166,0
862,349,0
862,2014,0
862,481,0
862,472,0
862,1297,0
862,1859,0
862,1385,0
862,111,0
862,1281,0
863,1286,1
863,814,1
863,499,1
863,948,1
863,667,1
863,2189,0
863,1013,0
863,2780,0
863,222,0
864,1286,1
864,524,1
864,914,1
864,1047,1
864,1431,1
864,667,1
864,679,1
864,814,1
864,2485,1
864,1602,1
864,215,1
864,1240,1
864,858,1
864,1663,1
864,1664,0
864,1606,0
864,2770,0
864,414,0
864,1976,0
864,577,0
864,514,0
864,2231,0
864,2599,0
864,9,0
864,2110,0
864,2185,0
865,2755,1
865,1286,1
866,1400,1
866,2177,0
867,1537,1
867,2682,1
867,964,1
867,1420,0
867,2720,0
867,2255,0
868,615,1
868,1616,1
868,529,1
868,1779,1
868,2288,1
868,821,1
868,1878,1
868,667,1
868,1199,0
868,429,0
868,2089,0
868,268,0
868,733,0
868,1474,0
868,491,0
868,2466,0
869,2022,1
869,47,1
869,496,1
869,1299,1
869,190,1
869,595,0
869,76,0
869,1172,0
869,142,0
870,969,1
870,2001,1
870,1530,0
871,129,1
871,781,1
871,782,1
871,1183,1
871,1062,1
871,54,1
871,964,1
871,2758,1
871,463,1
871,2005,1
871,2529,1
871,1779,1
871,131,0
871,108,0
871,2222,0
871,1301,0
871,1299,0
871,249,0
871,765,0
871,1869,0
872,1262,1
872,814,1
872,719,1
872,345,0
872,2660,0
872,2315,0
873,1979,1
873,2755,1
873,2189,1
873,67,0
874,773,1
875,601,1
875,1295,0
875,2356,0
876,2197,1
876,2334,0
877,640,1
877,783,1
877,2395,1
877,956,1
877,2249,0
877,993,0
878,640,1
878,1099,1
878,2036,1
878,1141,1
878,2745,1
878,1520,0
878,232,0
878,2727,0
878,1830,0
879,2755,1
879,296,1
879,1834,1
879,813,1
879,2390,0
879,2613,0
879,307,0
879,322,0
879,2182,0
879,240,0
879,2481,0
880,686,1
880,1126,1
880,2048,0
880,130,0
881,640,1
881,738,1
881,236,0
881,935,0
881,1666,0
881,546,0
882,2632,1
882,1935,1
882,1296,1
882,2482,1
882,408,1
882,2395,1
882,989,1
882,1359,0
882,570,0
882,2058,0
882,244,0
882,666,0
882,2479,0
882,1906,0
883,2395,1
883,1273,0
884,697,1
885,1322,1
885,954,0
885,555,0
886,1931,1
886,1159,1
886,1842,0
887,1322,1
887,1231,0
888,235,1
888,1077,0
889,2467,1
889,444,1
889,551,1
890,1997,1
890,2759,1
890,2011,0
890,2157,0
890,1718,0
890,463,0
891,2460,0
892,1286,1
892,2443,1
892,1039,1
892,2755,1
892,964,1
892,1742,1
892,2513,1
892,2785,1
892,994,1
892,748,1
892,1142,1
892,758,1
892,2682,1
892,1811,0
892,1304,0
892,1734,0
892,1626,0
892,2096,0
892,2747,0
892,2636,0
892,2229,0
892,1547,0
892,2411,0
892,818,0
892,2459,0
892,519,0
893,235,1
894,151,0
895,848,0
896,1665,1
896,2632,0
897,2626,1
898,2513,0
899,524,1
899,556,0
900,49,1
900,2344,0
901,49,1
902,2682,1
902,1967,0
903,205,1
904,2759,1
905,218,0
906,969,1
906,715,1
906,314,1
906,1821,0
906,28,0
906,906,0
906,1421,0
906,948,0
906,2676,0
907,1776,1
907,1099,1
908,2208,1
908,1088,1
908,951,0
908,225,0
909,229,0
910,2755,1
910,1458,1
910,1076,1
910,2485,1
910,1400,1
910,925,0
910,609,0
910,1900,0
910,2438,0
910,834,0
910,1640,0
911,970,1
911,2026,1
911,814,1
911,464,1
911,1142,1
911,858,1
911,1979,1
911,2138,0
911,2040,0
911,632,0
911,1614,0
911,1597,0
911,350,0
911,1429,0
912,895,0
913,162,1
914,1878,1
914,520,0
914,608,0
915,938,1
916,193,1
916,2054,1
916,1809,1
916,2036,1
916,758,1
916,183,1
916,2220,0
916,1136,0
916,1478,0
916,723,0
916,2030,0
916,1592,0
916,1334,0
916,1080,0
916,1466,0
916,2069,0
917,1537,1
918,443,1
918,2458,0
920,2755,1
920,667,1
920,1640,0
921,2546,1
921,421,0
922,2682,1
923,1120,1
923,2643,1
923,948,1
923,23,1
923,983,1
923,1979,1
923,2175,1
923,539,0
923,970,0
923,211,0
923,1740,0
923,1480,0
923,245,0
923,2681,0
923,1818,0
923,2735,0
925,814,1
926,796,1
926,1039,1
926,1727,1
926,2621,0
927,2085,1
927,2739,1
927,2227,1
927,343,1
927,2009,0
927,2763,0
927,1461,0
928,1803,1
928,810,0
929,1048,1
929,422,0
930,881,1
931,1039,1
931,1353,0
932,1920,1
932,2113,1
932,1099,1
932,1727,1
932,2034,0
932,448,0
932,445,0
932,1604,0
933,1317,0
934,264,1
934,207,1
934,2577,1
934,1753,1
934,1269,0
934,1077,0
934,91,0
934,886,0
934,578,0
935,679,1
935,2387,1
935,1397,1
935,249,0
936,2245,1
936,2791,1
936,1286,0
937,34,1
937,1082,1
937,1286,1
937,47,1
937,2288,1
937,2064,1
937,2265,1
937,186,1
937,1979,1
937,2556,1
937,2493,1
937,670,1
937,2272,0
937,1860,0
937,1514,0
937,1182,0
937,406,0
937,1647,0
937,774,0
937,717,0
937,1534,0
937,380,0
937,535,0
937,2449,0
938,205,0
939,1039,1
939,521,0
940,1470,1
940,1931,0
941,1397,1
941,517,0
942,1896,1
942,1449,1
942,1320,1
942,2486,1
942,2175,1
942,2219,0
942,733,0
942,1845,0
942,2562,0
942,1953,0
942,361,0
943,1776,1
943,796,0
944,763,1
944,2255,0
944,603,0
944,1303,0
946,2693,0
947,459,1
948,278,1
948,2435,0
948,587,0
949,512,1
949,2561,1
949,1542,1
949,2582,1
949,24,1
949,2599,1
949,557,1
949,1582,1
949,1072,1
949,1071,1
949,2095,1
949,2613,1
949,2615,1
949,1083,1
949,1597,1
949,1094,1
949,2122,1
949,1611,1
949,1614,1
949,2653,1
949,1633,1
949,102,1
949,2663,1
949,1129,1
949,1134,1
949,114,1
949,2675,1
949,644,1
949,647,1
949,1674,1
949,1171,1
949,1181,1
949,1194,1
949,684,1
949,179,1
949,2234,1
949,2238,1
949,2247,1
949,719,1
949,212,1
949,2265,1
949,2777,1
949,2783,1
949,758,1
949,247,1
949,2310,1
949,1292,1
949,2316,1
949,797,1
949,805,1
949,820,1
949,1338,1
949,830,1
949,321,1
949,1356,1
949,845,1
949,2382,1
949,332,1
949,846,1
949,1366,1
949,1368,1
949,1892,1
949,360,1
949,1897,1
949,885,1
949,886,1
949,903,1
949,392,1
949,2443,1
949,397,1
949,2457,1
949,931,1
949,1956,1
949,1958,1
949,1446,1
949,943,1
949,1456,1
949,1968,1
949,437,1
949,953,1
949,2489,1
949,1983,1
949,1988,1
949,1483,1
949,2511,1
949,476,1
949,2030,1
949,2034,1
949,1468,0
949,1995,0
949,2686,0
949,145,0
949,1231,0
949,1579,0
949,862,0
949,650,0
949,1776,0
949,2461,0
949,159,0
949,1370,0
949,2373,0
949,379,0
949,2401,0
949,1286,0
949,1153,0
949,2327,0
949,214,0
949,838,0
949,2188,0
949,2730,0
949,2472,0
949,344,0
949,409,0
949,121,0
949,46,0
949,1904,0
949,811,0
949,2621,0
949,1867,0
949,2398,0
949,352,0
949,2751,0
949,2503,0
949,2719,0
949,1592,0
949,2304,0
949,1890,0
949,2263,0
949,1824,0
949,1324,0
949,2749,0
949,809,0
949,739,0
949,2106,0
949,2435,0
949,69,0
949,1840,0
949,423,0
949,2314,0
949,1157,0
949,1893,0
949,2056,0
949,182,0
949,1045,0
949,2687,0
949,433,0
949,2399,0
949,1110,0
949,1219,0
949,1584,0
949,2340,0
949,683,0
949,289,0
949,1245,0
949,2399,0
949,1221,0
949,910,0
949,676,0
949,2193,0
949,2140,0
949,976,0
949,49,0
949,1839,0
949,1219,0
949,1299,0
949,1767,0
949,1416,0
949,2357,0
949,2720,0
949,932,0
949,986,0
949,660,0
949,193,0
949,2211,0
950,57,1
950,2412,1
950,1756,0
951,662,1
952,884,1
952,780,0
952,311,0
953,1809,1
953,2117,0
954,2113,1
954,1114,1
954,910,1
954,637,0
955,2098,1
955,2213,1
955,573,0
956,228,1
956,816,0
957,1984,1
957,2175,1
957,354,0
957,190,0
958,2198,0
959,594,0
959,2676,0
960,1825,1
960,758,1
961,2312,1
961,844,1
961,354,0
961,2450,0
962,1728,1
963,1825,1
963,758,1
963,672,1
963,1113,0
963,823,0
964,1056,1
964,213,1
964,617,0
964,301,0
965,278,1
965,1050,0
966,2682,1
966,756,0
966,842,0
967,2175,1
967,887,0
968,2785,1
968,6,1
968,1458,1
968,2098,1
968,2485,1
968,758,1
968,1142,1
968,858,1
968,2230,0
968,1267,0
968,2415,0
968,1048,0
968,1465,0
968,1467,0
969,459,1
970,577,1
970,2544,1
970,2705,1
970,2546,1
970,9,0
970,1483,0
970,2783,0
970,1554,0
971,1088,1
971,822,1
972,2755,1
972,242,1
972,497,0
972,1395,0
972,2413,0
972,436,0
973,858,1
973,2485,1
973,576,0
975,254,0
976,1053,1
977,2142,1
978,39,0
980,2717,1
980,2338,1
980,802,1
980,685,1
980,46,1
980,2480,1
980,318,1
980,1612,1
980,1754,1
980,1244,1
980,1892,1
980,106,1
980,373,1
980,1745,0
980,1558,0
980,998,0
980,1208,0
980,1168,0
980,1250,0
980,577,0
980,930,0
980,709,0
980,2323,0
980,530,0
980,910,0
980,2161,0
980,448,0
981,2363,1
981,2092,0
981,1272,0
981,623,0
982,129,1
982,1743,1
982,912,1
982,2546,1
982,1765,0
982,2389,0
982,120,0
982,906,0
983,814,1
983,1450,0
984,1053,1
984,149,0
984,100,0
985,896,1
985,211,1
985,1246,1
985,2231,0
985,268,0
985,1711,0
985,2475,0
986,1099,1
987,1066,0
988,2626,1
988,1743,1
988,436,0
989,2739,1
990,2626,1
990,1053,1
990,2682,1
990,1673,0
991,2785,1
991,1796,1
991,263,0
991,1039,0
992,1984,1
992,392,1
992,1706,1
992,2059,1
992,2222,1
992,736,0
992,1329,0
993,409,1
993,125,0
994,2048,1
994,1540,1
994,1542,1
994,520,1
994,2057,1
994,2574,1
994,557,1
994,2095,1
994,2625,1
994,2630,1
994,1610,1
994,2639,1
994,2640,1
994,79,1
994,1108,1
994,1620,1
994,1117,1
994,606,1
994,1632,1
994,2663,1
994,1133,1
994,1646,1
994,2673,1
994,1653,1
994,1147,1
994,1671,1
994,139,1
994,1678,1
994,149,1
994,1691,1
994,669,1
994,2217,1
994,2218,1
994,1740,1
994,2767,1
994,2268,1
994,1771,1
994,1268,1
994,2298,1
994,2303,1
994,256,1
994,259,1
994,771,1
994,772,1
994,1283,1
994,780,1
994,1293,1
994,1809,1
994,789,1
994,1814,1
994,1310,1
994,2341,1
994,1318,1
994,1832,1
994,297,1
994,833,1
994,846,1
994,1375,1
994,2405,1
994,1903,1
994,371,1
994,1395,1
994,1912,1
994,1917,1
994,1922,1
994,396,1
994,1424,1
994,917,1
994,410,1
994,1947,1
994,1450,1
994,2476,1
994,1965,1
994,1968,1
994,973,1
994,2518,1
994,2521,1
994,992,1
994,488,1
994,1008,1
994,502,1
994,2551,1
994,504,1
994,2044,1
994,166,0
994,2554,0
994,2517,0
994,1568,0
994,1076,0
994,448,0
994,1348,0
994,734,0
994,1875,0
994,135,0
994,657,0
994,161,0
994,986,0
994,1435,0
994,496,0
994,2570,0
994,282,0
994,2311,0
994,86,0
994,1697,0
994,58,0
994,145,0
994,2683,0
994,898,0
994,1974,0
994,876,0
994,2650,0
994,5,0
994,704,0
994,2698,0
994,706,0
994,694,0
994,2161,0
994,2775,0
994,1775,0
994,2567,0
994,1852,0
994,2534,0
994,2769,0
994,2447,0
994,147,0
994,847,0
994,499,0
994,521,0
994,1043,0
994,1224,0
994,2342,0
994,1970,0
994,1746,0
994,495,0
994,2317,0
994,1086,0
994,1504,0
994,2092,0
994,1114,0
994,204,0
994,869,0
994,2375,0
994,1934,0
994,1676,0
994,878,0
994,2356,0
994,283,0
994,598,0
994,2254,0
994,1398,0
994,1792,0
994,2273,0
994,2662,0
994,2644,0
994,1761,0
994,1579,0
994,2093,0
995,459,1
995,2121,0
996,2213,1
997,2240,1
997,2785,1
997,1003,1
997,2412,1
997,1981,1
997,270,0
997,2391,0
997,227,0
997,2773,0
998,2785,1
999,173,0
1000,240,1
1000,2054,1
1000,1147,0
1001,1336,1
1001,2370,0
1004,1728,1
1004,2379,1
1004,1683,1
1004,606,1
1004,775,0
1004,496,0
1004,1710,0
1004,1599,0
1004,567,0
1004,1098,0
1004,2428,0
1004,904,0
1005,546,0
1006,1825,1
1006,1985,1
1006,1512,1
1006,719,1
1006,2068,1
1006,758,1
1006,1271,1
1006,1975,0
1006,946,0
1006,1845,0
1006,1370,0
1006,1642,0
1006,265,0
1006,1100,0
1006,579,0
1006,752,0
1007,2758,1
1007,496,1
1007,755,1
1007,1397,1
1007,767,1
1007,2336,0
1007,266,0
1007,676,0
1007,413,0
1007,86,0
1007,1074,0
1007,1488,0
1008,7,1
1008,418,0
1009,1537,1
1009,2785,1
1009,195,1
1009,624,1
1009,1487,0
1009,124,0
1009,2141,0
1009,2412,0
1010,843,0
1011,642,1
1011,2324,1
1011,1564,1
1011,31,1
1011,2234,1
1011,2622,1
1011,1350,1
1011,840,1
1011,2779,1
1011,2163,1
1011,71,0
1011,1026,0
1011,2235,0
1011,2759,0
1011,1516,0
1011,1318,0
1011,2487,0
1011,464,0
1011,1870,0
1011,2028,0
1011,183,0
1011,2591,0
1011,1499,0
1012,2278,1
1012,1131,0
1013,119,1
1015,705,1
1015,473,0
1015,13,0
1016,2578,1
1016,98,1
1016,2769,0
1018,948,0
1019,22,1
1019,779,0
1020,1537,1
1020,2785,1
1020,195,1
1020,1985,1
1020,1633,1
1020,2316,1
1020,51,0
1020,1712,0
1020,598,0
1020,1603,0
1021,2312,1
1021,2058,1
1021,272,1
1021,28,1
1021,1056,1
1021,1189,1
1021,1702,1
1021,308,1
1021,1985,1
1021,597,1
1021,2785,1
1021,1764,1
1021,2790,1
1021,1896,1
1021,624,1
1021,2546,1
1021,761,1
1021,1997,0
1021,121,0
1021,1753,0
1021,2121,0
1021,464,0
1021,2524,0
1021,2199,0
1021,2028,0
1021,712,0
1021,1064,0
1021,1543,0
1021,2111,0
1021,1207,0
1021,2737,0
1021,2608,0
1021,2403,0
1021,1813,0
1022,2443,0
1024,2114,0
1025,416,1
1025,2683,1
1025,631,0
1026,2041,1
1026,2717,0
1028,363,1
1028,207,1
1028,785,1
1028,544,0
1028,152,0
1028,2432,0
1028,176,0
1028,1420,0
1029,2253,1
1029,1328,1
1029,2301,1
1029,2495,1
1029,11,0
1029,1562,0
1029,1999,0
1030,1825,1
1030,2423,0
1031,1611,1
1031,1267,0
1032,2722,1
1032,1611,1
1032,1971,0
1032,850,0
1035,1145,1
1035,1449,1
1035,664,1
1035,926,1
1035,2075,1
1035,1853,1
1035,2487,0
1035,1614,0
1035,1068,0
1035,1244,0
1035,2789,0
1035,1406,0
1035,2200,0
1035,704,0
1036,1611,1
1036,1051,0
1037,259,1
1037,2687,0
1038,898,1
1038,773,1
1038,6,1
1038,2575,1
1038,1302,1
1038,667,1
1038,1825,1
1038,2091,1
1038,2222,1
1038,948,1
1038,1984,1
1038,2790,1
1038,615,1
1038,1142,1
1038,634,1
1038,1664,0
1038,1072,0
1038,2153,0
1038,150,0
1038,2160,0
1038,2396,0
1038,2336,0
1038,496,0
1038,1299,0
1038,599,0
1038,1882,0
1038,1691,0
1038,1670,0
1038,1369,0
1038,178,0
1038,2068,0
1039,1663,1
1040,2531,0
1040,2481,0
1041,1027,1
1041,821,0
1042,1611,1
1042,1153,0
1043,1803,1
1044,1488,1
1044,1767,0
1045,1611,1
1045,1118,1
1046,685,0
1047,957,1
1048,301,1
1049,100,0
1050,2168,1
1051,1663,1
1052,1664,1
1052,1029,1
1052,1674,1
1052,397,1
1052,2453,1
1052,22,1
1052,1059,1
1052,166,1
1052,1446,1
1052,424,1
1052,1071,1
1052,561,1
1052,947,1
1052,2613,1
1052,2746,1
1052,964,1
1052,1733,1
1052,453,1
1052,2761,1
1052,1098,1
1052,1610,1
1052,207,1
1052,1113,1
1052,2141,1
1052,994,1
1052,487,1
1052,872,1
1052,2542,1
1052,2544,1
1052,2163,1
1052,2550,1
1052,2679,1
1052,481,0
1052,2467,0
1052,2609,0
1052,2735,0
1052,2080,0
1052,1851,0
1052,763,0
1052,2694,0
1052,2734,0
1052,827,0
1052,250,0
1052,1140,0
1052,69,0
1052,1461,0
1052,2332,0
1052,1463,0
1052,1369,0
1052,1801,0
1052,1702,0
1052,2192,0
1052,2441,0
1052,1978,0
1052,1867,0
1052,2373,0
1052,543,0
1052,449,0
1052,2189,0
1052,2387,0
1052,506,0
1052,792,0
1052,2175,0
1053,2036,1
1053,442,0
1054,2168,1
1054,2178,0
1055,1443,0
1055,1111,0
1056,1343,0
1056,145,0
1057,2091,1
1057,1322,0
1058,2224,1
1059,1482,0
1060,259,1
1060,2091,1
1060,2260,1
1060,1526,0
1060,2183,0
1060,1135,0
1061,830,0
1062,2437,1
1062,938,1
1062,1355,1
1062,1005,1
1062,1240,1
1062,2364,0
1062,232,0
1062,795,0
1062,278,0
1063,298,1
1063,275,1
1063,52,1
1063,251,0
1063,2430,0
1064,1644,1
1064,998,0
1064,558,0
1064,1504,0
1065,2688,1
1065,1922,1
1065,1424,1
1065,543,1
1065,2464,1
1065,1078,1
1065,696,1
1065,1981,1
1065,958,1
1065,1216,1
1065,1218,1
1065,2643,1
1065,2517,1
1065,2659,1
1065,242,1
1065,758,1
1065,1271,1
1065,778,0
1065,783,0
1065,742,0
1065,2291,0
1065,1066,0
1065,300,0
1065,2519,0
1065,1206,0
1065,560,0
1065,211,0
1065,809,0
1065,80,0
1065,201,0
1065,2557,0
1065,387,0
1065,1040,0
1065,1436,0
1065,24,0
1066,2446,1
1066,1920,0
1067,13,1
1067,1985,0
1068,2559,1
1069,2632,1
1069,1611,1
1069,501,1
1069,2660,0
1069,146,0
1070,1397,1
1070,688,0
1071,1450,1
1071,902,1
1072,1814,1
1073,747,1
1073,2321,0
1073,890,0
1074,902,1
1074,171,0
1075,119,1
1075,623,0
1076,1318,1
1076,2222,1
1076,1302,1
1076,1727,1
1076,784,0
1076,2017,0
1076,382,0
1076,1175,0
1076,2715,0
1076,1021,0
1076,890,0
1076,1228,0
1077,1146,0
1078,1892,1
1078,1706,1
1078,301,1
1078,912,1
1078,1240,1
1078,1531,1
1078,1663,1
1078,384,0
1078,1810,0
1078,2241,0
1078,922,0
1078,1132,0
1078,1366,0
1078,2524,0
1078,525,0
1079,281,1
1080,459,1
1080,631,1
1080,2460,1
1080,1973,0
1080,392,0
1080,2344,0
1080,1942,0
1080,529,0
1080,1006,0
1081,2288,1
1081,2374,0
1082,2518,1
1083,695,1
1083,603,0
1084,2121,1
1084,1103,1
1084,678,0
1085,1320,1
1085,1611,1
1085,2344,0
1085,500,0
1087,2076,1
1088,1825,1
1088,1647,1
1088,2224,1
1088,191,0
1088,1737,0
1089,780,1
1089,1814,1
1089,801,0
1089,1592,0
1090,1449,1
1090,2459,1
1090,1292,0
1090,2018,0
1091,2785,1
1091,1320,1
1091,2632,1
1091,1291,1
1091,412,0
1091,486,0
1091,1599,0
1091,1667,0
1091,678,0
1091,932,0
1091,1403,0
1091,204,0
1092,1411,0
1093,1320,1
1094,2749,0
1096,1728,1
1096,2307,1
1096,1286,1
1096,1142,1
1096,767,1
1096,1252,0
1096,1145,0
1096,233,0
1096,2592,0
1097,1603,1
1097,1452,0
1098,1537,1
1098,2705,1
1098,1879,0
1098,2760,0
1099,912,1
1100,2597,0
1101,275,1
1101,1592,0
1102,2443,1
1102,758,0
1103,1027,1
1103,259,1
1103,1411,1
1103,326,1
1103,606,1
1103,921,0
1103,254,0
1103,1652,0
1103,366,0
1103,314,0
1103,1677,0
1103,524,0
1103,48,0
1103,1514,0
1104,1030,1
1104,2494,1
1104,2660,0
1104,63,0
1104,648,0
1105,1611,1
1105,1045,1
1106,1320,1
1106,1812,0
1107,1640,1
1108,1249,1
1108,1890,1
1108,419,1
1108,1188,1
1108,103,1
1108,2217,1
1108,1645,1
1108,1072,1
1108,1360,1
1108,1689,1
1108,857,1
1108,1468,1
1108,640,0
1108,2705,0
1108,1633,0
1108,1425,0
1108,830,0
1108,982,0
1108,1156,0
1108,435,0
1108,973,0
1108,817,0
1108,602,0
1108,1608,0
1109,1450,1
1109,748,1
1109,1828,0
1109,2629,0
1109,1846,0
1110,1642,1
1110,524,1
1110,1047,1
1110,2616,1
1110,1500,1
1110,477,1
1110,462,0
1110,1077,0
1110,788,0
1110,1144,0
1110,1220,0
1110,23,0
1110,235,0
1111,1568,1
1111,1825,1
1111,2786,1
1111,2091,1
1111,240,1
1111,2575,1
1111,2001,1
1111,2485,1
1111,119,1
1111,2747,1
1111,2292,0
1111,2343,0
1111,1594,0
1111,1913,0
1111,159,0
1111,1902,0
1111,148,0
1111,1271,0
1111,2320,0
1111,216,0
1112,2443,1
1113,736,1
1113,673,1
1113,2549,1
1113,1145,1
1113,375,1
1113,423,0
1113,2049,0
1113,460,0
1113,1934,0
1113,2383,0
1113,79,0
1113,2000,0
1113,763,0
1114,1529,0
1115,1568,1
1116,2705,1
1116,1243,0
1117,1286,1
1117,719,1
1117,2036,1
1117,758,1
1117,1948,0
1117,528,0
1117,1966,0
1118,1283,1
1118,2229,1
1118,758,1
1118,2593,0
1118,1936,0
1118,532,0
1119,2705,1
1120,514,1
1121,1431,1
1121,1834,0
1121,954,0
1122,697,1
1122,2285,1
1122,1231,1
1122,887,0
1123,1320,1
1123,93,0
1123,1705,0
1124,1013,1
1124,695,0
1125,640,1
1125,2626,1
1125,2053,1
1125,197,1
1125,1961,1
1125,2001,1
1125,1427,1
1125,2746,1
1125,668,1
1125,2054,0
1125,2688,0
1125,1506,0
1125,305,0
1125,1135,0
1125,1725,0
1125,2389,0
1125,2302,0
1125,2202,0
1125,1580,0
1127,1640,1
1127,146,0
1128,672,1
1128,2680,0
1129,989,1
1129,607,0
1129,422,0
1130,1320,1
1130,1603,1
1130,22,1
1130,209,0
1130,111,0
1132,1727,1
1132,1912,0
1133,355,1
1133,2396,0
1134,195,1
1134,497,1
1134,914,1
1134,1400,1
1134,1473,0
1134,2393,0
1134,1105,0
1135,1282,1
1135,1498,0
1136,1565,1
1136,2337,0
1137,1611,1
1137,2764,1
1137,119,1
1137,814,0
1138,1026,1
1138,516,1
1138,10,1
1138,1566,1
1138,2606,1
1138,1592,1
1138,573,1
1138,1108,1
1138,87,1
1138,609,1
1138,1634,1
1138,103,1
1138,2153,1
1138,1131,1
1138,1646,1
1138,1138,1
1138,2675,1
1138,1653,1
1138,1654,1
1138,2688,1
1138,131,1
1138,1168,1
1138,1180,1
1138,2727,1
1138,683,1
1138,2222,1
1138,2741,1
1138,2747,1
1138,197,1
1138,1223,1
1138,1263,1
1138,755,1
1138,1271,1
1138,257,1
1138,1302,1
1138,313,1
1138,2365,1
1138,1870,1
1138,1375,1
1138,354,1
1138,360,1
1138,381,1
1138,2447,1
1138,917,1
1138,2476,1
1138,1971,1
1138,962,1
1138,1488,1
1138,2521,1
1138,989,1
1138,1512,1
1138,1527,1
1138,2046,1
1138,1855,0
1138,1630,0
1138,2434,0
1138,1290,0
1138,2595,0
1138,644,0
1138,1433,0
1138,2746,0
1138,262,0
1138,2015,0
1138,2766,0
1138,938,0
1138,1746,0
1138,837,0
1138,26,0
1138,245,0
1138,1564,0
1138,1119,0
1138,1919,0
1138,2147,0
1138,164,0
1138,673,0
1138,957,0
1138,2007,0
1138,855,0
1138,923,0
1138,1304,0
1138,1009,0
1138,740,0
1138,1003,0
1138,2687,0
1138,2067,0
1138,2115,0
1138,907,0
1138,69,0
1138,64,0
1138,1020,0
1138,796,0
1138,2188,0
1138,626,0
1138,1136,0
1138,747,0
1138,483,0
1138,452,0
1138,1650,0
1138,949,0
1138,1993,0
1138,2132,0
1138,1155,0
1138,2468,0
1138,2552,0
1138,2002,0
1138,2133,0
1138,1320,0
1138,1583,0
1139,962,1
1139,378,0
1139,476,0
1140,962,1
1140,1603,1
1141,275,1
1142,2498,1
1142,2380,0
1143,267,1
1143,2505,0
1144,1537,1
1144,898,1
1144,6,1
1144,2059,1
1144,2575,1
1144,1169,1
1144,1809,1
1144,1821,1
1144,2463,1
1144,672,1
1144,1449,1
1144,1706,1
1144,2222,1
1144,1967,1
1144,948,1
1144,54,1
1144,55,1
1144,1977,1
1144,1603,1
1144,203,1
1144,2559,1
1144,336,1
1144,215,1
1144,1240,1
1144,1112,1
1144,2522,1
1144,858,1
1144,1261,1
1144,1775,1
1144,1663,1
1144,864,0
1144,2238,0
1144,1266,0
1144,1653,0
1144,513,0
1144,792,0
1144,422,0
1144,1678,0
1144,1496,0
1144,2176,0
1144,1005,0
1144,2241,0
1144,444,0
1144,699,0
1144,2516,0
1144,2188,0
1144,1584,0
1144,2197,0
1144,1500,0
1144,1744,0
1144,2015,0
1144,1457,0
1144,217,0
1144,510,0
1144,2665,0
1144,2102,0
1144,2731,0
1144,832,0
1145,2185,1
1145,1418,1
1145,1293,1
1145,2703,1
1145,144,1
1145,1685,1
1145,1691,1
1145,1054,1
1145,1439,1
1145,544,1
1145,1698,1
1145,419,1
1145,1574,1
1145,39,1
1145,936,1
1145,44,1
1145,1969,1
1145,2104,1
1145,1082,1
1145,1084,1
1145,2625,1
1145,2371,1
1145,1860,1
1145,2764,1
1145,2513,1
1145,1615,1
1145,207,1
1145,1113,1
1145,2274,1
1145,98,1
1145,871,1
1145,360,1
1145,615,1
1145,1772,1
1145,2288,1
1145,1778,1
1145,1141,1
1145,233,0
1145,924,0
1145,1740,0
1145,1484,0
1145,124,0
1145,998,0
1145,768,0
1145,1677,0
1145,1419,0
1145,2470,0
1145,137,0
1145,1962,0
1145,835,0
1145,335,0
1145,1704,0
1145,2196,0
1145,1967,0
1145,967,0
1145,1683,0
1145,2522,0
1145,2440,0
1145,1451,0
1145,554,0
1145,2441,0
1145,329,0
1145,1260,0
1145,1733,0
1145,1890,0
1145,2329,0
1145,1593,0
1145,2362,0
1145,1199,0
1145,178,0
1145,89,0
1145,902,0
1145,2760,0
1145,2524,0
1145,954,0
1145,1546,0
1145,1272,0
1145,1314,0
1145,1675,0
1145,1853,0
1145,325,0
1145,1253,0
1145,2655,0
1146,2523,1
1146,2496,0
1147,2594,1
1147,1703,1
1147,1802,1
1147,748,1
1147,183,1
1147,1335,1
1147,1488,0
1147,2530,0
1147,191,0
1147,1875,0
1147,2341,0
1148,2373,0
1149,40,1
1149,1837,0
1149,346,0
1150,244,1
1150,1794,0
1150,1536,0
1151,405,0
1152,1568,1
1152,2557,1
1152,1779,0
1152,1072,0
1153,2662,1
1153,478,0
1154,1840,1
1154,1781,1
1154,1181,0
1154,2704,0
1154,652,0
1155,2061,1
1155,1997,1
1155,2495,1
1155,1431,0
1155,797,0
1155,1255,0
1155,1743,0
1156,1027,1
1156,1763,0
1157,1611,1
1158,136,1
1158,2271,0
1159,2443,1
1161,1100,0
1162,326,1
1163,878,1
1163,1718,0
1163,2509,0
1164,1451,1
1165,1819,1
1165,615,1
1165,1248,0
1165,2097,0
1166,336,1
1166,1323,0
1168,1985,1
1168,2470,0
1169,787,1
1169,2346,0
1170,2732,0
1171,2720,1
1171,1644,1
1171,2358,1
1171,1047,1
1171,2616,1
1171,1594,1
1171,1840,0
1171,2395,0
1171,1480,0
1171,2021,0
1171,593,0
1171,332,0
1171,1247,0
1171,476,0
1171,2162,0
1171,1438,0
1172,2055,1
1173,276,1
1173,1475,0
1174,602,0
1176,1920,1
1176,1809,1
1179,215,1
1179,1750,0
1180,640,1
1180,656,1
1180,2066,1
1180,1558,1
1180,2200,1
1180,27,1
1180,2085,1
1180,2733,1
1180,691,1
1180,2755,1
1180,464,1
1180,1641,1
1180,1647,1
1180,624,1
1180,38,0
1180,2277,0
1180,1476,0
1180,1901,0
1180,1813,0
1180,2112,0
1180,2385,0
1180,701,0
1180,1734,0
1180,2699,0
1180,1002,0
1180,1654,0
1180,1731,0
1180,1796,0
1180,938,0
1181,353,0
1181,2185,0
1182,962,1
1182,664,1
1182,954,0
1182,1638,0
1182,2442,0
1182,495,0
1182,1029,0
1183,1320,1
1183,887,0
1184,705,1
1184,2308,1
1184,1576,1
1184,2568,1
1184,2683,1
1184,1237,1
1184,406,1
1184,181,1
1184,57,1
1184,343,0
1184,153,0
1184,2438,0
1184,1205,0
1184,1859,0
1184,2707,0
1184,608,0
1184,1327,0
1185,2785,1
1185,2117,0
1185,2404,0
1186,703,1
1186,2025,0
1187,962,1
1187,326,1
1187,1320,1
1187,2461,1
1187,1246,1
1187,1446,0
1187,1495,0
1187,426,0
1187,1467,0
1187,2678,0
1187,2613,0
1188,2166,0
1189,1320,1
1189,2697,1
1189,2058,1
1189,748,1
1189,464,1
1189,758,1
1189,1787,0
1189,355,0
1189,77,0
1189,1335,0
1190,2755,1
1190,2724,0
1191,1654,1
1191,1610,0
1192,2466,1
1192,2535,1
1192,1833,1
1192,1647,1
1192,1363,1
1192,2587,1
1192,1721,1
1192,1303,0
1192,2017,0
1192,1338,0
1192,2471,0
1192,107,0
1192,2767,0
1193,2443,1
1194,1603,1
1194,2211,0
1195,1255,1
1195,392,0
1196,609,1
1196,1846,0
1197,2036,1
1197,880,0
1197,355,0
1198,2626,1
1198,2443,1
1198,575,1
1198,666,0
1198,1962,0
1198,1891,0
1199,259,1
1199,2417,0
1200,896,1
1200,1025,1
1200,2179,1
1200,1169,1
1200,2039,1
1200,22,1
1200,663,1
1200,284,1
1200,822,1
1200,2491,1
1200,1603,1
1200,2633,1
1200,215,1
1200,2142,1
1200,1246,1
1200,1896,1
1200,2026,1
1200,1400,1
1200,2044,1
1200,117,0
1200,691,0
1200,2531,0
1200,1719,0
1200,246,0
1200,2451,0
1200,2239,0
1200,1961,0
1200,2046,0
1200,2721,0
1200,1001,0
1200,666,0
1200,2413,0
1200,2197,0
1200,517,0
1200,1007,0
1200,130,0
1201,555,1
1201,1600,0
1202,2750,0
1203,2443,1
1203,1288,0
1205,2731,1
1206,326,1
1207,1784,1
1207,492,1
1208,974,1
1208,1070,0
1209,1118,1
1209,993,0
1209,1888,0
1210,1611,1
1210,301,1
1210,294,0
1210,264,0
1211,131,1
1211,2309,1
1211,2437,1
1211,402,1
1211,1686,1
1211,31,1
1211,2337,1
1211,807,1
1211,555,1
1211,176,1
1211,1465,1
1211,1226,1
1211,594,1
1211,2158,1
1211,2163,1
1211,1782,1
1211,2038,1
1211,1133,0
1211,1196,0
1211,2356,0
1211,1559,0
1211,2628,0
1211,860,0
1211,1625,0
1211,2376,0
1211,1390,0
1211,693,0
1211,141,0
1211,79,0
1211,2657,0
1211,24,0
1211,90,0
1211,2782,0
1211,132,0
1211,2485,0
1211,2785,0
1211,2289,0
1213,858,0
1214,2676,0
1215,2260,1
1216,1825,1
1216,2014,0
1216,1148,0
1216,1935,0
1217,283,1
1217,969,0
1218,912,1
1219,822,1
1221,1183,1
1221,1474,0
1222,2443,1
1223,354,1
1223,2036,0
1225,1169,1
1225,2363,1
1225,43,0
1225,1088,0
1226,2704,1
1226,1796,1
1226,853,0
1228,2600,1
1228,629,1
1228,2167,0
1229,25,1
1229,197,0
1230,2764,1
1231,409,1
1231,226,0
1231,1565,0
1232,1255,1
1232,2686,1
1232,912,1
1232,1427,1
1232,1240,1
1232,1216,0
1232,844,0
1232,1805,0
1232,2068,0
1232,1175,0
1232,674,0
1232,1044,0
1233,2600,1
1234,1706,1
1234,2512,1
1234,119,1
1234,1860,0
1234,423,0
1235,2660,1
1235,839,1
1235,1831,0
1235,193,0
1237,213,1
1237,272,0
1238,2512,1
1238,1706,1
1238,2434,1
1238,1120,0
1238,1517,0
1239,1255,1
1239,2049,0
1239,1009,0
1240,1240,1
1240,2081,0
1241,2307,1
1241,2055,1
1241,1548,1
1241,553,1
1241,1449,1
1241,1455,1
1241,2739,1
1241,1470,1
1241,2500,1
1241,1236,1
1241,1237,1
1241,1240,1
1241,1628,1
1241,1118,1
1241,2035,1
1241,761,1
1241,2682,1
1241,2302,1
1241,2019,0
1241,2244,0
1241,76,0
1241,1986,0
1241,2742,0
1241,2677,0
1241,692,0
1241,507,0
1241,971,0
1241,1625,0
1241,2025,0
1241,2595,0
1241,2539,0
1241,1592,0
1241,2712,0
1243,1056,1
1243,1825,1
1243,336,1
1243,758,1
1243,1222,0
1243,1504,0
1243,1096,0
1243,285,0
1244,1611,1
1244,2025,0
1245,1840,1
1245,354,1
1245,1286,0
1246,576,1
1246,2785,1
1246,1090,1
1246,2220,1
1246,2038,1
1246,87,1
1246,344,1
1246,1597,1
1246,2502,0
1246,819,0
1246,2440,0
1246,126,0
1246,2575,0
1246,78,0
1246,264,0
1246,665,0
1246,543,0
1247,1260,1
1248,2485,0
1248,2546,0
1251,800,1
1251,294,1
1251,1872,0
1251,1660,0
1252,2443,1
1253,1183,1
1255,1922,1
1255,1542,1
1255,1171,1
1255,1177,1
1255,1568,1
1255,1581,1
1255,437,1
1255,1607,1
1255,332,1
1255,1366,1
1255,2521,1
1255,1505,1
1255,2410,1
1255,1273,1
1255,1187,0
1255,1500,0
1255,149,0
1255,1362,0
1255,1681,0
1255,925,0
1255,2541,0
1255,1082,0
1255,1168,0
1255,999,0
1255,221,0
1255,32,0
1255,935,0
1255,1801,0
1255,2528,0
1255,200,0
1255,404,0
1255,2069,0
1256,1825,1
1256,1286,1
1256,758,1
1256,2575,1
1256,207,0
1258,781,0
1258,2656,0
1259,2363,1
1260,2224,1
1260,2143,0
1261,1920,1
1261,1286,1
1261,2057,1
1261,285,1
1261,1310,1
1261,52,1
1261,1979,1
1261,1727,1
1261,1728,1
1261,2755,1
1261,323,1
1261,2765,1
1261,718,1
1261,2512,1
1261,2513,1
1261,2645,1
1261,1749,1
1261,864,1
1261,615,1
1261,2036,1
1261,1142,1
1261,1657,1
1261,2175,1
1261,2639,0
1261,1499,0
1261,2003,0
1261,2369,0
1261,2324,0
1261,167,0
1261,2152,0
1261,1858,0
1261,14,0
1261,13,0
1261,1181,0
1261,2334,0
1261,2104,0
1261,996,0
1261,1457,0
1261,493,0
1261,772,0
1261,1796,0
1262,2600,1
1262,2065,0
1263,605,1
1264,878,1
1265,2113,1
1265,773,1
1265,664,1
1265,1114,1
1265,1852,1
1265,575,1
1265,966,0
1265,1645,0
1265,1841,0
1265,1554,0
1265,1438,0
1265,1957,0
1266,2412,1
1266,1389,1
1266,795,1
1266,706,0
1266,323,0
1266,454,0
1266,764,0
1267,2600,1
1268,2318,0
1270,2574,1
1271,822,1
1271,2554,0
1272,933,1
1272,958,0
1272,1208,0
1274,1880,1
1274,2207,0
1275,326,1
1276,136,1
1276,1840,1
1276,311,0
1277,1427,1
1277,2485,0
1278,1852,1
1279,1526,1
1279,339,0
1281,4,1
1281,9,1
1281,524,1
1281,2065,1
1281,2068,1
1281,1058,1
1281,43,1
1281,2611,1
1281,1078,1
1281,567,1
1281,2103,1
1281,1083,1
1281,79,1
1281,1634,1
1281,625,1
1281,2682,1
1281,2170,1
1281,1152,1
1281,131,1
1281,644,1
1281,2702,1
1281,2703,1
1281,1171,1
1281,153,1
1281,169,1
1281,2217,1
1281,2741,1
1281,2743,1
1281,1727,1
1281,705,1
1281,194,1
1281,1744,1
1281,1749,1
1281,1241,1
1281,1249,1
1281,231,1
1281,2281,1
1281,236,1
1281,2289,1
1281,257,1
1281,1286,1
1281,777,1
1281,1803,1
1281,2320,1
1281,275,1
1281,1299,1
1281,277,1
1281,285,1
1281,2340,1
1281,2345,1
1281,1836,1
1281,333,1
1281,1889,1
1281,2409,1
1281,1897,1
1281,2421,1
1281,1912,1
1281,380,1
1281,1405,1
1281,897,1
1281,2445,1
1281,1962,1
1281,1967,1
1281,1458,1
1281,1979,1
1281,1981,1
1281,1488,1
1281,2514,1
1281,2028,1
1281,496,1
1281,1523,1
1281,1020,1
1281,188,0
1281,943,0
1281,2120,0
1281,2410,0
1281,407,0
1281,908,0
1281,2147,0
1281,2584,0
1281,2279,0
1281,1731,0
1281,1384,0
1281,1243,0
1281,89,0
1281,2456,0
1281,1978,0
1281,2125,0
1281,191,0
1281,1921,0
1281,1367,0
1281,47,0
1281,2416,0
1281,2110,0
1281,2134,0
1281,956,0
1281,979,0
1281,831,0
1281,344,0
1281,2769,0
1281,1674,0
1281,2039,0
1281,64,0
1281,1669,0
1281,690,0
1281,2467,0
1281,2044,0
1281,1306,0
1281,488,0
1281,339,0
1281,1221,0
1281,933,0
1281,21,0
1281,2373,0
1281,1941,0
1281,2365,0
1281,1879,0
1281,1976,0
1281,2625,0
1281,1948,0
1281,2711,0
1281,1275,0
1281,121,0
1281,1165,0
1281,674,0
1281,2726,0
1281,2428,0
1281,770,0
1281,1082,0
1281,2737,0
1281,799,0
1281,1577,0
1281,201,0
1281,804,0
1281,1291,0
1281,2628,0
1281,1799,0
1281,2282,0
1281,1521,0
1281,226,0
1281,1899,0
1281,707,0
1281,481,0
1281,1561,0
1281,2517,0
1281,286,0
1281,837,0
1281,880,0
1281,2430,0
1281,2443,0
1281,2619,0
1281,1136,0
1281,2256,0
1281,2546,0
1281,1805,0
1281,2353,0
1282,962,1
1282,1781,1
1282,1560,0
1282,2434,0
1282,2672,0
1282,1952,0
1282,1428,0
1283,1053,1
1283,1737,0
1284,209,0
1286,2060,1
1288,1611,1
1289,1738,1
1289,1773,0
1289,184,0
1290,1800,1
1290,2443,1
1290,1932,1
1290,2707,1
1290,2203,1
1290,1575,1
1290,2600,1
1290,2217,1
1290,301,1
1290,2477,1
1290,943,1
1290,1077,1
1290,571,1
1290,964,1
1290,200,1
1290,968,1
1290,974,1
1290,1103,1
1290,2129,1
1290,1240,1
1290,1756,1
1290,478,1
1290,867,1
1290,1002,1
1290,2287,1
1290,2288,1
1290,368,1
1290,627,1
1290,1779,1
1290,2683,1
1290,24,0
1290,1891,0
1290,615,0
1290,2475,0
1290,131,0
1290,613,0
1290,1428,0
1290,1203,0
1290,70,0
1290,2609,0
1290,980,0
1290,115,0
1290,1684,0
1290,713,0
1290,406,0
1290,2166,0
1290,1709,0
1290,2398,0
1290,240,0
1290,1705,0
1290,122,0
1290,224,0
1291,962,1
1291,1427,1
1291,2165,1
1291,1255,1
1291,2656,0
1291,2103,0
1291,1888,0
1291,1879,0
1292,1706,1
1293,1521,0
1294,1743,1
1295,1568,1
1295,1985,1
1295,2162,0
1296,1035,1
1298,697,0
1299,672,1
1301,157,1
1301,819,0
1302,1825,1
1302,1286,1
1302,758,1
1302,2172,0
1302,916,0
1302,401,0
1302,1353,0
1302,2203,0
1303,1868,0
1304,1427,1
1305,2363,1
1306,1229,1
1307,1792,1
1307,2048,1
1307,388,1
1307,2698,1
1307,1546,1
1307,801,1
1307,1075,1
1307,1597,1
1307,1343,1
1307,960,1
1307,2117,1
1307,1480,1
1307,79,1
1307,2385,1
1307,2258,1
1307,471,1
1307,1114,1
1307,96,1
1307,352,1
1307,1632,1
1307,2559,0
1307,1841,0
1307,2106,0
1307,669,0
1307,1080,0
1307,1416,0
1307,1949,0
1307,1407,0
1307,570,0
1307,1382,0
1307,1833,0
1307,1926,0
1307,226,0
1307,569,0
1307,2380,0
1307,1010,0
1307,2138,0
1308,2546,1
1308,2456,1
1308,1114,1
1308,1574,0
1308,398,0
1308,1483,0
1308,153,0
1309,1800,1
1310,2378,1
1310,470,1
1310,1047,1
1310,583,0
1310,497,0
1310,951,0
1310,504,0
1311,149,0
1311,1927,0
1311,1739,0
1313,1985,1
1314,1286,1
1314,1926,1
1314,2175,1
1314,1531,0
1314,755,0
1314,577,0
1314,428,0
1314,2782,0
1314,195,0
1315,1047,1
1315,421,0
1316,306,1
1316,1636,0
1316,13,0
1316,2777,0
1317,1272,1
1317,83,1
1317,588,0
1318,619,1
1318,945,0
1319,1611,1
1319,878,1
1319,2754,0
1320,517,1
1320,2633,1
1320,2425,1
1320,482,0
1320,2317,0
1320,787,0
1320,1511,0
1320,2434,0
1321,1427,1
1321,1667,0
1322,2559,1
1322,2336,0
1322,592,0
1322,633,0
1322,2586,0
1323,382,1
1323,1127,0
1324,2113,1
1324,2036,0
1325,386,1
1325,644,1
1325,2571,1
1325,529,1
1325,1786,1
1325,1952,1
1325,166,1
1325,1191,1
1325,555,1
1325,2745,1
1325,2619,1
1325,965,1
1325,2630,1
1325,1350,1
1325,2246,1
1325,1744,1
1325,977,1
1325,1232,1
1325,865,1
1325,993,1
1325,747,1
1325,493,1
1325,2289,1
1325,114,1
1325,243,1
1325,885,1
1325,2297,1
1325,1915,1
1325,2042,0
1325,2383,0
1325,2711,0
1325,86,0
1325,2563,0
1325,434,0
1325,1574,0
1325,976,0
1325,1854,0
1325,2686,0
1325,926,0
1325,1416,0
1325,2291,0
1325,836,0
1325,1332,0
1325,2502,0
1325,2259,0
1325,2234,0
1325,1644,0
1325,959,0
1325,1245,0
1325,844,0
1325,288,0
1325,2577,0
1325,1519,0
1325,2095,0
1325,78,0
1325,2263,0
1325,1867,0
1325,863,0
1325,1103,0
1326,7,1
1326,1930,1
1326,1328,1
1326,678,0
1326,2024,0
1327,1844,0
1328,1188,1
1328,1903,1
1328,2488,0
1328,769,0
1329,410,1
1331,672,1
1331,1255,1
1331,1840,1
1331,1566,1
1331,1569,0
1331,1699,0
1332,1663,1
1332,2784,0
1333,2764,1
1333,1846,0
1333,2463,0
1333,1747,0
1334,1448,1
1334,1385,1
1334,572,1
1334,605,0
1334,1573,0
1334,68,0
1335,964,1
1336,1981,1
1336,255,0
1337,1389,1
1338,2498,0
1338,998,0
1339,1032,0
1340,1449,1
1340,1397,1
1340,2494,1
1340,919,0
1340,569,0
1340,1771,0
1341,1892,1
1341,1680,1
1341,977,1
1341,1237,1
1341,2214,0
1341,2527,0
1342,1825,1
1342,1355,1
1342,2133,1
1342,1438,0
1342,2441,0
1343,1449,1
1344,609,1
1344,392,1
1344,568,0
1344,2739,0
1344,418,0
1345,205,1
1345,2446,1
1345,1420,0
1345,651,0
1345,1543,0
1345,1009,0
1346,1128,0
1347,1556,0
1348,1320,1
1348,1650,1
1348,619,1
1348,844,1
1348,381,0
1348,2445,0
1349,2675,1
1349,1427,1
1349,796,1
1349,675,0
1349,2139,0
1350,2288,1
1350,1981,1
1350,1819,0
1350,26,0
1350,2044,0
1351,2443,1
1351,343,1
1351,2103,0
1351,1983,0
1352,1611,1
1354,2307,1
1354,1286,1
1354,748,1
1354,1112,1
1354,380,1
1354,1017,0
1354,2617,0
1354,1108,0
1354,466,0
1354,11,0
1355,796,1
1355,2482,0
1357,2058,1
1357,1480,0
1358,1604,1
1358,2343,1
1358,743,1
1358,1981,1
1358,891,0
1358,1116,0
1358,1925,0
1358,2633,0
1359,2719,0
1360,2600,1
1361,1261,0
1362,787,0
1362,1843,0
1363,1985,1
1363,1537,1
1363,801,1
1363,1611,1
1363,2416,1
1363,1887,1
1363,2203,0
1363,88,0
1363,1471,0
1363,2478,0
1363,2302,0
1363,2743,0
1364,64,0
1365,1427,1
1365,948,0
1365,308,0
1366,1459,1
1367,2600,1
1367,743,0
1368,347,1
1368,625,0
1369,2133,1
1370,347,1
1370,2407,0
1371,2250,0
1372,800,1
1372,1825,1
1372,1251,1
1372,2439,1
1372,524,1
1372,631,1
1372,347,1
1372,2355,0
1372,1162,0
1372,2256,0
1372,2031,0
1373,1692,1
1373,2461,1
1373,2722,0
1373,1230,0
1374,696,0
1375,9,1
1375,1681,1
1375,1569,1
1375,1077,1
1375,2229,1
1375,1464,1
1375,2746,1
1375,2624,1
1375,1352,1
1375,2133,1
1375,2136,1
1375,2009,1
1375,1893,1
1375,1278,1
1375,1386,0
1375,2537,0
1375,1608,0
1375,1130,0
1375,1092,0
1375,739,0
1375,1965,0
1375,739,0
1375,2410,0
1375,2378,0
1375,376,0
1375,492,0
1375,2635,0
1375,1652,0
1375,1533,0
1375,699,0
1375,2307,0
1375,1555,0
1376,1271,1
1377,1567,1
1377,1100,0
1378,748,0
1379,1410,1
1379,1819,1
1379,1948,1
1379,293,1
1379,680,1
1379,2611,1
1379,1213,1
1379,711,1
1379,609,1
1379,2531,1
1379,1914,1
1379,126,1
1379,1141,0
1379,1389,0
1379,8,0
1379,118,0
1379,1405,0
1379,1494,0
1379,1664,0
1379,1352,0
1379,1989,0
1379,560,0
1379,806,0
1379,792,0
1380,575,1
1380,978,0
1381,1449,1
1381,259,1
1381,1526,0
1381,331,0
1382,881,1
1382,2633,0
1383,402,0
1384,233,1
1384,2616,0
1386,1504,0
1387,788,0
1388,2523,1
1388,2498,0
1389,1840,1
1390,343,1
1390,1911,0
1391,673,1
1391,1015,0
1392,1051,1
1392,1791,0
1393,1558,1
1394,1611,1
1394,1051,1
1394,1766,1
1394,372,0
1394,1722,0
1394,1251,0
1395,2443,1
1395,1282,0
1396,1271,1
1396,283,0
1397,1985,1
1397,1286,1
1397,326,1
1397,2059,1
1397,2060,1
1397,1809,1
1397,632,1
1397,2494,1
1397,2278,0
1397,1524,0
1397,282,0
1397,2295,0
1397,1609,0
1397,2739,0
1397,272,0
1398,35,1
1398,679,1
1398,2121,1
1398,1290,1
1398,236,1
1398,492,1
1398,878,1
1398,275,1
1398,1397,1
1398,479,0
1398,9,0
1398,2266,0
1398,2648,0
1398,920,0
1398,1459,0
1399,1286,1
1400,1587,1
1400,2461,1
1400,2398,1
1400,304,0
1400,838,0
1401,212,0
1402,1692,1
1403,1459,1
1403,748,1
1403,466,0
1404,1051,1
1404,162,0
1405,1787,0
1407,534,1
1407,182,0
1408,1427,1
1408,2252,1
1408,987,1
1408,1619,0
1408,499,0
1409,962,1
1409,2059,1
1409,2091,1
1409,844,1
1409,1903,1
1409,2036,1
1409,852,1
1409,2183,0
1409,813,0
1409,2309,0
1410,2461,1
1411,1800,1
1411,809,1
1411,10,0
1413,136,1
1413,610,0
1414,1128,1
1416,1192,1
1416,1690,0
1416,646,0
1417,745,1
1417,1966,1
1417,2557,1
1417,449,0
1417,2278,0
1417,1950,0
1417,803,0
1418,1966,1
1419,38,0
1420,1804,1
1420,1451,0
1421,2780,0
1422,478,1
1422,2063,0
1423,333,0
1424,1901,0
1425,1966,1
1425,382,1
1425,95,0
1426,1576,1
1426,916,0
1426,2065,0
1427,553,1
1427,1682,0
1428,2739,1
1428,2303,0
1429,1271,1
1429,1438,0
1430,1385,1
1431,1290,1
1431,706,0
1431,1180,0
1432,2466,0
1433,1576,1
1433,404,0
1434,1333,0
1435,865,1
1435,675,1
1435,1155,1
1435,613,1
1435,2249,1
1435,79,1
1435,2640,1
1435,2677,1
1435,1291,0
1435,2536,0
1435,2020,0
1435,63,0
1435,1574,0
1435,33,0
1435,1197,0
1436,283,1
1436,1339,1
1436,612,1
1436,54,0
1436,1184,0
1436,2710,0
1437,329,0
1439,748,1
1439,2001,0
1440,1776,0
1440,1877,0
1441,2392,0
1442,912,1
1442,465,0
1443,991,1
1443,484,0
1444,580,0
1445,933,1
1445,1816,0
1446,748,1
1447,40,1
1447,672,1
1447,839,1
1447,1419,0
1447,1553,0
1447,870,0
1447,216,0
1448,2563,1
1448,2436,1
1448,1796,1
1448,520,1
1448,1933,1
1448,2318,1
1448,1424,1
1448,401,1
1448,1568,1
1448,289,1
1448,2732,1
1448,1196,1
1448,1071,1
1448,47,1
1448,1584,1
1448,187,1
1448,2236,1
1448,190,1
1448,575,1
1448,1727,1
1448,1101,1
1448,2510,1
1448,1361,1
1448,1111,1
1448,858,1
1448,2656,1
1448,609,1
1448,480,1
1448,2017,1
1448,2538,1
1448,237,1
1448,1773,1
1448,124,1
1448,2553,1
1448,1402,1
1448,1278,1
1448,2047,1
1448,1456,0
1448,2612,0
1448,2301,0
1448,899,0
1448,2431,0
1448,1165,0
1448,51,0
1448,1825,0
1448,488,0
1448,106,0
1448,210,0
1448,1259,0
1448,2628,0
1448,1089,0
1448,1512,0
1448,1088,0
1448,2199,0
1448,1895,0
1448,1826,0
1448,1291,0
1448,817,0
1448,2331,0
1448,1008,0
1448,2300,0
1448,2211,0
1448,1105,0
1448,2323,0
1448,1001,0
1448,2631,0
1448,1924,0
1448,63,0
1448,1827,0
1448,206,0
1448,109,0
1448,1671,0
1449,569,0
1450,2307,1
1450,1926,1
1450,2700,1
1450,269,1
1450,276,1
1450,2585,1
1450,1819,1
1450,544,1
1450,1312,1
1450,1699,1
1450,1855,1
1450,2253,1
1450,719,1
1450,1249,1
1450,2175,1
1450,2531,0
1450,1181,0
1450,1296,0
1450,1427,0
1450,1248,0
1450,1017,0
1450,1440,0
1450,1252,0
1450,2511,0
1450,1046,0
1450,10,0
1450,1924,0
1450,2771,0
1450,2192,0
1450,2750,0
1450,1830,0
1450,1132,0
1450,196,0
1450,1355,0
1451,945,0
1452,2369,1
1452,705,1
1452,2308,1
1452,972,1
1452,2257,1
1452,2711,1
1452,2586,1
1452,2166,0
1452,1733,0
1452,1959,0
1452,1205,0
1452,1246,0
1454,1103,1
1454,462,0
1455,112,0
1456,2530,1
1456,181,1
1456,10,0
1457,2070,1
1457,758,1
1457,1095,0
1458,804,1
1459,306,1
1459,2729,0
1459,2774,0
1460,2070,1
1461,2241,1
1461,1763,1
1461,804,1
1461,844,1
1461,1012,1
1461,824,1
1461,31,1
1461,1631,1
1461,2775,0
1461,94,0
1461,2397,0
1461,2720,0
1461,2304,0
1461,475,0
1462,708,1
1462,1288,1
1462,2376,1
1462,1804,1
1462,1339,1
1462,2552,0
1463,708,1
1464,716,0
1465,1568,1
1465,1985,1
1465,1488,1
1465,625,1
1465,575,1
1465,1952,0
1465,2618,0
1465,813,0
1466,748,1
1466,1184,0
1467,8,1
1467,1611,1
1467,748,1
1467,2772,1
1467,248,0
1467,717,0
1468,1062,0
1469,1088,1
1469,2257,1
1469,2268,1
1469,2512,0
1469,253,0
1469,1870,0
1470,2217,1
1471,269,1
1471,2007,1
1472,1320,1
1473,2217,1
1474,8,1
1474,1892,0
1475,2048,1
1475,2561,1
1475,1538,1
1475,4,1
1475,2053,1
1475,1019,1
1475,2065,1
1475,17,1
1475,532,1
1475,31,1
1475,1569,1
1475,2599,1
1475,2604,1
1475,2093,1
1475,2619,1
1475,2630,1
1475,1611,1
1475,1103,1
1475,2129,1
1475,2130,1
1475,2133,1
1475,1110,1
1475,88,1
1475,91,1
1475,605,1
1475,610,1
1475,1125,1
1475,1126,1
1475,2154,1
1475,1645,1
1475,2158,1
1475,2677,1
1475,2679,1
1475,2688,1
1475,2188,1
1475,2703,1
1475,1168,1
1475,656,1
1475,1680,1
1475,1686,1
1475,2203,1
1475,1695,1
1475,2210,1
1475,2722,1
1475,677,1
1475,2215,1
1475,2217,1
1475,683,1
1475,2731,1
1475,686,1
1475,1718,1
1475,2232,1
1475,187,1
1475,2754,1
1475,198,1
1475,1738,1
1475,717,1
1475,1232,1
1475,211,1
1475,2268,1
1475,2785,1
1475,1763,1
1475,1779,1
1475,1790,1
1475,1793,1
1475,264,1
1475,1808,1
1475,2320,1
1475,802,1
1475,2340,1
1475,294,1
1475,1323,1
1475,306,1
1475,307,1
1475,313,1
1475,830,1
1475,1346,1
1475,2371,1
1475,1350,1
1475,1867,1
1475,1870,1
1475,1360,1
1475,336,1
1475,1877,1
1475,2389,1
1475,1366,1
1475,2394,1
1475,1369,1
1475,352,1
1475,865,1
1475,1887,1
1475,1892,1
1475,1894,1
1475,871,1
1475,1385,1
1475,1909,1
1475,885,1
1475,2421,1
1475,890,1
1475,903,1
1475,1933,1
1475,908,1
1475,1935,1
1475,913,1
1475,2446,1
1475,1945,1
1475,922,1
1475,1439,1
1475,2465,1
1475,2468,1
1475,2469,1
1475,2475,1
1475,2476,1
1475,1973,1
1475,1981,1
1475,964,1
1475,2507,1
1475,977,1
1475,1490,1
1475,2004,1
1475,466,1
1475,1500,1
1475,476,1
1475,1517,1
1475,493,1
1475,2550,1
1475,1532,1
1475,2045,1
1475,2046,1
1475,1152,0
1475,1778,0
1475,2276,0
1475,1543,0
1475,1243,0
1475,1585,0
1475,579,0
1475,1664,0
1475,2656,0
1475,2374,0
1475,1673,0
1475,1263,0
1475,2436,0
1475,775,0
1475,1418,0
1475,640,0
1475,1301,0
1475,2304,0
1475,150,0
1475,808,0
1475,1689,0
1475,2034,0
1475,764,0
1475,1970,0
1475,2734,0
1475,298,0
1475,2199,0
1475,1095,0
1475,24,0
1475,548,0
1475,396,0
1475,550,0
1475,1876,0
1475,943,0
1475,414,0
1475,1193,0
1475,1514,0
1475,560,0
1475,608,0
1475,82,0
1475,1578,0
1475,2085,0
1475,915,0
1475,136,0
1475,584,0
1475,2361,0
1475,2529,0
1475,1121,0
1475,1022,0
1475,1770,0
1475,1570,0
1475,1954,0
1475,814,0
1475,513,0
1475,1782,0
1475,2400,0
1475,646,0
1475,1186,0
1475,1061,0
1475,132,0
1475,1529,0
1475,757,0
1475,468,0
1475,1979,0
1475,1747,0
1475,507,0
1475,1936,0
1475,185,0
1475,1608,0
1475,1356,0
1475,2180,0
1475,600,0
1475,768,0
1475,2609,0
1475,1022,0
1475,2705,0
1475,652,0
1475,484,0
1475,2110,0
1475,2052,0
1475,587,0
1475,536,0
1475,85,0
1475,348,0
1475,2166,0
1475,1402,0
1475,1210,0
1475,1545,0
1475,322,0
1475,1208,0
1475,2077,0
1475,1349,0
1475,444,0
1475,1989,0
1475,2190,0
1475,1635,0
1475,1132,0
1475,2581,0
1475,464,0
1475,1236,0
1475,1591,0
1475,2486,0
1475,1688,0
1475,1956,0
1475,1740,0
1475,1351,0
1475,1045,0
1475,2645,0
1475,1803,0
1476,2785,1
1476,1611,1
1476,619,1
1476,2363,1
1476,1355,0
1476,147,0
1477,842,1
1477,2275,0
1478,748,1
1478,881,0
1479,2217,1
1479,2268,1
1479,1986,0
1480,512,1
1480,905,1
1480,1296,1
1480,1052,1
1480,2716,1
1480,1569,1
1480,2726,1
1480,426,1
1480,320,1
1480,1216,1
1480,1607,1
1480,207,1
1480,1366,1
1480,1111,1
1480,1375,1
1480,2016,1
1480,1129,1
1480,873,1
1480,982,0
1480,2248,0
1480,2378,0
1480,2296,0
1480,2251,0
1480,2496,0
1480,2722,0
1480,738,0
1480,861,0
1480,1705,0
1480,1956,0
1480,589,0
1480,1978,0
1480,811,0
1480,282,0
1480,1054,0
1480,40,0
1482,1892,1
1482,2661,1
1482,391,1
1482,137,1
1482,748,1
1482,1136,1
1482,116,1
1482,24,1
1482,350,1
1482,1028,0
1482,1832,0
1482,681,0
1482,1564,0
1482,993,0
1482,488,0
1482,150,0
1483,667,0
1484,832,1
1484,820,0
1485,2058,1
1485,1388,0
1485,1532,0
1486,2217,1
1486,1013,0
1487,1146,1
1488,748,1
1488,2544,0
1490,1126,0
1491,2217,1
1491,656,0
1491,311,0
1492,931,1
1492,1897,1
1492,343,1
1492,31,1
1492,2429,0
1492,1280,0
1492,328,0
1492,1103,0
1492,1285,0
1494,14,1
1494,731,0
1495,138,0
1496,1985,1
1496,2608,0
1497,2217,1
1497,619,1
1497,2257,1
1497,1618,1
1497,2456,0
1497,1596,0
1498,640,1
1498,1421,1
1498,1169,1
1498,1695,1
1498,1314,1
1498,166,1
1498,1845,1
1498,1490,1
1498,2142,1
1498,1377,1
1498,1768,1
1498,489,1
1498,1529,1
1498,1146,1
1498,1531,1
1498,255,1
1498,837,0
1498,671,0
1498,2508,0
1498,2439,0
1498,1431,0
1498,1206,0
1498,2332,0
1498,667,0
1498,2358,0
1498,1179,0
1498,1468,0
1498,2069,0
1498,1617,0
1498,2746,0
1498,1302,0
1498,2630,0
1498,2297,0
1498,2388,0
1498,1699,0
1499,2105,1
1499,1643,0
1500,2601,1
1500,80,0
1502,665,1
1502,2539,1
1502,2446,1
1502,919,1
1502,2689,0
1502,2752,0
1502,1854,0
1503,181,1
1503,1149,0
1504,2763,1
1504,1967,1
1504,858,1
1504,854,0
1504,2027,0
1504,1172,0
1505,416,1
1505,1376,1
1505,246,1
1505,2262,0
1505,2495,0
1505,644,0
1505,267,0
1506,2463,1
1507,2217,1
1507,1681,1
1507,708,0
1507,393,0
1507,1373,0
1508,1131,1
1508,1321,0
1509,2539,0
1510,1176,0
1511,240,1
1511,563,0
1512,203,1
1513,2268,1
1514,1568,1
1514,673,1
1514,2060,1
1514,757,1
1514,2620,1
1514,724,0
1514,19,0
1514,1830,0
1514,2183,0
1514,318,0
1515,264,0
1516,624,1
1516,354,1
1516,2440,0
1516,2343,0
1516,566,0
1517,2439,1
1517,335,1
1517,2611,1
1517,2227,1
1517,1652,1
1517,1725,1
1517,1471,0
1517,2116,0
1517,921,0
1518,1711,0
1519,726,1
1520,567,1
1520,2532,0
1520,881,0
1521,1013,0
1522,2530,1
1522,181,1
1522,2414,1
1522,1875,0
1522,2459,0
1523,2664,0
1525,832,1
1526,8,1
1526,2417,0
1527,1568,1
1527,2764,1
1527,2068,0
1527,2051,0
1530,1467,1
1530,2497,0
1531,875,1
1531,2683,1
1531,1848,0
1532,2683,1
1532,1663,1
1532,152,0
1532,844,0
1533,2414,1
1534,1726,1
1534,883,0
1535,336,1
1535,196,0
1536,1611,1
1536,2058,0
1537,2570,0
1538,2268,1
1538,346,0
1540,1431,1
1540,62,0
1540,34,0
1541,938,1
1541,1739,0
1542,2227,1
1542,957,0
1543,2458,1
1544,970,1
1544,1770,1
1544,2034,1
1544,2517,1
1544,1881,1
1544,2524,1
1544,2573,0
1544,2122,0
1544,161,0
1544,1237,0
1544,9,0
1544,2,0
1545,1255,1
1545,1121,0
1546,2785,1
1546,907,0
1547,1932,1
1547,1626,0
1549,968,1
1549,2683,1
1549,102,0
1551,832,1
1551,57,1
1551,1023,1
1551,125,0
1551,2536,0
1553,2129,1
1553,748,1
1553,2097,0
1553,552,0
1553,2037,0
1554,2563,1
1554,4,1
1554,1544,1
1554,11,1
1554,32,1
1554,39,1
1554,1072,1
1554,585,1
1554,86,1
1554,2154,1
1554,1130,1
1554,2160,1
1554,1652,1
1554,647,1
1554,1164,1
1554,1183,1
1554,2209,1
1554,1704,1
1554,2229,1
1554,2236,1
1554,1725,1
1554,1726,1
1554,2764,1
1554,2771,1
1554,2783,1
1554,1762,1
1554,1251,1
1554,244,1
1554,1797,1
1554,1799,1
1554,281,1
1554,802,1
1554,305,1
1554,1868,1
1554,1892,1
1554,871,1
1554,366,1
1554,1394,1
1554,2439,1
1554,1933,1
1554,1422,1
1554,400,1
1554,1956,1
1554,2475,1
1554,945,1
1554,1509,1
1554,2038,1
1554,578,0
1554,2619,0
1554,1698,0
1554,797,0
1554,1097,0
1554,873,0
1554,1454,0
1554,1217,0
1554,2334,0
1554,194,0
1554,84,0
1554,914,0
1554,2075,0
1554,532,0
1554,2073,0
1554,2730,0
1554,2717,0
1554,2719,0
1554,378,0
1554,1223,0
1554,2278,0
1554,2328,0
1554,2198,0
1554,1845,0
1554,2443,0
1554,2549,0
1554,1889,0
1554,1057,0
1554,1852,0
1554,266,0
1554,1786,0
1554,1769,0
1554,276,0
1554,111,0
1554,1809,0
1554,1899,0
1554,1954,0
1554,1746,0
1554,2200,0
1554,364,0
1554,1070,0
1554,898,0
1554,1030,0
1554,2512,0
1554,189,0
1554,92,0
1554,1401,0
1554,2536,0
1554,1427,0
1555,1681,1
1556,1728,1
1556,326,1
1556,471,0
1556,2252,0
1557,757,1
1557,1992,0
1558,2022,1
1558,2675,1
1558,1163,0
1558,916,0
1559,2132,1
1561,832,1
1561,157,0
1561,1168,0
1562,8,1
1562,748,1
1562,438,0
1563,1311,0
1564,2477,1
1564,2456,0
1565,2561,1
1565,517,1
1565,908,1
1565,1300,1
1565,2708,1
1565,1812,1
1565,1181,1
1565,2209,1
1565,1059,1
1565,2477,1
1565,946,1
1565,1972,1
1565,1720,1
1565,1209,1
1565,1978,1
1565,1083,1
1565,2236,1
1565,2619,1
1565,830,1
1565,1356,1
1565,717,1
1565,1892,1
1565,1642,1
1565,105,1
1565,1645,1
1565,494,1
1565,2679,1
1565,886,1
1565,28,0
1565,890,0
1565,1594,0
1565,1281,0
1565,191,0
1565,1384,0
1565,33,0
1565,1029,0
1565,342,0
1565,1428,0
1565,949,0
1565,616,0
1565,247,0
1565,411,0
1565,1165,0
1565,575,0
1565,2339,0
1565,2037,0
1565,335,0
1565,389,0
1565,878,0
1565,2582,0
1565,1279,0
1565,2545,0
1565,1363,0
1565,44,0
1565,1830,0
1565,1888,0
1565,2000,0
1565,1692,0
1565,1228,0
1565,13,0
1566,384,1
1566,810,0
1566,2591,0
1566,2166,0
1567,2564,1
1568,1986,1
1568,2641,0
1569,2363,1
1570,15,1
1571,2288,1
1571,1556,0
1572,1905,0
1574,2651,1
1574,546,0
1575,508,1
1575,1330,0
1576,2443,1
1576,2553,0
1577,2340,1
1577,783,0
1578,380,1
1579,2333,1
1579,181,1
1579,309,0
1579,1045,0
1580,652,1
1581,2439,1
1581,908,1
1581,1299,1
1581,2584,1
1581,2589,1
1581,2210,1
1581,419,1
1581,1188,1
1581,2743,1
1581,2236,1
1581,207,1
1581,1360,1
1581,1366,1
1581,103,1
1581,872,1
1581,496,1
1581,248,1
1581,1531,1
1581,385,0
1581,1990,0
1581,411,0
1581,1389,0
1581,1622,0
1581,2421,0
1581,552,0
1581,2587,0
1581,1117,0
1581,394,0
1581,2573,0
1581,68,0
1581,2354,0
1581,1108,0
1581,2240,0
1582,2683,1
1582,695,0
1583,2439,1
1583,1031,1
1583,1935,1
1583,1042,1
1583,1172,1
1583,798,1
1583,2719,1
1583,1698,1
1583,2340,1
1583,2603,1
1583,687,1
1583,433,1
1583,2610,1
1583,1976,1
1583,2744,1
1583,1854,1
1583,830,1
1583,589,1
1583,1748,1
1583,2646,1
1583,91,1
1583,2016,1
1583,102,1
1583,1896,1
1583,2289,1
1583,2421,1
1583,2230,0
1583,85,0
1583,1389,0
1583,359,0
1583,1206,0
1583,1753,0
1583,2003,0
1583,2362,0
1583,262,0
1583,1912,0
1583,543,0
1583,2150,0
1583,1763,0
1583,2074,0
1583,1848,0
1583,293,0
1583,1432,0
1583,94,0
1583,674,0
1583,459,0
1583,476,0
1583,643,0
1583,158,0
1583,2769,0
1583,1906,0
1583,1699,0
1583,1473,0
1584,2378,1
1584,444,0
1584,1406,0
1585,673,1
1586,416,1
1586,2443,1
1586,188,0
1586,612,0
1587,1334,1
1587,1603,0
1587,1204,0
1588,2132,1
1588,935,0
1589,215,1
1589,2439,1
1589,1759,0
1589,1838,0
1590,1422,0
1591,470,1
1591,2651,1
1591,1535,0
1591,38,0
1591,34,0
1592,1603,1
1592,528,1
1592,2098,1
1592,2133,1
1592,1566,1
1592,1141,0
1592,2224,0
1592,403,0
1592,2480,0
1592,1958,0
1593,459,1
1593,191,0
1594,2167,1
1594,401,0
1595,224,1
1595,473,1
1595,1174,0
1595,1206,0
1595,1866,0
1595,38,0
1596,898,1
1596,1811,0
1597,672,1
1597,609,1
1597,2340,1
1597,2764,1
1597,336,1
1597,2363,1
1597,1246,1
1597,188,0
1597,934,0
1597,2184,0
1597,139,0
1597,2320,0
1597,540,0
1598,131,1
1598,719,1
1598,1021,0
1598,330,0
1599,905,1
1599,1802,1
1599,1296,1
1599,1938,1
1599,1052,1
1599,1057,1
1599,1569,1
1599,683,1
1599,47,1
1599,1584,1
1599,2357,1
1599,62,1
1599,2624,1
1599,197,1
1599,332,1
1599,854,1
1599,989,1
1599,2016,1
1599,872,1
1599,1129,1
1599,115,1
1599,2553,1
1599,1791,1
1599,560,0
1599,2474,0
1599,2483,0
1599,1922,0
1599,1320,0
1599,586,0
1599,492,0
1599,406,0
1599,1489,0
1599,968,0
1599,260,0
1599,1786,0
1599,967,0
1599,2430,0
1599,2489,0
1599,1215,0
1599,96,0
1599,908,0
1599,1545,0
1599,1812,0
1599,1327,0
1599,2675,0
1599,81,0
1599,2396,0
1599,2012,0
1599,2646,0
1599,84,0
1599,2673,0
1600,1283,1
1600,772,1
1600,1807,1
1600,1296,1
1600,2584,1
1600,2613,1
1600,1607,1
1600,465,1
1600,477,1
1600,102,1
1600,1392,1
1600,2675,1
1600,2430,1
1600,739,0
1600,340,0
1600,1851,0
1600,305,0
1600,2578,0
1600,2188,0
1600,516,0
1600,16,0
1600,1233,0
1600,879,0
1600,2650,0
1600,374,0
1600,482,0
1600,2103,0
1600,789,0
1600,2635,0
1601,1096,1
1602,1350,0
1603,2224,1
1603,489,1
1603,1567,1
1603,1333,0
1604,2772,1
1604,2133,1
1604,918,1
1604,2252,0
1604,2662,0
1604,204,0
1606,2688,1
1606,745,1
1606,2772,1
1606,2389,1
1606,2769,0
1606,2652,0
1606,712,0
1606,1551,0
1606,2180,0
1606,2261,0
1606,1362,0
1606,2151,0
1608,1681,1
1608,1713,1
1609,864,1
1609,2081,1
1609,609,1
1609,1604,1
1609,2055,1
1609,1706,1
1609,1809,1
1609,790,1
1609,1981,1
1609,1310,1
1609,2175,1
1609,97,0
1609,2756,0
1609,43,0
1609,279,0
1609,2402,0
1609,627,0
1609,1714,0
1609,696,0
1609,1844,0
1610,518,0
1611,872,1
1611,1353,1
1611,1428,1
1611,2076,1
1611,1536,0
1611,1634,0
1611,1310,0
1611,1307,0
1612,1096,1
1612,8,1
1612,1770,1
1612,1480,1
1612,652,1
1612,2030,1
1612,2032,1
1612,885,1
1612,645,0
1612,1670,0
1612,551,0
1612,2357,0
1612,254,0
1612,711,0
1612,400,0
1612,1884,0
1612,1050,0
1612,630,0
1613,748,1
1614,1439,1
1614,2443,1
1614,2261,1
1614,2266,1
1614,1756,0
1614,2639,0
1614,1119,0
1614,1126,0
1614,1162,0
1615,1187,1
1615,1431,0
1616,416,1
1616,2217,1
1616,2268,1
1616,2427,0
1616,1682,0
1617,1131,1
1617,748,1
1617,413,1
1617,1427,1
1617,531,0
1617,605,0
1619,1096,1
1619,2632,1
1619,1352,1
1620,1156,1
1620,1897,1
1620,2058,1
1620,1006,0
1620,418,0
1620,787,0
1620,2475,0
1620,1591,0
1621,1569,1
1621,1633,1
1621,615,1
1621,1608,1
1621,1287,1
1621,364,1
1621,1488,1
1621,1424,1
1621,2482,1
1621,1264,1
1621,977,1
1621,1296,1
1621,2045,1
1621,458,0
1621,388,0
1621,1360,0
1621,933,0
1621,1429,0
1621,39,0
1621,2481,0
1621,1986,0
1621,526,0
1621,577,0
1621,69,0
1622,1802,1
1622,1185,1
1622,290,1
1622,1825,1
1622,2468,1
1622,1958,1
1622,816,1
1622,1984,1
1622,1728,1
1622,2639,1
1622,1488,1
1622,719,1
1622,609,1
1622,1653,1
1622,758,1
1622,653,0
1622,387,0
1622,2343,0
1622,417,0
1622,33,0
1622,2562,0
1622,306,0
1622,1877,0
1622,736,0
1622,681,0
1622,2189,0
1622,1705,0
1622,1510,0
1622,1846,0
1622,708,0
1622,2212,0
1622,1261,0
1622,360,0
1622,2150,0
1622,2426,0
1623,1292,1
1623,1212,0
1624,1145,1
1625,625,1
1625,1172,1
1625,294,1
1625,1105,0
1626,2468,1
1627,1490,0
1628,1145,1
1628,2302,0
1629,170,0
1630,2468,1
1630,1299,0
1631,1901,0
1632,290,1
1632,1836,1
1632,1424,1
1632,91,1
1632,2247,0
1632,2000,0
1632,763,0
1632,2187,0
1632,1462,0
1633,1725,1
1634,512,1
1634,517,1
1634,8,1
1634,1033,1
1634,24,1
1634,545,1
1634,1569,1
1634,1071,1
1634,1584,1
1634,2610,1
1634,2103,1
1634,2630,1
1634,1101,1
1634,605,1
1634,2662,1
1634,103,1
1634,1136,1
1634,1156,1
1634,148,1
1634,194,1
1634,2761,1
1634,2777,1
1634,748,1
1634,237,1
1634,2288,1
1634,2298,1
1634,1791,1
1634,1284,1
1634,1298,1
1634,791,1
1634,1839,1
1634,320,1
1634,2371,1
1634,1353,1
1634,1360,1
1634,854,1
1634,869,1
1634,872,1
1634,2410,1
1634,1394,1
1634,2419,1
1634,1912,1
1634,2430,1
1634,386,1
1634,2445,1
1634,2447,1
1634,1935,1
1634,1938,1
1634,917,1
1634,419,1
1634,427,1
1634,1966,1
1634,433,1
1634,1978,1
1634,1981,1
1634,1988,1
1634,465,1
1634,2514,1
1634,2517,1
1634,2017,1
1634,482,1
1634,1507,1
1634,489,1
1634,2028,1
1634,2032,1
1634,2034,1
1634,2556,1
1634,323,0
1634,1328,0
1634,155,0
1634,2582,0
1634,717,0
1634,2669,0
1634,1149,0
1634,2768,0
1634,2061,0
1634,1789,0
1634,1973,0
1634,920,0
1634,1929,0
1634,1205,0
1634,674,0
1634,1502,0
1634,2047,0
1634,950,0
1634,2149,0
1634,1973,0
1634,2172,0
1634,1155,0
1634,2151,0
1634,1408,0
1634,1331,0
1634,810,0
1634,2621,0
1634,2334,0
1634,2039,0
1634,1790,0
1634,2529,0
1634,1262,0
1634,906,0
1634,1760,0
1634,304,0
1634,2035,0
1634,2389,0
1634,1630,0
1634,1800,0
1634,21,0
1634,2220,0
1634,2631,0
1634,316,0
1634,952,0
1634,2438,0
1634,1493,0
1634,1508,0
1634,896,0
1634,2481,0
1634,867,0
1634,1809,0
1634,1678,0
1634,2578,0
1634,252,0
1634,2594,0
1634,2157,0
1634,1161,0
1634,2255,0
1634,53,0
1635,1602,0
1636,1096,1
1636,1725,1
1636,738,0
1637,2576,1
1637,2564,1
1637,1996,0
1638,987,1
1639,748,1
1639,758,1
1639,1783,0
1639,2675,0
1641,2186,1
1642,2200,0
1643,1889,1
1643,2167,1
1643,1559,1
1643,1839,0
1643,2069,0
1645,1147,1
1645,563,0
1646,2437,0
1647,2648,1
1647,2633,1
1647,2785,0
1648,562,1
1648,2334,0
1649,714,1
1649,1682,0
1650,1403,0
1651,586,1
1651,1982,0
1652,608,1
1652,2047,0
1652,108,0
1652,2334,0
1653,1914,1
1653,1251,0
1654,420,0
1655,788,1
1655,776,0
1657,1857,0
1658,322,0
1659,788,1
1659,2091,0
1660,905,1
1660,1801,1
1660,1168,1
1660,1052,1
1660,1180,1
1660,2596,1
1660,2726,1
1660,683,1
1660,812,1
1660,47,1
1660,690,1
1660,315,1
1660,2367,1
1660,1600,1
1660,1216,1
1660,2772,1
1660,854,1
1660,119,1
1660,2272,1
1660,996,1
1660,107,1
1660,748,1
1660,489,1
1660,1271,1
1660,124,1
1660,1070,0
1660,1895,0
1660,1538,0
1660,1884,0
1660,1414,0
1660,2694,0
1660,2463,0
1660,1010,0
1660,362,0
1660,2553,0
1660,513,0
1660,2668,0
1660,1758,0
1660,2446,0
1660,871,0
1660,2193,0
1660,834,0
1660,908,0
1660,1592,0
1660,2647,0
1660,1177,0
1660,2358,0
1660,2466,0
1660,352,0
1660,1984,0
1660,2238,0
1660,2123,0
1660,517,0
1660,1293,0
1660,201,0
1660,102,0
1661,2722,1
1661,2290,0
1662,41,1
1662,1941,1
1664,2722,1
1664,2217,0
1665,2443,1
1665,2171,0
1666,612,1
1667,800,1
1667,801,1
1667,386,1
1667,2153,1
1667,360,1
1667,270,1
1667,1812,1
1667,852,1
1667,2646,1
1667,1880,1
1667,2553,1
1667,2746,1
1667,797,1
1667,540,0
1667,1754,0
1667,533,0
1667,1122,0
1667,2198,0
1667,1342,0
1667,2390,0
1667,1584,0
1667,2186,0
1667,2131,0
1667,556,0
1667,2115,0
1668,586,1
1668,2655,0
1669,1938,1
1669,1567,1
1669,2380,0
1669,1761,0
1669,1009,0
1669,865,0
1670,1598,0
1671,2656,1
1671,2307,1
1671,642,1
1671,2413,1
1671,1069,1
1671,301,1
1671,2546,1
1671,2644,1
1671,1143,1
1671,1240,1
1671,411,1
1671,863,1
1671,370,0
1671,1032,0
1671,351,0
1671,2776,0
1671,2409,0
1671,2477,0
1671,796,0
1671,2148,0
1671,1997,0
1672,832,1
1672,1184,1
1672,806,1
1672,2090,1
1672,429,1
1672,1023,1
1672,745,0
1672,780,0
1672,1201,0
1672,186,0
1672,1514,0
1673,857,1
1674,2490,1
1674,22,0
1674,44,0
1675,1165,1
1675,2504,0
1676,518,1
1676,2185,1
1676,2057,1
1676,1310,1
1676,544,1
1676,1188,1
1676,1318,1
1676,2476,1
1676,47,1
1676,1978,1
1676,332,1
1676,2127,1
1676,1749,1
1676,2777,1
1676,489,1
1676,882,1
1676,2451,0
1676,1432,0
1676,1311,0
1676,1107,0
1676,2279,0
1676,1470,0
1676,2499,0
1676,2677,0
1676,2056,0
1676,656,0
1676,1463,0
1676,1930,0
1676,2172,0
1676,1832,0
1676,149,0
1676,2259,0
1676,416,0
1677,416,1
1677,273,1
1677,987,1
1677,878,1
1677,419,0
1677,766,0
1677,739,0
1677,1232,0
1678,2722,1
1678,1539,0
1679,2324,0
1680,704,1
1680,933,1
1680,597,0
1681,790,1
1681,1782,0
1681,176,0
1682,1132,1
1683,2217,1
1683,2555,1
1683,2268,1
1683,632,0
1683,2243,0
1684,1132,1
1684,1913,0
1685,233,0
1686,625,1
1686,1427,1
1686,748,1
1686,2338,0
1687,964,1
1687,857,1
1687,571,1
1687,2259,0
1687,754,0
1687,2017,0
1687,456,0
1688,507,0
1689,1859,1
1690,1096,1
1690,327,0
1691,517,1
1691,518,1
1691,2055,1
1691,520,1
1691,1041,1
1691,17,1
1691,532,1
1691,1052,1
1691,1566,1
1691,2081,1
1691,2594,1
1691,1582,1
1691,567,1
1691,2617,1
1691,2111,1
1691,1604,1
1691,1614,1
1691,2127,1
1691,1102,1
1691,82,1
1691,2136,1
1691,1119,1
1691,615,1
1691,1129,1
1691,2174,1
1691,2181,1
1691,140,1
1691,148,1
1691,1177,1
1691,2716,1
1691,1696,1
1691,1188,1
1691,680,1
1691,1194,1
1691,690,1
1691,187,1
1691,1216,1
1691,2754,1
1691,2777,1
1691,1249,1
1691,1263,1
1691,2291,1
1691,2297,1
1691,1791,1
1691,1799,1
1691,1801,1
1691,1296,1
1691,273,1
1691,1299,1
1691,1812,1
1691,2343,1
1691,812,1
1691,1839,1
1691,320,1
1691,1360,1
1691,873,1
1691,1899,1
1691,1392,1
1691,908,1
1691,2445,1
1691,2447,1
1691,1425,1
1691,917,1
1691,1952,1
1691,2468,1
1691,1958,1
1691,2476,1
1691,1458,1
1691,1979,1
1691,1981,1
1691,2514,1
1691,466,1
1691,992,1
1691,482,1
1691,489,1
1691,1012,1
1691,2553,1
1691,1019,1
1691,1533,1
1691,2046,1
1691,1804,0
1691,247,0
1691,354,0
1691,483,0
1691,1042,0
1691,1003,0
1691,1444,0
1691,392,0
1691,156,0
1691,1161,0
1691,946,0
1691,1939,0
1691,1712,0
1691,586,0
1691,2782,0
1691,205,0
1691,1820,0
1691,1851,0
1691,1831,0
1691,805,0
1691,188,0
1691,2667,0
1691,2405,0
1691,1705,0
1691,1695,0
1691,404,0
1691,2330,0
1691,661,0
1691,1398,0
1691,1187,0
1691,2230,0
1691,2718,0
1691,642,0
1691,1400,0
1691,1070,0
1691,1871,0
1691,2147,0
1691,1721,0
1691,1986,0
1691,1730,0
1691,241,0
1691,194,0
1691,1724,0
1691,2449,0
1691,1971,0
1691,838,0
1691,810,0
1691,1482,0
1691,417,0
1691,991,0
1691,294,0
1691,317,0
1691,1578,0
1691,1096,0
1691,2499,0
1691,583,0
1691,1304,0
1691,556,0
1691,1217,0
1691,1595,0
1691,1666,0
1691,1855,0
1691,2660,0
1691,2128,0
1691,946,0
1691,708,0
1691,1086,0
1691,699,0
1691,252,0
1691,1328,0
1691,944,0
1691,1339,0
1691,2069,0
1691,2519,0
1691,1407,0
1691,1038,0
1691,448,0
1691,1541,0
1691,1,0
1692,771,1
1692,264,1
1692,1675,1
1692,1422,1
1692,2065,1
1692,922,1
1692,2340,1
1692,1061,1
1692,932,1
1692,2170,1
1692,677,1
1692,1961,1
1692,2093,1
1692,687,1
1692,2101,1
1692,2619,1
1692,2494,1
1692,321,1
1692,197,1
1692,198,1
1692,1097,1
1692,2637,1
1692,466,1
1692,82,1
1692,993,1
1692,360,1
1692,2544,1
1692,2289,1
1692,2297,1
1692,1402,1
1692,1133,0
1692,767,0
1692,295,0
1692,2020,0
1692,915,0
1692,1891,0
1692,2333,0
1692,732,0
1692,2342,0
1692,1469,0
1692,2163,0
1692,273,0
1692,1695,0
1692,304,0
1692,2581,0
1692,2269,0
1692,377,0
1692,705,0
1692,1393,0
1692,1529,0
1692,2190,0
1692,1173,0
1692,1143,0
1692,446,0
1692,2306,0
1692,299,0
1692,1230,0
1692,821,0
1692,1700,0
1692,280,0
1692,1194,0
1692,978,0
1692,624,0
1692,2490,0
1693,1288,1
1693,912,1
1693,41,1
1693,2477,1
1693,695,1
1693,1852,1
1693,832,1
1693,1088,1
1693,857,1
1693,2268,1
1693,1629,1
1693,2783,1
1693,2547,1
1693,2293,1
1693,382,1
1693,2257,0
1693,737,0
1693,1952,0
1693,2533,0
1693,1951,0
1693,289,0
1693,2770,0
1693,847,0
1693,454,0
1693,2720,0
1693,556,0
1693,1500,0
1695,1320,1
1695,1425,1
1695,1889,0
1695,2667,0
1695,1169,0
1695,511,0
1695,1314,0
1695,1798,0
1696,1901,0
1697,1033,1
1697,2059,1
1697,2594,1
1697,1579,1
1697,2606,1
1697,2103,1
1697,2617,1
1697,58,1
1697,1097,1
1697,1121,1
1697,615,1
1697,2155,1
1697,1648,1
1697,2170,1
1697,2688,1
1697,648,1
1697,1172,1
1697,1699,1
1697,164,1
1697,1703,1
1697,2728,1
1697,2222,1
1697,2224,1
1697,183,1
1697,1724,1
1697,704,1
1697,2754,1
1697,198,1
1697,1759,1
1697,1770,1
1697,1271,1
1697,1320,1
1697,1335,1
1697,1848,1
1697,313,1
1697,826,1
1697,1342,1
1697,1360,1
1697,1367,1
1697,1891,1
1697,1899,1
1697,2420,1
1697,885,1
1697,892,1
1697,1405,1
1697,2459,1
1697,2468,1
1697,1957,1
1697,1966,1
1697,2482,1
1697,1985,1
1697,970,1
1697,2510,1
1697,986,1
1697,2013,1
1697,1507,1
1697,2022,1
1697,2039,1
1697,1019,1
1697,1933,0
1697,2502,0
1697,1914,0
1697,1068,0
1697,387,0
1697,2320,0
1697,1189,0
1697,2748,0
1697,133,0
1697,378,0
1697,1903,0
1697,2254,0
1697,1233,0
1697,129,0
1697,79,0
1697,14,0
1697,2585,0
1697,1325,0
1697,768,0
1697,523,0
1697,2112,0
1697,1997,0
1697,496,0
1697,1940,0
1697,726,0
1697,2680,0
1697,139,0
1697,1466,0
1697,428,0
1697,2352,0
1697,2071,0
1697,1416,0
1697,2079,0
1697,2379,0
1697,2217,0
1697,1996,0
1697,486,0
1697,665,0
1697,850,0
1697,399,0
1697,1453,0
1697,89,0
1697,871,0
1697,70,0
1697,1160,0
1697,747,0
1698,2722,1
1698,1300,1
1698,133,0
1699,612,1
1700,2772,1
1700,1915,0
1701,1410,1
1701,2,1
1701,1033,1
1701,270,1
1701,1552,1
1701,285,1
1701,1568,1
1701,179,1
1701,2485,1
1701,2617,1
1701,314,1
1701,1104,1
1701,1108,1
1701,1877,1
1701,858,1
1701,1375,1
1701,1512,1
1701,2032,1
1701,1271,1
1701,1914,1
1701,2174,1
1701,895,0
1701,1798,0
1701,1208,0
1701,261,0
1701,678,0
1701,2309,0
1701,2259,0
1701,1629,0
1701,889,0
1701,2477,0
1701,94,0
1701,1389,0
1701,650,0
1701,668,0
1701,1468,0
1701,23,0
1701,2300,0
1701,2417,0
1701,2743,0
1701,2333,0
1702,6,1
1702,872,0
1703,2307,1
1703,1725,1
1703,1781,0
1703,2738,0
1704,1776,1
1704,1127,0
1705,2582,1
1705,545,1
1705,1071,1
1705,2613,1
1705,2617,1
1705,1607,1
1705,2646,1
1705,115,1
1705,117,1
1705,1153,1
1705,1667,1
1705,660,1
1705,152,1
1705,166,1
1705,1194,1
1705,684,1
1705,2229,1
1705,212,1
1705,1749,1
1705,2263,1
1705,2777,1
1705,729,1
1705,737,1
1705,1770,1
1705,1271,1
1705,1801,1
1705,1815,1
1705,332,1
1705,2410,1
1705,878,1
1705,1394,1
1705,388,1
1705,2464,1
1705,1953,1
1705,1958,1
1705,1456,1
1705,1461,1
1705,967,1
1705,2514,1
1705,480,1
1705,482,1
1705,1511,1
1705,2537,1
1705,489,1
1705,2034,1
1705,2042,1
1705,1531,1
1705,1145,0
1705,2676,0
1705,2599,0
1705,671,0
1705,815,0
1705,743,0
1705,2148,0
1705,1293,0
1705,1673,0
1705,193,0
1705,503,0
1705,2512,0
1705,1352,0
1705,1159,0
1705,363,0
1705,2296,0
1705,1970,0
1705,1365,0
1705,404,0
1705,2114,0
1705,509,0
1705,2787,0
1705,1239,0
1705,1936,0
1705,733,0
1705,2142,0
1705,2657,0
1705,2356,0
1705,368,0
1705,876,0
1705,980,0
1705,748,0
1705,542,0
1705,924,0
1705,107,0
1705,2371,0
1705,1383,0
1705,812,0
1705,1722,0
1705,2138,0
1705,2248,0
1705,2094,0
1705,1945,0
1705,2406,0
1706,1058,1
1706,964,1
1706,466,1
1706,2642,1
1706,546,0
1706,2101,0
1706,2685,0
1706,982,0
1706,1757,0
1706,136,0
1707,2555,1
1708,767,1
1708,1427,1
1708,2215,1
1708,0,0
1708,2011,0
1708,1308,0
1709,2358,0
1710,2490,1
1710,847,0
1711,2752,1
1711,2262,0
1712,903,1
1712,1290,1
1712,1946,1
1712,805,1
1712,2597,1
1712,81,1
1712,1746,1
1712,866,1
1712,236,1
1712,2412,1
1712,2544,1
1712,886,1
1712,382,1
1712,1087,0
1712,2244,0
1712,799,0
1712,1296,0
1712,1720,0
1712,2520,0
1712,1554,0
1712,1916,0
1712,865,0
1712,2588,0
1712,1476,0
1712,1136,0
1712,1333,0
1712,1137,0
1713,1113,0
1714,492,1
1714,1900,0
1715,2739,1
1715,1877,0
1715,1043,0
1716,704,1
1716,1570,1
1716,1941,1
1716,191,1
1716,1298,0
1716,1798,0
1717,2121,1
1717,1674,0
1718,1725,1
1719,864,1
1719,1165,1
1719,2135,1
1719,1271,1
1719,0,0
1719,2376,0
1719,1288,0
1719,349,0
1720,2528,1
1720,285,1
1720,1727,1
1720,1832,0
1720,2134,0
1721,2307,1
1721,110,0
1722,459,1
1722,1611,1
1722,697,1
1722,500,0
1722,2345,0
1722,1608,0
1722,1076,0
1722,778,0
1723,1647,1
1724,517,1
1724,2579,1
1724,1569,1
1724,1059,1
1724,2596,1
1724,2606,1
1724,1071,1
1724,47,1
1724,1600,1
1724,589,1
1724,2646,1
1724,1111,1
1724,1119,1
1724,1634,1
1724,102,1
1724,103,1
1724,1132,1
1724,1645,1
1724,2703,1
1724,2708,1
1724,1181,1
1724,2210,1
1724,1188,1
1724,682,1
1724,197,1
1724,709,1
1724,2775,1
1724,2263,1
1724,1761,1
1724,737,1
1724,1263,1
1724,1296,1
1724,786,1
1724,2366,1
1724,2371,1
1724,1870,1
1724,1360,1
1724,852,1
1724,854,1
1724,344,1
1724,1897,1
1724,874,1
1724,388,1
1724,2437,1
1724,907,1
1724,398,1
1724,931,1
1724,419,1
1724,1983,1
1724,967,1
1724,975,1
1724,1492,1
1724,985,1
1724,2021,1
1724,999,1
1724,1522,1
1724,1523,1
1724,2553,1
1724,941,0
1724,1860,0
1724,99,0
1724,1347,0
1724,588,0
1724,1064,0
1724,2609,0
1724,2095,0
1724,2340,0
1724,2605,0
1724,802,0
1724,1527,0
1724,2184,0
1724,1671,0
1724,355,0
1724,882,0
1724,2299,0
1724,570,0
1724,1371,0
1724,2345,0
1724,1764,0
1724,213,0
1724,461,0
1724,815,0
1724,559,0
1724,1110,0
1724,2494,0
1724,2148,0
1724,1075,0
1724,531,0
1724,11,0
1724,1910,0
1724,1045,0
1724,1127,0
1724,293,0
1724,670,0
1724,565,0
1724,1233,0
1724,1816,0
1724,1253,0
1724,1720,0
1724,2590,0
1724,1516,0
1724,548,0
1724,1596,0
1724,705,0
1724,1253,0
1724,2370,0
1724,217,0
1724,2501,0
1724,2125,0
1724,2482,0
1724,2170,0
1724,1795,0
1724,2147,0
1724,2286,0
1725,1925,1
1725,1126,1
1725,1832,1
1725,1867,1
1725,2385,1
1725,1912,1
1725,317,0
1725,370,0
1725,214,0
1725,1000,0
1725,2086,0
1726,989,1
1726,1101,0
1727,1427,1
1727,754,0
1728,1013,1
1728,294,1
1728,191,1
1728,1815,0
1729,2088,1
1729,1056,0
1730,2048,1
1730,40,1
1730,148,1
1730,2616,1
1730,2507,0
1730,2379,0
1730,2142,0
1730,2176,0
1730,459,0
1731,1763,1
1731,2764,1
1731,2135,1
1731,183,1
1731,2056,0
1731,1232,0
1731,441,0
1731,1880,0
1731,1444,0
1731,2383,0
1732,609,1
1732,195,1
1732,1637,1
1732,954,1
1732,2125,0
1732,2379,0
1733,1590,1
1733,1070,0
1734,1637,1
1734,2215,1
1734,682,1
1734,683,1
1734,1168,1
1734,1180,1
1734,2367,1
1734,421,0
1734,2505,0
1734,2130,0
1734,755,0
1734,1083,0
1734,936,0
1734,1409,0
1734,1919,0
1734,2102,0
1735,1784,0
1736,1300,1
1736,2062,0
1737,328,0
1738,748,1
1738,177,1
1738,987,1
1738,767,1
1738,682,0
1738,588,0
1738,457,0
1738,1483,0
1739,2156,0
1740,1983,0
1741,1480,1
1741,1320,1
1741,2340,1
1741,2005,0
1741,1169,0
1741,792,0
1742,2468,1
1742,758,1
1742,1020,1
1742,495,0
1742,2018,0
1742,674,0
1743,832,1
1743,1930,1
1743,734,1
1743,1929,0
1744,517,1
1744,518,1
1744,522,1
1744,2582,1
1744,2583,1
1744,1058,1
1744,2596,1
1744,2606,1
1744,1071,1
1744,2615,1
1744,2556,1
1744,573,1
1744,1099,1
1744,1101,1
1744,1614,1
1744,2141,1
1744,2153,1
1744,1129,1
1744,115,1
1744,636,1
1744,646,1
1744,2716,1
1744,668,1
1744,1699,1
1744,2210,1
1744,2728,1
1744,683,1
1744,2238,1
1744,1216,1
1744,2252,1
1744,719,1
1744,727,1
1744,2263,1
1744,734,1
1744,2272,1
1744,737,1
1744,1249,1
1744,2274,1
1744,2789,1
1744,2288,1
1744,2298,1
1744,1283,1
1744,1284,1
1744,1799,1
1744,1296,1
1744,1312,1
1744,2340,1
1744,1316,1
1744,830,1
1744,320,1
1744,332,1
1744,1870,1
1744,344,1
1744,858,1
1744,360,1
1744,903,1
1744,2447,1
1744,1945,1
1744,411,1
1744,426,1
1744,948,1
1744,2488,1
1744,1983,1
1744,465,1
1744,2514,1
1744,480,1
1744,482,1
1744,496,1
1744,2544,1
1744,2036,1
1744,1531,1
1744,1020,1
1744,316,0
1744,2760,0
1744,1412,0
1744,135,0
1744,392,0
1744,1429,0
1744,165,0
1744,1232,0
1744,140,0
1744,2605,0
1744,811,0
1744,729,0
1744,102,0
1744,1584,0
1744,311,0
1744,1745,0
1744,2528,0
1744,1412,0
1744,2134,0
1744,233,0
1744,1014,0
1744,1427,0
1744,37,0
1744,791,0
1744,2459,0
1744,2420,0
1744,1768,0
1744,2455,0
1744,853,0
1744,1682,0
1744,1078,0
1744,1440,0
1744,1529,0
1744,1546,0
1744,2120,0
1744,1015,0
1744,1739,0
1744,2231,0
1744,2630,0
1744,2703,0
1744,2231,0
1744,416,0
1744,2287,0
1744,35,0
1744,2639,0
1744,90,0
1744,901,0
1744,2307,0
1744,1404,0
1744,2236,0
1744,1196,0
1744,371,0
1744,2525,0
1744,1859,0
1744,2573,0
1744,2533,0
1744,2341,0
1744,2369,0
1744,2179,0
1744,2234,0
1744,2093,0
1744,307,0
1744,2225,0
1744,2436,0
1744,1325,0
1744,2658,0
1744,780,0
1744,1381,0
1744,86,0
1744,1274,0
1744,395,0
1744,1113,0
1744,1049,0
1744,923,0
1744,49,0
1744,2430,0
1744,520,0
1744,571,0
1744,116,0
1745,1922,1
1745,131,1
1745,517,1
1745,2439,1
1745,2055,1
1745,521,1
1745,522,1
1745,518,1
1745,273,1
1745,1427,1
1745,917,1
1745,285,1
1745,2340,1
1745,1188,1
1745,2091,1
1745,2731,1
1745,1966,1
1745,2741,1
1745,951,1
1745,2755,1
1745,2507,1
1745,2380,1
1745,2260,1
1745,1748,1
1745,2776,1
1745,988,1
1745,989,1
1745,2398,1
1745,1764,1
1745,1892,1
1745,1131,1
1745,748,1
1745,237,1
1745,2158,1
1745,1512,0
1745,70,0
1745,1867,0
1745,360,0
1745,490,0
1745,2557,0
1745,664,0
1745,1941,0
1745,425,0
1745,2357,0
1745,839,0
1745,2090,0
1745,1258,0
1745,2318,0
1745,1869,0
1745,2403,0
1745,2005,0
1745,1564,0
1745,721,0
1745,1338,0
1745,1038,0
1745,2373,0
1745,1465,0
1745,1318,0
1745,1394,0
1745,2262,0
1745,116,0
1746,1985,1
1746,2367,1
1746,1553,0
1746,1429,0
1747,788,1
1748,246,1
1748,1231,0
1749,1794,1
1749,2698,1
1749,907,1
1749,2320,1
1749,922,1
1749,1786,1
1749,2601,1
1749,173,1
1749,2234,1
1749,586,1
1749,1869,1
1749,2258,1
1749,1631,1
1749,493,1
1749,1523,1
1749,2170,1
1749,507,1
1749,765,1
1749,740,0
1749,1538,0
1749,1778,0
1749,1145,0
1749,2612,0
1749,2393,0
1749,2230,0
1749,1296,0
1749,1796,0
1749,1117,0
1749,228,0
1749,714,0
1749,2246,0
1749,1302,0
1750,648,0
1751,492,1
1752,1794,1
1752,2630,1
1752,585,1
1752,2316,1
1752,79,1
1752,2617,1
1752,2228,1
1752,2105,1
1752,476,1
1752,252,1
1752,989,1
1752,1983,1
1752,576,0
1752,321,0
1752,2760,0
1752,51,0
1752,220,0
1752,2240,0
1752,1131,0
1752,306,0
1752,2294,0
1752,1705,0
1753,378,0
1754,261,1
1755,1340,0
1756,2135,1
1757,2439,1
1757,508,1
1757,317,1
1757,848,0
1757,1556,0
1757,832,0
1757,378,0
1758,704,1
1758,767,0
1759,1096,1
1759,1177,0
1760,2547,0
1761,683,1
1761,2164,0
1761,78,0
1764,1452,0
1765,2565,1
1765,501,0
1766,875,0
1767,2158,1
1767,471,0
1768,857,1
1768,1770,1
1768,2219,0
1769,994,1
1769,1352,1
1769,1321,1
1769,2601,1
1769,1387,1
1769,233,1
1769,1771,1
1769,625,1
1769,472,1
1769,2105,1
1769,1383,0
1769,2438,0
1769,1226,0
1769,141,0
1769,960,0
1769,2412,0
1769,1628,0
1769,1779,0
1769,604,0
1769,310,0
1770,1283,1
1770,771,1
1770,902,1
1770,518,1
1770,2185,1
1770,1932,1
1770,267,1
1770,1678,1
1770,521,1
1770,1427,1
1770,915,1
1770,917,1
1770,278,1
1770,1942,1
1770,2040,1
1770,921,1
1770,2039,1
1770,415,1
1770,2081,1
1770,936,1
1770,1968,1
1770,2485,1
1770,2104,1
1770,1981,1
1770,1748,1
1770,984,1
1770,1890,1
1770,1893,1
1770,231,1
1770,2279,1
1770,2410,1
1770,2168,1
1770,125,1
1770,1258,0
1770,83,0
1770,58,0
1770,1519,0
1770,787,0
1770,1536,0
1770,1212,0
1770,2786,0
1770,2378,0
1770,2364,0
1770,1423,0
1770,1210,0
1770,1211,0
1770,2602,0
1770,839,0
1770,1314,0
1770,2577,0
1770,323,0
1770,328,0
1770,1723,0
1770,161,0
1770,2510,0
1770,147,0
1770,947,0
1770,769,0
1770,907,0
1770,2557,0
1770,1060,0
1770,1880,0
1770,391,0
1770,2510,0
1770,2744,0
1770,1795,0
1770,1829,0
1770,176,0
1770,2491,0
1770,2761,0
1770,397,0
1771,2785,1
1771,1850,1
1771,1787,0
1772,4,1
1772,517,1
1772,518,1
1772,1552,1
1772,2065,1
1772,530,1
1772,1052,1
1772,544,1
1772,1058,1
1772,1059,1
1772,2605,1
1772,2606,1
1772,46,1
1772,1072,1
1772,1592,1
1772,2556,1
1772,1097,1
1772,1609,1
1772,1101,1
1772,1614,1
1772,2646,1
1772,2141,1
1772,2653,1
1772,2656,1
1772,97,1
1772,1633,1
1772,2153,1
1772,1129,1
1772,2170,1
1772,1659,1
1772,123,1
1772,644,1
1772,141,1
1772,2703,1
1772,1171,1
1772,1696,1
1772,2210,1
1772,675,1
1772,1190,1
1772,2215,1
1772,1193,1
1772,2218,1
1772,2228,1
1772,1718,1
1772,1722,1
1772,190,1
1772,2238,1
1772,2246,1
1772,1225,1
1772,1748,1
1772,2777,1
1772,2775,1
1772,2272,1
1772,737,1
1772,1249,1
1772,2277,1
1772,747,1
1772,2283,1
1772,1773,1
1772,2291,1
1772,1783,1
1772,248,1
1772,251,1
1772,264,1
1772,1809,1
1772,1299,1
1772,276,1
1772,1296,1
1772,802,1
1772,2341,1
1772,818,1
1772,820,1
1772,1349,1
1772,1353,1
1772,1867,1
1772,1357,1
1772,1869,1
1772,1360,1
1772,852,1
1772,864,1
1772,1894,1
1772,872,1
1772,1901,1
1772,882,1
1772,388,1
1772,390,1
1772,391,1
1772,903,1
1772,2445,1
1772,397,1
1772,1933,1
1772,1422,1
1772,1428,1
1772,918,1
1772,415,1
1772,1953,1
1772,1958,1
1772,2489,1
1772,1985,1
1772,451,1
1772,977,1
1772,477,1
1772,480,1
1772,2016,1
1772,996,1
1772,489,1
1772,496,1
1772,2034,1
1772,502,1
1772,2040,1
1772,2553,1
1772,2666,0
1772,829,0
1772,1563,0
1772,1075,0
1772,1206,0
1772,2712,0
1772,457,0
1772,1060,0
1772,2143,0
1772,111,0
1772,1092,0
1772,1191,0
1772,1703,0
1772,402,0
1772,80,0
1772,460,0
1772,1300,0
1772,1648,0
1772,2440,0
1772,2146,0
1772,408,0
1772,2752,0
1772,1022,0
1772,1582,0
1772,114,0
1772,985,0
1772,1576,0
1772,1263,0
1772,140,0
1772,2472,0
1772,2496,0
1772,185,0
1772,2237,0
1772,2714,0
1772,2713,0
1772,1298,0
1772,464,0
1772,720,0
1772,1685,0
1772,2760,0
1772,550,0
1772,2689,0
1772,2400,0
1772,1854,0
1772,1919,0
1772,2261,0
1772,2279,0
1772,1467,0
1772,1117,0
1772,2406,0
1772,2408,0
1772,1657,0
1772,1617,0
1772,1310,0
1772,1864,0
1772,574,0
1772,853,0
1772,2404,0
1772,2523,0
1772,2668,0
1772,1855,0
1772,1580,0
1772,1893,0
1772,604,0
1772,2435,0
1772,664,0
1772,1937,0
1772,1586,0
1772,523,0
1772,1311,0
1772,1655,0
1772,1874,0
1772,812,0
1772,271,0
1772,691,0
1772,1377,0
1772,680,0
1772,313,0
1772,2300,0
1772,2182,0
1772,857,0
1772,282,0
1772,1256,0
1772,1393,0
1772,1703,0
1772,2373,0
1772,1632,0
1772,2737,0
1772,970,0
1772,499,0
1772,2098,0
1772,2274,0
1772,2217,0
1772,1792,0
1772,2552,0
1772,393,0
1772,48,0
1772,724,0
1772,1715,0
1772,550,0
1772,988,0
1772,1175,0
1772,83,0
1772,1547,0
1772,2222,0
1772,1793,0
1772,1556,0
1772,855,0
1772,1038,0
1772,1183,0
1772,1334,0
1772,700,0
1772,2346,0
1772,36,0
1772,1165,0
1773,644,0
1774,2562,1
1774,987,1
1774,97,0
1774,742,0
1775,1427,1
1775,604,0
1776,2120,1
1776,886,1
1776,1294,0
1777,2135,1
1777,1185,0
1777,1903,0
1778,2136,1
1778,1559,1
1778,1799,0
1778,1282,0
1779,287,0
1780,611,1
1780,1335,0
1781,2490,1
1781,650,0
1781,1602,0
1783,2741,1
1783,2593,0
1784,1631,1
1785,2546,1
1785,717,1
1785,294,1
1785,1049,0
1785,2292,0
1786,679,1
1786,1583,0
1787,2101,1
1787,2494,1
1787,1011,0
1787,1250,0
1787,2381,0
1788,2565,1
1789,704,1
1789,2722,1
1789,295,1
1789,2120,1
1789,586,1
1789,1480,1
1789,562,1
1789,2744,1
1789,2555,1
1789,1790,1
1789,1798,0
1789,1386,0
1789,1926,0
1789,1330,0
1789,1685,0
1789,2455,0
1789,1562,0
1789,1909,0
1789,1638,0
1789,1922,0
1789,1648,0
1789,2405,0
1790,2215,1
1790,67,0
1791,2640,0
1792,786,1
1792,989,1
1792,911,0
1793,748,1
1793,275,1
1793,2070,1
1793,364,0
1793,1372,0
1793,1662,0
1794,1032,0
1795,295,1
1795,49,0
1796,238,0
1797,987,1
1797,1636,1
1797,562,0
1797,2494,0
1798,797,1
1798,1695,1
1798,2739,1
1798,1855,1
1798,1480,1
1798,2764,1
1798,1743,1
1798,1872,1
1798,1240,1
1798,1632,1
1798,2277,1
1798,2666,1
1798,109,1
1798,886,1
1798,632,1
1798,1731,0
1798,31,0
1798,1288,0
1798,348,0
1798,2383,0
1798,1621,0
1798,1224,0
1798,975,0
1798,2437,0
1798,120,0
1798,780,0
1798,529,0
1798,1587,0
1798,122,0
1798,905,0
1799,2036,1
1799,1941,0
1800,1764,1
1800,2616,0
1801,1920,1
1801,398,1
1801,149,1
1801,801,1
1801,2218,1
1801,1072,1
1801,2353,1
1801,1464,1
1801,2745,1
1801,199,1
1801,846,1
1801,79,1
1801,82,1
1801,2645,1
1801,2776,1
1801,2650,1
1801,1249,1
1801,2030,1
1801,1786,1
1801,1532,1
1801,1932,0
1801,2241,0
1801,1618,0
1801,1299,0
1801,1053,0
1801,1548,0
1801,317,0
1801,1021,0
1801,787,0
1801,2236,0
1801,1226,0
1801,1281,0
1801,999,0
1801,1984,0
1801,1633,0
1801,2458,0
1801,1633,0
1801,39,0
1802,1423,1
1803,2632,1
1803,127,0
1805,1483,0
1806,863,1
1807,1782,1
1807,342,0
1807,1676,0
1807,1636,0
1807,747,0
1808,786,1
1808,1550,0
1809,1825,1
1809,2575,1
1809,2612,1
1809,758,1
1809,987,1
1809,304,0
1809,740,0
1809,187,0
1810,2722,1
1810,2491,1
1810,2708,0
1810,1981,0
1810,1457,0
1811,1866,0
1812,1132,1
1812,544,0
1812,663,0
1813,2502,1
1813,1176,0
1814,837,1
1814,351,0
1815,1329,0
1816,1096,1
1816,2133,1
1817,2531,1
1818,987,1
1819,951,0
1820,2789,0
1821,935,1
1821,2764,1
1821,111,1
1821,1079,0
1821,908,0
1822,1928,0
1823,2722,1
1823,1348,1
1823,1069,1
1823,305,1
1823,415,0
1823,981,0
1823,1786,0
1823,675,0
1824,295,1
1824,426,1
1824,1902,1
1824,2556,1
1824,1072,1
1824,1009,1
1824,1170,1
1824,2065,1
1824,2101,1
1824,951,1
1824,1881,1
1824,917,0
1824,1222,0
1824,782,0
1824,276,0
1824,2396,0
1824,2129,0
1824,1176,0
1824,2303,0
1825,2068,1
1825,382,1
1825,1584,0
1825,850,0
1826,951,1
1826,953,0
1826,1172,0
1827,1190,1
1827,1612,1
1827,1179,1
1827,1874,1
1827,2744,1
1827,443,1
1827,63,1
1827,1023,1
1827,892,0
1827,1959,0
1827,247,0
1827,1607,0
1827,275,0
1828,994,1
1828,270,1
1828,1424,1
1828,1879,0
1828,2148,0
1829,547,1
1829,521,1
1829,597,1
1829,988,1
1829,2483,0
1829,2677,0
1829,2375,0
1830,625,1
1830,1172,1
1830,575,1
1830,1408,0
1830,1697,0
1831,1773,1
1831,1897,1
1831,875,0
1832,565,1
1832,2629,1
1832,1685,0
1833,1930,1
1833,907,1
1833,664,1
1833,2340,1
1833,298,1
1833,1083,1
1833,840,1
1833,594,1
1833,212,1
1833,993,1
1833,2021,1
1833,2288,1
1833,1790,1
1833,767,1
1833,1072,0
1833,862,0
1833,286,0
1833,866,0
1833,2117,0
1833,817,0
1833,134,0
1833,104,0
1833,2053,0
1833,1161,0
1833,233,0
1833,673,0
1833,2635,0
1833,868,0
1834,2160,1
1834,987,1
1834,946,0
1834,2347,0
1834,2286,0
1835,612,1
1835,1069,1
1835,2756,0
1835,1377,0
1835,1976,0
1836,832,1
1836,1440,0
1837,625,1
1837,670,0
1838,611,1
1838,2380,1
1838,1949,1
1838,932,0
1838,144,0
1839,166,1
1839,2735,0
1840,777,1
1840,2316,1
1840,530,1
1840,411,1
1840,1052,1
1840,2210,1
1840,1059,1
1840,690,1
1840,180,1
1840,313,1
1840,2617,1
1840,1084,1
1840,1981,1
1840,1216,1
1840,197,1
1840,2630,1
1840,1353,1
1840,332,1
1840,1614,1
1840,2514,1
1840,465,1
1840,2517,1
1840,2646,1
1840,344,1
1840,2777,1
1840,1757,1
1840,360,1
1840,489,1
1840,1897,1
1840,238,1
1840,885,1
1840,1791,1
1840,1149,0
1840,1813,0
1840,2230,0
1840,2152,0
1840,1884,0
1840,2337,0
1840,2226,0
1840,1687,0
1840,2081,0
1840,2431,0
1840,416,0
1840,2458,0
1840,949,0
1840,440,0
1840,2453,0
1840,1670,0
1840,2325,0
1840,1887,0
1840,972,0
1840,1931,0
1840,2683,0
1840,2650,0
1840,932,0
1840,1675,0
1840,1706,0
1841,1867,1
1841,2514,1
1841,2071,1
1841,186,1
1841,15,0
1841,729,0
1841,580,0
1841,86,0
1841,1138,0
1842,1960,1
1842,1204,0
1843,521,1
1843,329,1
1843,1935,1
1843,597,1
1843,2461,1
1843,381,0
1843,1663,0
1843,533,0
1843,313,0
1843,2328,0
1843,2773,0
1844,1782,1
1844,1220,0
1844,1418,0
1845,1033,1
1845,1296,1
1845,408,1
1845,1177,1
1845,1180,1
1845,1949,1
1845,1057,1
1845,1533,1
1845,34,1
1845,2469,1
1845,682,1
1845,683,1
1845,1581,1
1845,820,1
1845,823,1
1845,1600,1
1845,1345,1
1845,2128,1
1845,2772,1
1845,2272,1
1845,1636,1
1845,1129,1
1845,1392,1
1845,125,1
1845,1662,0
1845,249,0
1845,1998,0
1845,898,0
1845,1719,0
1845,1313,0
1845,2103,0
1845,1107,0
1845,1391,0
1845,2616,0
1845,1940,0
1845,1722,0
1845,2596,0
1845,1252,0
1845,2281,0
1845,2643,0
1845,1950,0
1845,507,0
1845,470,0
1845,811,0
1845,1169,0
1845,748,0
1846,1867,1
1847,2607,0
1847,758,0
1848,1033,1
1848,778,1
1848,1296,1
1848,1041,1
1848,530,1
1848,665,1
1848,1052,1
1848,1569,1
1848,819,1
1848,320,1
1848,1216,1
1848,2272,1
1848,1392,1
1848,1101,0
1848,2019,0
1848,1553,0
1848,2655,0
1848,907,0
1848,1734,0
1848,1921,0
1848,192,0
1848,2457,0
1848,2406,0
1848,336,0
1848,2550,0
1848,843,0
1848,728,0
1848,2376,0
1849,521,1
1849,547,1
1849,988,1
1849,597,1
1849,1022,0
1849,106,0
1849,2742,0
1850,390,1
1850,1031,1
1850,2057,1
1850,267,1
1850,544,1
1850,419,1
1850,684,1
1850,2746,1
1850,1854,1
1850,1983,1
1850,1225,1
1850,2513,1
1850,980,1
1850,2297,1
1850,2298,1
1850,123,1
1850,1949,0
1850,1372,0
1850,358,0
1850,266,0
1850,2280,0
1850,218,0
1850,839,0
1850,154,0
1850,325,0
1850,983,0
1850,610,0
1850,679,0
1850,2168,0
1850,376,0
1850,668,0
1850,2134,0
1851,2494,1
1851,970,0
1851,918,0
1852,352,1
1852,611,1
1852,131,1
1852,616,1
1852,1580,1
1852,175,1
1852,305,1
1852,1110,1
1852,2101,1
1852,2459,0
1852,1930,0
1852,1583,0
1852,1868,0
1852,1303,0
1852,1314,0
1852,316,0
1852,88,0
1853,1871,1
1853,1968,1
1853,212,1
1853,2582,1
1853,2489,1
1853,2446,0
1853,2743,0
1853,1385,0
1853,2037,0
1854,2754,1
1854,1033,1
1854,748,1
1854,2009,1
1854,1019,1
1854,2503,0
1854,1381,0
1856,1177,1
1856,1966,0
1856,1648,0
1856,2427,0
1856,1846,0
1856,248,0
1859,175,1
1860,2224,1
1860,294,1
1860,1855,1
1860,706,0
1860,1830,0
1861,1915,1
1861,1348,0
1862,994,1
1862,390,1
1862,684,1
1862,2605,1
1862,45,1
1862,1806,1
1862,2170,1
1862,1021,0
1862,996,0
1862,673,0
1862,2006,0
1862,1289,0
1862,2465,0
1862,2483,0
1862,244,0
1863,1376,0
1864,857,1
1864,1141,1
1864,973,1
1864,942,0
1864,2026,0
1864,2299,0
1865,1287,0
1866,166,1
1866,496,1
1866,2293,1
1866,664,1
1866,1915,1
1866,2342,0
1867,522,1
1867,1400,1
1867,269,1
1867,1897,0
1867,546,0
1868,1033,1
1869,993,1
1869,2213,1
1869,215,0
1870,2681,1
1870,2110,0
1871,2443,1
1871,1357,0
1872,1304,0
1873,219,0
1874,2241,1
1874,662,0
1874,184,0
1875,1271,1
1875,342,0
1875,132,0
1876,2049,0
1877,1041,1
1877,530,1
1877,1299,1
1877,2584,1
1877,2596,1
1877,166,1
1877,683,1
1877,1200,1
1877,819,1
1877,62,1
1877,1607,1
1877,854,1
1877,1392,1
1877,1194,0
1877,868,0
1877,1578,0
1877,1825,0
1877,77,0
1877,1865,0
1877,2161,0
1877,2041,0
1877,2647,0
1877,1814,0
1877,2521,0
1877,331,0
1877,1745,0
1877,2093,0
1878,2154,1
1879,2048,1
1879,2561,1
1879,644,1
1879,2440,1
1879,2065,1
1879,2199,1
1879,1433,1
1879,1181,1
1879,801,1
1879,1826,1
1879,2595,1
1879,2084,1
1879,675,1
1879,166,1
1879,2086,1
1879,805,1
1879,2345,1
1879,557,1
1879,817,1
1879,2228,1
1879,830,1
1879,705,1
1879,2630,1
1879,2633,1
1879,74,1
1879,2382,1
1879,2648,1
1879,2141,1
1879,222,1
1879,1631,1
1879,2277,1
1879,1511,1
1879,1647,1
1879,2290,1
1879,2677,1
1879,1913,1
1879,1915,1
1879,1686,0
1879,1636,0
1879,2706,0
1879,629,0
1879,1318,0
1879,1818,0
1879,1267,0
1879,2411,0
1879,1430,0
1879,630,0
1879,2782,0
1879,53,0
1879,1736,0
1879,2095,0
1879,248,0
1879,2083,0
1879,596,0
1879,2005,0
1879,2566,0
1879,2017,0
1879,2709,0
1879,1114,0
1879,907,0
1879,1875,0
1879,1870,0
1879,333,0
1879,2566,0
1879,2312,0
1879,506,0
1879,1099,0
1879,1763,0
1879,416,0
1879,1799,0
1879,1765,0
1879,1074,0
1879,185,0
1879,365,0
1880,1270,0
1881,1867,1
1881,250,0
1882,2695,0
1883,616,1
1884,512,1
1884,1633,1
1884,2040,1
1884,857,1
1884,1312,0
1884,2623,0
1884,400,0
1886,1387,1
1886,2344,0
1887,2688,1
1887,198,1
1887,1033,1
1887,2737,1
1887,1019,1
1887,836,0
1887,825,0
1887,1064,0
1887,112,0
1888,616,1
1888,1922,1
1888,413,1
1888,1894,0
1888,731,0
1888,146,0
1889,608,1
1889,145,0
1890,1942,0
1892,2051,1
1893,542,0
1894,1764,1
1894,6,0
1895,2551,0
1896,2477,0
1897,732,1
1897,1693,0
1898,2727,1
1898,2128,1
1898,2101,1
1898,2772,1
1898,1949,1
1898,2249,0
1898,2250,0
1898,1793,0
1898,2061,0
1899,2051,1
1900,1633,1
1900,2154,1
1900,1869,1
1900,2128,1
1900,1425,1
1900,2101,1
1900,2282,0
1900,306,0
1900,1327,0
1901,1427,1
1902,1694,1
1902,2431,0
1903,1427,0
1904,2504,0
1905,2681,1
1905,734,0
1907,1953,1
1907,936,1
1907,950,1
1907,2625,1
1907,329,1
1907,332,1
1907,717,1
1907,2128,1
1907,2777,1
1907,992,1
1907,2403,1
1907,2424,1
1907,1361,0
1907,2030,0
1907,1865,0
1907,445,0
1907,1715,0
1907,1955,0
1907,1346,0
1907,330,0
1907,294,0
1907,1954,0
1907,1165,0
1907,2610,0
1907,2327,0
1907,1184,0
1907,2598,0
1907,725,0
1908,2390,1
1908,1404,0
1909,1253,1
1909,2184,1
1909,363,1
1909,309,1
1909,1052,0
1909,257,0
1909,1827,0
1909,676,0
1909,1154,0
1910,644,1
1910,1422,1
1910,2320,1
1910,17,1
1910,2065,1
1910,1171,1
1910,2170,1
1910,684,1
1910,47,1
1910,437,1
1910,2617,1
1910,2746,1
1910,573,1
1910,2238,1
1910,2242,1
1910,1610,1
1910,1868,1
1910,1744,1
1910,977,1
1910,467,1
1910,1492,1
1910,2656,1
1910,2030,1
1910,885,1
1910,2297,1
1910,2298,1
1910,123,1
1910,1791,1
1910,1035,0
1910,1715,0
1910,794,0
1910,1565,0
1910,1414,0
1910,2292,0
1910,1235,0
1910,2421,0
1910,1360,0
1910,635,0
1910,486,0
1910,2360,0
1910,1879,0
1910,1746,0
1910,949,0
1910,2016,0
1910,465,0
1910,2765,0
1910,189,0
1910,735,0
1910,371,0
1910,1697,0
1910,2731,0
1910,2353,0
1910,30,0
1910,1314,0
1910,2554,0
1910,353,0
1910,2279,0
1910,2497,0
1910,2305,0
1911,1293,1
1911,862,0
1912,2641,0
1913,1387,1
1913,1496,0
1915,1000,1
1915,2475,0
1916,518,1
1916,647,1
1916,520,1
1916,2185,1
1916,11,1
1916,1933,1
1916,1678,1
1916,1052,1
1916,1569,1
1916,2210,1
1916,1059,1
1916,931,1
1916,2355,1
1916,2229,1
1916,2488,1
1916,2625,1
1916,2256,1
1916,2130,1
1916,2263,1
1916,217,1
1916,2016,1
1916,489,1
1916,617,1
1916,746,1
1916,1129,1
1916,496,1
1916,1392,1
1916,2679,1
1916,1531,1
1916,864,0
1916,262,0
1916,1005,0
1916,1042,0
1916,2372,0
1916,1891,0
1916,2273,0
1916,1187,0
1916,2454,0
1916,2021,0
1916,509,0
1916,2024,0
1916,1508,0
1916,1494,0
1916,1981,0
1916,2416,0
1916,1567,0
1916,2682,0
1916,2159,0
1916,1121,0
1916,1878,0
1916,675,0
1916,851,0
1916,856,0
1916,1110,0
1916,2416,0
1917,2724,1
1918,1536,1
1918,1292,1
1918,1294,1
1918,2589,1
1918,1696,1
1918,305,1
1918,1845,1
1918,2378,1
1918,587,1
1918,2252,1
1918,2512,1
1918,2130,1
1918,732,1
1918,1250,1
1918,2668,1
1918,1902,1
1918,496,1
1918,1526,1
1918,632,1
1918,154,0
1918,1406,0
1918,328,0
1918,2356,0
1918,2420,0
1918,75,0
1918,1387,0
1918,2384,0
1918,1307,0
1918,1197,0
1918,1722,0
1918,1464,0
1918,1750,0
1918,2692,0
1918,932,0
1918,705,0
1918,2474,0
1918,1273,0
1918,2006,0
1919,1764,1
1919,992,0
1919,139,0
1920,2698,0
1921,1429,1
1921,1915,1
1921,1074,0
1921,920,0
1921,252,0
1921,698,0
1921,1677,0
1923,194,1
1923,931,1
1923,2084,1
1923,517,1
1923,934,1
1923,1897,1
1923,994,1
1923,1072,1
1923,1468,1
1923,1454,0
1923,974,0
1923,416,0
1923,1805,0
1923,1353,0
1923,1254,0
1923,591,0
1923,788,0
1923,1099,0
1924,857,1
1924,2737,1
1924,1271,1
1924,2390,0
1924,1957,0
1925,2303,1
1925,2586,0
1925,2575,0
1925,1068,0
1926,1208,1
1927,1218,1
1927,1826,1
1927,2161,0
1927,1443,0
1928,2688,1
1928,2104,1
1928,1071,1
1928,1141,0
1928,360,0
1928,1208,0
1929,741,1
1929,1706,1
1929,17,1
1929,1330,1
1929,2070,1
1929,727,1
1929,88,1
1929,1785,1
1929,2550,1
1929,228,0
1929,1046,0
1929,1847,0
1929,1407,0
1929,433,0
1929,520,0
1929,1319,0
1929,1955,0
1929,2400,0
1929,2687,0
1930,188,1
1931,2145,1
1931,30,0
1931,1921,0
1932,754,0
1933,131,1
1933,1542,1
1933,1678,1
1933,789,1
1933,924,1
1933,1450,1
1933,1580,1
1933,2103,1
1933,2767,1
1933,1108,1
1933,2521,1
1933,889,1
1933,30,0
1933,434,0
1933,2229,0
1933,2006,0
1933,345,0
1933,1080,0
1933,2677,0
1933,9,0
1933,1575,0
1933,2787,0
1933,498,0
1933,1632,0
1934,2073,1
1934,1309,1
1934,207,1
1934,1733,0
1934,943,0
1934,596,0
1935,2692,1
1935,246,0
1937,1875,1
1937,2492,1
1937,1383,0
1937,2746,0
1939,24,1
1940,1895,1
1940,1075,0
1941,2473,1
1941,590,1
1942,2667,1
1942,1637,0
1943,2589,1
1943,1043,0
1944,2589,1
1944,834,0
1945,2589,1
1946,2589,1
1946,1522,0
1947,2589,1
1947,891,0
1949,653,0
1950,866,0
1952,24,1
1952,2536,0
1953,2589,1
1953,1302,0
1954,1254,1
1954,2399,0
1955,2589,1
1955,1557,0
1956,2589,1
1956,2452,0
1957,24,1
1957,2355,0
1958,2486,1
1958,845,0
1959,2589,1
1959,2753,0
1960,24,1
1960,537,0
1961,24,1
1961,2606,0
1962,2589,1
1962,505,0
1963,1902,0
1964,24,1
1965,1316,0
1966,24,1
1966,2336,0
1967,24,1
1967,490,0
1968,1880,0
1969,24,1
1969,1654,0
1970,24,1
1970,1091,0
1971,2434,0
1972,24,1
1974,24,1
1975,24,1
1975,1295,0
1976,1503,0
1977,24,1
1978,526,0
1979,1584,0
1980,24,1
1980,2255,0
1981,27,0
1982,24,1
1982,2090,0
1984,24,1
1985,1225,0
1987,24,1
1987,992,0
1988,1503,0
1990,24,1
1990,1303,0
1991,24,1
1992,1182,0
1993,2145,0
1994,2014,0
1995,24,1
1996,24,1
1996,216,0
1997,1082,0
1998,952,0
1999,24,1
1999,1268,0
2001,34,0
2002,24,1
2003,24,1
2003,1789,0
2005,607,0
2006,24,1
2006,822,0
2007,890,0
2008,24,1
2009,24,1
2009,2330,0
2010,24,1
2010,1171,0
2011,24,1
2011,2437,0
2013,347,0
2014,24,1
2015,24,1
2016,2665,0
2018,999,0
2019,24,1
2019,2326,0
2021,473,0
2024,24,1
2024,1654,0
2025,24,1
2025,2203,0
2026,24,1
2027,2523,0
2028,823,0
2030,4,0
2031,24,1
2031,2456,0
2032,24,1
2033,24,1
2034,620,0
2035,24,1
2036,561,0
2038,24,1
2038,336,0
2039,24,1
2040,24,1
2041,24,1
2042,24,1
2044,24,1
2044,1319,0
2045,24,1
2045,2112,0
2046,1119,0
2047,24,1
2048,24,1
2048,2545,0
2049,24,1
2049,2439,0
2050,24,1
2051,24,1
2051,1003,0
2052,24,1
2052,113,0
2053,24,1
2054,24,1
2054,1172,0
2056,1950,0
2057,24,1
2057,782,0
2059,2109,0
2060,24,1
2060,1181,0
2061,24,1
2061,2047,0
2062,2092,0
2063,24,1
2063,868,0
2064,24,1
2064,1792,0
2065,1867,0
2066,24,1
2067,24,1
2067,1349,0
2068,24,1
2068,1728,0
2069,24,1
2070,1805,0
2071,24,1
2071,1452,0
2072,24,1
2072,118,0
2073,24,1
2073,515,0
2074,24,1
2075,1574,0
2076,2667,1
2076,1541,0
2077,2667,1
2077,868,0
2078,640,1
2078,1097,1
2078,2186,1
2078,395,1
2078,1966,1
2078,1875,1
2078,2743,1
2078,1013,0
2078,1678,0
2078,321,0
2078,2751,0
2078,46,0
2078,777,0
2078,168,0
2079,1126,1
2079,674,0
2081,1126,1
2081,1871,0
2083,965,1
2083,1126,1
2083,1350,1
2083,2766,1
2083,1680,1
2083,568,1
2083,1823,1
2083,129,0
2083,1480,0
2083,2536,0
2083,487,0
2083,1415,0
2084,2251,0
2085,1170,1
2087,2667,1
2087,836,0
2088,880,0
2090,1357,1
2090,486,0
2091,1126,1
2091,1376,0
2092,1126,1
2092,338,0
2093,1369,0
2094,705,1
2095,1891,0
2096,1170,1
2096,1941,1
2096,1686,1
2096,2461,1
2096,673,1
2096,1699,1
2096,2092,1
2096,45,1
2096,704,1
2096,450,1
2096,197,1
2096,1733,1
2096,2380,1
2096,973,1
2096,217,1
2096,237,1
2096,1264,1
2096,1393,1
2096,1008,1
2096,1532,1
2096,2259,0
2096,333,0
2096,2489,0
2096,1991,0
2096,533,0
2096,2312,0
2096,1053,0
2096,582,0
2096,51,0
2096,2583,0
2096,2114,0
2096,2592,0
2096,2075,0
2096,627,0
2096,987,0
2096,529,0
2096,1590,0
2096,796,0
2096,1515,0
2096,964,0
2096,513,0
2097,1859,0
2098,1352,1
2098,20,1
2098,1487,0
2098,1531,0
2098,243,0
2099,1250,1
2099,493,1
2099,2163,1
2099,2263,1
2099,2520,0
2099,2400,0
2099,1588,0
2100,1170,1
2101,1126,1
2101,745,0
2102,1126,1
2103,2641,1
2103,1126,1
2103,2167,0
2104,968,1
2104,626,1
2104,2134,1
2104,1595,1
2104,1855,1
2104,2615,0
2104,1080,0
2105,2340,1
2105,2320,1
2105,391,0
2105,284,0
2105,430,0
2105,1234,0
2105,1225,0
2106,1126,1
2106,114,0
2107,2051,1
2107,1668,1
2107,137,1
2107,1035,1
2107,273,1
2107,913,1
2107,533,1
2107,1052,1
2107,1831,1
2107,2218,1
2107,301,1
2107,2764,1
2107,1240,1
2107,1123,1
2107,2155,1
2107,2163,1
2107,1525,0
2107,718,0
2107,1893,0
2107,177,0
2107,635,0
2107,1066,0
2107,72,0
2107,1891,0
2108,1113,1
2108,359,0
2109,1170,1
2110,1170,1
2110,120,0
2111,2594,1
2111,1512,0
2112,1664,1
2112,226,0
2112,1816,0
2112,452,0
2112,1215,0
2113,1650,1
2113,2088,0
2113,969,0
2114,1667,1
2114,1729,0
2115,1113,1
2115,1699,1
2115,498,0
2116,2443,1
2116,1997,1
2116,857,1
2116,2682,1
2116,1516,0
2116,1161,0
2117,1123,1
2117,1851,0
2118,1760,1
2118,2265,1
2118,2058,1
2118,1421,1
2118,1309,1
2118,2514,0
2118,1071,0
2118,1884,0
2118,201,0
2119,1664,1
2119,1892,1
2119,2154,1
2119,2419,1
2119,125,1
2119,898,0
2119,375,0
2119,1718,0
2119,335,0
2119,1297,0
2119,2112,0
2120,401,1
2120,2389,1
2120,1157,1
2120,2689,0
2120,1618,0
2120,578,0
2121,1057,1
2121,2404,1
2121,1126,1
2121,337,1
2121,181,1
2121,1541,0
2121,2300,0
2121,612,0
2121,1868,0
2121,2645,0
2121,1673,0
2122,2473,1
2122,2442,1
2122,880,1
2122,2390,1
2122,2622,1
2122,2335,1
2122,1708,0
2122,864,0
2122,2618,0
2122,646,0
2123,63,1
2123,394,0
2124,1032,1
2124,1181,1
2124,1885,0
2124,2201,0
2125,1032,1
2125,267,0
2126,1032,1
2126,2483,0
2127,293,0
2128,1032,1
2128,2119,0
2129,1032,1
2129,1056,0
2130,2178,0
2131,1126,1
2131,1600,0
2131,2731,0
2131,15,0
2132,2273,1
2132,677,1
2132,565,1
2132,2139,1
2132,1618,0
2132,1778,0
2132,1123,0
2132,913,0
2132,77,0
2133,1952,1
2133,1090,1
2133,1155,1
2133,1731,1
2133,264,1
2133,1897,1
2133,1069,1
2133,247,1
2133,2169,0
2133,2659,0
2133,2087,0
2133,2180,0
2133,1490,0
2133,2282,0
2133,354,0
2133,2561,0
2133,945,0
2133,191,0
2134,1170,1
2135,1170,1
2135,2130,0
2136,2128,1
2136,2279,1
2136,2180,0
2136,1876,0
2137,906,1
2137,382,1
2137,2768,0
2137,1257,0
2137,2790,0
2138,1664,1
2139,587,1
2141,1526,1
2141,2236,0
2141,955,0
2141,2629,0
2141,1275,0
2142,2273,1
2142,2504,1
2142,810,1
2142,2267,1
2142,626,1
2142,2134,1
2142,2171,1
2142,2435,0
2142,605,0
2142,1600,0
2142,1994,0
2142,1674,0
2142,893,0
2142,2067,0
2142,1807,0
2142,1114,0
2143,1931,0
2144,2504,1
2144,30,1
2144,759,0
2144,197,0
2144,97,0
2145,2492,1
2145,1764,1
2145,1042,0
2145,2571,0
2146,58,1
2146,1572,0
2147,2307,1
2147,2692,1
2147,1925,1
2147,133,1
2147,517,1
2147,2186,1
2147,395,1
2147,11,1
2147,2700,1
2147,17,1
2147,276,1
2147,544,1
2147,1699,1
2147,419,1
2147,1574,1
2147,800,1
2147,1449,1
2147,2722,1
2147,47,1
2147,690,1
2147,947,1
2147,1588,1
2147,1346,1
2147,1607,1
2147,332,1
2147,1360,1
2147,2646,1
2147,472,1
2147,1240,1
2147,2151,1
2147,872,1
2147,372,1
2147,886,1
2147,1808,0
2147,2268,0
2147,1735,0
2147,285,0
2147,1109,0
2147,2166,0
2147,928,0
2147,1628,0
2147,1108,0
2147,1306,0
2147,1514,0
2147,556,0
2147,1262,0
2147,1266,0
2147,2675,0
2147,1438,0
2147,2427,0
2147,2780,0
2147,1450,0
2147,2468,0
2147,2560,0
2147,605,0
2147,453,0
2147,496,0
2147,1635,0
2147,748,0
2147,585,0
2147,1611,0
2147,1286,0
2147,82,0
2147,2727,0
2147,119,0
2147,1377,0
2147,668,0
2147,713,0
2148,677,1
2148,1111,0
2149,2740,1
2149,1404,0
2150,1768,1
2150,687,0
2151,2307,1
2151,397,1
2151,2199,1
2151,922,1
2151,415,1
2151,2338,1
2151,546,1
2151,1190,1
2151,1073,1
2151,307,1
2151,2232,1
2151,1464,1
2151,704,1
2151,579,1
2151,1731,1
2151,344,1
2151,1760,1
2151,102,1
2151,106,1
2151,493,1
2151,1134,1
2151,1523,1
2151,2677,1
2151,1275,1
2151,1369,0
2151,1424,0
2151,1029,0
2151,2537,0
2151,2186,0
2151,69,0
2151,2081,0
2151,1123,0
2151,321,0
2151,1029,0
2151,383,0
2151,2090,0
2151,1450,0
2151,2535,0
2151,1180,0
2151,629,0
2151,2157,0
2151,2626,0
2151,957,0
2151,583,0
2151,2198,0
2151,1735,0
2151,841,0
2151,787,0
2151,1758,0
2152,1856,1
2152,1499,1
2152,347,0
2152,1971,0
2152,1699,0
2152,1257,0
2153,2212,1
2153,517,1
2153,2086,1
2153,71,1
2153,2151,1
2153,360,1
2153,1645,1
2153,496,1
2153,2613,1
2153,338,0
2153,1379,0
2153,1059,0
2153,832,0
2153,115,0
2153,1806,0
2153,1268,0
2154,1856,1
2155,2488,1
2155,408,1
2155,2769,0
2155,1249,0
2155,2097,0
2155,1140,0
2156,2404,1
2156,1073,0
2157,1594,1
2157,869,1
2157,2279,1
2157,448,0
2157,1366,0
2158,1594,1
2158,869,1
2158,1830,1
2158,2279,1
2158,350,0
2158,768,0
2158,273,0
2159,1930,1
2159,397,1
2159,1038,1
2159,793,1
2159,1058,1
2159,166,1
2159,818,1
2159,1209,1
2159,828,1
2159,63,1
2159,1764,1
2159,2277,1
2159,1136,1
2159,882,1
2159,116,1
2159,2428,1
2159,221,0
2159,1434,0
2159,1620,0
2159,917,0
2159,656,0
2159,371,0
2159,48,0
2159,2267,0
2159,1898,0
2159,1328,0
2159,2275,0
2159,688,0
2159,356,0
2159,385,0
2159,2335,0
2159,872,0
2159,121,0
2160,1856,1
2160,626,1
2160,1528,1
2160,1891,0
2160,609,0
2160,192,0
2160,2499,0
2161,1902,1
2161,1848,1
2161,380,0
2161,1097,0
2161,2151,0
2161,2071,0
2162,1409,1
2162,1761,1
2162,1113,1
2162,415,1
2162,1990,0
2162,2282,0
2162,866,0
2163,579,1
2163,2099,0
2164,1328,1
2164,801,0
2165,2283,0
2166,2688,1
2166,1283,1
2166,2389,1
2166,410,0
2167,720,1
2167,1139,0
2169,613,0
2171,2376,1
2171,144,0
2171,1104,0
2173,422,0
2174,904,1
2174,1540,0
2175,2744,1
2175,708,1
2175,2764,1
2175,1069,1
2175,1303,0
2176,192,1
2176,9,1
2176,369,1
2176,2162,1
2176,1725,1
2176,415,1
2176,1513,0
2176,152,0
2176,1135,0
2176,2344,0
2176,1386,0
2177,612,1
2178,1397,1
2179,1985,1
2179,2037,0
2181,2338,1
2181,738,0
2181,38,0
2181,344,0
2182,2666,1
2183,2084,1
2183,837,1
2183,93,1
2183,830,1
2183,2364,0
2183,2560,0
2183,2071,0
2183,859,0
2183,1290,0
2184,2338,1
2185,1887,1
2185,160,0
2186,928,1
2186,2785,1
2186,517,1
2186,2058,1
2186,748,1
2186,17,1
2186,2389,1
2186,187,1
2186,573,1
2186,255,1
2186,1409,0
2186,293,0
2186,1620,0
2186,1133,0
2186,2525,0
2186,61,0
2186,2320,0
2187,685,1
2188,2146,0
2189,1435,0
2190,1264,1
2190,1776,0
2190,1822,0
2191,658,1
2191,1564,1
2191,1853,1
2192,157,0
2193,574,0
2194,1656,1
2194,2570,0
2194,2530,0
2194,1663,0
2194,490,0
2194,614,0
2195,2385,1
2195,1263,0
2196,350,1
2196,2331,0
2197,424,1
2197,907,1
2197,1720,1
2197,496,1
2197,1656,1
2197,306,0
2197,2410,0
2197,1756,0
2197,324,0
2198,2661,1
2198,2247,0
2199,350,1
2199,391,1
2199,323,0
2199,1741,0
2199,574,0
2201,192,1
2201,993,1
2201,2500,1
2201,781,1
2201,404,0
2201,1908,0
2201,1778,0
2201,2585,0
2202,1678,1
2202,491,0
2203,576,1
2203,255,1
2203,964,1
2203,2489,1
2203,1039,1
2203,824,1
2203,2682,1
2203,1887,1
2203,792,0
2203,2592,0
2203,1708,0
2203,242,0
2203,2297,0
2203,1685,0
2203,1422,0
2203,1378,0
2204,1263,1
2204,2385,0
2205,657,1
2205,1750,0
2206,1191,1
2206,1278,0
2207,201,1
2207,1484,1
2207,1772,1
2207,2672,1
2207,2162,1
2207,1716,0
2207,170,0
2207,552,0
2207,88,0
2208,590,1
2208,843,0
2209,897,1
2209,798,1
2209,415,1
2209,2732,1
2209,1086,1
2209,1748,1
2209,1245,1
2209,989,1
2209,2417,1
2209,1278,1
2209,2047,1
2209,1082,0
2209,176,0
2209,1382,0
2209,2676,0
2209,396,0
2209,2758,0
2209,1382,0
2209,1061,0
2209,950,0
2209,745,0
2209,1758,0
2209,1281,0
2209,342,0
2209,1188,0
2210,2564,1
2210,1029,1
2210,526,1
2210,2576,1
2210,532,1
2210,2071,1
2210,1564,1
2210,30,1
2210,1059,1
2210,2597,1
2210,2600,1
2210,1068,1
2210,2103,1
2210,61,1
2210,1094,1
2210,2630,1
2210,1103,1
2210,81,1
2210,2644,1
2210,2646,1
2210,2153,1
2210,2163,1
2210,638,1
2210,642,1
2210,1156,1
2210,1161,1
2210,1673,1
2210,1675,1
2210,1181,1
2210,1694,1
2210,2720,1
2210,674,1
2210,2217,1
2210,2223,1
2210,688,1
2210,2745,1
2210,709,1
2210,207,1
2210,2261,1
2210,1753,1
2210,731,1
2210,2268,1
2210,1250,1
2210,2289,1
2210,762,1
2210,261,1
2210,264,1
2210,270,1
2210,271,1
2210,805,1
2210,1833,1
2210,313,1
2210,1853,1
2210,2371,1
2210,1348,1
2210,333,1
2210,2381,1
2210,1366,1
2210,2392,1
2210,857,1
2210,1368,1
2210,1378,1
2210,1892,1
2210,1384,1
2210,365,1
2210,886,1
2210,890,1
2210,382,1
2210,386,1
2210,903,1
2210,906,1
2210,1936,1
2210,913,1
2210,922,1
2210,1446,1
2210,424,1
2210,426,1
2210,947,1
2210,2486,1
2210,953,1
2210,2495,1
2210,960,1
2210,1475,1
2210,1483,1
2210,466,1
2210,2019,1
2210,1523,1
2210,2039,1
2210,1717,0
2210,2199,0
2210,107,0
2210,51,0
2210,2152,0
2210,2322,0
2210,389,0
2210,1664,0
2210,735,0
2210,1621,0
2210,1020,0
2210,24,0
2210,1217,0
2210,1116,0
2210,0,0
2210,2115,0
2210,584,0
2210,394,0
2210,167,0
2210,1363,0
2210,1092,0
2210,2532,0
2210,1915,0
2210,316,0
2210,184,0
2210,1460,0
2210,1535,0
2210,1508,0
2210,1192,0
2210,1985,0
2210,2088,0
2210,580,0
2210,2643,0
2210,1939,0
2210,1880,0
2210,484,0
2210,2664,0
2210,1531,0
2210,1761,0
2210,1297,0
2210,2728,0
2210,1317,0
2210,2072,0
2210,2187,0
2210,631,0
2210,760,0
2210,1727,0
2210,1353,0
2210,2285,0
2210,442,0
2210,1912,0
2210,2009,0
2210,927,0
2210,218,0
2210,1227,0
2210,1828,0
2210,687,0
2210,1679,0
2210,310,0
2210,72,0
2210,552,0
2210,1741,0
2210,1256,0
2210,909,0
2210,957,0
2210,1333,0
2210,72,0
2210,2184,0
2210,1627,0
2210,2713,0
2210,142,0
2210,1651,0
2210,1726,0
2210,764,0
2210,1827,0
2210,254,0
2210,216,0
2210,1735,0
2210,1982,0
2210,1636,0
2210,850,0
2210,1305,0
2210,1031,0
2210,427,0
2210,1723,0
2211,1843,0
2213,1872,1
2214,2443,1
2214,943,1
2214,438,1
2214,571,1
2214,2619,1
2214,2758,1
2214,2646,1
2214,487,1
2214,1002,1
2214,1779,1
2214,627,1
2214,1397,1
2214,1525,1
2214,382,1
2214,72,0
2214,2184,0
2214,2715,0
2214,2511,0
2214,1914,0
2214,2778,0
2214,137,0
2214,1862,0
2214,1347,0
2214,2360,0
2214,1271,0
2214,93,0
2215,2764,1
2215,261,1
2215,854,0
2216,1330,1
2217,1386,1
2217,67,0
2218,2232,1
2218,1683,0
2219,1289,1
2220,1892,1
2221,2653,1
2221,1322,0
2222,1522,1
2222,1650,1
2222,1845,1
2222,437,1
2222,1526,1
2222,124,1
2222,2430,1
2222,227,0
2222,946,0
2222,512,0
2222,2255,0
2222,2688,0
2222,362,0
2222,1205,0
2222,658,0
2222,2420,0
2224,1826,1
2224,590,1
2224,1615,1
2224,369,1
2224,2324,1
2224,289,0
2224,1469,0
2224,1622,0
2224,286,0
2225,2285,1
2226,1872,1
2226,1289,1
2226,2053,1
2226,703,0
2226,2487,0
2227,674,1
2227,228,1
2227,1029,1
2227,1446,1
2227,2254,1
2227,1821,0
2227,17,0
2228,1889,1
2230,2783,1
2230,1264,0
2231,746,1
2231,2288,0
2232,1922,1
2232,518,1
2232,457,1
2232,780,1
2232,1361,1
2232,209,1
2232,242,1
2232,789,1
2232,606,1
2232,2234,0
2232,1442,0
2232,1389,0
2232,300,0
2232,169,0
2232,1828,0
2233,1611,1
2233,2546,1
2233,758,1
2233,987,1
2233,1561,0
2233,2461,0
2233,232,0
2233,480,0
2235,964,1
2236,1611,1
2236,748,1
2236,2365,0
2236,1143,0
2237,1785,1
2238,677,1
2238,493,0
2239,563,1
2240,162,1
2240,395,1
2240,2285,0
2240,2354,0
2241,2086,1
2241,11,1
2241,813,1
2241,1360,1
2241,1427,1
2241,472,1
2241,830,1
2241,2282,0
2241,458,0
2241,1515,0
2241,806,0
2241,708,0
2241,1276,0
2241,2291,0
2241,776,0
2241,2434,0
2241,316,0
2242,1286,1
2242,777,1
2242,1293,1
2242,1678,1
2242,2701,1
2242,413,1
2242,1054,1
2242,2464,1
2242,290,1
2242,2340,1
2242,1456,1
2242,1849,1
2242,188,1
2242,2625,1
2242,2508,1
2242,91,1
2242,360,1
2242,2126,0
2242,1951,0
2242,1621,0
2242,268,0
2242,2500,0
2242,2780,0
2242,2655,0
2242,218,0
2242,1534,0
2242,2493,0
2242,2223,0
2242,589,0
2242,1266,0
2242,618,0
2242,1628,0
2242,1500,0
2243,1299,1
2243,408,1
2243,2584,1
2243,2330,1
2243,1181,1
2243,1569,1
2243,419,1
2243,808,1
2243,1071,1
2243,58,1
2243,2746,1
2243,2236,1
2243,830,1
2243,1985,1
2243,2371,1
2243,964,1
2243,719,1
2243,465,1
2243,2136,1
2243,857,1
2243,985,1
2243,2777,1
2243,1249,1
2243,1763,1
2243,1636,1
2243,872,1
2243,721,0
2243,1718,0
2243,90,0
2243,632,0
2243,779,0
2243,0,0
2243,1251,0
2243,165,0
2243,466,0
2243,406,0
2243,484,0
2243,571,0
2243,1407,0
2243,304,0
2243,1139,0
2243,304,0
2243,790,0
2243,2671,0
2243,941,0
2243,2505,0
2243,2711,0
2243,2001,0
2243,2697,0
2243,1924,0
2243,2182,0
2243,2565,0
2243,2063,0
2244,2651,1
2244,20,1
2244,279,0
2244,2758,0
2245,295,1
2245,1470,0
2246,1643,0
2247,840,1
2247,2249,1
2247,1960,1
2247,176,1
2247,946,1
2247,2324,1
2247,2234,1
2247,31,1
2247,2441,0
2247,2090,0
2247,1011,0
2247,1307,0
2247,212,0
2247,345,0
2247,757,0
2247,1634,0
2247,305,0
2247,2316,0
2248,1697,1
2248,1892,1
2248,133,1
2248,266,1
2248,746,1
2248,496,1
2248,54,1
2248,171,0
2248,1616,0
2248,156,0
2248,2730,0
2248,2200,0
2248,1530,0
2249,1289,1
2249,1602,1
2249,964,1
2250,352,1
2250,507,0
2251,2520,1
2251,1658,1
2251,1179,0
2251,961,0
2251,2625,0
2252,1987,1
2252,2014,0
2253,1284,1
2254,9,1
2254,163,1
2254,431,1
2254,1583,1
2254,818,1
2254,2228,1
2254,2489,1
2254,1338,1
2254,1731,1
2254,197,1
2254,1351,1
2254,1869,1
2254,1230,1
2254,1632,1
2254,613,1
2254,102,1
2254,2151,1
2254,999,1
2254,1906,1
2254,1002,0
2254,710,0
2254,1557,0
2254,61,0
2254,30,0
2254,1784,0
2254,763,0
2254,2321,0
2254,1531,0
2254,972,0
2254,1035,0
2254,334,0
2254,2293,0
2254,224,0
2255,675,1
2255,2021,1
2255,2473,1
2255,1897,1
2255,1645,1
2255,2289,1
2255,1171,1
2255,783,0
2255,873,0
2255,430,0
2255,859,0
2255,693,0
2255,166,0
2255,97,0
2256,2086,1
2256,1580,1
2256,1581,1
2256,2642,1
2256,2140,1
2256,2665,1
2256,1646,1
2256,134,1
2256,2695,1
2256,2185,1
2256,1678,1
2256,2710,1
2256,1701,1
2256,678,1
2256,1719,1
2256,1223,1
2256,2767,1
2256,2777,1
2256,1245,1
2256,1791,1
2256,771,1
2256,1293,1
2256,1812,1
2256,2327,1
2256,798,1
2256,2341,1
2256,1832,1
2256,302,1
2256,303,1
2256,1353,1
2256,2377,1
2256,1378,1
2256,1382,1
2256,1912,1
2256,889,1
2256,1402,1
2256,1922,1
2256,394,1
2256,2445,1
2256,919,1
2256,1951,1
2256,1978,1
2256,451,1
2256,1988,1
2256,1482,1
2256,2521,1
2256,992,1
2256,996,1
2256,2539,1
2256,2047,1
2256,1704,0
2256,1063,0
2256,196,0
2256,2744,0
2256,2492,0
2256,235,0
2256,1030,0
2256,1918,0
2256,79,0
2256,1311,0
2256,1551,0
2256,642,0
2256,2666,0
2256,306,0
2256,2475,0
2256,2150,0
2256,2600,0
2256,244,0
2256,1952,0
2256,2598,0
2256,2490,0
2256,1392,0
2256,1116,0
2256,338,0
2256,2015,0
2256,1088,0
2256,595,0
2256,2352,0
2256,259,0
2256,1616,0
2256,360,0
2256,185,0
2256,137,0
2256,2588,0
2256,1308,0
2256,861,0
2256,884,0
2256,17,0
2256,868,0
2256,2028,0
2256,2536,0
2256,2759,0
2256,443,0
2256,2274,0
2256,1348,0
2256,2528,0
2256,2761,0
2256,553,0
2256,1221,0
2256,1891,0
2256,2033,0
2256,2541,0
2256,2296,0
2256,223,0
2256,964,0
2256,2183,0
2256,2125,0
2256,1348,0
2257,2022,1
2258,9,1
2258,1773,1
2258,767,1
2258,803,0
2258,998,0
2258,2673,0
2259,576,1
2259,675,1
2259,613,1
2259,2117,1
2259,1544,1
2259,2160,1
2259,817,1
2259,372,1
2259,2102,1
2259,985,1
2259,1788,1
2259,774,0
2259,270,0
2259,2119,0
2259,527,0
2259,945,0
2259,2631,0
2259,1019,0
2259,2711,0
2260,347,1
2260,1187,1
2260,1764,1
2260,1487,0
2260,2006,0
2261,2520,1
2262,1411,1
2262,1797,1
2262,1927,1
2262,1418,1
2262,524,1
2262,1935,1
2262,2067,1
2262,1559,1
2262,2472,1
2262,40,1
2262,1965,1
2262,1967,1
2262,2612,1
2262,951,1
2262,2746,1
2262,2751,1
2262,1738,1
2262,205,1
2262,2254,1
2262,1103,1
2262,1871,1
2262,2129,1
2262,1997,1
2262,1881,1
2262,872,1
2262,1770,1
2262,2411,1
2262,369,1
2262,1011,1
2262,240,0
2262,2146,0
2262,92,0
2262,20,0
2262,239,0
2262,1123,0
2262,1153,0
2262,1362,0
2262,1077,0
2262,2190,0
2262,2285,0
2262,1502,0
2262,505,0
2262,349,0
2262,1187,0
2262,828,0
2262,1963,0
2262,1055,0
2262,208,0
2262,394,0
2262,999,0
2262,1093,0
2262,209,0
2262,1818,0
2262,815,0
2262,1413,0
2262,1846,0
2262,735,0
2262,1804,0
2262,2122,0
2262,885,0
2262,2243,0
2262,599,0
2262,2497,0
2262,167,0
2262,1015,0
2262,2591,0
2263,297,0
2265,321,1
2265,68,1
2265,1779,0
2266,461,0
2267,642,1
2267,658,1
2267,2590,1
2267,1969,1
2267,834,1
2267,1731,1
2267,68,1
2267,2116,1
2267,2636,1
2267,973,1
2267,1275,1
2267,2523,0
2267,2275,0
2267,400,0
2267,2179,0
2267,1681,0
2267,2245,0
2267,1153,0
2267,874,0
2267,1676,0
2267,2506,0
2267,2095,0
2267,537,0
2267,1674,0
2268,1537,1
2268,2054,1
2268,2439,1
2268,8,1
2268,2057,1
2268,1930,1
2268,2445,1
2268,1298,1
2268,1942,1
2268,1431,1
2268,290,1
2268,2341,1
2268,2606,1
2268,47,1
2268,1968,1
2268,1966,1
2268,814,1
2268,2746,1
2268,187,1
2268,1470,1
2268,320,1
2268,1985,1
2268,1728,1
2268,326,1
2268,1870,1
2268,2510,1
2268,2777,1
2268,1113,1
2268,91,1
2268,1757,1
2268,606,1
2268,991,1
2268,2656,1
2268,2016,1
2268,1249,1
2268,1128,1
2268,745,1
2268,489,1
2268,1518,1
2268,2414,1
2268,2544,1
2268,110,1
2268,1654,1
2268,2298,1
2268,1145,0
2268,1009,0
2268,2521,0
2268,2415,0
2268,2362,0
2268,1830,0
2268,889,0
2268,2058,0
2268,1637,0
2268,2670,0
2268,2284,0
2268,1207,0
2268,2204,0
2268,783,0
2268,2018,0
2268,2513,0
2268,2708,0
2268,89,0
2268,1588,0
2268,55,0
2268,1562,0
2268,631,0
2268,2252,0
2268,1131,0
2268,1093,0
2268,571,0
2268,337,0
2268,51,0
2268,1145,0
2268,2582,0
2268,2641,0
2268,545,0
2268,719,0
2268,352,0
2268,2127,0
2268,370,0
2269,2561,1
2269,2637,1
2269,2514,1
2269,114,1
2269,2582,1
2269,1436,0
2269,2123,0
2270,1669,1
2270,1680,1
2270,2451,1
2270,2325,1
2270,173,1
2270,1201,1
2270,568,1
2270,2489,1
2270,2363,1
2270,321,1
2270,2636,1
2270,2289,1
2270,2423,1
2270,496,0
2270,906,0
2270,734,0
2270,2737,0
2270,1967,0
2270,2330,0
2270,570,0
2270,1436,0
2270,851,0
2270,1339,0
2270,1466,0
2271,295,1
2272,199,1
2272,2394,0
2272,761,0
2273,1155,1
2273,766,1
2273,2510,0
2274,1167,1
2275,408,1
2275,218,1
2275,211,0
2275,2190,0
2276,1176,0
2277,2151,1
2277,1915,1
2277,2460,1
2277,31,1
2277,1932,0
2277,2549,0
2277,2134,0
2277,950,0
2278,962,1
2278,1926,1
2278,1768,1
2278,2124,1
2278,2737,1
2278,277,1
2278,1461,1
2278,2646,1
2278,2746,1
2278,830,1
2278,708,0
2278,559,0
2278,2085,0
2278,657,0
2278,1019,0
2278,1227,0
2278,1667,0
2278,1361,0
2278,538,0
2278,514,0
2278,14,0
2278,2111,0
2278,2674,0
2279,2561,1
2279,2442,1
2279,1930,1
2279,787,1
2279,2069,1
2279,1565,1
2279,166,1
2279,1066,1
2279,2218,1
2279,439,1
2279,832,1
2279,2390,1
2279,880,1
2279,499,1
2279,2677,1
2279,2431,1
2279,674,0
2279,617,0
2279,792,0
2279,1215,0
2279,1672,0
2279,1499,0
2279,2034,0
2279,2055,0
2279,1955,0
2279,1379,0
2279,649,0
2279,313,0
2279,241,0
2279,191,0
2279,1532,0
2279,526,0
2279,1900,0
2279,1059,0
2279,1382,0
2281,768,1
2281,2051,1
2281,1541,1
2281,1288,1
2281,2698,1
2281,1933,1
2281,398,1
2281,1038,1
2281,1170,1
2281,2452,1
2281,2717,1
2281,801,1
2281,675,1
2281,2212,1
2281,2472,1
2281,1192,1
2281,810,1
2281,1457,1
2281,691,1
2281,829,1
2281,1731,1
2281,1733,1
2281,2256,1
2281,2134,1
2281,1118,1
2281,352,1
2281,2529,1
2281,1120,1
2281,1897,1
2281,2027,1
2281,493,1
2281,496,1
2281,368,1
2281,1267,1
2281,372,1
2281,2293,1
2281,1528,1
2281,1531,1
2281,1660,1
2281,2431,1
2281,1065,0
2281,869,0
2281,2330,0
2281,2626,0
2281,1333,0
2281,1522,0
2281,2678,0
2281,897,0
2281,2191,0
2281,647,0
2281,2045,0
2281,1767,0
2281,450,0
2281,2448,0
2281,2337,0
2281,2746,0
2281,1823,0
2281,2174,0
2281,2367,0
2281,2286,0
2281,2446,0
2281,2719,0
2281,2664,0
2281,2287,0
2281,2035,0
2281,855,0
2281,2629,0
2281,429,0
2281,2375,0
2281,2691,0
2281,376,0
2281,811,0
2281,508,0
2281,713,0
2281,1175,0
2281,2791,0
2281,238,0
2281,2392,0
2281,1201,0
2281,65,0
2281,308,0
2281,1965,0
2281,178,0
2282,2055,1
2282,2666,1
2282,748,1
2282,884,1
2282,1271,1
2282,987,0
2282,36,0
2282,1238,0
2282,2444,0
2282,1648,0
2283,1969,1
2283,2208,0
2284,346,0
2285,1041,1
2285,17,1
2285,1043,1
2285,1567,1
2285,1057,1
2285,1579,1
2285,2605,1
2285,2606,1
2285,2610,1
2285,2613,1
2285,2617,1
2285,62,1
2285,1615,1
2285,131,1
2285,132,1
2285,140,1
2285,2703,1
2285,1171,1
2285,2710,1
2285,668,1
2285,2212,1
2285,1200,1
2285,690,1
2285,2746,1
2285,1211,1
2285,1220,1
2285,207,1
2285,1772,1
2285,238,1
2285,2291,1
2285,2304,1
2285,1809,1
2285,1298,1
2285,1816,1
2285,1819,1
2285,1825,1
2285,1832,1
2285,2355,1
2285,852,1
2285,354,1
2285,872,1
2285,1392,1
2285,374,1
2285,2422,1
2285,392,1
2285,2445,1
2285,1953,1
2285,1958,1
2285,2485,1
2285,1985,1
2285,1484,1
2285,465,1
2285,2016,1
2285,994,1
2285,2553,1
2285,385,0
2285,725,0
2285,2493,0
2285,560,0
2285,615,0
2285,879,0
2285,1956,0
2285,1116,0
2285,2047,0
2285,158,0
2285,2044,0
2285,817,0
2285,2660,0
2285,2722,0
2285,2281,0
2285,834,0
2285,2416,0
2285,1871,0
2285,1480,0
2285,326,0
2285,523,0
2285,1496,0
2285,1476,0
2285,1549,0
2285,615,0
2285,2499,0
2285,1091,0
2285,1720,0
2285,1222,0
2285,1821,0
2285,1991,0
2285,665,0
2285,609,0
2285,212,0
2285,1742,0
2285,2069,0
2285,1889,0
2285,377,0
2285,955,0
2285,2470,0
2285,1268,0
2285,1106,0
2285,396,0
2285,2244,0
2285,960,0
2285,849,0
2285,367,0
2285,863,0
2285,58,0
2285,2357,0
2285,1443,0
2285,2421,0
2285,1613,0
2285,1114,0
2286,2705,1
2286,1725,1
2286,2534,0
2286,693,0
2286,528,0
2286,292,0
2286,1090,0
2287,1877,1
2288,166,1
2288,2636,1
2288,2451,1
2288,1531,1
2288,1664,0
2288,455,0
2288,635,0
2288,852,0
2288,1610,0
2289,517,1
2289,1611,1
2289,2123,1
2289,2316,1
2289,1552,1
2289,1439,1
2289,1895,0
2289,345,0
2289,1114,0
2290,1442,1
2290,407,1
2290,1003,0
2291,1357,0
2292,1574,1
2292,1894,1
2292,1240,1
2292,964,0
2292,1844,0
2292,616,0
2293,487,1
2294,163,1
2294,2692,1
2294,2084,1
2294,2755,1
2294,748,1
2294,1428,1
2294,1656,1
2294,2236,1
2294,2449,0
2294,1845,0
2294,2501,0
2294,2370,0
2295,907,1
2295,2066,1
2295,1428,1
2295,166,1
2295,43,1
2295,176,1
2295,568,1
2295,832,1
2295,71,1
2295,1502,1
2295,1505,1
2295,611,1
2295,2151,1
2295,1897,1
2295,2233,0
2295,1337,0
2295,881,0
2295,1738,0
2295,2777,0
2295,1765,0
2295,1440,0
2295,2606,0
2295,790,0
2295,2563,0
2295,1448,0
2295,1882,0
2295,2507,0
2295,1966,0
2295,1730,0
2295,1589,0
2295,136,0
2295,631,0
2296,1092,1
2296,2545,1
2296,408,1
2296,454,0
2296,1252,0
2296,1129,0
2296,1303,0
2298,2592,1
2298,1644,0
2300,2592,1
2301,1155,1
2301,2703,1
2301,2353,1
2301,2425,1
2301,1531,1
2301,2537,0
2301,898,0
2301,1353,0
2301,459,0
2301,369,0
2301,612,0
2301,36,0
2302,1126,1
2302,746,1
2302,698,1
2302,1631,1
2302,2279,0
2302,2786,0
2302,2314,0
2303,347,1
2303,1764,1
2303,2327,0
2303,806,0
2303,2062,0
2304,439,1
2305,1525,0
2306,1768,1
2306,2436,0
2307,264,1
2307,1901,1
2307,985,1
2307,1209,1
2307,1788,1
2307,1065,0
2307,2200,0
2307,307,0
2308,865,1
2308,2337,1
2308,675,1
2308,166,1
2308,2648,1
2308,1486,1
2308,1368,1
2308,1663,1
2308,1897,0
2308,1344,0
2308,1303,0
2308,908,0
2309,451,1
2309,2273,0
2310,1123,1
2310,1156,1
2310,1932,1
2310,333,1
2310,720,1
2310,2683,1
2310,2218,0
2310,2561,0
2310,2141,0
2310,1576,0
2311,1481,0
2314,988,1
2314,1590,0
2315,1546,1
2315,1945,1
2315,800,1
2315,1059,1
2315,1188,1
2315,931,1
2315,1446,1
2315,433,1
2315,2236,1
2315,1468,1
2315,197,1
2315,2630,1
2315,1609,1
2315,2772,1
2315,2646,1
2315,2141,1
2315,2151,1
2315,1134,1
2315,496,1
2315,372,1
2315,2679,1
2315,1531,1
2315,1859,0
2315,1323,0
2315,2668,0
2315,2387,0
2315,2093,0
2315,501,0
2315,1138,0
2315,1682,0
2315,407,0
2315,906,0
2315,1913,0
2315,484,0
2315,702,0
2315,511,0
2315,877,0
2315,1919,0
2315,952,0
2315,490,0
2315,1786,0
2315,1860,0
2315,1389,0
2315,665,0
2315,610,0
2315,732,0
2316,800,1
2316,2785,1
2316,1763,1
2316,2407,1
2316,166,1
2316,1611,1
2316,1686,1
2316,2002,0
2316,1304,0
2316,30,0
2316,1025,0
2316,179,0
2316,2051,0
2316,2610,0
2316,2293,0
2316,1951,0
2316,1275,0
2318,660,0
2319,2701,1
2319,1424,1
2319,1809,1
2319,1820,1
2319,2464,1
2319,2468,1
2319,678,1
2319,1836,1
2319,2606,1
2319,1456,1
2319,1849,1
2319,450,1
2319,2508,1
2319,332,1
2319,468,1
2319,2524,1
2319,1502,1
2319,869,1
2319,2022,1
2319,2283,1
2319,110,1
2319,2124,0
2319,2294,0
2319,2147,0
2319,2209,0
2319,739,0
2319,1214,0
2319,373,0
2319,2472,0
2319,2469,0
2319,1187,0
2319,1585,0
2319,1095,0
2319,11,0
2319,279,0
2319,2499,0
2319,2359,0
2319,160,0
2320,800,1
2320,2683,1
2320,2724,0
2320,1849,0
2321,532,1
2321,1559,1
2321,1058,1
2321,1584,1
2321,1588,1
2321,2103,1
2321,568,1
2321,2619,1
2321,1083,1
2321,1098,1
2321,2637,1
2321,590,1
2321,2646,1
2321,89,1
2321,91,1
2321,610,1
2321,2151,1
2321,1136,1
2321,2679,1
2321,132,1
2321,1161,1
2321,1181,1
2321,187,1
2321,2776,1
2321,1249,1
2321,746,1
2321,2289,1
2321,758,1
2321,1790,1
2321,270,1
2321,801,1
2321,1321,1
2321,320,1
2321,2371,1
2321,2382,1
2321,1360,1
2321,868,1
2321,2407,1
2321,1386,1
2321,886,1
2321,380,1
2321,1935,1
2321,2451,1
2321,1427,1
2321,1428,1
2321,931,1
2321,419,1
2321,946,1
2321,466,1
2321,2007,1
2321,2544,1
2321,1312,0
2321,143,0
2321,2011,0
2321,2170,0
2321,1703,0
2321,1768,0
2321,248,0
2321,2049,0
2321,1027,0
2321,2628,0
2321,2344,0
2321,721,0
2321,922,0
2321,2780,0
2321,245,0
2321,2428,0
2321,714,0
2321,961,0
2321,2126,0
2321,2306,0
2321,1979,0
2321,500,0
2321,560,0
2321,2672,0
2321,1456,0
2321,2083,0
2321,1326,0
2321,1927,0
2321,2626,0
2321,1612,0
2321,1800,0
2321,452,0
2321,1937,0
2321,470,0
2321,1491,0
2321,178,0
2321,1461,0
2321,2337,0
2321,1148,0
2321,2245,0
2321,1882,0
2321,2441,0
2321,761,0
2321,2238,0
2321,1207,0
2321,1619,0
2321,1556,0
2321,1251,0
2321,980,0
2321,317,0
2321,2638,0
2321,2376,0
2322,897,1
2322,2059,1
2322,1296,1
2322,2708,1
2322,1428,1
2322,2584,1
2322,1052,1
2322,798,1
2322,1569,1
2322,162,1
2322,1706,1
2322,1839,1
2322,433,1
2322,692,1
2322,947,1
2322,2743,1
2322,570,1
2322,1084,1
2322,1086,1
2322,1218,1
2322,2501,1
2322,1607,1
2322,1996,1
2322,337,1
2322,1875,1
2322,1748,1
2322,2391,1
2322,1245,1
2322,989,1
2322,1378,1
2322,869,1
2322,1894,1
2322,489,1
2322,1645,1
2322,115,1
2322,2047,1
2322,1951,0
2322,799,0
2322,1938,0
2322,1768,0
2322,2699,0
2322,2752,0
2322,1248,0
2322,2622,0
2322,1142,0
2322,542,0
2322,382,0
2322,279,0
2322,614,0
2322,361,0
2322,1055,0
2322,2700,0
2322,1331,0
2322,2447,0
2322,1637,0
2322,1264,0
2322,1700,0
2322,2566,0
2322,1031,0
2322,2422,0
2322,968,0
2322,447,0
2322,2091,0
2322,523,0
2322,82,0
2322,1789,0
2322,1728,0
2322,1860,0
2322,1632,0
2322,2077,0
2322,1594,0
2322,1281,0
2322,1908,0
2322,1051,0
2322,1829,0
2322,1508,0
2322,1802,0
2323,398,1
2323,1299,1
2323,532,1
2323,2210,1
2323,931,1
2323,2236,1
2323,573,1
2323,1855,1
2323,2646,1
2323,737,1
2323,1645,1
2323,2544,1
2323,1531,0
2323,2377,0
2323,1693,0
2323,2585,0
2323,1136,0
2323,740,0
2323,1671,0
2324,2144,0
2325,1280,1
2325,576,1
2325,642,1
2325,546,1
2325,1673,1
2325,465,1
2325,372,1
2325,1464,1
2325,2199,1
2325,356,0
2325,583,0
2325,2040,0
2325,2041,0
2325,1256,0
2325,807,0
2325,1452,0
2325,1234,0
2326,1877,1
2326,1773,1
2326,1126,1
2326,2528,0
2326,374,0
2328,2436,1
2329,4,1
2329,517,1
2329,2310,1
2329,141,1
2329,922,1
2329,1181,1
2329,294,1
2329,830,1
2329,975,1
2329,2640,1
2329,362,1
2329,496,1
2329,2762,0
2329,1618,0
2329,326,0
2329,1844,0
2329,776,0
2329,1888,0
2329,492,0
2329,2270,0
2329,1244,0
2329,901,0
2330,793,0
2331,43,0
2332,2158,1
2332,588,0
2333,1538,1
2333,1877,1
2333,991,0
2333,2285,0
2334,512,1
2334,256,1
2334,386,1
2334,667,1
2334,284,1
2334,1181,1
2334,1185,1
2334,2341,1
2334,805,1
2334,562,1
2334,2745,1
2334,2625,1
2334,1607,1
2334,2646,1
2334,854,1
2334,1770,1
2334,2289,1
2334,2034,1
2334,1012,1
2334,2290,1
2334,2423,1
2334,2040,1
2334,1290,0
2334,215,0
2334,1661,0
2334,442,0
2334,1283,0
2334,417,0
2334,960,0
2334,2116,0
2334,867,0
2334,80,0
2334,1196,0
2334,634,0
2334,1506,0
2334,2572,0
2334,531,0
2334,2368,0
2335,1892,1
2335,2224,1
2335,1640,0
2335,1481,0
2335,691,0
2336,1250,1
2336,804,1
2336,2023,1
2336,1896,1
2336,843,1
2336,878,1
2336,2065,1
2336,1368,1
2336,496,0
2336,2607,0
2336,181,0
2336,422,0
2336,1180,0
2336,2180,0
2337,2232,1
2337,2296,0
2338,1892,1
2338,777,1
2338,1865,1
2338,173,1
2338,1591,1
2338,2236,1
2338,1037,0
2338,1002,0
2338,2579,0
2338,2249,0
2338,420,0
2339,815,1
2339,2061,0
2340,2316,1
2340,2700,1
2340,1568,1
2340,163,1
2340,684,1
2340,1584,1
2340,1985,1
2340,71,1
2340,975,1
2340,81,1
2340,992,1
2340,994,1
2340,1126,1
2340,489,1
2340,1271,1
2340,2712,0
2340,453,0
2340,2638,0
2340,2594,0
2340,1915,0
2340,2406,0
2340,1597,0
2340,1930,0
2340,1414,0
2340,305,0
2340,911,0
2340,868,0
2340,1757,0
2341,1985,1
2341,758,1
2341,1825,1
2341,1217,0
2341,2059,0
2342,1727,1
2342,2789,0
2343,964,1
2343,748,1
2343,1271,1
2343,2527,0
2344,2443,1
2345,1155,1
2345,215,1
2345,253,0
2345,2466,0
2346,1669,1
2346,1300,1
2346,1051,1
2346,2722,1
2346,804,1
2346,424,1
2346,938,1
2346,2739,1
2346,2486,1
2346,1346,1
2346,2499,1
2346,1867,1
2346,720,1
2346,2549,1
2346,508,1
2346,1158,0
2346,2208,0
2346,2405,0
2346,1650,0
2346,643,0
2346,819,0
2346,506,0
2346,896,0
2347,2657,1
2347,1892,1
2347,517,1
2347,1800,1
2347,2066,1
2347,2205,1
2347,2747,0
2347,2049,0
2347,345,0
2347,2193,0
2347,1897,0
2348,1538,1
2348,2308,1
2348,2436,1
2348,1287,1
2348,2568,1
2348,266,1
2348,903,1
2348,400,1
2348,1944,1
2348,1306,1
2348,2331,1
2348,30,1
2348,799,1
2348,424,1
2348,2606,1
2348,1339,1
2348,1346,1
2348,2120,1
2348,2764,1
2348,2130,1
2348,1366,1
2348,477,1
2348,2017,1
2348,1892,1
2348,1000,1
2348,746,1
2348,875,1
2348,107,1
2348,1143,1
2348,638,1
2348,21,0
2348,1139,0
2348,595,0
2348,2404,0
2348,2316,0
2348,440,0
2348,2080,0
2348,1753,0
2348,82,0
2348,2678,0
2348,1550,0
2348,1351,0
2348,2141,0
2348,2219,0
2348,419,0
2348,1311,0
2348,1242,0
2348,65,0
2348,187,0
2348,263,0
2348,217,0
2348,2328,0
2348,1328,0
2348,1031,0
2348,2598,0
2348,2730,0
2348,1063,0
2348,1798,0
2348,861,0
2348,1185,0
2348,6,0
2348,2301,0
2348,342,0
2348,1949,0
2348,2735,0
2348,2025,0
2348,902,0
2349,163,1
2349,517,1
2349,1711,0
2349,355,0
2349,206,0
2350,2470,0
2351,1792,1
2351,997,1
2351,43,1
2351,843,1
2351,815,1
2351,273,1
2351,251,1
2351,1788,1
2351,2004,0
2351,1118,0
2351,72,0
2351,1261,0
2351,2443,0
2351,2355,0
2351,1697,0
2351,1153,0
2352,2055,1
2352,2065,1
2352,32,1
2352,2081,1
2352,2084,1
2352,2086,1
2352,2091,1
2352,45,1
2352,59,1
2352,2114,1
2352,2127,1
2352,107,1
2352,123,1
2352,124,1
2352,125,1
2352,2192,1
2352,2197,1
2352,2210,1
2352,163,1
2352,166,1
2352,2215,1
2352,2222,1
2352,2236,1
2352,198,1
2352,2252,1
2352,211,1
2352,2263,1
2352,2266,1
2352,231,1
2352,2279,1
2352,238,1
2352,2294,1
2352,2296,1
2352,251,1
2352,255,1
2352,2304,1
2352,264,1
2352,276,1
2352,285,1
2352,2345,1
2352,315,1
2352,320,1
2352,2371,1
2352,2377,1
2352,2389,1
2352,344,1
2352,2394,1
2352,352,1
2352,2417,1
2352,2419,1
2352,372,1
2352,2436,1
2352,2440,1
2352,398,1
2352,2447,1
2352,401,1
2352,416,1
2352,2476,1
2352,2485,1
2352,2488,1
2352,451,1
2352,2510,1
2352,2512,1
2352,465,1
2352,2517,1
2352,2519,1
2352,477,1
2352,487,1
2352,2537,1
2352,496,1
2352,2544,1
2352,502,1
2352,2559,1
2352,517,1
2352,523,1
2352,531,1
2352,2584,1
2352,544,1
2352,2596,1
2352,2604,1
2352,2605,1
2352,2606,1
2352,2613,1
2352,567,1
2352,570,1
2352,2619,1
2352,575,1
2352,606,1
2352,610,1
2352,615,1
2352,2663,1
2352,625,1
2352,2675,1
2352,2679,1
2352,636,1
2352,2688,1
2352,644,1
2352,2695,1
2352,667,1
2352,668,1
2352,2722,1
2352,675,1
2352,2728,1
2352,705,1
2352,2754,1
2352,2760,1
2352,2764,1
2352,717,1
2352,721,1
2352,737,1
2352,748,1
2352,755,1
2352,763,1
2352,778,1
2352,798,1
2352,799,1
2352,803,1
2352,818,1
2352,820,1
2352,845,1
2352,858,1
2352,896,1
2352,897,1
2352,903,1
2352,905,1
2352,917,1
2352,918,1
2352,928,1
2352,936,1
2352,937,1
2352,977,1
2352,986,1
2352,996,1
2352,1019,1
2352,1030,1
2352,1059,1
2352,1072,1
2352,1079,1
2352,1084,1
2352,1102,1
2352,1104,1
2352,1113,1
2352,1129,1
2352,1130,1
2352,1134,1
2352,1167,1
2352,1171,1
2352,1172,1
2352,1181,1
2352,1194,1
2352,1200,1
2352,1223,1
2352,1249,1
2352,1263,1
2352,1271,1
2352,1278,1
2352,1284,1
2352,1286,1
2352,1309,1
2352,1316,1
2352,1317,1
2352,1353,1
2352,1368,1
2352,1392,1
2352,1513,1
2352,1531,1
2352,1566,1
2352,1569,1
2352,1574,1
2352,1581,1
2352,1584,1
2352,1604,1
2352,1607,1
2352,1614,1
2352,1622,1
2352,1646,1
2352,1668,1
2352,1669,1
2352,1698,1
2352,1710,1
2352,1718,1
2352,1748,1
2352,1753,1
2352,1793,1
2352,1801,1
2352,1849,1
2352,1870,1
2352,1877,1
2352,1890,1
2352,1905,1
2352,1922,1
2352,1931,1
2352,1933,1
2352,1935,1
2352,1953,1
2352,1958,1
2352,1978,1
2352,1979,1
2352,1980,1
2352,1983,1
2352,1996,1
2352,2016,1
2352,2034,1
2352,2039,1
2352,2046,1
2352,1728,0
2352,2251,0
2352,1477,0
2352,1305,0
2352,1294,0
2352,308,0
2352,395,0
2352,1226,0
2352,954,0
2352,1451,0
2352,1501,0
2352,2786,0
2352,631,0
2352,2106,0
2352,2313,0
2352,485,0
2352,1408,0
2352,191,0
2352,2651,0
2352,1457,0
2352,2497,0
2352,122,0
2352,1590,0
2352,2293,0
2352,291,0
2352,1854,0
2352,863,0
2352,457,0
2352,332,0
2352,1616,0
2352,844,0
2352,1522,0
2352,71,0
2352,574,0
2352,1211,0
2352,1331,0
2352,457,0
2352,2241,0
2352,1707,0
2352,133,0
2352,2770,0
2352,2734,0
2352,1596,0
2352,2574,0
2352,815,0
2352,386,0
2352,2642,0
2352,1013,0
2352,727,0
2352,620,0
2352,149,0
2352,2622,0
2352,1107,0
2352,56,0
2352,1603,0
2352,83,0
2352,891,0
2352,1817,0
2352,514,0
2352,2393,0
2352,2410,0
2352,2136,0
2352,1458,0
2352,1143,0
2352,1959,0
2352,1380,0
2352,2429,0
2352,2649,0
2352,1139,0
2352,2767,0
2352,1547,0
2352,1105,0
2352,1882,0
2352,2578,0
2352,2368,0
2352,2779,0
2352,1073,0
2352,272,0
2352,1522,0
2352,992,0
2352,774,0
2352,704,0
2352,749,0
2352,1487,0
2352,2341,0
2352,10,0
2352,1520,0
2352,227,0
2352,1684,0
2352,1232,0
2352,2348,0
2352,2064,0
2352,411,0
2352,944,0
2352,1522,0
2352,1346,0
2352,1152,0
2352,2747,0
2352,1492,0
2352,1440,0
2352,2640,0
2352,1548,0
2352,272,0
2352,1164,0
2352,1977,0
2352,1871,0
2352,1136,0
2352,395,0
2352,2504,0
2352,2426,0
2352,2029,0
2352,2449,0
2352,1744,0
2352,1024,0
2352,1823,0
2352,617,0
2352,243,0
2352,2744,0
2352,1822,0
2352,840,0
2352,162,0
2352,253,0
2352,294,0
2352,1182,0
2352,631,0
2352,585,0
2352,1778,0
2352,139,0
2352,863,0
2352,247,0
2352,2445,0
2352,65,0
2352,492,0
2352,368,0
2352,2775,0
2352,650,0
2352,907,0
2352,379,0
2352,731,0
2352,1323,0
2352,1448,0
2352,356,0
2352,2568,0
2352,2755,0
2352,1144,0
2352,1814,0
2352,953,0
2352,1675,0
2352,1830,0
2352,2599,0
2352,1499,0
2352,729,0
2352,587,0
2352,2669,0
2352,1672,0
2352,2563,0
2352,2541,0
2352,1606,0
2352,2677,0
2352,1615,0
2352,942,0
2352,1956,0
2352,2270,0
2352,998,0
2352,1144,0
2352,1065,0
2352,1714,0
2352,1124,0
2352,2150,0
2352,974,0
2352,1761,0
2352,1792,0
2352,934,0
2352,1522,0
2352,180,0
2352,1794,0
2352,1358,0
2352,2687,0
2352,155,0
2352,2583,0
2352,1727,0
2352,2230,0
2352,284,0
2352,1021,0
2352,2146,0
2352,645,0
2352,1546,0
2352,1338,0
2352,582,0
2352,851,0
2352,2767,0
2352,1423,0
2352,74,0
2352,1426,0
2352,1219,0
2352,1939,0
2352,1268,0
2353,1537,1
2353,1926,1
2353,71,1
2353,397,1
2353,1632,0
2353,1414,0
2353,2588,0
2353,2581,0
2354,1027,1
2354,2068,1
2354,2590,1
2354,1567,1
2354,1568,1
2354,38,1
2354,2091,1
2354,1069,1
2354,46,1
2354,2606,1
2354,47,1
2354,2611,1
2354,1082,1
2354,1600,1
2354,2115,1
2354,2116,1
2354,70,1
2354,2640,1
2354,1620,1
2354,2136,1
2354,1113,1
2354,600,1
2354,91,1
2354,602,1
2354,609,1
2354,615,1
2354,1645,1
2354,2175,1
2354,2700,1
2354,1678,1
2354,2703,1
2354,148,1
2354,1699,1
2354,1188,1
2354,682,1
2354,2222,1
2354,187,1
2354,2755,1
2354,1733,1
2354,2758,1
2354,1742,1
2354,2772,1
2354,2773,1
2354,2260,1
2354,217,1
2354,2777,1
2354,2266,1
2354,2786,1
2354,1251,1
2354,1271,1
2354,2296,1
2354,1275,1
2354,255,1
2354,1805,1
2354,790,1
2354,285,1
2354,1316,1
2354,2355,1
2354,823,1
2354,1851,1
2354,1868,1
2354,2389,1
2354,346,1
2354,355,1
2354,360,1
2354,1928,1
2354,1933,1
2354,1421,1
2354,1424,1
2354,1939,1
2354,1952,1
2354,419,1
2354,1456,1
2354,2508,1
2354,1999,1
2354,464,1
2354,465,1
2354,1490,1
2354,2518,1
2354,984,1
2354,475,1
2354,2528,1
2354,996,1
2354,2022,1
2354,1008,1
2354,2306,0
2354,216,0
2354,1495,0
2354,770,0
2354,1986,0
2354,1687,0
2354,2698,0
2354,2187,0
2354,2297,0
2354,2372,0
2354,2681,0
2354,1318,0
2354,4,0
2354,1917,0
2354,2403,0
2354,2084,0
2354,1474,0
2354,491,0
2354,1172,0
2354,654,0
2354,1968,0
2354,2301,0
2354,450,0
2354,1389,0
2354,1125,0
2354,469,0
2354,2228,0
2354,2731,0
2354,2236,0
2354,1929,0
2354,2601,0
2354,1938,0
2354,1177,0
2354,748,0
2354,2499,0
2354,991,0
2354,396,0
2354,1774,0
2354,1764,0
2354,807,0
2354,2292,0
2354,2642,0
2354,2246,0
2354,2664,0
2354,1820,0
2354,2352,0
2354,1731,0
2354,1773,0
2354,1907,0
2354,1154,0
2354,2522,0
2354,2135,0
2354,1992,0
2354,111,0
2354,783,0
2354,980,0
2354,879,0
2354,976,0
2354,1362,0
2354,468,0
2354,998,0
2354,917,0
2354,325,0
2354,1769,0
2354,779,0
2354,1779,0
2354,2130,0
2354,789,0
2354,2536,0
2354,192,0
2354,2259,0
2354,595,0
2354,2533,0
2354,1825,0
2354,19,0
2354,1390,0
2354,109,0
2354,2630,0
2354,2227,0
2354,2693,0
2354,1087,0
2354,2612,0
2354,1715,0
2354,2270,0
2354,286,0
2354,1661,0
2354,17,0
2354,1120,0
2355,131,1
2355,784,1
2355,413,1
2355,800,1
2355,424,1
2355,301,1
2355,1845,1
2355,1720,1
2355,450,1
2355,1368,1
2355,1763,1
2355,238,1
2355,367,1
2355,2163,1
2355,119,1
2355,1663,1
2355,848,0
2355,548,0
2355,361,0
2355,125,0
2355,914,0
2355,2404,0
2355,2575,0
2355,1539,0
2355,604,0
2355,175,0
2355,983,0
2356,2093,1
2356,913,1
2356,2163,1
2356,2136,1
2356,471,0
2356,2444,0
2357,2660,1
2357,1808,1
2357,2227,1
2357,1465,1
2357,1818,1
2357,1799,0
2357,69,0
2357,527,0
2357,1826,0
2357,2759,0
2358,2561,1
2358,2086,1
2358,1768,1
2358,1611,1
2358,748,1
2358,2743,1
2358,1082,1
2358,589,0
2358,229,0
2358,2534,0
2358,2610,0
2358,1029,0
2358,2751,0
2359,38,1
2359,102,1
2359,1897,1
2359,332,1
2359,1071,1
2359,1428,1
2359,1531,1
2359,2366,1
2359,543,1
2359,2623,0
2359,285,0
2359,1787,0
2359,721,0
2359,1152,0
2360,1024,1
2360,517,1
2360,903,1
2360,273,1
2360,2717,1
2360,1695,1
2360,675,1
2360,1583,1
2360,307,1
2360,1717,1
2360,1464,1
2360,1090,1
2360,2116,1
2360,1733,1
2360,1988,1
2360,2758,1
2360,333,1
2360,207,1
2360,852,1
2360,472,1
2360,1113,1
2360,1378,1
2360,1126,1
2360,2407,1
2360,1898,1
2360,1134,1
2360,1008,1
2360,114,1
2360,1276,1
2360,1406,1
2360,1593,0
2360,2066,0
2360,2727,0
2360,2049,0
2360,1905,0
2360,645,0
2360,369,0
2360,637,0
2360,1287,0
2360,358,0
2360,1420,0
2360,2493,0
2360,1616,0
2360,2176,0
2360,595,0
2360,985,0
2360,1401,0
2360,706,0
2360,2265,0
2360,1111,0
2360,797,0
2361,992,1
2361,194,1
2361,482,1
2361,1540,1
2361,1061,1
2361,489,1
2361,1996,1
2361,1171,1
2361,2645,1
2361,248,1
2361,93,1
2361,327,0
2361,1059,0
2361,2206,0
2361,332,0
2361,1750,0
2361,1857,0
2361,2030,0
2361,97,0
2361,2474,0
2361,1515,0
2361,2790,0
2361,2513,0
2361,1566,0
2361,1512,0
2362,2692,1
2362,2313,1
2362,11,1
2362,2449,1
2362,663,1
2362,924,1
2362,669,1
2362,1703,1
2362,2089,1
2362,2728,1
2362,1329,1
2362,570,1
2362,1723,1
2362,2748,1
2362,1082,1
2362,2752,1
2362,2116,1
2362,1607,1
2362,967,1
2362,1740,1
2362,717,1
2362,719,1
2362,1873,1
2362,1748,1
2362,1113,1
2362,986,1
2362,1377,1
2362,355,1
2362,489,1
2362,748,1
2362,2173,1
2362,619,0
2362,2094,0
2362,2044,0
2362,2100,0
2362,518,0
2362,2430,0
2362,1072,0
2362,2458,0
2362,1776,0
2362,377,0
2362,450,0
2362,2451,0
2362,2442,0
2362,2612,0
2362,121,0
2362,1269,0
2362,1000,0
2362,37,0
2362,425,0
2362,695,0
2362,1774,0
2362,42,0
2362,2485,0
2362,1643,0
2362,985,0
2363,11,1
2363,1039,1
2363,528,1
2363,21,1
2363,2589,1
2363,1053,1
2363,2594,1
2363,2596,1
2363,38,1
2363,2600,1
2363,2604,1
2363,47,1
2363,49,1
2363,1589,1
2363,1082,1
2363,575,1
2363,2633,1
2363,1611,1
2363,2640,1
2363,2136,1
2363,602,1
2363,2666,1
2363,107,1
2363,625,1
2363,2677,1
2363,2682,1
2363,2175,1
2363,647,1
2363,1673,1
2363,2705,1
2363,2708,1
2363,157,1
2363,2719,1
2363,672,1
2363,163,1
2363,2743,1
2363,2236,1
2363,1760,1
2363,737,1
2363,1251,1
2363,1763,1
2363,1768,1
2363,746,1
2363,748,1
2363,1778,1
2363,767,1
2363,270,1
2363,1819,1
2363,294,1
2363,1842,1
2363,1854,1
2363,2367,1
2363,844,1
2363,1875,1
2363,1397,1
2363,2423,1
2363,906,1
2363,2443,1
2363,395,1
2363,1421,1
2363,908,1
2363,1425,1
2363,1962,1
2363,2475,1
2363,943,1
2363,2495,1
2363,964,1
2363,1996,1
2363,2001,1
2363,473,1
2363,985,1
2363,489,1
2363,2032,1
2363,2553,1
2363,1531,1
2363,1234,0
2363,1368,0
2363,2739,0
2363,541,0
2363,2052,0
2363,1913,0
2363,1216,0
2363,1241,0
2363,923,0
2363,1569,0
2363,2137,0
2363,1211,0
2363,1371,0
2363,2616,0
2363,1170,0
2363,1164,0
2363,564,0
2363,2254,0
2363,2611,0
2363,378,0
2363,1207,0
2363,765,0
2363,352,0
2363,739,0
2363,189,0
2363,572,0
2363,1188,0
2363,997,0
2363,1001,0
2363,2261,0
2363,677,0
2363,2036,0
2363,1500,0
2363,170,0
2363,1821,0
2363,1357,0
2363,466,0
2363,121,0
2363,1688,0
2363,2126,0
2363,2312,0
2363,2340,0
2363,2147,0
2363,1911,0
2363,2571,0
2363,453,0
2363,468,0
2363,2654,0
2363,2123,0
2363,372,0
2363,271,0
2363,344,0
2363,1618,0
2363,2214,0
2363,1594,0
2363,1816,0
2363,2535,0
2363,370,0
2363,2738,0
2363,1715,0
2363,2043,0
2363,2710,0
2363,608,0
2363,822,0
2365,2048,1
2365,646,1
2365,1167,1
2365,2708,1
2365,1812,1
2365,1945,1
2365,544,1
2365,1057,1
2365,943,1
2365,957,1
2365,2377,1
2365,843,1
2365,2252,1
2365,1240,1
2365,1753,1
2365,989,1
2365,1123,1
2365,489,1
2365,2153,1
2365,2297,1
2365,2560,0
2365,557,0
2365,2705,0
2365,2430,0
2365,533,0
2365,2258,0
2365,1400,0
2365,692,0
2365,1620,0
2365,2490,0
2365,494,0
2365,1047,0
2365,498,0
2365,1464,0
2365,1481,0
2365,2267,0
2365,52,0
2365,2632,0
2366,1153,1
2366,517,1
2366,1292,1
2366,1039,1
2366,913,1
2366,1300,1
2366,1181,1
2366,1439,1
2366,419,1
2366,424,1
2366,171,1
2366,1581,1
2366,830,1
2366,964,1
2366,1738,1
2366,76,1
2366,1360,1
2366,1615,1
2366,857,1
2366,859,1
2366,1500,1
2366,2141,1
2366,871,1
2366,2409,1
2366,1772,1
2366,496,1
2366,2422,1
2366,1530,1
2366,251,1
2366,382,1
2366,1700,0
2366,711,0
2366,1127,0
2366,1914,0
2366,2404,0
2366,1790,0
2366,1831,0
2366,164,0
2366,2681,0
2366,2129,0
2366,2743,0
2366,1826,0
2366,1806,0
2366,807,0
2366,1604,0
2366,45,0
2366,2441,0
2366,1228,0
2366,2008,0
2366,840,0
2366,1568,0
2366,1659,0
2366,2095,0
2366,2784,0
2366,1190,0
2366,1766,0
2366,2329,0
2366,603,0
2366,1860,0
2366,285,0
2366,267,0
2366,991,0
2367,832,1
2367,1901,1
2367,212,1
2367,1597,1
2367,1814,0
2367,1232,0
2367,227,0
2367,747,0
2367,1608,0
2367,1462,0
2367,31,0
2367,643,0
2368,248,1
2368,1537,1
2368,2340,1
2368,1027,1
2368,1286,1
2368,1809,1
2368,1588,1
2368,2645,1
2368,1142,1
2368,2068,1
2368,2175,1
2368,470,0
2368,1806,0
2368,1483,0
2368,937,0
2368,1074,0
2368,2189,0
2368,2105,0
2368,2589,0
2369,647,1
2369,1167,1
2369,668,1
2369,544,1
2369,1058,1
2369,419,1
2369,2357,1
2369,194,1
2369,93,1
2369,2141,1
2369,1956,0
2369,1568,0
2369,2756,0
2369,2591,0
2369,362,0
2369,1149,0
2369,1726,0
2370,1446,1
2370,2031,1
2370,1649,1
2370,638,1
2370,990,0
2370,1848,0
2370,801,0
2370,2188,0
2371,1250,1
2371,2086,1
2371,497,1
2371,1428,1
2371,2236,1
2371,830,1
2371,300,0
2371,2765,0
2371,994,0
2371,1760,0
2371,1980,0
2371,232,0
2371,1920,0
2371,900,0
2371,1224,0
2372,496,1
2373,640,1
2373,1412,1
2373,2053,1
2373,395,1
2373,2316,1
2373,1421,1
2373,1320,1
2373,2243,1
2373,494,1
2373,161,0
2373,20,0
2373,231,0
2373,2365,0
2373,2609,0
2373,1649,0
2373,853,0
2373,2630,0
2373,813,0
2373,507,0
2373,1365,0
2373,2359,0
2373,2274,0
2373,1650,0
2374,1151,0
2375,1763,1
2375,1156,1
2375,419,1
2375,1299,1
2375,1845,1
2375,437,1
2375,922,1
2375,2612,0
2375,1381,0
2375,1361,0
2375,2622,0
2375,1990,0
2375,2205,0
2376,800,1
2376,2084,1
2376,2087,1
2376,872,1
2376,1576,1
2376,907,1
2376,1360,1
2376,306,1
2376,162,0
2376,1699,0
2376,2529,0
2376,2126,0
2376,2407,0
2376,2758,0
2376,2663,0
2376,10,0
2377,2309,1
2377,2312,1
2377,907,1
2377,28,1
2377,1055,1
2377,31,1
2377,1189,1
2377,1702,1
2377,1960,1
2377,1709,1
2377,176,1
2377,824,1
2377,2241,1
2377,455,1
2377,2503,1
2377,1745,1
2377,213,1
2377,2020,1
2377,887,1
2377,471,0
2377,1057,0
2377,2641,0
2377,982,0
2377,2504,0
2377,2607,0
2377,2304,0
2377,2716,0
2377,1434,0
2377,599,0
2377,2405,0
2377,1471,0
2377,828,0
2377,513,0
2377,207,0
2377,1977,0
2377,1913,0
2377,170,0
2378,136,1
2378,2186,1
2378,395,1
2378,1808,1
2378,671,1
2378,1082,1
2378,2120,1
2378,337,1
2378,737,1
2378,871,1
2378,1768,1
2378,107,1
2378,2163,1
2378,1273,1
2378,318,0
2378,544,0
2378,382,0
2378,433,0
2378,600,0
2378,1881,0
2378,2427,0
2378,1033,0
2378,508,0
2378,2534,0
2378,1858,0
2378,1602,0
2378,748,0
2378,592,0
2378,1487,0
2379,2561,1
2379,1731,1
2379,166,1
2379,2440,1
2379,2677,1
2379,2410,0
2379,183,0
2379,1424,0
2379,1896,0
2379,2711,0
2379,1709,0
2379,1913,0
2380,1753,1
2380,830,1
2380,2655,0
2380,1267,0
2381,2544,1
2381,1810,1
2381,114,1
2381,2677,1
2381,2582,1
2381,1985,0
2381,1622,0
2381,2707,0
2381,267,0
2381,1245,0
2382,1059,1
2382,1251,1
2382,1413,0
2383,1428,1
2383,2677,1
2383,1181,1
2383,255,1
2383,821,0
2383,1270,0
2383,11,0
2383,1200,0
2383,958,0
2383,1267,0
2383,1406,0
2383,2486,0
2383,2109,0
2384,32,1
2384,1763,1
2384,1320,1
2384,2154,1
2384,1360,1
2384,716,0
2384,1247,0
2384,342,0
2384,2715,0
2384,1745,0
2385,1927,1
2385,2321,1
2385,2579,1
2385,660,1
2385,1820,1
2385,1698,1
2385,1071,1
2385,1840,1
2385,434,1
2385,2615,1
2385,1976,1
2385,332,1
2385,852,1
2385,489,1
2385,238,1
2385,2034,1
2385,1659,1
2385,2368,0
2385,742,0
2385,423,0
2385,2060,0
2385,247,0
2385,1368,0
2385,2151,0
2385,1748,0
2385,2786,0
2385,610,0
2385,2269,0
2385,714,0
2385,1828,0
2385,2175,0
2385,1258,0
2385,781,0
2385,791,0
2385,2183,0
2385,1285,0
2385,2680,0
2385,1707,0
2386,1360,1
2386,186,1
2386,276,1
2386,536,0
2386,1920,0
2387,2401,1
2387,1538,1
2387,2739,1
2387,1395,1
2387,1208,1
2387,1581,0
2387,252,0
2387,274,0
2387,626,0
2387,629,0
2387,623,0
2388,137,1
2388,1059,1
2388,1188,1
2388,1446,1
2388,2215,1
2388,1845,1
2388,1468,1
2388,2755,1
2388,1731,1
2388,2245,1
2388,1360,1
2388,1506,1
2388,872,1
2388,2038,1
2388,1018,1
2388,2719,0
2388,2430,0
2388,49,0
2388,1063,0
2388,2581,0
2388,1765,0
2388,689,0
2388,277,0
2388,2298,0
2388,1279,0
2388,2455,0
2388,2152,0
2388,455,0
2388,910,0
2388,2103,0
2388,905,0
2388,2713,0
2388,1208,0
2388,628,0
2388,1152,0
2389,668,1
2389,2340,1
2389,517,0
2390,1792,1
2390,931,1
2390,166,1
2390,2520,1
2390,2570,0
2390,57,0
2391,2086,1
2391,707,0
2392,2436,1
2392,266,1
2392,1680,1
2392,1171,1
2392,2073,1
2392,922,1
2392,1695,1
2392,2743,1
2392,1511,1
2392,1005,1
2392,1134,1
2392,2677,1
2392,2150,0
2392,2617,0
2392,304,0
2392,1494,0
2392,891,0
2392,1443,0
2392,420,0
2392,975,0
2392,1874,0
2392,2638,0
2392,2725,0
2393,2561,1
2393,2698,1
2393,2323,1
2393,307,1
2393,2110,1
2393,199,1
2393,2504,1
2393,2125,1
2393,2134,1
2393,2273,1
2393,613,1
2393,2425,1
2393,255,1
2393,2473,0
2393,347,0
2393,2161,0
2393,1023,0
2393,1384,0
2393,262,0
2393,338,0
2393,1868,0
2393,1031,0
2393,2405,0
2393,1519,0
2393,129,0
2393,1847,0
2393,484,0
2393,1012,0
2393,1967,0
2394,670,1
2394,102,1
2394,843,1
2394,2038,1
2394,302,0
2394,2395,0
2395,1594,1
2395,1134,1
2396,2125,1
2396,1134,1
2396,1389,0
2397,1072,1
2398,1188,1
2398,1287,1
2398,872,1
2398,1330,1
2398,2451,1
2398,2584,1
2398,1718,0
2398,769,0
2398,1953,0
2398,289,0
2398,2684,0
2398,1625,0
2398,1340,0
2398,11,0
2398,50,0
2399,2038,1
2399,1423,0
2400,2316,1
2400,163,1
2400,1201,1
2400,307,1
2400,1464,1
2400,2746,1
2400,1632,1
2400,873,1
2400,1771,1
2400,1385,1
2400,372,1
2400,2040,1
2400,1336,0
2400,2259,0
2400,932,0
2400,2731,0
2400,1051,0
2400,2450,0
2400,2723,0
2400,2763,0
2400,2294,0
2400,2186,0
2400,1755,0
2401,2059,1
2401,2700,1
2401,141,1
2401,1424,1
2401,1679,1
2401,2197,1
2401,1569,1
2401,2594,1
2401,1699,1
2401,164,1
2401,2216,1
2401,1966,1
2401,437,1
2401,2746,1
2401,965,1
2401,711,1
2401,2761,1
2401,589,1
2401,1870,1
2401,2260,1
2401,2777,1
2401,91,1
2401,2653,1
2401,360,1
2401,1263,1
2401,2415,1
2401,2291,1
2401,2421,1
2401,2296,1
2401,2553,1
2401,2298,1
2401,124,1
2401,1910,0
2401,419,0
2401,528,0
2401,1335,0
2401,1404,0
2401,2,0
2401,1626,0
2401,2649,0
2401,1935,0
2401,2007,0
2401,247,0
2401,1084,0
2401,2617,0
2401,2608,0
2401,1262,0
2401,2541,0
2401,2191,0
2401,1929,0
2401,591,0
2401,2374,0
2401,1102,0
2401,304,0
2401,1738,0
2401,1306,0
2401,1604,0
2401,2243,0
2401,21,0
2401,2324,0
2401,1019,0
2401,725,0
2401,1935,0
2401,1046,0
2401,1931,0
2401,2055,0
2402,2498,1
2402,2082,1
2402,1720,1
2402,607,1
2402,2167,1
2402,1368,1
2402,30,1
2402,1439,1
2402,527,0
2402,1046,0
2402,2719,0
2402,698,0
2402,693,0
2402,1722,0
2402,722,0
2402,2361,0
2402,2213,0
2403,1538,1
2403,1034,1
2403,11,1
2403,1548,1
2403,531,1
2403,1059,1
2403,2086,1
2403,1574,1
2403,1579,1
2403,2093,1
2403,59,1
2403,2125,1
2403,2130,1
2403,2644,1
2403,1114,1
2403,1123,1
2403,2153,1
2403,1645,1
2403,1143,1
2403,2683,1
2403,638,1
2403,1156,1
2403,2722,1
2403,674,1
2403,683,1
2403,2744,1
2403,1725,1
2403,194,1
2403,1731,1
2403,2764,1
2403,1743,1
2403,2258,1
2403,1240,1
2403,2282,1
2403,1793,1
2403,1799,1
2403,263,1
2403,276,1
2403,279,1
2403,800,1
2403,1826,1
2403,2342,1
2403,1346,1
2403,1865,1
2403,2385,1
2403,865,1
2403,1892,1
2403,1897,1
2403,1395,1
2403,372,1
2403,2436,1
2403,1928,1
2403,400,1
2403,913,1
2403,1952,1
2403,424,1
2403,2520,1
2403,485,1
2403,1510,1
2403,1000,1
2403,2038,1
2403,1531,1
2403,508,1
2403,2641,0
2403,1909,0
2403,1135,0
2403,46,0
2403,2152,0
2403,1451,0
2403,2702,0
2403,2428,0
2403,2289,0
2403,1913,0
2403,2437,0
2403,359,0
2403,1131,0
2403,1046,0
2403,1773,0
2403,2264,0
2403,2115,0
2403,924,0
2403,193,0
2403,2712,0
2403,2069,0
2403,727,0
2403,517,0
2403,871,0
2403,475,0
2403,1429,0
2403,709,0
2403,2256,0
2403,370,0
2403,1691,0
2403,613,0
2403,2550,0
2403,1269,0
2403,2642,0
2403,2197,0
2403,1625,0
2403,1658,0
2403,1226,0
2403,2727,0
2403,1898,0
2403,212,0
2403,511,0
2403,131,0
2403,1126,0
2403,1996,0
2403,1141,0
2403,1502,0
2403,150,0
2403,991,0
2403,851,0
2403,1177,0
2403,1128,0
2403,120,0
2403,435,0
2403,469,0
2403,1167,0
2403,2262,0
2403,373,0
2403,500,0
2403,1322,0
2403,2248,0
2404,918,1
2404,1356,1
2404,1502,1
2404,541,0
2405,1673,1
2405,2443,1
2405,402,1
2405,553,1
2405,2477,1
2405,571,1
2405,830,1
2405,2371,1
2405,459,1
2405,1997,1
2405,2129,1
2405,2261,1
2405,478,1
2405,1397,1
2405,2682,1
2405,1788,1
2405,2283,0
2405,2546,0
2405,1904,0
2405,1785,0
2405,892,0
2405,2646,0
2405,2582,0
2405,1098,0
2405,308,0
2405,1424,0
2405,151,0
2405,2332,0
2405,1317,0
2406,166,1
2406,2477,0
2407,2240,1
2407,2468,1
2407,2507,1
2407,2382,1
2407,686,1
2407,1360,1
2407,824,1
2407,922,1
2407,2492,1
2407,2309,0
2407,1755,0
2407,2298,0
2407,2350,0
2407,1380,0
2407,1826,0
2407,542,0
2407,2121,0
2408,344,1
2408,830,1
2408,2771,0
2408,383,0
2409,1018,1
2409,584,0
2409,2728,0
2409,2179,0
2410,264,1
2410,11,1
2410,782,1
2410,25,1
2410,1952,1
2410,931,1
2410,2219,1
2410,1595,1
2410,1982,1
2410,194,1
2410,2499,1
2410,1092,1
2410,1731,1
2410,843,1
2410,2125,1
2410,985,1
2410,2273,1
2410,747,1
2410,1134,1
2410,1523,1
2410,2549,1
2410,2677,1
2410,2038,1
2410,2171,1
2410,2431,1
2410,1419,0
2410,2650,0
2410,699,0
2410,139,0
2410,741,0
2410,660,0
2410,1974,0
2410,2422,0
2410,895,0
2410,1896,0
2410,2215,0
2410,2755,0
2410,1713,0
2410,968,0
2410,1824,0
2410,1383,0
2410,589,0
2410,1399,0
2410,1809,0
2410,2366,0
2410,2512,0
2410,475,0
2410,2780,0
2410,1157,0
2410,1100,0
2410,98,0
2410,2426,0
2410,1778,0
2410,683,0
2410,1994,0
2410,1408,0
2411,642,1
2411,1190,1
2411,2071,0
2411,2386,0
2412,256,1
2412,646,1
2412,2316,1
2412,658,1
2412,2452,1
2412,2605,1
2412,47,1
2412,820,1
2412,701,1
2412,1224,1
2412,1870,1
2412,467,1
2412,360,1
2412,2544,1
2412,2290,1
2412,2068,0
2412,2567,0
2412,1669,0
2412,212,0
2412,2092,0
2412,2607,0
2412,2494,0
2412,2655,0
2412,875,0
2412,342,0
2412,1484,0
2412,195,0
2412,1028,0
2412,461,0
2413,2563,1
2413,2055,1
2413,777,1
2413,1933,1
2413,279,1
2413,2212,1
2413,943,1
2413,2610,1
2413,437,1
2413,2485,1
2413,2746,1
2413,830,1
2413,1985,1
2413,970,1
2413,2125,1
2413,207,1
2413,1877,1
2413,1366,1
2413,344,1
2413,1249,1
2413,2151,1
2413,748,1
2413,1773,1
2413,1005,1
2413,2289,1
2413,2290,1
2413,1522,1
2413,1397,1
2413,758,1
2413,631,1
2413,2298,1
2413,1271,1
2413,1140,0
2413,508,0
2413,694,0
2413,2380,0
2413,905,0
2413,2219,0
2413,352,0
2413,2387,0
2413,2553,0
2413,187,0
2413,1036,0
2413,2077,0
2413,2297,0
2413,75,0
2413,131,0
2413,1679,0
2413,2276,0
2413,1683,0
2413,165,0
2413,36,0
2413,2149,0
2413,1609,0
2414,391,1
2414,276,1
2414,1433,1
2414,1823,1
2414,675,1
2414,935,1
2414,424,1
2414,1833,1
2414,307,1
2414,437,1
2414,2232,1
2414,1855,1
2414,961,1
2414,1346,1
2414,2646,1
2414,1368,1
2414,1892,1
2414,1894,1
2414,364,1
2414,2290,1
2414,1395,1
2414,1397,1
2414,1781,1
2414,762,1
2414,2683,1
2414,1015,0
2414,643,0
2414,964,0
2414,2450,0
2414,498,0
2414,2653,0
2414,1271,0
2414,301,0
2414,2532,0
2414,1555,0
2414,780,0
2414,2236,0
2414,2765,0
2414,1226,0
2414,1523,0
2414,2562,0
2414,2040,0
2414,2324,0
2414,1979,0
2414,2388,0
2414,1773,0
2415,2051,1
2415,4,1
2415,2571,1
2415,2574,1
2415,1424,1
2415,915,1
2415,2708,1
2415,22,1
2415,667,1
2415,1568,1
2415,1698,1
2415,34,1
2415,165,1
2415,1061,1
2415,2088,1
2415,1971,1
2415,567,1
2415,1979,1
2415,1725,1
2415,1727,1
2415,1216,1
2415,1756,1
2415,609,1
2415,98,1
2415,360,1
2415,624,1
2415,625,1
2415,2675,1
2415,248,1
2415,2553,1
2415,2039,0
2415,1041,0
2415,564,0
2415,354,0
2415,777,0
2415,1345,0
2415,364,0
2415,2518,0
2415,2117,0
2415,897,0
2415,1459,0
2415,217,0
2415,2549,0
2415,2673,0
2415,2423,0
2415,1572,0
2415,603,0
2415,1186,0
2415,1142,0
2415,2532,0
2415,1116,0
2415,1135,0
2415,879,0
2415,1854,0
2415,1948,0
2415,2589,0
2415,830,0
2415,374,0
2415,484,0
2415,1107,0
2416,1664,1
2416,1282,1
2416,2692,1
2416,166,1
2416,714,1
2416,397,1
2416,1148,1
2416,2776,0
2416,841,0
2416,1762,0
2416,569,0
2416,428,0
2416,1420,0
2416,1096,0
2416,1159,0
2416,64,0
2416,1607,0
2417,360,1
2417,397,1
2417,166,1
2417,1442,0
2417,2418,0
2417,611,0
2418,960,1
2418,1731,1
2418,1134,1
2418,793,1
2418,1248,0
2418,1413,0
2418,451,0
2418,1579,0
2419,1640,0
2419,1562,0
2420,1280,1
2420,642,1
2420,388,1
2420,1541,1
2420,1928,1
2420,777,1
2420,11,1
2420,1933,1
2420,2447,1
2420,1430,1
2420,279,1
2420,793,1
2420,796,1
2420,2590,1
2420,670,1
2420,1569,1
2420,546,1
2420,687,1
2420,1969,1
2420,437,1
2420,186,1
2420,2746,1
2420,2116,1
2420,68,1
2420,2636,1
2420,1611,1
2420,1870,1
2420,1999,1
2420,973,1
2420,854,1
2420,2656,1
2420,2153,1
2420,2411,1
2420,748,1
2420,1130,1
2420,2031,1
2420,1268,1
2420,247,1
2420,1273,1
2420,1275,1
2420,1532,1
2420,52,0
2420,387,0
2420,1404,0
2420,1876,0
2420,2349,0
2420,1352,0
2420,1962,0
2420,902,0
2420,563,0
2420,663,0
2420,2697,0
2420,1440,0
2420,1616,0
2420,2568,0
2420,159,0
2420,1896,0
2420,1379,0
2420,353,0
2420,909,0
2420,1852,0
2420,964,0
2420,276,0
2420,1795,0
2420,2335,0
2420,479,0
2420,2508,0
2420,1800,0
2420,309,0
2420,2452,0
2420,2545,0
2420,403,0
2420,1456,0
2420,405,0
2420,454,0
2420,1255,0
2420,813,0
2420,2428,0
2420,809,0
2420,476,0
2420,1301,0
2420,2321,0
2420,2328,0
2421,1537,1
2421,2697,1
2421,11,1
2421,670,1
2421,416,1
2421,802,1
2421,295,1
2421,1706,1
2421,814,1
2421,2477,1
2421,1969,1
2421,964,1
2421,2500,1
2421,2758,1
2421,71,1
2421,329,1
2421,459,1
2421,1618,1
2421,2783,1
2421,2785,1
2421,102,1
2421,1770,1
2421,1131,1
2421,1776,1
2421,1393,1
2421,2675,1
2421,624,1
2421,1018,1
2421,1253,0
2421,2370,0
2421,1541,0
2421,1860,0
2421,2307,0
2421,1703,0
2421,1841,0
2421,2307,0
2421,1280,0
2421,1917,0
2421,2168,0
2421,2753,0
2421,1965,0
2421,2403,0
2421,103,0
2421,721,0
2421,685,0
2421,2062,0
2421,1490,0
2421,387,0
2421,2142,0
2421,2748,0
2421,531,0
2421,340,0
2421,684,0
2421,2298,0
2421,2298,0
2422,1664,1
2422,4,1
2422,1352,1
2422,1611,1
2422,2380,1
2422,1966,1
2422,336,1
2422,1122,0
2422,1032,0
2422,1356,0
2422,2372,0
2423,1952,1
2423,1366,1
2423,857,1
2423,432,0
2423,1101,0
2423,1117,0
2423,2362,0
2423,2758,0
2424,965,1
2424,2346,1
2424,1823,1
2424,820,1
2424,2683,1
2424,1564,1
2424,30,1
2424,607,1
2424,2308,0
2424,17,0
2424,896,0
2424,1057,0
2424,1437,0
2424,1852,0
2424,2711,0
2425,2151,1
2425,398,1
2425,2709,1
2425,1850,1
2425,2200,0
2425,2401,0
2425,2601,0
2425,1166,0
2426,2722,1
2426,1894,1
2426,2189,1
2426,2426,1
2426,2683,1
2426,1183,1
2426,1599,0
2426,1555,0
2426,1208,0
2426,2456,0
2426,785,0
2426,2483,0
2426,645,0
2427,672,1
2427,166,1
2427,1352,1
2427,266,1
2427,337,1
2427,1650,1
2427,2451,1
2427,2363,1
2427,628,0
2427,715,0
2427,2081,0
2427,1316,0
2427,934,0
2427,2260,0
2427,2224,0
2427,2776,0
2427,2410,0
2427,2199,0
2427,1921,0
2428,1350,1
2428,591,0
2429,480,1
2429,837,1
2429,1164,1
2429,912,1
2429,2546,1
2429,1368,1
2429,2515,0
2429,1603,0
2429,1308,0
2429,1333,0
2430,2048,1
2430,2563,1
2430,517,1
2430,388,1
2430,11,1
2430,1933,1
2430,270,1
2430,1171,1
2430,1944,1
2430,1952,1
2430,675,1
2430,2212,1
2430,426,1
2430,945,1
2430,1633,1
2430,1130,1
2430,493,1
2430,1011,1
2430,885,1
2430,2297,1
2430,2336,0
2430,428,0
2430,913,0
2430,1111,0
2430,384,0
2430,173,0
2430,2482,0
2430,530,0
2430,234,0
2430,1567,0
2430,372,0
2430,372,0
2430,138,0
2430,2648,0
2430,802,0
2430,2634,0
2431,517,1
2431,6,1
2431,922,1
2431,552,1
2431,820,1
2431,1718,1
2431,1082,1
2431,1738,1
2431,333,1
2431,2514,1
2431,2265,1
2431,871,1
2431,91,0
2431,1253,0
2431,1895,0
2431,1512,0
2431,1253,0
2431,2178,0
2431,376,0
2431,51,0
2431,1129,0
2431,617,0
2431,82,0
2431,1322,0
2431,1976,0
2432,1764,1
2432,904,1
2432,1522,1
2432,470,1
2432,2430,1
2432,808,0
2432,230,0
2432,724,0
2432,2370,0
2433,2210,1
2433,2437,1
2433,1286,1
2433,1611,1
2433,820,1
2433,821,0
2433,2636,0
2433,816,0
2434,2656,1
2434,91,1
2434,2447,1
2434,879,0
2434,619,0
2434,570,0
2435,2447,1
2435,1405,1
2435,1126,0
2435,460,0
2435,2270,0
2436,2656,1
2436,864,1
2436,1696,1
2436,932,1
2436,2028,1
2436,2447,1
2436,820,1
2436,697,0
2437,994,0
2438,133,1
2438,166,1
2438,266,1
2438,555,1
2438,343,1
2438,2168,0
2438,2027,0
2438,393,0
2438,2111,0
2438,1123,0
2439,1226,1
2440,266,1
2440,1427,1
2440,1568,1
2440,2475,1
2440,820,1
2440,2742,1
2440,1344,1
2440,864,1
2440,609,1
2440,611,1
2440,2151,1
2440,1130,1
2440,133,0
2440,363,0
2440,907,0
2440,144,0
2440,674,0
2440,599,0
2440,2463,0
2440,1215,0
2440,2598,0
2440,2157,0
2440,1026,0
2441,964,1
2441,294,1
2441,2058,1
2441,1611,1
2441,812,1
2441,1966,1
2441,1588,1
2441,2743,1
2441,1271,1
2441,1772,0
2441,1651,0
2441,1220,0
2441,523,0
2441,1500,0
2441,1758,0
2441,174,0
2441,174,0
2442,398,1
2442,1631,1
2442,240,0
2443,2058,1
2443,1427,1
2443,47,1
2443,49,1
2443,2739,1
2443,1979,1
2443,1873,1
2443,857,1
2443,2675,1
2443,2103,0
2443,1379,0
2443,2274,0
2443,1306,0
2443,670,0
2443,1253,0
2443,514,0
2443,428,0
2443,2554,0
2443,754,0
2444,576,1
2444,2038,1
2444,2196,0
2444,1077,0
2444,1191,0
2444,1428,0
2444,1350,0
2444,1034,0
2444,1550,0
2445,336,1
2445,2492,1
2445,1820,0
2446,2563,1
2446,2437,1
2446,264,1
2446,2440,1
2446,11,1
2446,1020,1
2446,2447,1
2446,1913,1
2446,1952,1
2446,932,1
2446,2297,1
2446,2475,1
2446,686,1
2446,1073,1
2446,820,1
2446,2742,1
2446,1338,1
2446,2236,1
2446,194,1
2446,1090,1
2446,1349,1
2446,197,1
2446,1350,1
2446,1099,1
2446,1870,1
2446,977,1
2446,470,1
2446,360,1
2446,1897,1
2446,2153,1
2446,1005,1
2446,1263,1
2446,496,1
2446,377,1
2446,1532,1
2446,2539,0
2446,1490,0
2446,983,0
2446,326,0
2446,546,0
2446,81,0
2446,595,0
2446,1578,0
2446,2125,0
2446,1331,0
2446,1372,0
2446,710,0
2446,524,0
2446,2346,0
2446,1326,0
2446,1018,0
2446,2507,0
2446,2670,0
2446,2109,0
2446,2591,0
2446,1895,0
2446,959,0
2446,931,0
2446,446,0
2446,609,0
2446,1778,0
2446,1806,0
2446,2429,0
2446,2477,0
2446,656,0
2446,465,0
2446,378,0
2446,351,0
2447,2210,1
2447,2563,1
2447,2698,1
2447,398,1
2447,82,1
2447,2039,0
2447,1286,0
2447,2278,0
2447,2463,0
2447,880,0
2448,2561,1
2448,1669,1
2448,2184,1
2448,1930,1
2448,400,1
2448,402,1
2448,2199,1
2448,664,1
2448,675,1
2448,2595,1
2448,1190,1
2448,1066,1
2448,2226,1
2448,2744,1
2448,63,1
2448,832,1
2448,2130,1
2448,83,1
2448,2532,1
2448,2677,1
2448,1915,1
2448,638,1
2448,2431,1
2448,1562,0
2448,326,0
2448,2228,0
2448,1618,0
2448,568,0
2448,2603,0
2448,2770,0
2448,1791,0
2448,142,0
2448,1443,0
2448,2780,0
2448,2615,0
2448,1842,0
2448,2499,0
2448,2331,0
2448,1860,0
2448,1495,0
2448,2664,0
2448,559,0
2449,1786,1
2449,611,1
2449,2437,1
2449,2657,0
2449,137,0
2449,1199,0
2450,166,1
2450,2154,1
2450,266,1
2450,1428,1
2450,2133,1
2450,2430,1
2450,686,0
2450,2630,0
2450,491,0
2450,265,0
2450,1792,0
2451,1351,1
2451,999,1
2451,1933,1
2451,2367,0
2451,2208,0
2451,844,0
2452,1130,1
2452,398,1
2452,2382,1
2452,2452,1
2452,2172,0
2452,2379,0
2452,1608,0
2452,597,0
2452,596,0
2452,2479,0
2453,2084,1
2453,1350,1
2453,807,1
2453,2058,1
2453,1834,0
2453,1717,0
2453,1033,0
2454,1649,1
2455,2371,1
2455,675,1
2455,1541,1
2455,166,1
2455,922,1
2455,1468,1
2455,350,0
2455,1776,0
2455,1950,0
2455,2249,0
2455,795,0
2455,2599,0
2455,248,0
2455,203,0
2455,958,0
2455,1139,0
2456,2523,1
2456,2722,1
2456,843,1
2456,1742,1
2456,1994,0
2456,1532,0
2457,964,1
2457,2056,1
2457,1011,1
2457,1433,0
2457,2042,0
2458,675,1
2458,7,1
2458,2739,1
2458,2682,1
2458,575,1
2458,1763,0
2458,1396,0
2458,907,0
2459,1152,1
2459,640,1
2459,519,1
2459,522,1
2459,1039,1
2459,1424,1
2459,1807,1
2459,408,1
2459,1819,1
2459,413,1
2459,2591,1
2459,1568,1
2459,1834,1
2459,2611,1
2459,2356,1
2459,181,1
2459,314,1
2459,1979,1
2459,2747,1
2459,844,1
2459,334,1
2459,2001,1
2459,465,1
2459,1749,1
2459,2133,1
2459,347,1
2459,1246,1
2459,873,1
2459,2154,1
2459,2666,1
2459,2410,1
2459,624,1
2459,2427,1
2459,2470,0
2459,620,0
2459,1355,0
2459,872,0
2459,2285,0
2459,764,0
2459,121,0
2459,783,0
2459,320,0
2459,1744,0
2459,1043,0
2459,1186,0
2459,2577,0
2459,2344,0
2459,875,0
2459,1140,0
2459,832,0
2459,1054,0
2459,2210,0
2459,2260,0
2459,1925,0
2459,633,0
2459,1786,0
2459,2307,0
2459,1358,0
2459,150,0
2459,194,0
2459,2213,0
2459,2035,0
2459,656,0
2459,2463,0
2459,1368,0
2459,378,0
2459,1731,0
2460,384,1
2460,2561,1
2460,643,1
2460,909,1
2460,664,1
2460,25,1
2460,2202,1
2460,1179,1
2460,1565,1
2460,166,1
2460,1192,1
2460,686,1
2460,57,1
2460,443,1
2460,63,1
2460,1218,1
2460,2125,1
2460,593,1
2460,1874,1
2460,212,1
2460,1118,1
2460,1901,1
2460,1260,1
2460,879,1
2460,499,1
2460,1524,1
2460,503,1
2460,1272,1
2460,441,0
2460,1362,0
2460,1470,0
2460,1054,0
2460,626,0
2460,42,0
2460,2608,0
2460,2129,0
2460,47,0
2460,976,0
2460,2509,0
2460,179,0
2460,2136,0
2460,2292,0
2460,83,0
2460,341,0
2460,128,0
2460,1597,0
2460,2402,0
2460,1163,0
2460,385,0
2460,1940,0
2460,64,0
2460,1764,0
2460,5,0
2460,183,0
2460,673,0
2460,921,0
2460,397,0
2460,2442,0
2460,1454,0
2460,429,0
2460,776,0
2460,2014,0
2460,2741,0
2461,480,1
2461,2212,1
2461,2116,1
2461,102,1
2461,777,1
2461,1791,1
2461,763,1
2461,1119,1
2461,737,0
2461,127,0
2461,321,0
2461,2157,0
2461,552,0
2461,2004,0
2462,1996,0
2462,1918,0
2463,576,1
2463,675,1
2463,1894,1
2463,1609,1
2463,1720,1
2463,2479,0
2463,1425,0
2463,2197,0
2463,1072,0
2464,1540,1
2464,1033,1
2464,1041,1
2464,1559,1
2464,24,1
2464,1052,1
2464,544,1
2464,34,1
2464,1569,1
2464,1061,1
2464,1072,1
2464,1584,1
2464,1588,1
2464,570,1
2464,62,1
2464,1600,1
2464,79,1
2464,82,1
2464,604,1
2464,2141,1
2464,102,1
2464,103,1
2464,1131,1
2464,2675,1
2464,2174,1
2464,1668,1
2464,644,1
2464,647,1
2464,1177,1
2464,1698,1
2464,2726,1
2464,2727,1
2464,2732,1
2464,2229,1
2464,2747,1
2464,207,1
2464,2268,1
2464,734,1
2464,1249,1
2464,1770,1
2464,2291,1
2464,1284,1
2464,1799,1
2464,778,1
2464,1296,1
2464,799,1
2464,803,1
2464,294,1
2464,298,1
2464,2355,1
2464,313,1
2464,1345,1
2464,1348,1
2464,1360,1
2464,1894,1
2464,872,1
2464,374,1
2464,2427,1
2464,1405,1
2464,905,1
2464,1938,1
2464,924,1
2464,1958,1
2464,1967,1
2464,1483,1
2464,2508,1
2464,466,1
2464,1496,1
2464,1498,1
2464,2524,1
2464,994,1
2464,2537,1
2464,489,1
2464,1527,1
2464,1531,1
2464,2047,1
2464,913,0
2464,2521,0
2464,2162,0
2464,2401,0
2464,2035,0
2464,2562,0
2464,2369,0
2464,1846,0
2464,785,0
2464,502,0
2464,1047,0
2464,1073,0
2464,1184,0
2464,376,0
2464,1110,0
2464,1224,0
2464,914,0
2464,1303,0
2464,1899,0
2464,1114,0
2464,2048,0
2464,2579,0
2464,1693,0
2464,370,0
2464,1002,0
2464,947,0
2464,1834,0
2464,1532,0
2464,2269,0
2464,352,0
2464,2638,0
2464,1089,0
2464,345,0
2464,1161,0
2464,2206,0
2464,1116,0
2464,1114,0
2464,1120,0
2464,2543,0
2464,1635,0
2464,1769,0
2464,7,0
2464,282,0
2464,173,0
2464,1295,0
2464,719,0
2464,1254,0
2464,1994,0
2464,599,0
2464,2666,0
2464,1402,0
2464,2603,0
2464,2100,0
2464,257,0
2464,996,0
2464,1734,0
2464,2139,0
2464,237,0
2464,1716,0
2464,2352,0
2464,2152,0
2464,737,0
2464,389,0
2464,2404,0
2464,2763,0
2464,49,0
2464,2712,0
2464,2202,0
2464,347,0
2464,182,0
2464,707,0
2464,2168,0
2464,541,0
2465,2053,1
2465,398,1
2465,1357,0
2465,1273,0
2465,1956,0
2465,184,0
2465,2024,0
2466,675,1
2466,375,1
2466,1517,0
2466,2286,0
2467,1263,1
2467,1421,1
2467,2451,1
2467,918,1
2467,2492,1
2467,1408,0
2467,1241,0
2467,522,0
2467,922,0
2467,2311,0
2467,1942,0
2468,493,1
2469,905,0
2470,640,1
2470,517,1
2470,1673,1
2470,141,1
2470,2444,1
2470,2189,1
2470,22,1
2470,408,1
2470,1054,1
2470,2465,1
2470,2217,1
2470,301,1
2470,177,1
2470,2098,1
2470,1845,1
2470,822,1
2470,437,1
2470,698,1
2470,2619,1
2470,830,1
2470,2240,1
2470,1348,1
2470,2500,1
2470,964,1
2470,459,1
2470,1492,1
2470,2390,1
2470,473,1
2470,2266,1
2470,1629,1
2470,352,1
2470,2785,1
2470,1120,1
2470,1764,1
2470,103,1
2470,1002,1
2470,619,1
2470,492,1
2470,2289,1
2470,1011,1
2470,632,1
2470,2095,0
2470,2508,0
2470,345,0
2470,742,0
2470,2436,0
2470,2228,0
2470,1611,0
2470,80,0
2470,436,0
2470,2721,0
2470,868,0
2470,1704,0
2470,792,0
2470,828,0
2470,667,0
2470,318,0
2470,1495,0
2470,2147,0
2470,2398,0
2470,1491,0
2470,402,0
2470,544,0
2470,380,0
2470,2781,0
2470,808,0
2470,2303,0
2470,2046,0
2470,1803,0
2470,2076,0
2470,440,0
2470,618,0
2470,278,0
2470,150,0
2470,2543,0
2470,1255,0
2470,1831,0
2470,280,0
2470,2431,0
2470,896,0
2470,2681,0
2470,2725,0
2470,1065,0
2471,2592,1
2471,674,1
2471,132,1
2471,1156,1
2471,2151,1
2471,1005,1
2471,271,1
2471,207,1
2471,2065,1
2471,2452,1
2471,820,1
2471,370,0
2471,1412,0
2471,1081,0
2471,1734,0
2471,1384,0
2471,1723,0
2472,3,1
2472,804,1
2472,1096,1
2472,2764,1
2472,1368,1
2472,1007,0
2472,2564,0
2472,1329,0
2472,1875,0
2472,1959,0
2472,1333,0
2472,2021,0
2472,1648,0
2472,1453,0
2473,1668,1
2473,391,1
2473,301,1
2473,2584,1
2473,2020,0
2474,1486,1
2474,207,1
2474,2251,0
2475,2056,1
2475,884,1
2475,1366,1
2475,225,0
2475,968,0
2475,161,0
2475,1427,0
2475,2145,0
2475,1020,0
2476,166,1
2476,493,1
2476,1810,1
2476,1271,0
2476,312,0
2476,905,0
2476,2563,0
2477,546,1
2477,130,1
2477,135,1
2477,1134,1
2477,1810,1
2477,307,1
2477,1982,1
2477,1401,0
2477,2211,0
2477,1654,0
2477,2543,0
2477,1227,0
2477,1905,0
2477,845,0
2477,1293,0
2478,800,1
2478,2722,1
2478,1350,1
2478,1069,1
2478,1300,1
2478,947,1
2478,1853,1
2478,1693,0
2478,2349,0
2478,1494,0
2478,2204,0
2479,1598,0
2480,517,1
2480,2700,1
2480,2320,1
2480,663,1
2480,295,1
2480,2473,1
2480,1961,1
2480,2606,1
2480,430,1
2480,820,1
2480,2744,1
2480,59,1
2480,192,1
2480,1867,1
2480,977,1
2480,81,1
2480,103,1
2480,872,1
2480,1387,1
2480,2539,1
2480,747,1
2480,2637,0
2480,1291,0
2480,110,0
2480,2730,0
2480,1160,0
2480,862,0
2480,2623,0
2480,2665,0
2480,2074,0
2480,664,0
2480,1241,0
2480,2155,0
2480,847,0
2480,2532,0
2480,245,0
2480,2252,0
2480,419,0
2480,456,0
2480,2684,0
2480,2537,0
2480,2287,0
2480,1860,0
2480,1826,0
2480,733,0
2480,813,0
2480,2414,0
2480,183,0
2480,1800,0
2481,573,1
2481,1525,0
2481,2735,0
2482,1933,1
2482,32,1
2482,2599,1
2482,818,1
2482,2619,1
2482,1983,1
2482,1366,1
2482,1113,1
2482,477,1
2482,2272,1
2482,482,1
2482,103,1
2482,2544,1
2482,1141,1
2482,252,1
2482,792,0
2482,1975,0
2482,1984,0
2482,105,0
2482,20,0
2482,1429,0
2482,141,0
2482,845,0
2482,2122,0
2482,719,0
2482,2007,0
2482,2457,0
2482,2677,0
2482,515,0
2482,2401,0
2482,1387,0
2483,1794,1
2483,1029,1
2483,1546,1
2483,398,1
2483,2320,1
2483,2337,1
2483,675,1
2483,1072,1
2483,2108,1
2483,2494,1
2483,2630,1
2483,725,1
2483,2137,1
2483,2265,1
2483,2785,1
2483,2532,1
2483,1439,0
2483,220,0
2483,1961,0
2483,2654,0
2483,1723,0
2483,2029,0
2483,761,0
2483,2619,0
2483,2085,0
2483,382,0
2483,1582,0
2483,1425,0
2483,173,0
2483,458,0
2483,818,0
2483,144,0
2483,233,0
2484,256,1
2484,1321,1
2484,748,1
2484,1933,1
2484,2452,1
2484,1776,0
2484,664,0
2484,1318,0
2484,672,0
2485,2016,1
2485,97,1
2485,1129,1
2485,1678,1
2485,2748,0
2485,1569,0
2485,1930,0
2485,1037,0
2485,1151,0
2486,675,1
2486,1058,1
2486,1674,1
2486,946,1
2486,507,1
2486,31,1
2486,2644,0
2486,939,0
2486,1755,0
2486,2093,0
2486,2072,0
2486,987,0
2486,1180,0
2486,1948,0
2486,596,0
2487,977,1
2487,532,1
2487,1684,0
2488,518,1
2488,668,1
2488,1698,1
2488,1194,1
2488,684,1
2488,47,1
2488,2615,1
2488,1353,1
2488,2761,1
2488,1996,1
2488,332,1
2488,2777,1
2488,1761,1
2488,2022,1
2488,872,1
2488,489,1
2488,238,1
2488,1009,1
2488,248,1
2488,1659,1
2488,2045,1
2488,1149,0
2488,932,0
2488,308,0
2488,1433,0
2488,978,0
2488,1816,0
2488,666,0
2488,1457,0
2488,1875,0
2488,1505,0
2488,572,0
2488,1961,0
2488,1272,0
2488,1174,0
2488,1570,0
2488,2404,0
2488,2210,0
2488,1425,0
2488,449,0
2488,308,0
2488,1326,0
2488,893,0
2489,1024,1
2489,517,1
2489,2568,1
2489,528,1
2489,2066,1
2489,2585,1
2489,1567,1
2489,1570,1
2489,1061,1
2489,2601,1
2489,1082,1
2489,1085,1
2489,1603,1
2489,2116,1
2489,2636,1
2489,2637,1
2489,2133,1
2489,2649,1
2489,2653,1
2489,102,1
2489,2154,1
2489,1652,1
2489,1146,1
2489,2686,1
2489,2692,1
2489,135,1
2489,2697,1
2489,2705,1
2489,149,1
2489,670,1
2489,1194,1
2489,176,1
2489,2740,1
2489,181,1
2489,692,1
2489,186,1
2489,2746,1
2489,2750,1
2489,701,1
2489,2240,1
2489,2253,1
2489,2257,1
2489,1777,1
2489,2297,1
2489,2316,1
2489,788,1
2489,1823,1
2489,321,1
2489,2382,1
2489,336,1
2489,337,1
2489,1878,1
2489,347,1
2489,1901,1
2489,388,1
2489,1926,1
2489,1928,1
2489,1428,1
2489,933,1
2489,1958,1
2489,1459,1
2489,2507,1
2489,972,1
2489,1492,1
2489,470,1
2489,991,1
2489,2537,1
2489,1005,1
2489,1526,1
2489,1532,1
2489,2130,0
2489,1427,0
2489,107,0
2489,99,0
2489,1530,0
2489,1062,0
2489,2078,0
2489,2626,0
2489,2574,0
2489,265,0
2489,2069,0
2489,547,0
2489,1306,0
2489,1403,0
2489,2064,0
2489,2602,0
2489,1590,0
2489,1399,0
2489,2470,0
2489,2287,0
2489,2080,0
2489,875,0
2489,1662,0
2489,548,0
2489,583,0
2489,709,0
2489,431,0
2489,224,0
2489,915,0
2489,2658,0
2489,592,0
2489,2529,0
2489,758,0
2489,877,0
2489,1632,0
2489,835,0
2489,2326,0
2489,1016,0
2489,1331,0
2489,2512,0
2489,2778,0
2489,191,0
2489,1237,0
2489,284,0
2489,808,0
2489,2021,0
2489,2522,0
2489,1961,0
2489,2514,0
2489,2341,0
2489,1722,0
2489,338,0
2489,17,0
2489,1407,0
2489,2046,0
2489,550,0
2489,696,0
2489,338,0
2489,67,0
2489,1678,0
2489,1499,0
2489,1819,0
2489,2375,0
2489,2331,0
2489,2181,0
2490,2316,1
2490,1296,1
2490,17,1
2490,2324,1
2490,173,1
2490,2613,1
2490,2615,1
2490,1225,1
2490,1111,1
2490,2298,1
2490,2556,1
2490,255,1
2490,2077,0
2490,2174,0
2490,2681,0
2490,301,0
2490,676,0
2490,930,0
2490,486,0
2490,1881,0
2490,573,0
2490,226,0
2490,586,0
2491,1958,1
2491,1111,1
2491,291,0
2491,1275,0
2491,1995,0
2491,159,0
2492,1664,1
2492,646,1
2492,1288,1
2492,2443,1
2492,943,1
2492,1201,1
2492,1589,1
2492,2615,1
2492,2746,1
2492,443,1
2492,1600,1
2492,2389,1
2492,982,1
2492,1628,1
2492,2653,1
2492,1759,1
2492,737,1
2492,625,1
2492,811,0
2492,1422,0
2492,1155,0
2492,2116,0
2492,2021,0
2492,2309,0
2492,2706,0
2492,819,0
2492,1594,0
2492,1548,0
2492,2546,0
2492,2523,0
2492,1691,0
2492,585,0
2492,1770,0
2492,875,0
2492,2154,0
2492,1528,0
2493,2277,1
2493,1669,1
2493,1511,1
2493,1611,1
2493,2443,1
2493,1039,1
2493,1680,1
2493,2034,1
2493,2702,0
2493,2763,0
2493,303,0
2493,2,0
2493,342,0
2493,1603,0
2494,2324,1
2494,2613,1
2494,255,1
2494,1431,0
2495,390,1
2495,1428,1
2495,544,1
2495,684,1
2495,2613,1
2495,2617,1
2495,1980,1
2495,1610,1
2495,333,1
2495,332,1
2495,1625,1
2495,992,1
2495,737,1
2495,1249,1
2495,994,1
2495,489,1
2495,873,1
2495,1645,1
2495,2034,1
2495,2040,1
2495,2315,0
2495,2761,0
2495,1767,0
2495,2065,0
2495,441,0
2495,2695,0
2495,811,0
2495,2669,0
2495,292,0
2495,942,0
2495,635,0
2495,757,0
2495,462,0
2495,428,0
2495,198,0
2495,1168,0
2495,2507,0
2495,1878,0
2495,2388,0
2495,1664,0
2495,2642,0
2495,2239,0
2497,1280,1
2497,1155,1
2497,2586,1
2497,2297,1
2497,307,1
2497,2108,1
2497,2110,1
2497,1090,1
2497,579,1
2497,2399,1
2497,865,1
2497,105,1
2497,875,1
2497,2425,1
2497,2611,0
2497,2299,0
2497,1313,0
2497,680,0
2497,1185,0
2497,642,0
2497,104,0
2497,2142,0
2497,2257,0
2497,2276,0
2497,2718,0
2497,2080,0
2497,2072,0
2497,787,0
2497,1370,0
2498,321,1
2498,644,1
2498,2382,1
2498,2448,1
2498,1577,0
2498,889,0
2499,644,1
2499,2532,1
2499,2698,1
2499,874,1
2499,398,1
2499,2034,1
2499,965,0
2499,837,0
2499,2081,0
2499,107,0
2499,2708,0
2499,2606,0
2499,2064,0
2499,9,0
2500,392,1
2500,910,1
2500,2716,1
2500,2217,1
2500,301,1
2500,1840,1
2500,2630,1
2500,1614,1
2500,1873,1
2500,605,1
2500,355,1
2500,2023,1
2500,493,1
2500,2289,1
2500,1011,1
2500,1910,1
2500,508,1
2500,1205,0
2500,1122,0
2500,1764,0
2500,143,0
2500,2125,0
2500,259,0
2500,126,0
2500,283,0
2500,1391,0
2500,195,0
2500,1483,0
2500,478,0
2500,1750,0
2500,2148,0
2500,1232,0
2500,1972,0
2500,330,0
2500,114,0
2500,1123,0
2500,650,0
2500,2467,0
2501,33,1
2501,517,1
2501,390,1
2501,832,0
2501,3,0
2501,1946,0
2502,1320,1
2502,1611,1
2502,2443,1
2502,2265,1
2502,1692,1
2502,114,0
2502,2114,0
2502,379,0
2503,2316,1
2503,2447,1
2503,2468,1
2503,2613,1
2503,183,1
2503,2617,1
2503,446,1
2503,1218,1
2503,1225,1
2503,1101,1
2503,596,1
2503,2137,1
2503,2656,1
2503,1382,1
2503,2537,1
2503,1394,1
2503,2550,1
2503,250,1
2503,763,1
2503,54,0
2503,2389,0
2503,2677,0
2503,1932,0
2503,1738,0
2503,1493,0
2503,392,0
2503,1371,0
2503,1961,0
2503,395,0
2503,905,0
2503,2483,0
2503,1481,0
2503,1300,0
2503,2075,0
2503,629,0
2503,1384,0
2503,1668,0
2503,454,0
2504,2316,1
2504,390,1
2504,1542,0
2504,1814,0
2505,1614,1
2506,613,1
2506,2630,1
2506,1901,1
2506,244,1
2506,2423,1
2506,2580,0
2506,1751,0
2506,979,0
2506,2151,0
2507,1794,1
2507,1029,1
2507,403,1
2507,2167,1
2507,793,1
2507,2337,1
2507,675,1
2507,2084,1
2507,1446,1
2507,176,1
2507,1212,1
2507,709,1
2507,455,1
2507,1760,1
2507,1892,1
2507,2021,1
2507,1894,1
2507,493,1
2507,2290,1
2507,243,1
2507,1143,1
2507,507,1
2507,2422,0
2507,1251,0
2507,2572,0
2507,2717,0
2507,1433,0
2507,470,0
2507,1325,0
2507,771,0
2507,1072,0
2507,2143,0
2507,1928,0
2507,2172,0
2507,2442,0
2507,1335,0
2507,1893,0
2507,2512,0
2507,695,0
2507,2650,0
2507,2225,0
2507,2790,0
2507,940,0
2507,1593,0
2507,2529,0
2507,1897,0
2507,1329,0
2507,2566,0
2507,2194,0
2507,991,0
2507,573,0
2507,2614,0
2507,1217,0
2507,1493,0
2508,1794,1
2508,382,0
2509,1796,1
2509,1029,1
2509,271,1
2509,2704,1
2509,913,1
2509,1558,1
2509,26,1
2509,1439,1
2509,800,1
2509,2466,1
2509,546,1
2509,674,1
2509,1446,1
2509,424,1
2509,553,1
2509,1583,1
2509,1206,1
2509,1721,1
2509,2619,1
2509,1212,1
2509,701,1
2509,579,1
2509,2379,1
2509,1111,1
2509,994,1
2509,1634,1
2509,2412,1
2509,109,1
2509,2030,1
2509,2163,1
2509,1395,1
2509,1011,1
2509,2683,1
2509,1314,0
2509,466,0
2509,2333,0
2509,54,0
2509,1986,0
2509,2136,0
2509,1277,0
2509,1025,0
2509,1048,0
2509,2721,0
2509,614,0
2509,1780,0
2509,433,0
2509,1000,0
2509,1968,0
2509,2289,0
2509,1297,0
2509,987,0
2509,574,0
2509,440,0
2509,281,0
2509,736,0
2509,2256,0
2509,2385,0
2509,2684,0
2509,2309,0
2509,602,0
2509,2664,0
2509,2483,0
2509,1240,0
2509,1393,0
2509,1783,0
2509,2031,0
2509,1254,0
2509,1241,0
2509,762,0
2509,2709,0
2509,411,0
2510,642,1
2510,2436,1
2510,518,1
2510,1439,1
2510,801,1
2510,1574,1
2510,2220,1
2510,431,1
2510,817,1
2510,2228,1
2510,2272,1
2510,232,1
2510,496,1
2510,1660,1
2510,458,0
2510,2703,0
2510,735,0
2510,305,0
2510,2641,0
2510,1085,0
2510,405,0
2510,1041,0
2510,1874,0
2510,2516,0
2510,2079,0
2510,1172,0
2510,811,0
2510,1623,0
2510,487,0
2510,480,0
2510,667,0
2510,442,0
2511,2226,1
2511,222,1
2511,399,0
2511,1237,0
2511,298,0
2512,994,1
2512,1165,1
2512,939,0
2512,2499,0
2513,1794,1
2513,2565,1
2513,1680,1
2513,1555,1
2513,1428,1
2513,1058,1
2513,933,1
2513,807,1
2513,1189,1
2513,2227,1
2513,820,1
2513,2742,1
2513,2740,1
2513,2234,1
2513,1470,1
2513,2241,1
2513,840,1
2513,2511,1
2513,213,1
2513,603,1
2513,2779,1
2513,224,1
2513,2020,1
2513,1766,1
2513,2153,1
2513,2158,1
2513,2544,1
2513,1401,1
2513,1786,1
2513,507,1
2513,2289,0
2513,1970,0
2513,1489,0
2513,1716,0
2513,961,0
2513,1747,0
2513,2618,0
2513,1676,0
2513,867,0
2513,146,0
2513,1770,0
2513,1710,0
2513,2721,0
2513,2769,0
2513,2671,0
2513,769,0
2513,99,0
2513,1087,0
2513,457,0
2513,2623,0
2513,1139,0
2513,2523,0
2513,240,0
2513,436,0
2513,2323,0
2513,732,0
2513,139,0
2513,2166,0
2513,1194,0
2513,515,0
2514,2234,1
2514,270,1
2514,2045,0
2514,1670,0
2515,532,1
2515,1047,1
2515,1568,1
2515,544,1
2515,2604,1
2515,1589,1
2515,2616,1
2515,1594,1
2515,571,1
2515,572,1
2515,575,1
2515,2121,1
2515,1610,1
2515,76,1
2515,2639,1
2515,2129,1
2515,2646,1
2515,2663,1
2515,2682,1
2515,2702,1
2515,2712,1
2515,1691,1
2515,2217,1
2515,1717,1
2515,2759,1
2515,205,1
2515,207,1
2515,2261,1
2515,2268,1
2515,2288,1
2515,2289,1
2515,1779,1
2515,755,1
2515,1790,1
2515,1286,1
2515,270,1
2515,1816,1
2515,2371,1
2515,333,1
2515,1871,1
2515,1366,1
2515,2394,1
2515,2401,1
2515,1397,1
2515,2446,1
2515,2477,1
2515,1973,1
2515,964,1
2515,1483,1
2515,459,1
2515,1997,1
2515,1500,1
2515,2544,1
2515,1842,0
2515,1772,0
2515,2486,0
2515,298,0
2515,1200,0
2515,1893,0
2515,1099,0
2515,655,0
2515,1619,0
2515,2018,0
2515,2739,0
2515,2285,0
2515,2297,0
2515,797,0
2515,2773,0
2515,444,0
2515,1880,0
2515,2258,0
2515,1349,0
2515,2340,0
2515,353,0
2515,141,0
2515,2497,0
2515,948,0
2515,2713,0
2515,1450,0
2515,2540,0
2515,2458,0
2515,2282,0
2515,2419,0
2515,1381,0
2515,1215,0
2515,629,0
2515,146,0
2515,1114,0
2515,281,0
2515,1954,0
2515,1904,0
2515,2648,0
2515,223,0
2515,168,0
2515,2350,0
2515,1962,0
2515,1043,0
2515,1624,0
2515,1060,0
2515,1157,0
2515,310,0
2515,739,0
2515,2033,0
2515,950,0
2515,2534,0
2515,2112,0
2515,808,0
2515,2015,0
2515,285,0
2516,684,1
2516,2042,0
2516,2209,0
2517,994,1
2517,604,0
2518,2034,0
2520,994,1
2521,994,1
2522,994,1
2522,586,0
2523,994,1
2523,2234,0
2524,994,1
2525,994,1
2525,527,0
2526,2401,0
2527,2074,0
2529,166,1
2529,2058,1
2529,1930,1
2529,2764,1
2529,1966,1
2529,2224,1
2529,698,1
2529,347,1
2529,252,1
2529,2238,1
2529,2171,0
2529,2399,0
2529,2408,0
2529,156,0
2529,2119,0
2529,1729,0
2530,994,1
2531,2678,0
2532,261,1
2532,264,1
2532,778,1
2532,1933,1
2532,2189,1
2532,1165,1
2532,2320,1
2532,530,1
2532,1531,1
2532,1945,1
2532,922,1
2532,1951,1
2532,2297,1
2532,945,1
2532,2493,1
2532,964,1
2532,2630,1
2532,327,1
2532,1225,1
2532,1614,1
2532,1103,1
2532,1744,1
2532,1360,1
2532,2395,1
2532,1005,1
2532,366,1
2532,496,1
2532,1141,1
2532,377,1
2532,123,1
2532,2303,1
2532,1236,0
2532,1244,0
2532,2325,0
2532,305,0
2532,861,0
2532,958,0
2532,897,0
2532,539,0
2532,1730,0
2532,363,0
2532,1513,0
2532,1135,0
2532,1876,0
2532,29,0
2532,2768,0
2532,331,0
2532,2710,0
2532,1279,0
2532,305,0
2532,2293,0
2532,2723,0
2532,2362,0
2532,1045,0
2532,758,0
2532,447,0
2532,2168,0
2532,2016,0
2532,2722,0
2533,2764,1
2533,2095,1
2533,720,1
2533,885,1
2533,2259,0
2533,2196,0
2533,1289,0
2533,759,0
2535,737,1
2535,1865,1
2535,493,1
2535,2646,1
2535,2619,1
2535,196,0
2535,4,0
2535,2726,0
2535,2710,0
2535,1652,0
2535,536,0
2536,2786,1
2536,2630,1
2536,2437,1
2536,1350,1
2536,1833,1
2536,1051,1
2536,907,1
2536,652,1
2536,686,1
2536,496,1
2536,2613,1
2536,2136,1
2536,1371,1
2536,1853,1
2536,1775,0
2536,1609,0
2536,1588,0
2536,1287,0
2536,2352,0
2536,2564,0
2536,1206,0
2536,1603,0
2536,1690,0
2537,1768,1
2537,1225,1
2537,1552,1
2537,1875,1
2537,2492,1
2537,2562,0
2537,805,0
2537,619,0
2537,1195,0
2537,1677,0
2538,488,1
2538,2185,1
2538,1293,1
2538,1054,1
2538,855,0
2538,2784,0
2538,186,0
2538,1957,0
2538,2064,0
2539,2703,1
2539,1425,1
2539,2453,1
2539,799,1
2539,544,1
2539,419,1
2539,1319,1
2539,2357,1
2539,1592,1
2539,964,1
2539,1360,1
2539,1496,1
2539,602,1
2539,872,1
2539,873,1
2539,2542,1
2539,2296,1
2539,2567,0
2539,2381,0
2539,1275,0
2539,480,0
2539,2472,0
2539,75,0
2539,119,0
2539,2309,0
2539,250,0
2539,246,0
2539,64,0
2539,15,0
2539,2313,0
2539,1550,0
2539,691,0
2540,1610,1
2540,2316,1
2540,2542,1
2540,1425,1
2540,1598,1
2540,1106,0
2540,2034,0
2540,378,0
2540,299,0
2541,2053,1
2541,518,1
2541,1286,1
2541,133,1
2541,270,1
2541,1552,1
2541,1170,1
2541,532,1
2541,1566,1
2541,677,1
2541,684,1
2541,562,1
2541,1077,1
2541,1979,1
2541,2626,1
2541,2755,1
2541,2764,1
2541,852,1
2541,1236,1
2541,97,1
2541,237,1
2541,2174,1
2541,2402,0
2541,176,0
2541,339,0
2541,659,0
2541,1934,0
2541,2516,0
2541,1797,0
2541,2368,0
2541,297,0
2541,1367,0
2541,1854,0
2541,843,0
2541,2667,0
2541,98,0
2541,2136,0
2541,2741,0
2541,1393,0
2541,1679,0
2541,338,0
2541,1771,0
2541,1188,0
2541,346,0
2541,2161,0
2541,2643,0
2541,1379,0
2541,1598,0
2541,1110,0
2542,964,1
2542,1126,1
2542,1770,1
2542,2542,1
2542,975,1
2542,1425,1
2542,2705,1
2542,1171,1
2542,1397,1
2542,375,1
2542,2683,1
2542,252,1
2542,575,1
2542,472,0
2542,2646,0
2542,1286,0
2542,1233,0
2542,3,0
2543,482,1
2543,2210,1
2543,1225,1
2543,2034,1
2543,2617,1
2543,2140,0
2543,701,0
2543,1576,0
2543,11,0
2543,1915,0
2543,1827,0
2543,1566,0
2544,2436,1
2544,1030,1
2544,266,1
2544,1299,1
2544,2451,1
2544,1561,1
2544,931,1
2544,1188,1
2544,1699,1
2544,2606,1
2544,2517,1
2544,2141,1
2544,994,1
2544,1896,1
2544,2537,1
2544,2666,1
2544,1652,1
2544,1531,1
2544,1532,1
2544,97,0
2544,977,0
2544,287,0
2544,855,0
2544,2321,0
2544,656,0
2544,740,0
2544,967,0
2544,1150,0
2544,856,0
2544,2744,0
2544,1908,0
2544,1360,0
2545,1569,1
2545,748,1
2545,1532,1
2545,1443,0
2545,1430,0
2545,223,0
2545,1782,0
2546,2058,1
2546,2316,1
2546,532,1
2546,149,1
2546,1698,1
2546,2731,1
2546,820,1
2546,1979,1
2546,2619,1
2546,102,1
2546,238,1
2546,2034,1
2546,32,0
2546,257,0
2546,2045,0
2546,2261,0
2546,2379,0
2546,2416,0
2546,1405,0
2546,1098,0
2546,2165,0
2546,1897,0
2546,356,0
2547,2583,1
2547,65,0
2548,1892,1
2548,1582,1
2548,2599,1
2548,437,0
2548,442,0
2549,2247,1
2549,843,1
2549,2544,1
2549,715,0
2549,2419,0
2549,1541,0
2549,2334,0
2549,2620,0
2549,1073,0
2549,1853,0
2549,2296,0
2549,1526,0
2549,2285,0
2550,1664,1
2550,2563,1
2550,520,1
2550,2599,1
2550,2745,1
2550,1083,1
2550,2619,1
2550,194,1
2550,2247,1
2550,207,1
2550,2001,1
2550,1744,1
2550,882,1
2550,2045,1
2550,1541,0
2550,1434,0
2550,621,0
2550,431,0
2550,1709,0
2550,1665,0
2550,634,0
2550,2234,0
2550,2653,0
2550,744,0
2550,367,0
2550,1634,0
2550,1346,0
2550,1184,0
2550,916,0
2550,773,0
2550,2479,0
2551,960,1
2551,610,1
2551,517,1
2551,1446,1
2551,1674,1
2551,2218,1
2551,2666,1
2551,1425,1
2551,466,1
2551,149,1
2551,2423,1
2551,1060,0
2551,1936,0
2551,1656,0
2551,134,0
2551,1890,0
2551,876,0
2551,1773,0
2551,1528,0
2551,1013,0
2551,2027,0
2551,427,0
2552,1161,1
2552,1425,1
2552,532,1
2552,2423,1
2552,2747,0
2552,167,0
2552,2690,0
2552,2023,0
2552,1129,0
2552,1717,0
2552,825,0
2553,577,1
2553,1326,0
2553,2538,0
2554,1676,1
2554,2477,1
2554,2619,1
2554,2630,1
2554,2119,1
2554,713,1
2554,207,1
2554,2768,1
2554,472,1
2554,1753,1
2554,1776,1
2554,2289,1
2554,1397,1
2554,1086,0
2554,2269,0
2554,2678,0
2554,2427,0
2554,2335,0
2554,2717,0
2554,2511,0
2554,13,0
2554,1603,0
2554,2243,0
2554,2074,0
2554,124,0
2555,576,1
2555,1505,1
2555,2151,1
2555,2171,1
2555,2702,1
2555,882,1
2555,2740,1
2555,2042,1
2555,347,1
2555,108,0
2555,430,0
2555,719,0
2555,1035,0
2555,589,0
2555,2328,0
2555,1246,0
2555,820,0
2555,485,0
2556,931,1
2556,964,1
2556,1896,1
2556,758,1
2556,2682,1
2556,1205,0
2556,342,0
2556,465,0
2556,1361,0
2556,109,0
2556,2460,0
2556,2686,0
2556,1146,0
2556,663,0
2557,2051,1
2557,886,1
2557,2110,1
2557,1414,0
2557,960,0
2557,513,0
2557,2462,0
2557,2564,0
2558,1162,1
2558,179,1
2558,2038,1
2558,794,0
2558,1522,0
2558,1837,0
2558,299,0
2559,2032,0
2560,1669,1
2560,141,1
2560,2582,1
2560,2073,1
2560,1194,1
2560,2234,1
2560,2532,1
2560,2034,1
2560,2040,1
2560,2556,1
2560,2002,0
2560,424,0
2560,892,0
2560,838,0
2560,2504,0
2560,2033,0
2560,98,0
2560,1369,0
2560,1496,0
2560,938,0
2561,2048,1
2561,2561,1
2561,2040,1
2561,881,1
2561,1810,1
2561,882,1
2561,212,1
2561,1141,1
2561,2582,1
2561,532,1
2561,344,1
2561,1597,1
2561,1695,1
2561,2327,0
2561,1021,0
2561,876,0
2561,2542,0
2561,26,0
2561,379,0
2561,268,0
2561,1039,0
2561,1344,0
2561,2324,0
2561,264,0
2561,2757,0
2561,796,0
2562,1190,1
2562,2428,1
2562,1788,1
2562,63,1
2562,998,0
2562,2124,0
2562,612,0
2563,2722,1
2563,520,1
2563,2249,1
2563,822,0
2563,190,0
2563,2765,0
2563,2522,0
2563,815,0
2564,2595,1
2564,132,1
2564,765,1
2564,41,1
2564,158,0
2564,1791,0
2565,2561,1
2565,1795,1
2565,1161,1
2565,212,1
2565,343,1
2565,2586,1
2565,443,1
2565,1565,1
2565,2431,1
2565,1116,0
2565,1272,0
2565,1062,0
2565,675,0
2565,2371,0
2565,367,0
2566,2050,1
2566,2051,1
2566,4,1
2566,1029,1
2566,2056,1
2566,2583,1
2566,2606,1
2566,47,1
2566,1083,1
2566,2619,1
2566,575,1
2566,1611,1
2566,81,1
2566,2646,1
2566,610,1
2566,1123,1
2566,1129,1
2566,2158,1
2566,2673,1
2566,628,1
2566,2677,1
2566,1141,1
2566,2170,1
2566,2185,1
2566,1695,1
2566,2742,1
2566,701,1
2566,197,1
2566,1753,1
2566,2268,1
2566,748,1
2566,2288,1
2566,266,1
2566,271,1
2566,2320,1
2566,2340,1
2566,1323,1
2566,1855,1
2566,837,1
2566,840,1
2566,1870,1
2566,1360,1
2566,2390,1
2566,1887,1
2566,1386,1
2566,1897,1
2566,2423,1
2566,2439,1
2566,2443,1
2566,398,1
2566,2447,1
2566,1422,1
2566,918,1
2566,922,1
2566,411,1
2566,943,1
2566,1979,1
2566,1480,1
2566,1483,1
2566,977,1
2566,494,1
2566,496,1
2566,2045,1
2566,1490,0
2566,1874,0
2566,638,0
2566,378,0
2566,552,0
2566,1832,0
2566,2360,0
2566,2361,0
2566,1489,0
2566,2202,0
2566,2472,0
2566,2376,0
2566,421,0
2566,2731,0
2566,1670,0
2566,1516,0
2566,1194,0
2566,45,0
2566,2564,0
2566,2604,0
2566,1877,0
2566,326,0
2566,2060,0
2566,1164,0
2566,974,0
2566,811,0
2566,953,0
2566,262,0
2566,416,0
2566,2079,0
2566,724,0
2566,1332,0
2566,1058,0
2566,2555,0
2566,617,0
2566,1494,0
2566,650,0
2566,662,0
2566,1050,0
2566,2602,0
2566,1067,0
2566,1495,0
2566,1439,0
2566,1719,0
2566,186,0
2566,1923,0
2566,1915,0
2566,2510,0
2566,925,0
2566,102,0
2566,697,0
2566,2445,0
2566,1498,0
2566,1793,0
2566,84,0
2566,1840,0
2566,460,0
2566,408,0
2566,1758,0
2566,1877,0
2566,689,0
2566,2754,0
2566,414,0
2566,2409,0
2566,316,0
2566,2505,0
2566,1675,0
2566,217,0
2566,1936,0
2566,2213,0
2566,290,0
2567,2565,1
2567,520,1
2567,907,1
2567,1936,1
2567,2324,1
2567,31,1
2567,1058,1
2567,2234,1
2567,840,1
2567,2249,1
2567,2511,1
2567,603,1
2567,1649,1
2567,882,1
2567,886,1
2567,1913,1
2567,1786,1
2567,2428,1
2567,2515,0
2567,993,0
2567,2179,0
2567,1126,0
2567,149,0
2567,2738,0
2567,2629,0
2567,287,0
2567,1141,0
2567,102,0
2567,2364,0
2567,1560,0
2567,905,0
2567,2178,0
2567,1341,0
2567,994,0
2567,2004,0
2567,1191,0
2568,2471,0
2568,2676,0
2569,1953,1
2569,107,1
2569,1784,1
2569,2489,1
2569,2087,0
2569,165,0
2569,1404,0
2569,249,0
2569,537,0
2570,2673,0
2571,2724,1
2571,1000,1
2571,426,1
2571,273,1
2571,1148,1
2571,1277,0
2571,1560,0
2571,83,0
2571,2522,0
2571,523,0
2572,1697,1
2572,1794,1
2572,840,1
2572,369,1
2572,1011,1
2572,2234,1
2572,2359,0
2572,1323,0
2572,2226,0
2572,222,0
2572,1575,0
2572,1090,0
2573,166,1
2573,493,1
2573,1183,0
2573,1104,0
2573,1979,0
2573,71,0
2574,1286,1
2574,1422,1
2574,1039,1
2574,912,1
2574,913,1
2574,672,1
2574,294,1
2574,1323,1
2574,2739,1
2574,2612,1
2574,2632,1
2574,1611,1
2574,994,1
2574,1763,1
2574,2404,1
2574,1133,1
2574,2163,1
2574,2682,1
2574,2175,1
2574,47,0
2574,1726,0
2574,413,0
2574,1994,0
2574,1347,0
2574,1652,0
2574,1014,0
2574,1258,0
2574,2325,0
2574,355,0
2574,75,0
2574,1201,0
2574,1873,0
2574,969,0
2574,861,0
2574,1094,0
2574,1017,0
2574,816,0
2574,2246,0
2574,757,0
2574,1236,0
2574,1487,0
2574,1726,0
2574,1609,0
2575,1201,1
2575,1162,1
2575,1491,0
2575,1821,0
2576,1433,1
2576,364,1
2576,2332,0
2577,2698,1
2577,1936,1
2577,953,1
2577,576,1
2577,840,1
2577,2249,1
2577,2511,1
2577,1747,1
2577,1509,1
2577,364,1
2577,2423,1
2577,1160,0
2577,1850,0
2577,2183,0
2577,961,0
2577,723,0
2577,1821,0
2577,1217,0
2577,1471,0
2577,1882,0
2577,2152,0
2577,894,0
2577,1166,0
2577,1532,0
2577,1361,0
2578,212,1
2578,478,1
2578,1791,0
2578,1827,0
2579,512,1
2579,2048,1
2579,2583,1
2579,33,1
2579,1058,1
2579,2617,1
2579,1083,1
2579,1598,1
2579,2122,1
2579,1611,1
2579,1098,1
2579,1105,1
2579,2137,1
2579,610,1
2579,1677,1
2579,2702,1
2579,1695,1
2579,163,1
2579,684,1
2579,179,1
2579,693,1
2579,1717,1
2579,1759,1
2579,250,1
2579,252,1
2579,270,1
2579,805,1
2579,2345,1
2579,1871,1
2579,2405,1
2579,2428,1
2579,1917,1
2579,894,1
2579,1433,1
2579,2470,1
2579,2489,1
2579,953,1
2579,1983,1
2579,1483,1
2579,977,1
2579,466,1
2579,980,1
2579,476,1
2579,994,1
2579,2693,0
2579,214,0
2579,1221,0
2579,1324,0
2579,404,0
2579,28,0
2579,1350,0
2579,1317,0
2579,1913,0
2579,1362,0
2579,2549,0
2579,281,0
2579,286,0
2579,981,0
2579,297,0
2579,85,0
2579,2717,0
2579,389,0
2579,2064,0
2579,457,0
2579,1177,0
2579,2711,0
2579,1928,0
2579,113,0
2579,1753,0
2579,2549,0
2579,1555,0
2579,517,0
2579,1374,0
2579,2478,0
2579,606,0
2579,2200,0
2579,465,0
2579,149,0
2579,2608,0
2579,1750,0
2579,2633,0
2579,383,0
2579,2636,0
2579,2101,0
2579,1944,0
2579,839,0
2579,221,0
2579,1822,0
2579,1263,0
2579,550,0
2579,302,0
2579,612,0
2579,2138,0
2579,570,0
2579,507,0
2579,2319,0
2579,629,0
2579,231,0
2579,2581,0
2579,267,0
2580,640,1
2580,896,1
2580,4,1
2580,528,1
2580,1170,1
2580,1045,1
2580,2070,1
2580,790,1
2580,2086,1
2580,1845,1
2580,585,1
2580,2254,1
2580,2512,1
2580,1360,1
2580,2389,1
2580,597,1
2580,1749,1
2580,2005,1
2580,1113,1
2580,988,1
2580,2404,1
2580,2407,1
2580,488,1
2580,1271,1
2580,748,1
2580,2668,1
2580,2416,1
2580,497,1
2580,2034,1
2580,2162,1
2580,2421,1
2580,119,1
2580,380,1
2580,1912,0
2580,798,0
2580,1502,0
2580,124,0
2580,588,0
2580,364,0
2580,378,0
2580,852,0
2580,53,0
2580,372,0
2580,956,0
2580,2263,0
2580,2646,0
2580,983,0
2580,952,0
2580,322,0
2580,2629,0
2580,1584,0
2580,627,0
2580,1651,0
2580,631,0
2580,478,0
2580,1899,0
2580,1399,0
2580,1021,0
2580,2167,0
2580,2256,0
2581,886,1
2581,2247,1
2581,2088,0
2582,1764,1
2582,2277,1
2582,1669,1
2582,1511,1
2582,2468,1
2582,1611,1
2582,47,1
2582,1680,1
2582,1339,1
2582,2073,1
2582,2683,1
2582,1532,1
2582,40,0
2582,1218,0
2582,903,0
2582,1267,0
2582,364,0
2582,190,0
2582,2637,0
2582,2303,0
2583,517,1
2583,2646,1
2583,415,0
2583,2234,0
2584,2443,1
2584,1029,1
2584,1331,0
2584,2481,0
2585,1794,1
2585,2307,1
2585,2312,1
2585,907,1
2585,398,1
2585,1936,1
2585,1681,1
2585,2324,1
2585,1300,1
2585,28,1
2585,31,1
2585,933,1
2585,1576,1
2585,1960,1
2585,1191,1
2585,1189,1
2585,2218,1
2585,176,1
2585,953,1
2585,2110,1
2585,1352,1
2585,2249,1
2585,2120,1
2585,1611,1
2585,1867,1
2585,2511,1
2585,2130,1
2585,603,1
2585,1631,1
2585,224,1
2585,2271,1
2585,994,1
2585,2020,1
2585,1768,1
2585,508,1
2585,2167,1
2585,255,1
2585,1269,0
2585,2708,0
2585,347,0
2585,2182,0
2585,1067,0
2585,35,0
2585,904,0
2585,2071,0
2585,204,0
2585,4,0
2585,1703,0
2585,2588,0
2585,2114,0
2585,256,0
2585,2591,0
2585,912,0
2585,2673,0
2585,2441,0
2585,2261,0
2585,1599,0
2585,2573,0
2585,2640,0
2585,233,0
2585,1025,0
2585,1138,0
2585,2791,0
2585,2474,0
2585,1729,0
2585,1547,0
2585,2232,0
2585,849,0
2585,1209,0
2585,1437,0
2585,2290,0
2585,777,0
2586,2700,1
2586,1421,1
2586,1422,1
2586,1058,1
2586,1321,1
2586,1201,1
2586,2226,1
2586,1845,1
2586,1717,1
2586,577,1
2586,2243,1
2586,71,1
2586,1763,1
2586,2154,1
2586,1560,0
2586,43,0
2586,116,0
2586,2327,0
2586,1120,0
2586,1005,0
2586,1834,0
2586,2181,0
2586,2574,0
2586,2391,0
2586,843,0
2586,2516,0
2587,717,1
2587,311,0
2587,980,0
2588,610,1
2588,994,1
2588,2500,1
2588,2316,1
2588,2637,1
2588,2761,0
2588,381,0
2588,990,0
2588,2038,0
2588,2114,0
2588,1079,0
2589,800,1
2589,1346,1
2589,2722,1
2589,228,1
2589,424,1
2589,264,1
2589,1240,1
2589,2683,1
2589,1855,1
2589,1814,0
2589,1775,0
2589,483,0
2589,745,0
2589,198,0
2589,989,0
2590,2583,1
2591,1058,1
2591,1083,1
2591,885,1
2591,2757,0
2591,1000,0
2591,1095,0
2592,520,1
2592,526,1
2592,797,1
2592,801,1
2592,2345,1
2592,2095,1
2592,2228,1
2592,1204,1
2592,1597,1
2592,846,1
2592,79,1
2592,2385,1
2592,1114,1
2592,1632,1
2592,1917,1
2592,2303,1
2592,1643,0
2592,1533,0
2592,2688,0
2592,1499,0
2592,2555,0
2592,969,0
2592,504,0
2592,42,0
2592,2511,0
2592,1788,0
2592,1288,0
2593,515,1
2593,2056,1
2593,1033,1
2593,2575,1
2593,1041,1
2593,2579,1
2593,2583,1
2593,2077,1
2593,543,1
2593,1568,1
2593,44,1
2593,2605,1
2593,2606,1
2593,47,1
2593,2615,1
2593,2617,1
2593,70,1
2593,1101,1
2593,2127,1
2593,2136,1
2593,1113,1
2593,91,1
2593,2141,1
2593,2656,1
2593,122,1
2593,124,1
2593,132,1
2593,2700,1
2593,1691,1
2593,668,1
2593,2210,1
2593,1699,1
2593,1698,1
2593,183,1
2593,2237,1
2593,1728,1
2593,1218,1
2593,1225,1
2593,1249,1
2593,758,1
2593,2298,1
2593,2316,1
2593,273,1
2593,1809,1
2593,290,1
2593,2340,1
2593,1329,1
2593,824,1
2593,1870,1
2593,872,1
2593,873,1
2593,2410,1
2593,1394,1
2593,2422,1
2593,1953,1
2593,1976,1
2593,1985,1
2593,453,1
2593,1484,1
2593,482,1
2593,2022,1
2593,1009,1
2593,1464,0
2593,1613,0
2593,52,0
2593,2236,0
2593,2740,0
2593,2027,0
2593,1047,0
2593,995,0
2593,761,0
2593,284,0
2593,2785,0
2593,1782,0
2593,900,0
2593,391,0
2593,1653,0
2593,84,0
2593,294,0
2593,300,0
2593,2395,0
2593,1475,0
2593,2052,0
2593,1907,0
2593,174,0
2593,1586,0
2593,2248,0
2593,786,0
2593,1332,0
2593,2665,0
2593,2472,0
2593,2282,0
2593,1228,0
2593,822,0
2593,971,0
2593,1629,0
2593,92,0
2593,521,0
2593,62,0
2593,1463,0
2593,2692,0
2593,659,0
2593,231,0
2593,793,0
2593,546,0
2593,1498,0
2593,2625,0
2593,2098,0
2593,616,0
2593,425,0
2593,2612,0
2593,2584,0
2593,2753,0
2593,263,0
2593,1501,0
2593,2115,0
2593,2655,0
2593,1547,0
2593,2023,0
2593,1411,0
2593,1595,0
2593,236,0
2593,825,0
2594,485,1
2594,542,1
2594,295,1
2594,2745,1
2594,2619,1
2594,830,1
2594,795,0
2594,1931,0
2594,321,0
2594,846,0
2595,2053,1
2595,2200,1
2595,382,0
2595,2616,0
2595,2612,0
2595,2774,0
2595,1905,0
2596,2048,1
2596,2561,1
2596,520,1
2596,531,1
2596,1563,1
2596,2095,1
2596,1072,1
2596,63,1
2596,2117,1
2596,2629,1
2596,79,1
2596,83,1
2596,86,1
2596,613,1
2596,1661,1
2596,664,1
2596,666,1
2596,1695,1
2596,2209,1
2596,185,1
2596,1228,1
2596,212,1
2596,222,1
2596,1771,1
2596,749,1
2596,2289,1
2596,1268,1
2596,1782,1
2596,2303,1
2596,256,1
2596,1792,1
2596,774,1
2596,1289,1
2596,2342,1
2596,817,1
2596,830,1
2596,846,1
2596,2385,1
2596,2405,1
2596,360,1
2596,364,1
2596,1908,1
2596,1404,1
2596,2444,1
2596,398,1
2596,1987,1
2596,1480,1
2596,973,1
2596,466,1
2596,471,1
2596,993,1
2596,2544,1
2596,1113,0
2596,1541,0
2596,1747,0
2596,2458,0
2596,2072,0
2596,786,0
2596,1304,0
2596,1952,0
2596,1991,0
2596,1226,0
2596,255,0
2596,2500,0
2596,1765,0
2596,970,0
2596,2306,0
2596,305,0
2596,2028,0
2596,1709,0
2596,1542,0
2596,1366,0
2596,1629,0
2596,1646,0
2596,2740,0
2596,2422,0
2596,2185,0
2596,900,0
2596,2380,0
2596,275,0
2596,2407,0
2596,2723,0
2596,2090,0
2596,800,0
2596,1773,0
2596,339,0
2596,448,0
2596,1918,0
2596,1420,0
2596,455,0
2596,2147,0
2596,285,0
2596,600,0
2596,2456,0
2596,250,0
2596,1438,0
2596,50,0
2596,1427,0
2596,1195,0
2596,437,0
2597,2443,1
2597,267,1
2597,2447,1
2597,1427,1
2597,667,1
2597,2468,1
2597,2091,1
2597,2755,1
2597,2777,1
2597,609,1
2597,2537,1
2597,2028,1
2597,2288,1
2597,2675,1
2597,1019,1
2597,1172,0
2597,1345,0
2597,1785,0
2597,1114,0
2597,1941,0
2597,1646,0
2597,1573,0
2597,127,0
2597,2110,0
2597,1255,0
2597,91,0
2597,410,0
2597,2354,0
2597,110,0
2598,642,1
2598,1446,1
2598,2382,1
2598,1395,1
2598,793,1
2598,186,1
2598,2021,0
2598,1808,0
2598,964,0
2598,1995,0
2598,243,0
2598,861,0
2598,2108,0
2599,135,1
2599,652,1
2599,1901,1
2599,686,1
2599,1433,1
2599,1915,1
2599,2431,1
2599,2783,0
2599,2551,0
2599,1372,0
2599,955,0
2599,1928,0
2599,592,0
2599,508,0
2600,478,1
2600,2500,1
2600,1575,1
2600,2411,1
2600,719,1
2600,437,1
2600,2265,1
2600,1082,1
2600,59,1
2600,476,1
2600,830,1
2600,1826,0
2600,1417,0
2600,1925,0
2600,2396,0
2600,2303,0
2600,2053,0
2601,1546,1
2602,646,1
2602,2443,1
2602,11,1
2602,270,1
2602,2320,1
2602,2446,1
2602,275,1
2602,1181,1
2602,1952,1
2602,544,1
2602,169,1
2602,818,1
2602,2742,1
2602,2619,1
2602,572,1
2602,964,1
2602,709,1
2602,2121,1
2602,843,1
2602,207,1
2602,2640,1
2602,1873,1
2602,466,1
2602,472,1
2602,1753,1
2602,2392,1
2602,236,1
2602,1645,1
2602,2289,1
2602,882,1
2602,1779,1
2602,1909,1
2602,1397,1
2602,2423,1
2602,377,0
2602,427,0
2602,1379,0
2602,342,0
2602,959,0
2602,564,0
2602,2692,0
2602,1797,0
2602,2554,0
2602,741,0
2602,2401,0
2602,1323,0
2602,2228,0
2602,1750,0
2602,1581,0
2602,2484,0
2602,2765,0
2602,944,0
2602,123,0
2602,639,0
2602,1176,0
2602,1160,0
2602,444,0
2602,553,0
2602,1859,0
2602,463,0
2602,1419,0
2602,781,0
2602,229,0
2602,114,0
2602,769,0
2602,870,0
2602,1536,0
2602,1510,0
2603,1428,1
2603,748,1
2603,2500,1
2603,2045,1
2603,1375,0
2603,2084,0
2603,596,0
2604,1033,1
2604,1427,1
2604,416,1
2604,40,1
2604,1979,1
2604,2632,1
2604,1873,1
2604,2646,1
2604,2277,1
2604,789,0
2604,149,0
2604,2671,0
2604,762,0
2604,445,0
2604,2677,0
2604,1060,0
2604,464,0
2604,106,0
2604,2234,0
2604,1608,0
2605,2600,1
2605,2443,1
2605,943,1
2605,2130,1
2605,1427,1
2605,1589,1
2605,857,1
2605,2268,1
2605,1632,0
2605,1997,0
2605,524,0
2605,996,0
2605,809,0
2605,2244,0
2605,2266,0
2606,1033,1
2606,912,1
2606,2705,1
2606,1825,1
2606,166,1
2606,295,1
2606,2091,1
2606,964,1
2606,2116,1
2606,1611,1
2606,844,1
2606,1743,1
2606,467,1
2606,1894,1
2606,758,1
2606,2423,1
2606,2678,0
2606,579,0
2606,2635,0
2606,2261,0
2606,464,0
2606,1123,0
2606,2690,0
2606,1397,0
2606,2241,0
2606,51,0
2606,2146,0
2606,91,0
2606,2654,0
2606,375,0
2607,1601,1
2607,1222,1
2607,397,1
2607,477,0
2607,1801,0
2607,2113,0
2607,1482,0
2608,4,1
2608,133,1
2608,2053,1
2608,1669,1
2608,2319,1
2608,1303,1
2608,2585,1
2608,1566,1
2608,166,1
2608,2731,1
2608,1966,1
2608,692,1
2608,181,1
2608,2229,1
2608,446,1
2608,2003,1
2608,725,1
2608,2651,1
2608,347,1
2608,1763,1
2608,2666,1
2608,494,1
2608,1526,1
2608,1143,1
2608,1532,1
2608,980,0
2608,1504,0
2608,492,0
2608,1731,0
2608,2129,0
2608,790,0
2608,1342,0
2608,290,0
2608,2494,0
2608,876,0
2608,385,0
2608,1020,0
2608,699,0
2608,1321,0
2608,52,0
2608,2769,0
2608,1853,0
2608,2300,0
2608,1931,0
2608,880,0
2608,1413,0
2608,1930,0
2608,2740,0
2608,980,0
2608,1625,0
2608,1347,0
2608,927,0
2608,2413,0
2609,2337,1
2609,1603,1
2609,2473,1
2609,2218,1
2609,2637,1
2609,725,1
2609,1303,1
2609,2744,1
2609,2313,0
2609,691,0
2609,312,0
2609,922,0
2609,1493,0
2609,2450,0
2609,536,0
2609,1754,0
2610,674,1
2610,1090,1
2610,1506,1
2610,1446,1
2610,110,0
2610,262,0
2611,256,1
2611,1632,1
2611,388,1
2611,2405,1
2611,646,1
2611,520,1
2611,1674,1
2611,2544,1
2611,2673,1
2611,2640,1
2611,1141,1
2611,1117,1
2611,2402,0
2611,2484,0
2611,1792,0
2611,1964,0
2611,2633,0
2611,2421,0
2611,1527,0
2611,855,0
2612,1793,1
2612,102,1
2612,934,1
2612,2023,1
2612,1226,1
2612,2544,1
2612,913,1
2612,2523,1
2612,727,0
2612,2761,0
2612,442,0
2612,2348,0
2612,946,0
2612,2726,0
2612,418,0
2612,1319,0
2612,2353,0
2612,1176,0
2612,2587,0
2613,834,1
2613,295,1
2613,2423,1
2613,1159,0
2613,1429,0
2613,1038,0
2613,2139,0
2613,2649,0
2613,1958,0
2613,384,0
2613,1361,0
2613,48,0
2614,97,1
2614,2668,1
2614,2252,1
2614,1424,1
2614,1225,0
2614,783,0
2614,1058,0
2614,737,0
2614,2085,0
2614,1012,0
2614,2143,0
2615,642,1
2615,4,1
2615,1029,1
2615,2702,1
2615,1695,1
2615,2722,1
2615,698,1
2615,186,1
2615,2116,1
2615,2133,1
2615,2277,1
2615,2411,1
2615,1531,1
2615,1421,0
2615,2463,0
2615,726,0
2615,655,0
2615,837,0
2615,468,0
2615,2051,0
2615,2029,0
2615,499,0
2615,933,0
2615,2245,0
2616,632,1
2616,2430,1
2616,321,0
2616,1635,0
2616,1525,0
2617,520,1
2617,2584,1
2617,1052,1
2617,1569,1
2617,2599,1
2617,2604,1
2617,1069,1
2617,49,1
2617,2619,1
2617,1600,1
2617,2646,1
2617,89,1
2617,625,1
2617,1668,1
2617,1162,1
2617,1177,1
2617,1180,1
2617,1699,1
2617,683,1
2617,1200,1
2617,690,1
2617,2747,1
2617,701,1
2617,2238,1
2617,1216,1
2617,704,1
2617,207,1
2617,2272,1
2617,2289,1
2617,1296,1
2617,276,1
2617,801,1
2617,1826,1
2617,298,1
2617,812,1
2617,1839,1
2617,2355,1
2617,313,1
2617,846,1
2617,346,1
2617,1392,1
2617,1397,1
2617,2443,1
2617,408,1
2617,411,1
2617,1971,1
2617,1983,1
2617,1483,1
2617,977,1
2617,1498,1
2617,987,1
2617,989,1
2617,477,1
2617,2016,1
2617,994,1
2617,2047,1
2617,2720,0
2617,2750,0
2617,2007,0
2617,2165,0
2617,215,0
2617,1137,0
2617,1901,0
2617,299,0
2617,2616,0
2617,618,0
2617,345,0
2617,2214,0
2617,1876,0
2617,2140,0
2617,2486,0
2617,687,0
2617,1443,0
2617,413,0
2617,2579,0
2617,31,0
2617,1623,0
2617,343,0
2617,2106,0
2617,2525,0
2617,1597,0
2617,443,0
2617,1053,0
2617,2048,0
2617,2668,0
2617,1493,0
2617,1196,0
2617,239,0
2617,2197,0
2617,1522,0
2617,2639,0
2617,1873,0
2617,672,0
2617,2135,0
2617,1176,0
2617,1285,0
2617,1497,0
2617,192,0
2617,100,0
2617,1575,0
2617,1822,0
2617,800,0
2617,698,0
2617,2613,0
2617,376,0
2617,978,0
2617,1385,0
2617,518,0
2617,2068,0
2617,2403,0
2617,1611,0
2617,1074,0
2617,1924,0
2617,584,0
2617,2100,0
2617,1270,0
2618,1039,1
2618,2709,1
2618,331,0
2618,1540,0
2618,395,0
2618,2380,0
2618,1491,0
2618,1848,0
2619,610,1
2619,207,1
2619,2544,1
2619,466,1
2619,2023,0
2619,209,0
2620,386,1
2620,631,1
2620,459,1
2620,2443,1
2620,2030,1
2620,207,1
2620,1909,1
2620,2325,1
2620,2682,1
2620,1638,0
2620,685,0
2620,2064,0
2620,1490,0
2620,1048,0
2620,2735,0
2620,2119,0
2620,1384,0
2620,47,0
2621,1760,1
2621,135,1
2621,2698,1
2621,720,1
2621,400,1
2621,2130,1
2621,2771,1
2621,2324,1
2621,2256,1
2621,762,1
2621,28,1
2621,501,0
2621,2688,0
2621,1458,0
2621,446,0
2621,200,0
2621,2728,0
2621,306,0
2621,536,0
2621,1811,0
2622,1810,1
2622,1901,1
2622,135,1
2622,372,0
2622,722,0
2622,1222,0
2623,544,1
2623,1986,1
2623,419,1
2623,1286,1
2623,1611,1
2623,1039,1
2623,1652,0
2623,210,0
2623,724,0
2623,1263,0
2623,614,0
2624,1894,1
2624,2443,1
2624,1873,1
2624,2682,1
2624,1589,0
2624,677,0
2624,2740,0
2624,1393,0
2625,871,1
2625,1771,1
2625,1204,1
2625,1597,1
2625,2303,1
2625,1965,0
2625,682,0
2625,1491,0
2625,1508,0
2625,2672,0
2626,1792,1
2626,386,1
2626,264,1
2626,1563,1
2626,546,1
2626,1956,1
2626,565,1
2626,576,1
2626,2117,1
2626,1350,1
2626,846,1
2626,985,1
2626,102,1
2626,105,1
2626,1897,1
2626,2540,1
2626,114,1
2626,1268,1
2626,2482,0
2626,1847,0
2626,1532,0
2626,2581,0
2626,1256,0
2626,1540,0
2626,2090,0
2626,1057,0
2626,61,0
2626,1973,0
2626,97,0
2626,1470,0
2626,389,0
2626,2686,0
2626,285,0
2626,2471,0
2626,2207,0
2626,1494,0
2627,865,1
2627,642,1
2627,818,1
2627,1303,1
2627,2265,1
2627,186,1
2627,830,1
2627,1706,0
2627,1116,0
2627,18,0
2627,2313,0
2627,1460,0
2628,398,1
2628,625,0
2628,2685,0
2629,1892,1
2629,8,1
2629,748,1
2629,1966,1
2629,2743,1
2629,1018,1
2629,1274,0
2629,1660,0
2629,1398,0
2629,2555,0
2630,610,1
2630,2443,1
2630,1232,1
2630,596,1
2630,2682,1
2630,466,0
2630,1043,0
2630,1098,0
2631,486,1
2631,2600,1
2631,1047,1
2631,857,1
2631,1500,1
2631,1120,0
2631,909,0
2631,1511,0
2631,504,0
2631,2540,0
2632,1664,1
2632,4,1
2632,2055,1
2632,905,1
2632,2443,1
2632,266,1
2632,2574,1
2632,1680,1
2632,1180,1
2632,1569,1
2632,34,1
2632,800,1
2632,812,1
2632,1458,1
2632,1587,1
2632,690,1
2632,2485,1
2632,2101,1
2632,1843,1
2632,1074,1
2632,1979,1
2632,958,1
2632,2367,1
2632,1084,1
2632,2755,1
2632,1606,1
2632,2632,1
2632,1097,1
2632,2772,1
2632,1749,1
2632,1748,1
2632,2009,1
2632,2265,1
2632,1634,1
2632,1637,1
2632,2277,1
2632,1129,1
2632,1773,1
2632,496,1
2632,632,1
2632,2682,1
2632,534,0
2632,2404,0
2632,1421,0
2632,576,0
2632,742,0
2632,1360,0
2632,2476,0
2632,1632,0
2632,2788,0
2632,2719,0
2632,2006,0
2632,1133,0
2632,2583,0
2632,8,0
2632,2401,0
2632,2745,0
2632,947,0
2632,1155,0
2632,409,0
2632,176,0
2632,2483,0
2632,871,0
2632,418,0
2632,1281,0
2632,544,0
2632,1217,0
2632,1883,0
2632,162,0
2632,1255,0
2632,1272,0
2632,277,0
2632,2407,0
2632,2741,0
2632,2604,0
2632,652,0
2632,773,0
2632,1533,0
2632,819,0
2632,1329,0
2632,1215,0
2632,1871,0
2633,865,1
2633,2568,1
2633,243,1
2633,2167,1
2633,80,0
2633,2500,0
2633,435,0
2633,2547,0
2633,1675,0
2633,1306,0
2633,2252,0
2634,2048,1
2634,2619,1
2634,2116,1
2634,1301,0
2634,1190,0
2635,2175,1
2635,1168,0
2636,953,1
2636,1056,0
2636,2392,0
2636,1537,0
2637,2095,1
2637,1431,0
2637,1732,0
2638,519,1
2638,2447,1
2638,1168,1
2638,915,1
2638,1180,1
2638,2716,1
2638,2596,1
2638,682,1
2638,2606,1
2638,175,1
2638,2427,1
2638,320,1
2638,989,1
2638,2272,1
2638,1634,1
2638,1129,1
2638,115,1
2638,1147,1
2638,598,0
2638,2453,0
2638,1710,0
2638,1130,0
2638,1306,0
2638,2094,0
2638,885,0
2638,1240,0
2638,2788,0
2638,377,0
2638,39,0
2638,475,0
2638,2146,0
2638,527,0
2639,2563,1
2639,1928,1
2639,520,1
2639,1674,1
2639,11,1
2639,532,1
2639,1945,1
2639,793,1
2639,1969,1
2639,2486,1
2639,2682,1
2639,1083,1
2639,1985,1
2639,2630,1
2639,1222,1
2639,1352,1
2639,843,1
2639,2764,1
2639,1999,1
2639,79,1
2639,596,1
2639,1240,1
2639,1881,1
2639,994,1
2639,2153,1
2639,2163,1
2639,1396,1
2639,885,1
2639,1141,1
2639,762,1
2639,1275,1
2639,252,1
2639,2340,0
2639,291,0
2639,1104,0
2639,1307,0
2639,1884,0
2639,1310,0
2639,623,0
2639,1414,0
2639,1205,0
2639,2194,0
2639,1723,0
2639,1441,0
2639,1757,0
2639,417,0
2639,782,0
2639,290,0
2639,2498,0
2639,2430,0
2639,2231,0
2639,662,0
2639,1894,0
2639,1332,0
2639,1506,0
2639,266,0
2639,1283,0
2639,1460,0
2639,1848,0
2639,758,0
2639,1068,0
2639,315,0
2639,1686,0
2639,2497,0
2639,717,0
2639,2413,0
2639,2546,0
2639,1024,0
2639,862,0
2639,2735,0
2639,322,0
2639,1065,0
2640,2048,1
2640,2629,1
2640,2249,1
2640,1771,1
2640,204,1
2640,557,1
2640,846,1
2640,2319,1
2640,2615,1
2640,1658,1
2640,1130,0
2640,412,0
2640,2634,0
2640,1886,0
2640,2380,0
2640,28,0
2640,1563,0
2641,40,1
2641,2443,1
2641,246,1
2641,1821,1
2641,2293,0
2641,1124,0
2641,534,0
2641,2367,0
2642,2459,1
2642,20,1
2642,1902,1
2642,2492,0
2642,2468,0
2643,1924,1
2643,793,1
2643,677,1
2643,1190,1
2643,2606,1
2643,576,1
2643,1988,1
2643,1358,1
2643,207,1
2643,2390,1
2643,613,1
2643,2547,1
2643,2619,0
2643,2509,0
2643,579,0
2643,194,0
2643,116,0
2643,1734,0
2643,2411,0
2643,1321,0
2643,2296,0
2643,117,0
2643,798,0
2643,2028,0
2643,1406,0
2644,1209,1
2644,2667,0
2645,858,0
2646,163,1
2646,813,0
2647,797,1
2647,76,0
2648,539,0
2649,2382,1
2649,1527,1
2649,1470,0
2650,2415,1
2650,2485,0
2650,2717,0
2650,2275,0
2651,1363,1
2651,1091,0
2653,748,0
2653,1361,0
2654,235,1
2654,805,0
2654,660,0
2655,336,1
2656,2436,1
2657,2615,0
2658,520,1
2658,207,1
2658,1345,0
2658,221,0
2659,419,1
2659,1284,1
2659,2732,1
2659,1201,0
2659,590,0
2659,1689,0
2660,1002,1
2660,2573,0
2661,1053,0
2662,2612,1
2663,1082,1
2663,2124,0
2664,1892,1
2665,409,1
2665,349,0
2666,271,1
2666,868,0
2667,2490,1
2668,2040,0
2669,1153,0
2670,1262,1
2670,1665,0
2671,1557,1
2671,2719,0
2672,2229,0
2673,667,1
2674,667,1
2675,667,1
2676,785,1
2677,1530,1
2678,2758,1
2678,1183,0
2679,497,1
2679,1384,0
2680,1979,1
2680,861,0
2681,782,1
2684,2175,1
2685,91,1
2685,23,0
2686,912,1
2686,1920,0
2687,553,1
2687,188,0
2688,1286,1
2688,291,0
2688,576,0
2688,1527,0
2689,2477,0
2690,822,1
2690,1991,0
2691,1311,0
2692,1336,1
2692,2686,1
2692,2404,0
2693,1537,1
2694,1733,1
2694,102,1
2694,1929,1
2694,1803,1
2694,717,1
2694,2640,1
2694,658,1
2694,987,1
2694,2268,1
2694,2175,1
2694,685,0
2694,1912,0
2694,1243,0
2694,1352,0
2694,1072,0
2694,2653,0
2694,1442,0
2694,1793,0
2694,1135,0
2694,798,0
2695,1056,1
2695,708,1
2695,400,1
2695,2199,1
2695,797,0
2695,256,0
2695,1181,0
2696,881,1
2696,1535,0
2698,2223,1
2698,2422,0
2699,1047,1
2699,1100,0
2700,1606,1
2702,787,1
2702,2458,0
2703,952,0
2705,1076,1
2705,1015,0
2706,2463,1
2706,2493,0
2707,278,1
2707,2512,0
2709,1921,0
2710,2021,1
2710,354,0
2710,1271,0
2711,227,1
2712,2161,1
2712,1803,1
2712,1439,0
2713,459,1
2714,935,1
2715,2568,1
2715,865,0
2716,1470,1
2716,1664,0
2717,1427,1
2717,989,1
2717,2736,0
2717,1670,0
2718,2692,1
2718,2151,1
2718,2154,1
2718,477,1
2718,2233,0
2718,2477,0
2718,1196,0
2718,2648,0
2719,1240,1
2719,820,0
2720,2682,1
2720,2546,1
2720,868,0
2721,2363,1
2722,246,1
2723,1930,1
2724,2057,0
2725,2718,1
2726,1640,1
2726,1589,1
2726,688,0
2727,2720,1
2727,178,1
2727,882,0
2728,2167,1
2729,201,1
2729,1725,0
2729,66,0
2730,1669,1
2730,1350,1
2730,1768,1
2730,1833,1
2730,395,1
2730,2443,1
2730,398,1
2730,47,1
2730,2544,1
2730,882,1
2730,943,1
2730,1082,1
2730,1531,1
2730,2574,0
2730,143,0
2730,379,0
2730,2683,0
2730,1103,0
2730,1803,0
2730,2543,0
2730,1855,0
2730,650,0
2730,1361,0
2730,356,0
2730,914,0
2731,2546,1
2731,2682,1
2732,1726,1
2733,2023,1
2733,765,0
2734,905,1
2734,1180,1
2734,2596,1
2734,1200,1
2734,1216,1
2734,320,1
2734,989,1
2734,2272,1
2734,1129,1
2734,2460,0
2734,762,0
2734,2145,0
2734,1367,0
2734,1890,0
2734,1759,0
2734,847,0
2734,414,0
2734,1502,0
2734,82,0
2734,1154,0
2734,2458,0
2734,2750,0
2735,518,0
2736,748,1
2736,2349,0
2737,2559,1
2738,780,0
2739,2091,1
2739,2571,0
2740,2518,1
2740,960,0
2741,2443,1
2741,2589,0
2742,1696,1
2742,1345,1
2742,1216,1
2742,587,1
2742,1839,1
2742,2421,1
2742,2584,1
2742,1177,1
2742,1052,1
2742,552,0
2742,2445,0
2742,343,0
2742,2141,0
2742,385,0
2742,2069,0
2742,2341,0
2744,864,1
2744,1940,1
2744,417,0
2745,1611,1
2745,1943,0
2746,2564,0
2747,560,0
2748,1427,1
2748,1666,0
2749,267,1
2750,1051,0
2752,347,1
2752,1170,0
2753,756,0
2755,2682,1
2755,2443,1
2755,367,1
2755,1656,0
2755,331,0
2756,2557,1
2756,2762,0
2757,264,1
2757,2185,1
2757,910,1
2757,400,1
2757,922,1
2757,667,1
2757,1054,1
2757,936,1
2757,812,1
2757,2477,1
2757,690,1
2757,320,1
2757,2625,1
2757,964,1
2757,2119,1
2757,2421,1
2757,2682,1
2757,2176,0
2757,647,0
2757,1269,0
2757,1348,0
2757,2385,0
2757,942,0
2757,891,0
2757,428,0
2757,1339,0
2757,2022,0
2757,2002,0
2757,2052,0
2757,2324,0
2757,151,0
2757,207,0
2757,2080,0
2758,1451,0
2759,2023,0
2760,2426,1
2761,63,1
2761,594,0
2762,153,1
2762,1929,0
2763,2426,1
2763,2772,0
2764,144,0
2765,839,0
2766,912,1
2766,2524,0
2767,654,1
2768,1632,1
2768,1251,1
2768,163,1
2768,953,1
2768,943,1
2768,2356,1
2768,248,1
2768,24,1
2768,2136,1
2768,1278,1
2768,1591,0
2768,1873,0
2768,2213,0
2768,290,0
2768,1516,0
2768,2600,0
2768,1352,0
2768,2401,0
2768,2676,0
2768,898,0
2768,2223,0
2769,575,1
2769,1269,0
2770,640,1
2770,910,0
2770,2597,0
2771,2133,1
2772,1255,1
2772,585,0
2773,1708,0
2774,343,1
2774,1218,0
2775,1078,0
2776,1449,1
2776,1051,1
2776,1242,0
2776,2344,0
2778,1667,0
2779,382,1
2779,1185,0
2780,2443,0
2781,2785,1
2781,2599,0
2783,1973,0
2784,174,0
2784,710,0
2784,2218,0
2785,804,1
2785,821,0
2786,2059,1
2786,1558,0
2787,2731,0
2788,726,1
2788,2623,0
2789,804,1
2790,2227,1
2790,2550,0
2791,1629,1
2792,1966,1
2792,1549,0
2793,470,1
2794,912,1
2794,129,1
2794,8,0
2795,864,1
2795,2485,1
2795,1386,0
2796,925,0
2799,2611,1
2800,1552,1
2800,402,1
2800,2453,1
2800,922,1
2800,668,1
2800,797,1
2800,2086,1
2800,426,1
2800,2732,1
2800,2097,1
2800,818,1
2800,181,1
2800,2103,1
2800,2619,1
2800,2630,1
2800,2258,1
2800,345,1
2800,611,1
2800,2661,1
2800,496,1
2800,2423,1
2800,864,0
2800,671,0
2800,2262,0
2800,1660,0
2800,367,0
2800,531,0
2800,2398,0
2800,70,0
2800,568,0
2800,1458,0
2800,2191,0
2800,2040,0
2800,450,0
2800,1999,0
2800,854,0
2800,452,0
2800,1644,0
2800,2621,0
2800,2234,0
2800,2280,0
2800,2647,0
2800,88,0
2800,626,0
2801,626,1
2801,2745,0
2802,2583,0
2803,2135,1
2805,2338,1
2805,4,1
2805,1134,1
2805,2649,0
2805,2081,0
2806,2373,0
2807,478,1
2808,1388,0
2811,508,1
2811,1727,0
2813,2378,1
2813,20,0
2814,1147,0
2815,748,1
2815,1015,0
2816,2523,1
2816,1039,0
2818,1894,1
2818,1069,1
2818,1300,1
2818,24,0
2818,2473,0
2818,91,0
2819,1013,1
2820,2457,0
2821,470,1
2821,228,0
2822,2695,0
2825,585,1
2826,2450,1
2826,852,0
2827,1264,1
2827,682,1
2827,757,1
2827,1741,0
2827,2522,0
2828,1096,1
2829,1892,1
2831,2094,0
2832,1449,1
2833,1124,0
2833,1663,0
2834,1014,0
2835,2084,1
2835,871,1
2835,2381,1
2835,2703,1
2835,910,1
2835,563,1
2835,757,1
2835,1594,1
2835,1002,0
2835,2587,0
2835,133,0
2835,653,0
2835,1770,0
2835,1414,0
2835,1951,0
2835,1230,0
2835,354,0
2835,1169,0
2836,748,1
2837,337,0
2838,1537,1
2838,1926,1
2838,2439,1
2838,2463,1
2838,1825,1
2838,2468,1
2838,1320,1
2838,2737,1
2838,2236,1
2838,2135,1
2838,2407,1
2838,2151,1
2838,758,1
2838,255,1
2838,437,0
2838,2735,0
2838,1124,0
2838,197,0
2838,1422,0
2838,2614,0
2838,1288,0
2838,2262,0
2838,789,0
2838,334,0
2838,234,0
2838,1374,0
2838,835,0
2838,559,0
2839,8,0
2840,727,0
2841,1498,1
2841,683,1
2841,1938,1
2841,1913,0
2842,2562,1
2842,654,1
2842,1963,0
2842,70,0
2843,1145,1
2843,1623,0
2844,1432,0
2845,1529,0
2846,1764,1
2846,1234,0
2847,1294,1
2847,925,0
2848,1009,1
2848,1371,0
2849,42,1
2849,967,0
2850,1833,1
2850,748,1
2850,2190,0
2850,1493,0
2851,1750,1
2852,1286,1
2852,349,0
2852,2638,0
2853,306,1
2853,258,0
2854,1952,1
2854,2340,1
2854,625,1
2854,1798,0
2854,1406,0
2854,966,0
2854,2146,0
2855,597,1
2855,2613,0
2856,857,0
2857,239,1
2857,313,0
2858,1611,1
2860,1770,1
2860,227,0
2862,60,0
2863,59,1
2863,952,0
2863,1768,0
2864,3,1
2864,2755,1
2864,567,1
2864,2427,0
2864,1702,0
2864,1987,0
2865,2154,1
2866,2022,1
2866,1703,1
2866,1387,1
2866,91,1
2866,30,1
2866,584,0
2866,1289,0
2867,844,1
2868,1788,0
2868,478,0
2869,968,1
2870,1387,1
2870,413,1
2870,1521,0
2870,1493,0
2871,1072,1
2871,1250,1
2871,1373,0
2871,2718,0
2871,2413,0
2872,2175,1
2872,2401,0
2874,2722,1
2874,1183,1
2874,429,0
2876,1538,1
2876,1156,1
2876,2702,1
2876,1691,1
2876,1958,1
2876,173,1
2876,947,1
2876,1731,1
2876,2153,1
2876,2027,1
2876,2034,1
2876,1141,1
2876,1531,1
2876,282,0
2876,2293,0
2876,912,0
2876,2786,0
2876,2113,0
2876,368,0
2876,1991,0
2876,1194,0
2876,426,0
2876,1813,0
2876,709,0
2876,897,0
2876,899,0
2876,482,0
2876,2485,0
2877,2285,0
2878,2128,1
2878,772,0
2879,1686,1
2880,986,0
2881,719,1
2882,2444,1
2882,2398,0
2884,904,1
2884,2344,0
2885,1057,1
2885,1161,0
2886,478,0
2887,1533,1
2887,1177,1
2887,2785,1
2887,2596,1
2887,294,1
2887,1097,1
2887,1799,1
2887,1041,1
2887,408,1
2887,1113,1
2887,545,0
2887,1512,0
2887,20,0
2887,806,0
2887,876,0
2887,1832,0
2887,1937,0
2887,1089,0
2887,1072,0
2887,59,0
2890,522,1
2891,720,1
2891,550,0
2893,964,1
2893,2443,1
2893,2093,1
2893,301,1
2893,1742,1
2893,913,1
2893,49,1
2893,2163,1
2893,2682,1
2893,813,0
2893,1185,0
2893,1457,0
2893,2430,0
2893,1565,0
2893,2315,0
2893,42,0
2893,2531,0
2893,1430,0
2894,2093,1
2894,2459,0
2894,1113,0
2894,2710,0
2895,2091,1
2895,1427,1
2895,2657,0
2895,409,0
2897,1833,1
2897,1328,0
2898,1524,1
2898,1792,0
2899,173,0
2900,812,0
2901,18,0
2902,748,1
2902,1966,1
2902,1553,0
2902,2571,0
2903,1966,1
2903,2606,1
2903,1845,1
2903,2309,0
2903,1889,0
2903,27,0
2903,1876,0
2904,901,1
2904,2119,1
2904,688,1
2904,2302,1
2904,1182,1
2904,1534,0
2906,91,1
2906,9,1
2906,313,1
2906,1980,0
2906,1625,0
2906,698,0
2907,1804,1
2907,1777,0
2908,800,1
2908,1792,1
2908,2722,1
2908,585,1
2908,2158,1
2908,625,0
2908,810,0
2908,2523,0
2908,1820,0
2908,2414,0
2909,1966,1
2909,367,0
2910,2564,0
2911,1892,1
2911,868,1
2911,1085,1
2911,575,0
2912,2007,0
2913,2404,1
2913,2407,1
2913,1773,1
2913,923,0
2913,849,0
2913,2719,0
2913,1307,0
2913,819,0
2914,523,1
2914,2579,1
2914,2597,1
2914,2606,1
2914,47,1
2914,1071,1
2914,1079,1
2914,2104,1
2914,62,1
2914,596,1
2914,87,1
2914,91,1
2914,2653,1
2914,2151,1
2914,2682,1
2914,2700,1
2914,2746,1
2914,2748,1
2914,2238,1
2914,194,1
2914,1249,1
2914,2283,1
2914,748,1
2914,2288,1
2914,248,1
2914,1276,1
2914,777,1
2914,2340,1
2914,807,1
2914,820,1
2914,1349,1
2914,1870,1
2914,2392,1
2914,1406,1
2914,397,1
2914,910,1
2914,2447,1
2914,2452,1
2914,1430,1
2914,918,1
2914,1952,1
2914,932,1
2914,2477,1
2914,1988,1
2914,967,1
2914,477,1
2914,997,1
2914,35,0
2914,1025,0
2914,2350,0
2914,1478,0
2914,2205,0
2914,768,0
2914,2524,0
2914,1895,0
2914,1478,0
2914,980,0
2914,1383,0
2914,284,0
2914,576,0
2914,2586,0
2914,2476,0
2914,537,0
2914,1638,0
2914,2703,0
2914,1610,0
2914,2387,0
2914,1135,0
2914,1016,0
2914,2715,0
2914,407,0
2914,1009,0
2914,656,0
2914,1862,0
2914,2673,0
2914,2205,0
2914,1388,0
2914,964,0
2914,1806,0
2914,1325,0
2914,2532,0
2914,1889,0
2914,989,0
2914,2157,0
2914,2607,0
2914,642,0
2914,1820,0
2914,1631,0
2914,658,0
2914,1007,0
2914,999,0
2914,969,0
2914,1543,0
2914,1969,0
2914,1289,0
2914,431,0
2914,2471,0
2915,1346,0
2916,255,1
2916,1330,0
2917,2163,1
2917,614,0
2918,1794,1
2918,931,1
2918,946,1
2918,953,1
2918,1597,1
2918,31,1
2918,1122,0
2918,605,0
2918,479,0
2918,1416,0
2918,878,0
2919,1455,1
2919,2432,0
2919,558,0
2919,2516,0
2920,700,1
2920,1892,1
2920,2594,1
2920,1955,0
2920,2013,0
2920,1739,0
2921,1770,1
2921,747,0
2922,2162,1
2922,2653,1
2922,811,0
2922,1095,0
2923,1427,1
2924,1894,1
2924,1240,1
2924,1855,1
2924,2162,0
2924,2411,0
2924,15,0
2925,2243,1
2925,700,1
2926,2443,1
2926,546,0
2927,1585,1
2927,1818,0
2929,1569,1
2929,1724,1
2929,1033,1
2929,2716,1
2929,989,1
2929,741,0
2929,1082,0
2929,565,0
2929,694,0
2930,2496,1
2930,726,1
2930,2353,0
2930,1057,0
2931,2154,1
2931,358,0
2932,1168,1
2932,989,1
2932,2080,0
2932,1650,0
2932,2031,0
2933,2268,1
2933,1045,1
2934,2443,1
2934,2705,1
2934,1555,1
2934,2075,1
2934,30,1
2934,2626,1
2934,199,1
2934,459,1
2934,1872,1
2934,1877,1
2934,1894,1
2934,497,1
2934,2682,1
2934,2627,0
2934,2394,0
2934,563,0
2934,305,0
2934,2744,0
2934,2013,0
2934,2581,0
2934,1806,0
2934,47,0
2934,2585,0
2934,1703,0
2934,1565,0
2934,2126,0
2935,1126,1
2935,1752,0
2935,812,0
2935,1247,0
2936,802,1
2936,2232,1
2936,89,1
2936,118,0
2936,450,0
2936,1565,0
2936,1143,0
2937,1085,1
2937,0,0
2938,905,1
2938,883,0
2939,2692,1
2940,1768,1
2940,2217,1
2940,2443,1
2940,2098,1
2940,2546,1
2940,2459,1
2940,2268,1
2940,1413,0
2940,2501,0
2940,1274,0
2940,294,0
2940,1444,0
2940,2317,0
2940,1557,0
2940,2015,0
2941,1273,1
2941,2705,1
2941,273,1
2941,692,1
2941,863,0
2941,415,0
2942,800,1
2942,865,1
2942,642,1
2942,1069,1
2942,1300,1
2942,2224,0
2942,523,0
2942,560,0
2943,518,1
2943,520,1
2943,1033,1
2943,2579,1
2943,532,1
2943,2040,1
2943,2585,1
2943,2081,1
2943,40,1
2943,1588,1
2943,2103,1
2943,2104,1
2943,1104,1
2943,82,1
2943,602,1
2943,2663,1
2943,2155,1
2943,132,1
2943,2700,1
2943,1167,1
2943,668,1
2943,1698,1
2943,2732,1
2943,2741,1
2943,2746,1
2943,2237,1
2943,2754,1
2943,197,1
2943,2765,1
2943,2263,1
2943,1772,1
2943,238,1
2943,1784,1
2943,259,1
2943,1283,1
2943,1286,1
2943,2316,1
2943,790,1
2943,2343,1
2943,808,1
2943,2351,1
2943,315,1
2943,1349,1
2943,1351,1
2943,1356,1
2943,845,1
2943,332,1
2943,1360,1
2943,2389,1
2943,371,1
2943,2422,1
2943,917,1
2943,2453,1
2943,413,1
2943,1949,1
2943,1953,1
2943,419,1
2943,1968,1
2943,1981,1
2943,1488,1
2943,465,1
2943,2514,1
2943,2517,1
2943,1504,1
2943,480,1
2943,492,1
2943,504,1
2943,1019,1
2943,1173,0
2943,2341,0
2943,918,0
2943,1620,0
2943,574,0
2943,2423,0
2943,990,0
2943,1387,0
2943,827,0
2943,1619,0
2943,1790,0
2943,37,0
2943,2113,0
2943,1793,0
2943,0,0
2943,2648,0
2943,1667,0
2943,1328,0
2943,1353,0
2943,1481,0
2943,2225,0
2943,1344,0
2943,2628,0
2943,2771,0
2943,1457,0
2943,2143,0
2943,351,0
2943,1513,0
2943,303,0
2943,639,0
2943,438,0
2943,862,0
2943,1219,0
2943,772,0
2943,2017,0
2943,314,0
2943,1575,0
2943,2286,0
2943,1246,0
2943,2412,0
2943,782,0
2943,1181,0
2943,664,0
2943,1714,0
2943,831,0
2943,777,0
2943,1509,0
2943,544,0
2943,2407,0
2943,1686,0
2943,1285,0
2943,1806,0
2943,940,0
2943,2543,0
2943,59,0
2943,1878,0
2943,1083,0
2943,859,0
2943,2560,0
2943,166,0
2943,1442,0
2943,1763,0
2943,1533,0
2943,512,0
2943,977,0
2943,1622,0
2943,2374,0
2943,1305,0
2943,1013,0
2943,1168,0
2943,769,0
2944,11,1
2944,1892,1
2944,166,1
2944,113,0
2944,2385,0
2944,389,0
2945,1928,1
2945,2590,1
2945,295,1
2945,679,1
2945,192,1
2945,973,1
2945,737,1
2945,994,1
2945,1892,1
2945,1394,1
2945,2423,1
2945,1273,1
2945,1531,1
2945,1786,0
2945,687,0
2945,821,0
2945,2701,0
2945,1856,0
2945,473,0
2945,928,0
2945,1169,0
2945,1144,0
2945,1974,0
2945,2318,0
2945,149,0
2945,1009,0
2945,2637,0
2945,1418,0
2945,1414,0
2945,2046,0
2946,2692,1
2946,543,0
2947,2561,1
2947,517,1
2947,1823,1
2947,294,1
2947,166,1
2947,807,1
2947,1711,1
2947,307,1
2947,437,1
2947,1731,1
2947,1350,1
2947,1224,1
2947,2136,1
2947,2407,1
2947,1897,1
2947,2421,1
2947,507,1
2947,1656,1
2947,1531,1
2947,2430,1
2947,2571,0
2947,793,0
2947,913,0
2947,2203,0
2947,2071,0
2947,673,0
2947,2468,0
2947,2540,0
2947,549,0
2947,2326,0
2947,2493,0
2947,1473,0
2947,182,0
2947,765,0
2947,574,0
2947,1804,0
2947,1366,0
2947,2291,0
2947,654,0
2947,2176,0
2947,2717,0
2947,1097,0
2947,2352,0
2948,1569,1
2948,802,1
2948,294,1
2948,2632,1
2948,2637,1
2948,1039,1
2948,1877,1
2948,1227,0
2948,547,0
2948,2215,0
2948,710,0
2948,976,0
2948,1524,0
2948,2459,0
2948,2779,0
2949,2625,1
2949,812,1
2949,1688,0
2949,1011,0
2950,1346,1
2951,1877,1
2951,1650,0
2952,1168,1
2952,2355,1
2952,2238,1
2952,236,0
2953,198,1
2953,1019,1
2953,1029,0
2953,1587,0
2953,979,0
2953,1776,0
2954,2786,0
2955,2272,1
2955,2657,1
2955,709,1
2955,820,1
2955,2555,0
2955,1076,0
2956,1857,0
2957,1853,1
2957,658,1
2957,973,1
2957,1504,0
2957,1957,0
2957,759,0
2958,800,1
2958,1363,0
2958,1712,0
2959,1541,1
2959,1933,1
2959,1427,1
2959,2206,1
2959,1952,1
2959,682,1
2959,2755,1
2959,964,1
2959,2633,1
2959,843,1
2959,1611,1
2959,1490,1
2959,2522,1
2959,1892,1
2959,107,1
2959,268,0
2959,2549,0
2959,1244,0
2959,2015,0
2959,1561,0
2959,1383,0
2959,2106,0
2959,673,0
2959,20,0
2959,1080,0
2959,468,0
2959,2549,0
2959,1132,0
2960,2722,1
2960,1346,1
2960,2217,1
2960,2486,1
2960,2523,1
2960,2268,1
2960,1377,0
2960,2772,0
2960,774,0
2960,809,0
2960,809,0
2960,1335,0
2960,1658,0
2961,1262,1
2961,272,1
2961,215,1
2961,2551,0
2962,2485,1
2963,11,1
2963,1773,1
2963,1877,1
2963,1531,1
2963,2683,1
2963,667,1
2963,140,0
2963,2117,0
2963,2319,0
2963,1342,0
2963,2409,0
2963,1799,0
2963,315,0
2964,2116,1
2964,843,1
2964,1969,1
2964,2323,1
2964,1230,0
2964,530,0
2966,1251,1
2966,455,1
2966,854,1
2966,2662,0
2966,2759,0
2966,2007,0
2967,2524,1
2968,1188,1
2968,2136,1
2968,2553,1
2968,995,0
2968,160,0
2968,2248,0
2968,705,0
2969,7,1
2969,913,1
2969,424,1
2969,1455,1
2969,1202,1
2969,2739,1
2969,947,1
2969,1208,1
2969,2764,1
2969,1240,1
2969,1892,1
2969,1894,1
2969,2163,1
2969,2683,1
2969,1738,0
2969,1777,0
2969,1260,0
2969,2484,0
2969,2596,0
2969,966,0
2969,2692,0
2969,640,0
2969,2566,0
2969,1577,0
2969,306,0
2969,44,0
2969,747,0
2969,608,0
2969,1798,0
2969,2300,0
2969,2339,0
2970,517,1
2970,1541,1
2970,543,1
2970,1059,1
2970,2606,1
2970,2615,1
2970,2617,1
2970,573,1
2970,2116,1
2970,1610,1
2970,1101,1
2970,2127,1
2970,1620,1
2970,2141,1
2970,1130,1
2970,2677,1
2970,646,1
2970,647,1
2970,1171,1
2970,163,1
2970,2746,1
2970,2777,1
2970,2282,1
2970,242,1
2970,2294,1
2970,763,1
2970,1791,1
2970,780,1
2970,1293,1
2970,1299,1
2970,298,1
2970,1351,1
2970,344,1
2970,1890,1
2970,872,1
2970,1897,1
2970,360,1
2970,1402,1
2970,908,1
2970,1933,1
2970,2447,1
2970,398,1
2970,1425,1
2970,918,1
2970,419,1
2970,2514,1
2970,2518,1
2970,992,1
2970,482,1
2970,489,1
2970,1518,1
2970,1011,1
2970,894,0
2970,2485,0
2970,800,0
2970,1823,0
2970,76,0
2970,2313,0
2970,2491,0
2970,920,0
2970,2579,0
2970,475,0
2970,1687,0
2970,821,0
2970,1160,0
2970,2395,0
2970,1111,0
2970,280,0
2970,2590,0
2970,2371,0
2970,1831,0
2970,1801,0
2970,2304,0
2970,2703,0
2970,1099,0
2970,876,0
2970,1024,0
2970,2509,0
2970,2470,0
2970,2042,0
2970,255,0
2970,2668,0
2970,2773,0
2970,358,0
2970,2246,0
2970,1830,0
2970,2725,0
2970,1430,0
2970,339,0
2970,1445,0
2970,1670,0
2970,2420,0
2970,2035,0
2970,801,0
2970,365,0
2970,1821,0
2970,1166,0
2970,1915,0
2970,1048,0
2970,2642,0
2970,1612,0
2970,2111,0
2970,469,0
2970,247,0
2970,740,0
2970,751,0
2970,1303,0
2970,723,0
2970,1304,0
2971,1892,1
2971,376,0
2972,843,1
2972,2443,1
2972,2703,1
2972,2355,1
2972,924,0
2972,78,0
2972,724,0
2973,2136,1
2974,532,1
2974,517,1
2974,242,0
2975,871,1
2975,2223,1
2975,1525,1
2975,765,1
2975,2110,1
2975,263,0
2975,1598,0
2975,1710,0
2975,1472,0
2975,2482,0
2976,845,1
2976,517,1
2976,2391,0
2976,1914,0
2976,563,0
2977,1812,1
2977,2116,1
2977,517,1
2977,1251,1
2977,798,0
2977,1972,0
2977,229,0
2978,11,1
2978,2065,1
2978,1042,1
2978,20,1
2978,532,1
2978,2590,1
2978,544,1
2978,40,1
2978,47,1
2978,2610,1
2978,2612,1
2978,2615,1
2978,2617,1
2978,1085,1
2978,2624,1
2978,1090,1
2978,2115,1
2978,2116,1
2978,2630,1
2978,1609,1
2978,2646,1
2978,2137,1
2978,87,1
2978,2141,1
2978,605,1
2978,1119,1
2978,1636,1
2978,103,1
2978,2153,1
2978,1645,1
2978,1133,1
2978,1141,1
2978,2679,1
2978,2170,1
2978,1148,1
2978,1664,1
2978,2700,1
2978,2703,1
2978,663,1
2978,668,1
2978,1697,1
2978,1699,1
2978,1188,1
2978,2724,1
2978,678,1
2978,684,1
2978,1200,1
2978,2746,1
2978,2235,1
2978,2236,1
2978,2749,1
2978,1216,1
2978,193,1
2978,2761,1
2978,205,1
2978,1744,1
2978,1233,1
2978,2265,1
2978,1246,1
2978,734,1
2978,1249,1
2978,2277,1
2978,250,1
2978,257,1
2978,2310,1
2978,1287,1
2978,1286,1
2978,1296,1
2978,2323,1
2978,1812,1
2978,1302,1
2978,1819,1
2978,805,1
2978,812,1
2978,1845,1
2978,831,1
2978,2371,1
2978,1353,1
2978,843,1
2978,1869,1
2978,1870,1
2978,1871,1
2978,1875,1
2978,853,1
2978,1366,1
2978,1892,1
2978,2405,1
2978,1897,1
2978,362,1
2978,873,1
2978,885,1
2978,1917,1
2978,1406,1
2978,1412,1
2978,390,1
2978,907,1
2978,922,1
2978,411,1
2978,1952,1
2978,1958,1
2978,426,1
2978,437,1
2978,1984,1
2978,451,1
2978,472,1
2978,1496,1
2978,480,1
2978,1505,1
2978,994,1
2978,482,1
2978,997,1
2978,2021,1
2978,2026,1
2978,2540,1
2978,492,1
2978,2544,1
2978,2034,1
2978,2040,1
2978,2556,1
2978,2124,0
2978,2266,0
2978,1040,0
2978,1949,0
2978,1256,0
2978,2400,0
2978,471,0
2978,2406,0
2978,1548,0
2978,2152,0
2978,2258,0
2978,1977,0
2978,1535,0
2978,2717,0
2978,165,0
2978,762,0
2978,1224,0
2978,1851,0
2978,1498,0
2978,910,0
2978,1990,0
2978,1977,0
2978,2695,0
2978,631,0
2978,1129,0
2978,452,0
2978,2155,0
2978,241,0
2978,136,0
2978,2730,0
2978,898,0
2978,900,0
2978,1880,0
2978,1766,0
2978,300,0
2978,1046,0
2978,2133,0
2978,358,0
2978,1787,0
2978,1035,0
2978,391,0
2978,1206,0
2978,751,0
2978,2421,0
2978,2715,0
2978,685,0
2978,1356,0
2978,519,0
2978,2109,0
2978,1921,0
2978,782,0
2978,222,0
2978,1513,0
2978,1846,0
2978,2210,0
2978,1848,0
2978,2567,0
2978,1737,0
2978,2360,0
2978,577,0
2978,2398,0
2978,1545,0
2978,80,0
2978,430,0
2978,2124,0
2978,2074,0
2978,850,0
2978,1182,0
2978,317,0
2978,1513,0
2978,161,0
2978,470,0
2978,167,0
2978,2359,0
2978,64,0
2978,1896,0
2978,604,0
2978,681,0
2978,2294,0
2978,2353,0
2978,863,0
2978,918,0
2978,1688,0
2978,114,0
2978,2335,0
2978,476,0
2978,2031,0
2978,1740,0
2978,69,0
2978,2343,0
2978,358,0
2978,1579,0
2978,772,0
2978,350,0
2978,898,0
2978,561,0
2978,1404,0
2978,1324,0
2978,442,0
2978,356,0
2978,795,0
2978,14,0
2978,1285,0
2978,1487,0
2978,1824,0
2978,149,0
2978,1079,0
2978,2760,0
2978,2547,0
2978,2327,0
2978,2756,0
2978,2225,0
2978,1001,0
2979,1537,1
2979,11,1
2979,1047,1
2979,2485,1
2979,575,1
2979,2626,1
2979,211,1
2979,767,1
2979,2686,0
2979,1025,0
2979,1193,0
2979,1859,0
2979,444,0
2979,450,0
2979,1712,0
2979,222,0
2979,2523,0
2979,1808,0
2979,1444,0
2979,763,0
2979,183,0
2979,756,0
2979,1959,0
2980,2310,1
2980,1592,1
2980,2579,1
2980,2092,0
2980,2097,0
2980,227,0
2980,1807,0
2980,2350,0
2981,2136,1
2981,2461,1
2981,516,0
2981,2660,0
2982,870,1
2982,652,1
2982,2125,1
2982,2167,1
2982,607,1
2982,1720,0
2982,746,0
2982,2206,0
2982,1967,0
2982,2082,0
2983,2116,1
2983,517,1
2983,1181,1
2983,830,1
2983,2684,0
2983,1158,0
2983,845,0
2984,703,0
2985,517,1
2985,43,1
2985,2477,1
2985,2236,1
2985,575,1
2985,2113,1
2985,1869,1
2985,2004,1
2985,102,1
2985,103,1
2985,114,1
2985,2675,1
2985,1587,0
2985,2530,0
2985,225,0
2985,1379,0
2985,2059,0
2985,787,0
2985,1204,0
2985,462,0
2985,2336,0
2985,1040,0
2985,1148,0
2986,1286,1
2986,1821,1
2986,1563,1
2986,2653,1
2986,1240,1
2986,1268,0
2986,1819,0
2986,2509,0
2986,2269,0
2986,1498,0
2986,1122,0
2987,2528,1
2988,1344,1
2988,133,1
2988,590,1
2988,1845,1
2988,2136,1
2988,1827,0
2988,2030,0
2988,1527,0
2988,1032,0
2989,517,1
2989,2179,0
2990,517,1
2990,221,0
2991,1409,1
2991,771,1
2991,517,1
2991,1286,1
2991,2058,1
2991,2059,1
2991,1421,1
2991,2325,1
2991,1430,1
2991,663,1
2991,413,1
2991,1699,1
2991,1188,1
2991,2085,1
2991,803,1
2991,2468,1
2991,2605,1
2991,1071,1
2991,1840,1
2991,47,1
2991,948,1
2991,2485,1
2991,2615,1
2991,570,1
2991,2236,1
2991,2245,1
2991,709,1
2991,967,1
2991,332,1
2991,975,1
2991,1360,1
2991,1878,1
2991,1113,1
2991,91,1
2991,2022,1
2991,1523,1
2991,2036,1
2991,2553,1
2991,1019,1
2991,182,0
2991,1073,0
2991,2190,0
2991,1403,0
2991,1512,0
2991,2398,0
2991,593,0
2991,893,0
2991,1046,0
2991,519,0
2991,2398,0
2991,339,0
2991,136,0
2991,1173,0
2991,997,0
2991,2140,0
2991,1137,0
2991,1013,0
2991,223,0
2991,495,0
2991,1827,0
2991,427,0
2991,231,0
2991,1642,0
2991,1601,0
2991,2729,0
2991,1707,0
2991,2536,0
2991,1015,0
2991,1915,0
2991,1906,0
2991,928,0
2992,1808,1
2992,398,0
2992,388,0
2992,705,0
2993,1892,1
2993,1891,0
2994,2436,1
2994,2470,1
2994,2698,1
2994,1810,1
2994,1874,1
2994,2425,1
2994,1754,1
2994,188,0
2994,2733,0
2994,1053,0
2994,1790,0
2994,2590,0
2994,2054,0
2994,573,0
2994,2236,0
2994,1216,0
2995,2086,1
2995,1947,0
2996,517,1
2996,1806,1
2996,2584,1
2996,1315,1
2996,937,1
2996,812,1
2996,433,1
2996,1842,1
2996,2485,1
2996,1591,1
2996,987,1
2996,1630,1
2996,1902,1
2996,2421,1
2996,103,0
2996,2522,0
2996,2303,0
2996,2328,0
2996,2089,0
2996,1264,0
2996,191,0
2996,1211,0
2996,2577,0
2996,2627,0
2996,2071,0
2996,2503,0
2997,1812,1
2998,2048,1
2998,517,1
2998,518,1
2998,1031,1
2998,1029,1
2998,520,1
2998,11,1
2998,1548,1
2998,1035,1
2998,2065,1
2998,532,1
2998,2584,1
2998,2073,1
2998,2592,1
2998,2595,1
2998,2093,1
2998,1069,1
2998,2104,1
2998,1592,1
2998,2619,1
2998,59,1
2998,62,1
2998,577,1
2998,2632,1
2998,1097,1
2998,2123,1
2998,2637,1
2998,1101,1
2998,82,1
2998,2646,1
2998,88,1
2998,2137,1
2998,91,1
2998,1630,1
2998,609,1
2998,2661,1
2998,1129,1
2998,1130,1
2998,619,1
2998,2154,1
2998,2674,1
2998,1141,1
2998,1656,1
2998,2170,1
2998,640,1
2998,642,1
2998,2181,1
2998,1669,1
2998,1162,1
2998,1680,1
2998,1695,1
2998,672,1
2998,163,1
2998,1188,1
2998,677,1
2998,2722,1
2998,2215,1
2998,2224,1
2998,2226,1
2998,2743,1
2998,186,1
2998,1731,1
2998,2755,1
2998,197,1
2998,2764,1
2998,212,1
2998,725,1
2998,1240,1
2998,1753,1
2998,2271,1
2998,1249,1
2998,2277,1
2998,1263,1
2998,2289,1
2998,1781,1
2998,758,1
2998,1271,1
2998,264,1
2998,1801,1
2998,1291,1
2998,1808,1
2998,1812,1
2998,276,1
2998,1300,1
2998,279,1
2998,797,1
2998,800,1
2998,1826,1
2998,1320,1
2998,830,1
2998,1855,1
2998,1346,1
2998,1865,1
2998,840,1
2998,1360,1
2998,852,1
2998,854,1
2998,346,1
2998,858,1
2998,352,1
2998,865,1
2998,872,1
2998,1896,1
2998,2421,1
2998,1910,1
2998,1917,1
2998,894,1
2998,905,1
2998,2443,1
2998,1933,1
2998,1936,1
2998,913,1
2998,1935,1
2998,1932,1
2998,1421,1
2998,415,1
2998,419,1
2998,1966,1
2998,2494,1
2998,1983,1
2998,1483,1
2998,1492,1
2998,2009,1
2998,476,1
2998,989,1
2998,992,1
2998,480,1
2998,993,1
2998,485,1
2998,2016,1
2998,489,1
2998,494,1
2998,1005,1
2998,2550,1
2998,959,0
2998,2648,0
2998,1551,0
2998,1587,0
2998,769,0
2998,1103,0
2998,366,0
2998,779,0
2998,2322,0
2998,2651,0
2998,1582,0
2998,490,0
2998,1565,0
2998,674,0
2998,61,0
2998,863,0
2998,2510,0
2998,1863,0
2998,1010,0
2998,2185,0
2998,1670,0
2998,557,0
2998,1847,0
2998,2651,0
2998,64,0
2998,1710,0
2998,2343,0
2998,2719,0
2998,2268,0
2998,755,0
2998,2578,0
2998,2217,0
2998,1814,0
2998,1719,0
2998,384,0
2998,1288,0
2998,1479,0
2998,497,0
2998,2780,0
2998,1888,0
2998,2072,0
2998,1316,0
2998,318,0
2998,1119,0
2998,1816,0
2998,1446,0
2998,530,0
2998,285,0
2998,666,0
2998,313,0
2998,176,0
2998,1109,0
2998,2191,0
2998,2057,0
2998,2413,0
2998,757,0
2998,176,0
2998,847,0
2998,2679,0
2998,311,0
2998,515,0
2998,268,0
2998,1786,0
2998,29,0
2998,2372,0
2998,341,0
2998,1458,0
2998,1296,0
2998,434,0
2998,498,0
2998,1780,0
2998,210,0
2998,1923,0
2998,2651,0
2998,1424,0
2998,2432,0
2998,1113,0
2998,756,0
2998,679,0
2998,990,0
2998,463,0
2998,328,0
2998,490,0
2998,2456,0
2998,2545,0
2998,663,0
2998,2237,0
2998,2310,0
2998,919,0
2998,2705,0
2998,2458,0
2998,1453,0
2998,2651,0
2998,2660,0
2998,1070,0
2998,12,0
2998,2432,0
2998,127,0
2998,580,0
2998,1284,0
2998,1726,0
2998,1193,0
2998,1597,0
2998,1701,0
2998,2141,0
2998,354,0
2998,440,0
2998,500,0
2998,1859,0
2998,2587,0
2998,1294,0
2998,175,0
2998,105,0
2998,735,0
2998,2214,0
2998,502,0
2998,2638,0
2998,2385,0
2998,2544,0
2998,1336,0
2998,1274,0
2998,1181,0
2998,787,0
2998,2074,0
2998,1403,0
2998,121,0
2998,1309,0
2998,1041,0
2998,1007,0
2998,129,0
2998,1892,0
2998,2680,0
2998,1397,0
2998,966,0
2998,987,0
2998,1423,0
2998,2228,0
2998,2324,0
2998,1415,0
2999,832,1
2999,546,1
2999,227,1
2999,1794,1
2999,1464,1
2999,807,1
2999,1720,1
2999,1237,1
2999,2038,1
2999,507,1
2999,1044,0
2999,2203,0
2999,1644,0
2999,2641,0
2999,1466,0
2999,599,0
2999,529,0
2999,2358,0
2999,1564,0
2999,2303,0
2999,995,0
3000,517,1
3000,2697,1
3000,141,1
3000,2320,1
3000,17,1
3000,784,1
3000,2705,1
3000,1058,1
3000,2215,1
3000,1582,1
3000,2617,1
3000,2626,1
3000,327,1
3000,1480,1
3000,2249,1
3000,1357,1
3000,79,1
3000,977,1
3000,2004,1
3000,2133,1
3000,1113,1
3000,994,1
3000,2430,1
3000,1272,0
3000,1452,0
3000,1855,0
3000,1328,0
3000,1839,0
3000,1791,0
3000,992,0
3000,750,0
3000,545,0
3000,1099,0
3000,1345,0
3000,2060,0
3000,1374,0
3000,2174,0
3000,1175,0
3000,1574,0
3000,1314,0
3000,1527,0
3000,1398,0
3001,352,1
3001,2626,1
3001,1538,1
3001,1860,1
3001,1126,1
3001,2086,1
3001,585,1
3001,625,1
3001,2584,1
3001,2072,1
3001,2615,0
3001,1303,0
3001,190,0
3001,1757,0
3001,561,0
3001,1650,0
3001,1007,0
3002,2563,1
3002,777,1
3002,270,1
3002,1299,1
3002,1171,1
3002,922,1
3002,32,1
3002,675,1
3002,818,1
3002,1464,1
3002,2746,1
3002,2619,1
3002,194,1
3002,2371,1
3002,709,1
3002,2125,1
3002,1490,1
3002,93,1
3002,613,1
3002,1897,1
3002,1770,1
3002,1134,1
3002,493,1
3002,114,1
3002,1523,1
3002,1011,1
3002,2038,1
3002,46,0
3002,1598,0
3002,452,0
3002,151,0
3002,2493,0
3002,2311,0
3002,733,0
3002,2415,0
3002,421,0
3002,1225,0
3002,2586,0
3002,644,0
3002,1580,0
3002,2713,0
3002,988,0
3002,674,0
3002,1014,0
3002,2129,0
3002,323,0
3002,845,0
3002,1965,0
3002,805,0
3002,403,0
3002,927,0
3002,410,0
3002,1612,0
3002,291,0
3002,1367,0
3003,47,0
3004,1421,1
3004,1140,0
3004,1685,0
3005,1488,0
3006,2051,1
3006,1548,1
3006,1997,0
3006,743,0
3007,1349,1
3007,11,1
3007,1166,1
3007,1906,1
3007,776,0
3007,508,0
3007,880,0
3009,1875,1
3009,276,1
3009,1574,1
3009,102,0
3009,1673,0
3010,517,1
3012,1812,1
3012,1078,0
3013,2675,1
3013,568,1
3013,483,0
3013,1663,0
3013,1538,0
3013,2370,0
3014,830,1
3014,419,1
3014,1074,0
3014,1784,0
3015,1249,0
3016,1505,1
3016,2051,1
3016,2692,1
3016,2633,1
3016,266,1
3016,1611,1
3016,1299,1
3016,2036,1
3016,2232,1
3016,2265,1
3016,1531,1
3016,1237,0
3016,2602,0
3016,2638,0
3016,2780,0
3016,2567,0
3016,1417,0
3016,836,0
3016,1175,0
3016,313,0
3016,813,0
3017,388,1
3017,465,1
3017,350,0
3017,2071,0
3017,1446,0
3017,1413,0
3018,992,1
3018,517,1
3018,2058,0
3019,925,1
3019,871,1
3019,587,0
3019,2375,0
3020,1537,1
3020,1540,1
3020,518,1
3020,2584,1
3020,544,1
3020,1057,1
3020,32,1
3020,1059,1
3020,2084,1
3020,2615,1
3020,2617,1
3020,1084,1
3020,82,1
3020,2656,1
3020,1634,1
3020,1129,1
3020,107,1
3020,119,1
3020,132,1
3020,2708,1
3020,1177,1
3020,1180,1
3020,1698,1
3020,1706,1
3020,1200,1
3020,2229,1
3020,197,1
3020,717,1
3020,2263,1
3020,2266,1
3020,737,1
3020,232,1
3020,748,1
3020,1263,1
3020,2291,1
3020,1271,1
3020,248,1
3020,251,1
3020,1799,1
3020,1801,1
3020,1296,1
3020,1298,1
3020,1812,1
3020,1825,1
3020,805,1
3020,812,1
3020,819,1
3020,1353,1
3020,332,1
3020,852,1
3020,854,1
3020,1366,1
3020,344,1
3020,1394,1
3020,2421,1
3020,1931,1
3020,2447,1
3020,1940,1
3020,411,1
3020,1951,1
3020,1958,1
3020,1979,1
3020,1988,1
3020,477,1
3020,489,1
3020,496,1
3020,2036,1
3020,1532,1
3020,1533,1
3020,1080,0
3020,1929,0
3020,346,0
3020,1222,0
3020,1433,0
3020,2434,0
3020,2237,0
3020,2083,0
3020,1114,0
3020,2357,0
3020,1938,0
3020,99,0
3020,1886,0
3020,1485,0
3020,2065,0
3020,847,0
3020,587,0
3020,1949,0
3020,1504,0
3020,1764,0
3020,108,0
3020,1462,0
3020,2289,0
3020,1292,0
3020,113,0
3020,1499,0
3020,384,0
3020,1692,0
3020,723,0
3020,1545,0
3020,1973,0
3020,14,0
3020,18,0
3020,1334,0
3020,2554,0
3020,2557,0
3020,416,0
3020,2365,0
3020,1341,0
3020,1782,0
3020,2357,0
3020,909,0
3020,850,0
3020,1221,0
3020,1550,0
3020,2363,0
3020,1128,0
3020,442,0
3020,2299,0
3020,1398,0
3020,402,0
3020,2080,0
3020,1437,0
3020,41,0
3020,1436,0
3020,416,0
3020,2755,0
3020,2139,0
3020,624,0
3020,1794,0
3020,1575,0
3020,1505,0
3020,348,0
3020,190,0
3020,752,0
3020,1877,0
3020,2242,0
3020,1916,0
3020,1019,0
3020,704,0
3020,2046,0
3020,1196,0
3020,4,0
3020,1779,0
3020,2742,0
3020,1788,0
3022,1673,1
3022,402,1
3022,1299,1
3022,668,1
3022,1710,1
3022,820,1
3022,2742,1
3022,194,1
3022,2371,1
3022,332,1
3022,2263,1
3022,1249,1
3022,1654,0
3022,2533,0
3022,2398,0
3022,1214,0
3022,605,0
3022,1293,0
3022,660,0
3022,910,0
3022,683,0
3022,972,0
3022,1522,0
3022,213,0
3022,364,0
3022,2655,0
3022,0,0
3023,1568,1
3023,2116,1
3023,2086,1
3023,295,1
3023,333,1
3023,912,1
3023,375,1
3023,123,0
3023,2279,0
3023,2478,0
3023,1773,0
3023,916,0
3023,2560,0
3023,2105,0
3023,2639,0
3024,1764,1
3024,2186,1
3024,395,1
3024,1196,1
3024,2407,0
3024,754,0
3024,1698,0
3024,796,0
3025,493,1
3025,1810,1
3025,985,1
3025,694,0
3025,290,0
3025,2397,0
3026,517,1
3026,1924,0
3027,1250,1
3027,2216,0
3028,1664,1
3028,186,1
3028,150,0
3028,1458,0
3028,881,0
3029,2460,0
3030,1792,1
3030,1281,1
3030,1555,1
3030,1812,1
3030,1183,1
3030,43,1
3030,1972,1
3030,1591,1
3030,843,1
3030,1867,1
3030,717,1
3030,2136,1
3030,217,1
3030,1621,0
3030,1252,0
3030,1202,0
3030,2762,0
3030,2768,0
3030,2737,0
3030,2272,0
3031,2086,1
3031,1183,1
3032,2323,1
3032,1120,0
3033,2325,1
3033,1812,1
3033,2112,0
3033,836,0
3033,1359,0
3034,22,1
3034,1069,1
3034,1072,1
3034,2743,1
3034,1611,1
3034,1743,1
3034,1773,1
3034,496,1
3034,2091,0
3034,2390,0
3034,596,0
3034,1464,0
3034,1275,0
3034,1077,0
3034,855,0
3034,1223,0
3034,2208,0
3034,1610,0
3034,1132,0
3034,1616,0
3034,2605,0
3034,262,0
3034,2045,0
3034,2669,0
3034,1379,0
3035,2500,1
3035,517,1
3035,1320,1
3035,1427,1
3035,186,1
3035,1052,1
3035,2142,1
3035,806,0
3035,350,0
3035,1511,0
3035,1346,0
3035,1796,0
3035,818,0
3035,2642,0
3035,548,0
3035,1147,0
3036,2443,1
3036,397,1
3036,1427,1
3036,1432,1
3036,1568,1
3036,1569,1
3036,295,1
3036,2732,1
3036,1583,1
3036,1584,1
3036,830,1
3036,2133,1
3036,2777,1
3036,2785,1
3036,107,1
3036,496,1
3036,2546,1
3036,2291,1
3036,1957,0
3036,280,0
3036,2091,0
3036,1204,0
3036,971,0
3036,1671,0
3036,2334,0
3036,1855,0
3036,2036,0
3036,544,0
3036,1351,0
3036,234,0
3036,920,0
3037,1794,1
3037,2703,1
3037,2447,1
3037,1171,1
3037,1300,1
3037,2583,1
3037,800,1
3037,675,1
3037,830,1
3037,576,1
3037,2256,1
3037,468,1
3037,212,1
3037,2136,1
3037,2656,1
3037,2532,1
3037,486,1
3037,1134,1
3037,2162,1
3037,885,1
3037,2170,1
3037,2683,1
3037,1690,0
3037,781,0
3037,2251,0
3037,2034,0
3037,1063,0
3037,1365,0
3037,2280,0
3037,2502,0
3037,2765,0
3037,2410,0
3037,1882,0
3037,1686,0
3037,1436,0
3037,621,0
3037,1920,0
3037,50,0
3037,616,0
3037,2670,0
3038,2649,1
3038,2633,1
3038,1251,1
3038,644,0
3038,2485,0
3038,925,0
3039,1155,1
3039,2343,0
3039,1527,0
3039,107,0
3040,1156,1
3040,1083,1
3040,455,1
3040,494,1
3040,2544,1
3040,886,1
3040,2236,0
3040,1494,0
3040,810,0
3040,342,0
3040,439,0
3040,2447,0
3040,317,0
3040,153,0
3040,1188,0
3040,2343,0
3040,173,0
3040,1186,0
3040,1468,0
3040,75,0
3040,1326,0
3041,800,1
3041,173,1
3041,1589,0
3041,2440,0
3042,496,1
3042,1351,0
3043,496,1
3043,945,1
3043,11,1
3043,1290,0
3043,760,0
3044,416,1
3044,488,0
3044,2494,0
3045,2058,1
3045,581,0
3045,364,0
3046,1892,1
3046,2086,1
3046,11,1
3046,843,1
3046,765,1
3046,2064,0
3046,2705,0
3046,287,0
3046,1910,0
3047,800,1
3047,2683,1
3048,389,0
3049,2561,1
3049,398,1
3049,29,0
3049,1907,0
3049,1427,0
3049,2154,0
3050,2561,1
3050,646,1
3050,397,1
3050,1171,1
3050,24,1
3050,1569,1
3050,2086,1
3050,47,1
3050,2485,1
3050,2357,1
3050,2619,1
3050,2630,1
3050,2125,1
3050,1870,1
3050,2771,1
3050,2265,1
3050,243,1
3050,2298,1
3050,835,0
3050,804,0
3050,1734,0
3050,1728,0
3050,355,0
3050,1949,0
3050,1456,0
3050,839,0
3050,75,0
3050,1945,0
3050,1257,0
3050,1290,0
3050,1332,0
3050,2173,0
3050,966,0
3050,2251,0
3050,2133,0
3050,1792,0
3050,2467,0
3050,1013,0
3050,2042,0
3050,685,0
3051,646,1
3051,519,1
3051,1034,1
3051,2443,1
3051,2702,1
3051,1425,1
3051,1939,1
3051,2585,1
3051,2210,1
3051,2085,1
3051,805,1
3051,40,1
3051,426,1
3051,1072,1
3051,1333,1
3051,1591,1
3051,2615,1
3051,2745,1
3051,2747,1
3051,2750,1
3051,2116,1
3051,1094,1
3051,1610,1
3051,1614,1
3051,467,1
3051,1366,1
3051,857,1
3051,102,1
3051,624,1
3051,2040,1
3051,1488,0
3051,2149,0
3051,1602,0
3051,560,0
3051,2629,0
3051,452,0
3051,1558,0
3051,239,0
3051,2409,0
3051,929,0
3051,895,0
3051,2377,0
3051,946,0
3051,1915,0
3051,463,0
3051,63,0
3051,941,0
3051,1291,0
3051,1521,0
3051,937,0
3051,2390,0
3051,177,0
3051,1449,0
3051,243,0
3051,1916,0
3051,1666,0
3051,894,0
3051,1893,0
3051,811,0
3051,1324,0
3051,33,0
3051,2589,0
3052,2661,1
3052,1352,1
3052,496,1
3052,725,1
3052,45,0
3052,590,0
3054,2050,1
3054,4,1
3054,2055,1
3054,1033,1
3054,2574,1
3054,17,1
3054,532,1
3054,2584,1
3054,2077,1
3054,2594,1
3054,2613,1
3054,2615,1
3054,2103,1
3054,2617,1
3054,1083,1
3054,1084,1
3054,1597,1
3054,1607,1
3054,1101,1
3054,1102,1
3054,589,1
3054,2646,1
3054,91,1
3054,1117,1
3054,2656,1
3054,1633,1
3054,2659,1
3054,2661,1
3054,102,1
3054,2663,1
3054,1129,1
3054,1132,1
3054,2673,1
3054,1148,1
3054,126,1
3054,2688,1
3054,1156,1
3054,1157,1
3054,2700,1
3054,140,1
3054,1181,1
3054,1698,1
3054,2212,1
3054,2724,1
3054,1188,1
3054,163,1
3054,1194,1
3054,683,1
3054,687,1
3054,2224,1
3054,183,1
3054,2748,1
3054,190,1
3054,197,1
3054,2247,1
3054,717,1
3054,231,1
3054,1771,1
3054,1772,1
3054,1780,1
3054,1793,1
3054,1283,1
3054,778,1
3054,267,1
3054,2316,1
3054,1296,1
3054,1809,1
3054,797,1
3054,815,1
3054,1329,1
3054,830,1
3054,332,1
3054,1870,1
3054,1360,1
3054,854,1
3054,1886,1
3054,1378,1
3054,872,1
3054,360,1
3054,873,1
3054,1395,1
3054,369,1
3054,897,1
3054,1409,1
3054,397,1
3054,398,1
3054,2447,1
3054,1422,1
3054,2445,1
3054,411,1
3054,1958,1
3054,426,1
3054,2476,1
3054,1981,1
3054,465,1
3054,1490,1
3054,2514,1
3054,2517,1
3054,480,1
3054,482,1
3054,484,1
3054,2021,1
3054,489,1
3054,2544,1
3054,498,1
3054,1011,1
3054,2550,1
3054,1531,1
3054,2045,1
3054,895,0
3054,1752,0
3054,1480,0
3054,1032,0
3054,2781,0
3054,308,0
3054,2675,0
3054,1315,0
3054,435,0
3054,1304,0
3054,1417,0
3054,151,0
3054,859,0
3054,48,0
3054,655,0
3054,2654,0
3054,2712,0
3054,1849,0
3054,1620,0
3054,1304,0
3054,1447,0
3054,1781,0
3054,2512,0
3054,891,0
3054,1007,0
3054,1154,0
3054,2538,0
3054,1265,0
3054,1502,0
3054,1230,0
3054,2056,0
3054,461,0
3054,2648,0
3054,1727,0
3054,1655,0
3054,470,0
3054,984,0
3054,2262,0
3054,1423,0
3054,2031,0
3054,1647,0
3054,1514,0
3054,531,0
3054,2085,0
3054,1368,0
3054,2307,0
3054,688,0
3054,2767,0
3054,1347,0
3054,842,0
3054,2130,0
3054,560,0
3054,954,0
3054,879,0
3054,212,0
3054,2628,0
3054,2407,0
3054,2751,0
3054,2035,0
3054,2494,0
3054,982,0
3054,2075,0
3054,222,0
3054,756,0
3054,2385,0
3054,2528,0
3054,2607,0
3054,1815,0
3054,1551,0
3054,1211,0
3054,2093,0
3054,1038,0
3054,557,0
3054,1646,0
3054,2761,0
3054,2577,0
3054,1189,0
3054,2018,0
3054,2450,0
3054,2739,0
3054,705,0
3054,1943,0
3054,2233,0
3054,1696,0
3054,579,0
3054,2131,0
3054,1578,0
3054,1631,0
3054,514,0
3054,1184,0
3054,2764,0
3054,1017,0
3054,1522,0
3054,2236,0
3054,2458,0
3054,1464,0
3054,264,0
3054,1187,0
3054,1087,0
3054,658,0
3054,1672,0
3054,699,0
3054,2318,0
3054,1384,0
3054,876,0
3054,2393,0
3054,1810,0
3054,2351,0
3054,2495,0
3054,2319,0
3054,602,0
3054,499,0
3054,2628,0
3055,520,1
3055,271,1
3055,2451,1
3055,1428,1
3055,1303,1
3055,2594,1
3055,931,1
3055,1958,1
3055,1194,1
3055,2224,1
3055,1845,1
3055,2617,1
3055,2746,1
3055,2236,1
3055,2494,1
3055,1603,1
3055,1225,1
3055,725,1
3055,2773,1
3055,2777,1
3055,489,1
3055,2153,1
3055,2537,1
3055,2034,1
3055,2298,1
3055,1331,0
3055,245,0
3055,913,0
3055,1185,0
3055,1630,0
3055,2710,0
3055,935,0
3055,1637,0
3055,1291,0
3055,144,0
3055,706,0
3055,1196,0
3055,433,0
3055,1586,0
3055,1755,0
3055,283,0
3055,100,0
3055,1561,0
3055,809,0
3055,2631,0
3055,1890,0
3055,1478,0
3055,295,0
3055,1053,0
3055,1923,0
3055,714,0
3055,762,0
3056,2086,1
3056,255,1
3056,1836,0
3056,888,0
3057,2785,1
3057,496,1
3057,292,0
3057,2542,0
3057,1569,0
3057,1324,0
3057,2239,0
3057,908,0
3057,2188,0
3057,2550,0
3058,1768,1
3058,334,1
3058,1358,0
3058,2041,0
3059,1299,1
3059,437,1
3059,1791,1
3059,2474,0
3059,1194,0
3059,1383,0
3060,166,1
3060,590,1
3060,248,1
3060,2493,0
3060,2090,0
3060,2092,0
3060,623,0
3060,2507,0
3060,2021,0
3061,1244,0
3061,299,0
3062,71,1
3062,684,0
3063,717,1
3063,830,1
3063,2748,0
3063,362,0
3064,1052,1
3064,599,0
3065,800,1
3065,1281,1
3065,1826,1
3065,2276,1
3065,2084,1
3065,1743,1
3065,1808,1
3065,720,1
3065,276,1
3065,1788,1
3065,830,1
3065,1663,1
3065,413,0
3065,508,0
3065,1717,0
3065,2758,0
3065,988,0
3065,305,0
3065,224,0
3065,696,0
3065,1175,0
3066,1552,1
3066,1052,1
3066,1567,1
3066,1568,1
3066,543,1
3066,2086,1
3066,552,1
3066,2606,1
3066,1584,1
3066,47,1
3066,2614,1
3066,1097,1
3066,2646,1
3066,1113,1
3066,98,1
3066,2663,1
3066,141,1
3066,667,1
3066,669,1
3066,1194,1
3066,2741,1
3066,1718,1
3066,187,1
3066,711,1
3066,2760,1
3066,2263,1
3066,2777,1
3066,248,1
3066,767,1
3066,1286,1
3066,1287,1
3066,1807,1
3066,285,1
3066,2351,1
3066,315,1
3066,1360,1
3066,344,1
3066,1897,1
3066,873,1
3066,1902,1
3066,374,1
3066,897,1
3066,1945,1
3066,1958,1
3066,434,1
3066,1971,1
3066,2485,1
3066,1983,1
3066,476,1
3066,2016,1
3066,489,1
3066,504,1
3066,2312,0
3066,1926,0
3066,1266,0
3066,1906,0
3066,644,0
3066,2019,0
3066,1349,0
3066,404,0
3066,655,0
3066,388,0
3066,491,0
3066,1481,0
3066,115,0
3066,1849,0
3066,11,0
3066,2335,0
3066,1926,0
3066,2763,0
3066,793,0
3066,1172,0
3066,78,0
3066,412,0
3066,470,0
3066,443,0
3066,912,0
3066,1004,0
3066,1734,0
3066,1029,0
3066,1735,0
3066,890,0
3066,1305,0
3066,910,0
3066,2655,0
3066,340,0
3066,143,0
3066,499,0
3066,2708,0
3066,519,0
3066,1268,0
3066,1424,0
3066,1900,0
3066,901,0
3066,2540,0
3066,394,0
3066,2380,0
3066,2020,0
3066,1412,0
3066,1873,0
3066,1438,0
3066,2601,0
3066,853,0
3066,772,0
3066,947,0
3066,50,0
3066,2477,0
3066,1903,0
3066,1107,0
3066,988,0
3066,862,0
3066,497,0
3066,2172,0
3066,2608,0
3066,2571,0
3066,2552,0
3067,1147,1
3067,1395,0
3067,1325,0
3068,2763,0
3069,1531,1
3070,2086,1
3070,71,1
3070,1394,1
3070,1531,1
3070,2488,0
3070,2009,0
3070,2025,0
3070,1691,0
3070,332,0
3071,107,1
3071,997,1
3071,753,0
3071,2408,0
3072,1059,1
3072,517,1
3072,830,1
3072,376,0
3072,2585,0
3072,1699,0
3073,1188,1
3073,1222,1
3073,1418,1
3073,1906,1
3073,2236,1
3073,1394,1
3073,475,1
3073,636,1
3073,697,0
3073,1910,0
3073,2552,0
3073,1218,0
3073,606,0
3073,38,0
3073,824,0
3074,1538,1
3074,517,1
3074,2693,0
3074,1720,0
3075,2546,1
3075,276,1
3075,2465,0
3075,2741,0
3075,331,0
3076,489,1
3076,1483,1
3076,1633,0
3076,1942,0
3076,2504,0
3077,2722,1
3077,489,1
3077,748,1
3077,1531,1
3077,823,0
3077,1088,0
3077,2318,0
3077,676,0
3078,1080,1
3078,1078,0
3079,2562,1
3080,2553,1
3081,1761,1
3081,1788,1
3081,2086,1
3081,647,1
3081,1072,1
3081,1490,1
3081,1171,1
3081,1531,1
3081,2236,1
3081,1181,1
3081,2654,0
3081,1771,0
3081,2344,0
3081,395,0
3081,508,0
3081,2529,0
3081,1268,0
3081,2731,0
3081,2090,0
3082,2562,1
3082,2571,1
3082,1421,1
3082,2083,1
3082,1588,1
3082,1845,1
3082,2363,1
3082,830,1
3082,1218,1
3082,455,1
3082,590,1
3082,2130,1
3082,1892,1
3082,2154,1
3082,638,1
3082,1916,0
3082,1065,0
3082,628,0
3082,1595,0
3082,249,0
3082,1432,0
3082,1374,0
3082,363,0
3082,2126,0
3082,904,0
3082,2396,0
3082,739,0
3082,608,0
3082,560,0
3082,2669,0
3082,280,0
3082,2093,0
3083,24,1
3083,908,0
3084,1673,1
3084,2646,1
3084,768,0
3084,2091,0
3084,1300,0
3085,908,1
3085,1874,0
3086,3,1
3086,4,1
3086,6,1
3086,2055,1
3086,1033,1
3086,10,1
3086,1035,1
3086,2058,1
3086,2574,1
3086,1043,1
3086,2585,1
3086,1561,1
3086,1568,1
3086,1579,1
3086,2093,1
3086,52,1
3086,2613,1
3086,1029,1
3086,59,1
3086,2108,1
3086,573,1
3086,1609,1
3086,1611,1
3086,1610,1
3086,2637,1
3086,1101,1
3086,2127,1
3086,81,1
3086,2130,1
3086,83,1
3086,1110,1
3086,88,1
3086,89,1
3086,91,1
3086,2656,1
3086,610,1
3086,2661,1
3086,2663,1
3086,2151,1
3086,2153,1
3086,615,1
3086,1129,1
3086,625,1
3086,2163,1
3086,1656,1
3086,1659,1
3086,638,1
3086,132,1
3086,133,1
3086,1673,1
3086,1675,1
3086,1679,1
3086,1680,1
3086,2716,1
3086,672,1
3086,2722,1
3086,1188,1
3086,674,1
3086,2726,1
3086,1194,1
3086,2731,1
3086,684,1
3086,686,1
3086,1711,1
3086,177,1
3086,692,1
3086,2232,1
3086,2746,1
3086,2747,1
3086,1212,1
3086,2236,1
3086,1725,1
3086,2234,1
3086,1218,1
3086,2243,1
3086,194,1
3086,197,1
3086,195,1
3086,2247,1
3086,2764,1
3086,211,1
3086,1748,1
3086,2771,1
3086,1759,1
3086,2281,1
3086,1770,1
3086,1771,1
3086,237,1
3086,2291,1
3086,1268,1
3086,1786,1
3086,1789,1
3086,767,1
3086,2304,1
3086,1791,1
3086,2305,1
3086,270,1
3086,1296,1
3086,1808,1
3086,1299,1
3086,276,1
3086,1300,1
3086,1823,1
3086,800,1
3086,1825,1
3086,805,1
3086,294,1
3086,1320,1
3086,298,1
3086,812,1
3086,2351,1
3086,1840,1
3086,1330,1
3086,1845,1
3086,826,1
3086,1852,1
3086,1865,1
3086,332,1
3086,335,1
3086,1360,1
3086,336,1
3086,852,1
3086,2394,1
3086,2407,1
3086,1896,1
3086,872,1
3086,2416,1
3086,1395,1
3086,1405,1
3086,2438,1
3086,904,1
3086,1935,1
3086,1938,1
3086,1427,1
3086,2457,1
3086,1439,1
3086,1952,1
3086,1953,1
3086,1957,1
3086,1446,1
3086,424,1
3086,1458,1
3086,947,1
3086,437,1
3086,1468,1
3086,446,1
3086,1471,1
3086,453,1
3086,965,1
3086,464,1
3086,977,1
3086,2003,1
3086,1492,1
3086,1496,1
3086,2523,1
3086,477,1
3086,480,1
3086,482,1
3086,485,1
3086,2021,1
3086,2024,1
3086,489,1
3086,2537,1
3086,2026,1
3086,494,1
3086,2542,1
3086,2036,1
3086,501,1
3086,1527,1
3086,2550,1
3086,1018,1
3086,1531,1
3086,2182,0
3086,2180,0
3086,2194,0
3086,732,0
3086,1559,0
3086,239,0
3086,1426,0
3086,2157,0
3086,2313,0
3086,2728,0
3086,1269,0
3086,1929,0
3086,264,0
3086,451,0
3086,716,0
3086,2551,0
3086,1973,0
3086,837,0
3086,2002,0
3086,407,0
3086,966,0
3086,2218,0
3086,67,0
3086,1305,0
3086,846,0
3086,455,0
3086,2575,0
3086,1121,0
3086,1289,0
3086,1098,0
3086,580,0
3086,896,0
3086,1248,0
3086,1246,0
3086,1815,0
3086,1434,0
3086,1814,0
3086,2483,0
3086,2077,0
3086,1288,0
3086,513,0
3086,531,0
3086,1582,0
3086,2126,0
3086,540,0
3086,380,0
3086,1946,0
3086,277,0
3086,1261,0
3086,2280,0
3086,1248,0
3086,1807,0
3086,2694,0
3086,1122,0
3086,1628,0
3086,84,0
3086,1567,0
3086,1517,0
3086,19,0
3086,940,0
3086,1614,0
3086,2441,0
3086,185,0
3086,1874,0
3086,725,0
3086,189,0
3086,1480,0
3086,1366,0
3086,397,0
3086,2185,0
3086,2573,0
3086,1115,0
3086,2676,0
3086,243,0
3086,1605,0
3086,2553,0
3086,1723,0
3086,2054,0
3086,2628,0
3086,2531,0
3086,2590,0
3086,2074,0
3086,570,0
3086,1262,0
3086,221,0
3086,363,0
3086,1396,0
3086,1027,0
3086,999,0
3086,792,0
3086,843,0
3086,2467,0
3086,2261,0
3086,376,0
3086,2208,0
3086,430,0
3086,2479,0
3086,370,0
3086,2007,0
3086,1756,0
3086,1638,0
3086,2741,0
3086,167,0
3086,2767,0
3086,492,0
3086,936,0
3086,161,0
3086,954,0
3086,1270,0
3086,604,0
3086,628,0
3086,2638,0
3086,789,0
3086,2099,0
3086,281,0
3086,866,0
3086,907,0
3086,2786,0
3086,1600,0
3086,580,0
3086,1856,0
3086,1149,0
3086,942,0
3086,1000,0
3086,2673,0
3086,1773,0
3086,291,0
3086,1317,0
3086,1139,0
3086,1172,0
3086,1302,0
3086,2450,0
3086,356,0
3086,1961,0
3086,289,0
3086,1716,0
3086,2760,0
3086,2476,0
3086,698,0
3086,705,0
3086,23,0
3086,2730,0
3086,2184,0
3086,135,0
3086,1619,0
3086,559,0
3086,2262,0
3086,99,0
3086,837,0
3086,2676,0
3086,2033,0
3086,953,0
3086,440,0
3086,37,0
3086,2756,0
3086,2267,0
3086,2728,0
3086,2595,0
3086,1648,0
3086,905,0
3086,2788,0
3086,1601,0
3086,1423,0
3086,553,0
3086,2763,0
3086,593,0
3086,1864,0
3086,639,0
3086,2371,0
3086,1197,0
3086,2442,0
3086,2636,0
3086,1505,0
3086,1596,0
3087,2646,1
3087,1647,1
3087,73,0
3087,2537,0
3087,818,0
3087,1566,0
3088,1840,1
3088,1587,1
3088,1749,1
3089,2594,1
3089,1218,1
3089,1892,1
3089,644,1
3089,1865,1
3089,2154,1
3089,907,1
3089,1171,1
3089,190,1
3089,1567,1
3089,1683,0
3089,704,0
3089,1896,0
3089,2439,0
3089,862,0
3089,2550,0
3089,758,0
3089,73,0
3089,1978,0
3090,800,0
3090,335,0
3091,1773,1
3092,1249,1
3092,1031,1
3092,687,1
3092,2675,1
3092,1592,1
3092,989,1
3092,1406,1
3092,2787,0
3092,2334,0
3092,412,0
3092,2668,0
3092,99,0
3093,1892,1
3093,266,1
3093,818,1
3093,2425,1
3093,1468,1
3093,1580,0
3093,2573,0
3093,2342,0
3093,2613,0
3094,1892,1
3094,968,1
3094,2771,1
3094,2683,1
3094,1227,0
3094,1982,0
3094,1317,0
3094,513,0
3094,1173,0
3095,2323,1
3095,135,1
3096,2437,1
3096,2199,1
3096,2338,1
3096,1763,1
3096,235,1
3096,372,1
3096,885,1
3096,1472,0
3096,692,0
3096,354,0
3096,1984,0
3096,1272,0
3096,1919,0
3096,1857,0
3096,2618,0
3096,2775,0
3096,1368,0
3096,449,0
3097,1429,1
3097,661,1
3097,698,0
3097,259,0
3098,166,1
3098,2507,1
3098,2316,1
3098,493,1
3098,1869,1
3098,243,1
3098,2430,1
3098,476,0
3098,2785,0
3098,974,0
3098,328,0
3098,48,0
3098,358,0
3098,1853,0
3099,932,1
3099,1225,1
3099,843,1
3099,2700,1
3099,2617,1
3099,1394,1
3099,2675,1
3099,1430,1
3099,183,1
3099,2265,1
3099,1205,0
3099,569,0
3099,741,0
3099,953,0
3099,604,0
3099,2666,0
3099,765,0
3099,333,0
3099,1470,0
3099,2590,0
3100,708,1
3101,2404,1
3101,1320,1
3101,266,1
3101,1611,1
3101,301,1
3101,1303,1
3101,491,0
3101,962,0
3101,1617,0
3101,1116,0
3102,129,1
3102,1143,1
3102,1017,0
3102,314,0
3102,150,0
3103,2431,0
3103,1838,0
3104,1788,1
3104,1373,1
3105,1707,1
3105,973,1
3105,817,1
3105,1075,1
3105,2520,1
3105,1215,1
3105,2248,0
3105,2497,0
3105,247,0
3105,16,0
3105,1453,0
3105,566,0
3105,2717,0
3106,2561,1
3106,1155,1
3106,874,1
3106,1489,1
3106,1524,1
3106,1720,1
3106,283,1
3106,30,1
3106,861,0
3106,1133,0
3106,2318,0
3106,951,0
3106,1536,0
3106,2602,0
3106,771,0
3106,872,0
3106,597,0
3107,520,1
3107,408,1
3107,668,1
3107,684,1
3107,2746,1
3107,2236,1
3107,1759,1
3107,2153,1
3107,2410,1
3107,489,1
3107,1012,1
3107,2047,1
3107,1245,0
3107,1149,0
3107,1785,0
3107,1143,0
3107,2323,0
3107,1889,0
3107,62,0
3107,1938,0
3107,1802,0
3107,1670,0
3107,2288,0
3107,1714,0
3107,41,0
3107,2652,0
3108,1059,1
3108,1181,1
3109,544,1
3109,2058,1
3109,2544,1
3109,369,1
3109,2646,1
3109,2040,1
3109,857,1
3109,91,0
3109,1814,0
3109,973,0
3109,2588,0
3109,1240,0
3109,1227,0
3109,705,0
3109,1582,0
3109,1528,0
3109,1637,0
3109,1293,0
3110,1531,1
3111,455,1
3111,240,0
3112,166,1
3113,2436,1
3113,687,1
3114,1029,1
3114,2297,1
3114,489,1
3114,332,1
3114,2034,1
3114,1111,1
3114,91,0
3114,618,0
3114,2305,0
3114,248,0
3114,1318,0
3114,1858,0
3114,263,0
3114,2604,0
3114,1100,0
3114,1362,0
3115,830,1
3115,2456,0
3115,1475,0
3115,83,0
3117,416,1
3117,2388,0
3117,198,0
3118,2785,1
3118,1892,1
3118,1320,1
3118,912,1
3118,2485,1
3118,2682,1
3118,2398,0
3118,2404,0
3118,1853,0
3118,540,0
3118,2630,0
3119,832,1
3119,166,1
3119,71,1
3119,493,1
3119,1038,1
3119,1390,1
3119,1810,1
3119,212,1
3119,344,1
3119,1544,0
3119,1454,0
3119,2496,0
3119,306,0
3119,1520,0
3119,1462,0
3119,1184,0
3119,1111,0
3120,2258,1
3120,886,1
3120,2236,1
3120,64,0
3120,1749,0
3120,1596,0
3120,1029,0
3120,698,0
3121,1300,1
3121,1564,1
3121,800,1
3121,677,1
3121,166,1
3121,424,1
3121,1833,1
3121,1576,1
3121,1069,1
3121,176,1
3121,1853,1
3121,2500,1
3121,2764,1
3121,720,1
3121,736,1
3121,2546,1
3121,2163,1
3121,1145,1
3121,2683,1
3121,639,0
3121,1319,0
3121,466,0
3121,1077,0
3121,1533,0
3121,352,0
3121,1919,0
3121,400,0
3121,2611,0
3121,2604,0
3121,2346,0
3121,2046,0
3121,689,0
3121,1989,0
3121,1276,0
3121,1382,0
3121,1710,0
3121,1229,0
3121,116,0
3121,2769,0
3122,2179,1
3122,163,1
3122,43,1
3122,2108,1
3122,2237,1
3122,1983,1
3122,1230,1
3122,1870,1
3122,207,1
3122,2646,1
3122,1366,1
3122,2650,1
3122,476,1
3122,1897,1
3122,2289,1
3122,882,1
3122,2551,0
3122,1175,0
3122,761,0
3122,2494,0
3122,583,0
3122,2157,0
3122,1877,0
3122,1845,0
3122,2074,0
3122,1913,0
3122,2394,0
3123,2443,1
3123,1427,1
3123,1568,1
3123,1072,1
3123,47,1
3123,437,1
3123,2236,1
3123,194,1
3123,964,1
3123,1869,1
3123,2392,1
3123,987,1
3123,737,1
3123,103,1
3123,1224,0
3123,849,0
3123,2413,0
3123,581,0
3123,1408,0
3123,781,0
3123,1285,0
3123,2349,0
3123,2679,0
3123,1608,0
3123,162,0
3123,2030,0
3123,2180,0
3123,394,0
3123,158,0
3124,170,1
3124,817,1
3124,2258,1
3124,1204,1
3124,1658,1
3124,666,1
3124,1114,1
3124,1536,0
3124,980,0
3124,162,0
3124,1191,0
3124,392,0
3124,1704,0
3125,1531,1
3126,517,1
3126,2150,0
3127,1633,1
3127,364,1
3127,207,1
3127,496,1
3127,2378,0
3127,2567,0
3127,1199,0
3127,1022,0
3128,576,1
3128,675,1
3128,166,1
3128,243,1
3128,2199,1
3128,985,1
3128,1080,0
3128,1095,0
3128,2461,0
3129,166,1
3129,1153,0
3130,166,1
3130,2259,0
3131,931,1
3131,2436,1
3131,517,1
3131,2661,1
3131,647,1
3131,2407,1
3131,266,1
3131,2093,1
3131,1042,1
3131,2236,1
3131,2558,0
3131,1687,0
3131,757,0
3131,597,0
3131,48,0
3131,1772,0
3132,1125,0
3133,1367,1
3133,614,0
3134,1985,1
3134,609,1
3134,1155,1
3134,1449,1
3134,1611,1
3134,943,1
3134,2639,1
3134,1397,1
3134,2549,0
3134,744,0
3134,210,0
3134,566,0
3134,570,0
3134,1736,0
3134,859,0
3135,1840,1
3135,2297,0
3135,2323,0
3136,1072,1
3136,333,1
3137,2204,0
3138,1063,1
3138,489,1
3138,248,1
3138,1821,1
3138,761,0
3139,1153,1
3139,392,1
3139,918,1
3139,791,1
3139,1432,1
3139,1456,1
3139,2615,1
3139,1849,1
3139,2508,1
3139,2524,1
3139,2141,1
3139,2537,1
3139,124,1
3139,1493,0
3139,1550,0
3139,1629,0
3139,1871,0
3139,794,0
3139,119,0
3139,215,0
3139,1643,0
3139,17,0
3139,24,0
3139,223,0
3139,2378,0
3139,1114,0
3139,253,0
3141,1271,1
3141,2093,1
3141,1531,1
3141,857,1
3141,1002,0
3141,752,0
3141,752,0
3141,196,0
3142,1957,1
3142,171,1
3142,1484,1
3142,2478,1
3142,1072,1
3142,1842,1
3142,2236,1
3142,2422,1
3142,409,1
3142,2141,1
3142,1278,1
3142,1419,0
3142,1703,0
3142,165,0
3142,136,0
3142,2154,0
3142,1431,0
3142,592,0
3142,1491,0
3142,698,0
3142,1700,0
3142,1233,0
3142,703,0
3143,1378,1
3143,2086,1
3143,818,1
3143,2110,1
3143,2684,0
3143,131,0
3143,2125,0
3143,1096,0
3143,79,0
3143,991,0
3144,2083,1
3144,2243,1
3144,121,0
3144,2385,0
3145,2116,1
3145,517,1
3145,166,1
3145,2086,1
3145,2703,1
3145,2679,1
3145,2236,1
3145,2286,0
3145,1575,0
3145,1950,0
3145,672,0
3145,2365,0
3145,128,0
3145,183,0
3146,496,1
3146,2086,1
3146,2013,0
3147,960,1
3147,419,1
3147,1996,1
3147,1069,1
3147,1360,1
3147,1428,1
3147,1240,1
3147,938,0
3147,1036,0
3147,1988,0
3147,1846,0
3148,1468,1
3148,71,1
3148,2492,1
3148,996,0
3148,843,0
3148,1671,0
3149,970,0
3150,2489,1
3150,1788,1
3150,2245,0
3150,970,0
3151,2236,1
3151,748,0
3152,1985,1
3152,1,1
3152,2407,1
3152,1896,1
3152,2575,1
3152,433,1
3152,501,1
3152,1271,1
3152,1018,1
3152,764,1
3152,373,0
3152,2374,0
3152,2148,0
3152,795,0
3152,694,0
3152,2278,0
3153,1531,1
3153,2236,1
3153,1179,0
3154,166,1
3155,2561,1
3155,2324,1
3155,1631,1
3155,455,1
3155,816,0
3155,2675,0
3156,3,1
3156,2051,1
3156,6,1
3156,2055,1
3156,10,1
3156,20,1
3156,34,1
3156,45,1
3156,2093,1
3156,2098,1
3156,2103,1
3156,59,1
3156,62,1
3156,63,1
3156,2113,1
3156,69,1
3156,2123,1
3156,2124,1
3156,81,1
3156,2130,1
3156,83,1
3156,89,1
3156,91,1
3156,98,1
3156,2154,1
3156,2155,1
3156,109,1
3156,2158,1
3156,115,1
3156,124,1
3156,131,1
3156,2181,1
3156,133,1
3156,134,1
3156,141,1
3156,2192,1
3156,148,1
3156,2215,1
3156,2222,1
3156,2224,1
3156,177,1
3156,185,1
3156,187,1
3156,2241,1
3156,193,1
3156,2243,1
3156,2245,1
3156,198,1
3156,2252,1
3156,206,1
3156,2271,1
3156,237,1
3156,248,1
3156,2304,1
3156,2307,1
3156,266,1
3156,290,1
3156,294,1
3156,298,1
3156,306,1
3156,313,1
3156,2365,1
3156,317,1
3156,2368,1
3156,320,1
3156,2371,1
3156,2375,1
3156,2379,1
3156,335,1
3156,2391,1
3156,2395,1
3156,346,1
3156,354,1
3156,2407,1
3156,366,1
3156,2415,1
3156,2416,1
3156,2417,1
3156,2419,1
3156,2420,1
3156,371,1
3156,2421,1
3156,382,1
3156,2433,1
3156,389,1
3156,400,1
3156,415,1
3156,2464,1
3156,2466,1
3156,2468,1
3156,2475,1
3156,433,1
3156,2485,1
3156,2494,1
3156,449,1
3156,451,1
3156,2500,1
3156,2502,1
3156,2508,1
3156,472,1
3156,473,1
3156,2521,1
3156,478,1
3156,487,1
3156,2538,1
3156,501,1
3156,502,1
3156,516,1
3156,517,1
3156,518,1
3156,2567,1
3156,522,1
3156,2575,1
3156,2578,1
3156,531,1
3156,2589,1
3156,542,1
3156,2596,1
3156,552,1
3156,2603,1
3156,2605,1
3156,575,1
3156,2624,1
3156,2625,1
3156,2627,1
3156,2632,1
3156,2635,1
3156,2637,1
3156,594,1
3156,602,1
3156,609,1
3156,2660,1
3156,2661,1
3156,2663,1
3156,2675,1
3156,2684,1
3156,2695,1
3156,652,1
3156,2701,1
3156,2704,1
3156,658,1
3156,2716,1
3156,672,1
3156,2722,1
3156,677,1
3156,2726,1
3156,678,1
3156,682,1
3156,2731,1
3156,686,1
3156,690,1
3156,2744,1
3156,698,1
3156,2747,1
3156,700,1
3156,2754,1
3156,711,1
3156,2760,1
3156,2763,1
3156,2764,1
3156,2776,1
3156,746,1
3156,748,1
3156,755,1
3156,758,1
3156,767,1
3156,771,1
3156,773,1
3156,781,1
3156,798,1
3156,799,1
3156,808,1
3156,812,1
3156,852,1
3156,858,1
3156,865,1
3156,887,1
3156,896,1
3156,904,1
3156,905,1
3156,913,1
3156,917,1
3156,924,1
3156,936,1
3156,937,1
3156,943,1
3156,947,1
3156,948,1
3156,962,1
3156,975,1
3156,989,1
3156,993,1
3156,996,1
3156,1013,1
3156,1017,1
3156,1018,1
3156,1028,1
3156,1033,1
3156,1035,1
3156,1042,1
3156,1044,1
3156,1052,1
3156,1054,1
3156,1097,1
3156,1104,1
3156,1108,1
3156,1110,1
3156,1113,1
3156,1114,1
3156,1121,1
3156,1126,1
3156,1143,1
3156,1164,1
3156,1172,1
3156,1180,1
3156,1183,1
3156,1202,1
3156,1206,1
3156,1212,1
3156,1216,1
3156,1223,1
3156,1241,1
3156,1245,1
3156,1271,1
3156,1284,1
3156,1286,1
3156,1294,1
3156,1300,1
3156,1302,1
3156,1303,1
3156,1306,1
3156,1316,1
3156,1319,1
3156,1320,1
3156,1333,1
3156,1342,1
3156,1346,1
3156,1348,1
3156,1385,1
3156,1386,1
3156,1392,1
3156,1396,1
3156,1404,1
3156,1429,1
3156,1432,1
3156,1439,1
3156,1442,1
3156,1447,1
3156,1455,1
3156,1458,1
3156,1471,1
3156,1480,1
3156,1496,1
3156,1498,1
3156,1507,1
3156,1512,1
3156,1513,1
3156,1527,1
3156,1531,1
3156,1533,1
3156,1566,1
3156,1567,1
3156,1568,1
3156,1574,1
3156,1579,1
3156,1588,1
3156,1607,1
3156,1630,1
3156,1646,1
3156,1653,1
3156,1679,1
3156,1686,1
3156,1711,1
3156,1724,1
3156,1725,1
3156,1728,1
3156,1731,1
3156,1742,1
3156,1748,1
3156,1753,1
3156,1770,1
3156,1777,1
3156,1789,1
3156,1790,1
3156,1801,1
3156,1805,1
3156,1807,1
3156,1808,1
3156,1812,1
3156,1825,1
3156,1826,1
3156,1840,1
3156,1842,1
3156,1845,1
3156,1852,1
3156,1854,1
3156,1867,1
3156,1877,1
3156,1889,1
3156,1894,1
3156,1902,1
3156,1905,1
3156,1926,1
3156,1930,1
3156,1935,1
3156,1938,1
3156,1940,1
3156,1947,1
3156,1957,1
3156,1967,1
3156,1968,1
3156,1971,1
3156,1988,1
3156,1994,1
3156,2013,1
3156,2018,1
3156,2024,1
3156,2032,1
3156,2036,1
3156,2046,1
3156,2117,0
3156,186,0
3156,1103,0
3156,634,0
3156,2519,0
3156,2553,0
3156,1868,0
3156,1289,0
3156,772,0
3156,2476,0
3156,1422,0
3156,1295,0
3156,2150,0
3156,1310,0
3156,1023,0
3156,253,0
3156,2118,0
3156,1589,0
3156,2659,0
3156,1955,0
3156,1048,0
3156,97,0
3156,1783,0
3156,192,0
3156,985,0
3156,1834,0
3156,2492,0
3156,1691,0
3156,1340,0
3156,321,0
3156,893,0
3156,899,0
3156,2317,0
3156,359,0
3156,1230,0
3156,1857,0
3156,2492,0
3156,112,0
3156,673,0
3156,2644,0
3156,296,0
3156,978,0
3156,203,0
3156,2186,0
3156,797,0
3156,2777,0
3156,972,0
3156,2665,0
3156,254,0
3156,2112,0
3156,231,0
3156,1785,0
3156,2200,0
3156,1178,0
3156,1397,0
3156,2458,0
3156,807,0
3156,1293,0
3156,2405,0
3156,35,0
3156,886,0
3156,2202,0
3156,2366,0
3156,2551,0
3156,1279,0
3156,1474,0
3156,1229,0
3156,2386,0
3156,1693,0
3156,2647,0
3156,117,0
3156,1248,0
3156,1754,0
3156,2686,0
3156,1486,0
3156,2129,0
3156,650,0
3156,752,0
3156,784,0
3156,2705,0
3156,1804,0
3156,394,0
3156,394,0
3156,954,0
3156,2045,0
3156,1599,0
3156,2270,0
3156,434,0
3156,2284,0
3156,1051,0
3156,1551,0
3156,1025,0
3156,1338,0
3156,2594,0
3156,1217,0
3156,984,0
3156,2631,0
3156,635,0
3156,465,0
3156,1209,0
3156,2172,0
3156,939,0
3156,2369,0
3156,1664,0
3156,1884,0
3156,1550,0
3156,2335,0
3156,1222,0
3156,2691,0
3156,356,0
3156,1590,0
3156,2263,0
3156,49,0
3156,309,0
3156,1675,0
3156,55,0
3156,979,0
3156,2737,0
3156,1631,0
3156,568,0
3156,497,0
3156,1608,0
3156,669,0
3156,2639,0
3156,1340,0
3156,2297,0
3156,1500,0
3156,753,0
3156,1561,0
3156,2146,0
3156,544,0
3156,156,0
3156,606,0
3156,654,0
3156,2465,0
3156,2183,0
3156,651,0
3156,252,0
3156,2073,0
3156,230,0
3156,589,0
3156,835,0
3156,1368,0
3156,1785,0
3156,1969,0
3156,1532,0
3156,2206,0
3156,111,0
3156,38,0
3156,2361,0
3156,308,0
3156,2630,0
3156,1152,0
3156,998,0
3156,721,0
3156,583,0
3156,421,0
3156,2099,0
3156,1436,0
3156,653,0
3156,1524,0
3156,880,0
3156,1949,0
3156,1376,0
3156,934,0
3156,521,0
3156,2649,0
3156,1265,0
3156,1721,0
3156,417,0
3156,2503,0
3156,730,0
3156,349,0
3156,2382,0
3156,721,0
3156,58,0
3156,1714,0
3156,1997,0
3156,1098,0
3156,1478,0
3156,1123,0
3156,1556,0
3156,322,0
3156,207,0
3156,1684,0
3156,2057,0
3156,190,0
3156,1743,0
3156,358,0
3156,2354,0
3156,2703,0
3156,1673,0
3156,2085,0
3156,1288,0
3156,1194,0
3156,1248,0
3156,1765,0
3156,817,0
3156,1640,0
3156,401,0
3156,1981,0
3156,1477,0
3156,2081,0
3156,1945,0
3156,1720,0
3156,1371,0
3156,524,0
3156,299,0
3156,776,0
3156,1481,0
3156,2705,0
3156,295,0
3156,1451,0
3156,1941,0
3156,19,0
3156,2314,0
3156,925,0
3156,674,0
3156,1518,0
3156,886,0
3156,426,0
3156,2096,0
3156,203,0
3156,2520,0
3156,1495,0
3156,84,0
3156,301,0
3156,2712,0
3156,872,0
3156,1934,0
3156,460,0
3156,994,0
3156,2358,0
3156,1365,0
3156,1564,0
3156,1489,0
3156,2736,0
3156,33,0
3156,2135,0
3156,1576,0
3156,902,0
3156,396,0
3156,1705,0
3156,263,0
3156,1010,0
3156,1502,0
3156,392,0
3156,176,0
3156,716,0
3156,2278,0
3156,1194,0
3156,1059,0
3156,2292,0
3156,2169,0
3156,1804,0
3156,1835,0
3156,928,0
3156,2278,0
3156,66,0
3156,935,0
3156,1765,0
3156,1087,0
3156,234,0
3156,2614,0
3156,1778,0
3156,2366,0
3156,2166,0
3156,2766,0
3156,2202,0
3156,1436,0
3156,941,0
3156,2310,0
3156,2206,0
3156,2673,0
3156,2240,0
3156,2477,0
3156,394,0
3156,1915,0
3156,2753,0
3156,2102,0
3156,1224,0
3156,169,0
3156,1425,0
3156,1366,0
3156,2230,0
3156,786,0
3156,1843,0
3156,577,0
3156,1888,0
3156,1662,0
3156,825,0
3156,204,0
3156,2218,0
3156,1297,0
3156,613,0
3156,2030,0
3156,339,0
3156,2170,0
3156,2163,0
3156,2404,0
3156,162,0
3156,1489,0
3156,428,0
3156,1163,0
3156,1832,0
3156,2213,0
3156,973,0
3156,267,0
3156,1816,0
3156,792,0
3156,78,0
3156,1388,0
3156,2049,0
3156,2263,0
3156,1446,0
3156,952,0
3156,1298,0
3156,1095,0
3156,40,0
3156,867,0
3156,579,0
3156,2315,0
3156,1509,0
3156,1005,0
3156,345,0
3156,1043,0
3156,2483,0
3156,1074,0
3157,2116,1
3157,658,1
3157,670,1
3157,1880,0
3157,1346,0
3157,1104,0
3157,2255,0
3158,2436,1
3158,1892,1
3158,173,1
3158,496,1
3158,2448,0
3158,1855,0
3158,787,0
3159,91,1
3159,1787,0
3159,1784,0
3159,1973,0
3160,1763,1
3160,2436,1
3160,29,0
3160,332,0
3160,1603,0
3160,292,0
3161,1531,1
3161,589,0
3162,2407,1
3162,1271,1
3162,2751,0
3162,1946,0
3162,108,0
3162,1191,0
3162,1292,0
3162,2268,0
3163,1531,1
3163,1616,0
3164,2700,1
3164,1188,1
3164,2549,0
3164,1059,0
3165,135,1
3165,2613,0
3165,2168,0
3166,248,1
3167,931,1
3167,4,1
3167,2116,1
3167,71,1
3167,1607,1
3167,11,1
3167,843,1
3167,1869,1
3167,107,1
3167,496,1
3167,1276,1
3167,1531,1
3167,1052,1
3167,1406,1
3167,2338,0
3167,1647,0
3167,1087,0
3167,2441,0
3167,1386,0
3167,1330,0
3167,439,0
3167,2760,0
3167,920,0
3167,2333,0
3167,1598,0
3167,1667,0
3168,2051,1
3168,140,1
3168,1296,1
3168,411,1
3168,1188,1
3168,2610,1
3168,2485,1
3168,1225,1
3168,1101,1
3168,1614,1
3168,489,1
3168,2030,1
3168,504,1
3168,1176,0
3168,1463,0
3168,2179,0
3168,1785,0
3168,1987,0
3168,327,0
3168,2612,0
3168,2432,0
3168,1871,0
3169,1451,1
3169,1691,0
3169,2079,0
3170,1531,1
3171,1531,1
3172,193,1
3172,802,1
3172,1188,1
3172,1892,1
3172,2700,1
3172,433,1
3172,312,1
3172,2236,1
3172,607,0
3172,1224,0
3172,368,0
3172,1393,0
3172,2385,0
3172,1796,0
3172,2565,0
3172,2754,0
3172,1775,0
3173,1044,1
3174,1506,1
3174,2116,1
3174,1156,1
3174,1894,1
3174,2247,1
3174,424,1
3174,2093,1
3174,270,1
3174,2163,1
3174,2486,1
3174,762,1
3174,682,0
3174,1744,0
3174,2489,0
3174,2044,0
3174,1777,0
3174,53,0
3174,58,0
3174,2457,0
3174,198,0
3175,2116,1
3175,2084,1
3175,166,1
3175,727,0
3175,1149,0
3175,1506,0
3175,1040,0
3176,1613,0
3176,1014,0
3177,2236,1
3177,939,0
3178,1879,0
3179,1181,1
3179,2043,0
3180,2785,1
3180,1607,1
3180,266,1
3180,1611,1
3180,1592,1
3180,1039,1
3180,2584,1
3180,1531,1
3180,466,0
3180,379,0
3180,602,0
3180,1658,0
3180,504,0
3180,129,0
3180,2101,0
3180,539,0
3181,1059,1
3181,1753,1
3181,1181,1
3181,21,0
3182,931,1
3182,389,1
3182,2700,1
3182,2475,1
3182,746,1
3182,1172,1
3182,2421,1
3182,2232,1
3182,1531,1
3182,2236,1
3182,1439,1
3182,573,0
3182,48,0
3182,204,0
3182,1797,0
3182,1520,0
3182,644,0
3182,1798,0
3182,350,0
3182,1918,0
3182,2496,0
3182,54,0
3182,762,0
3183,642,1
3183,1082,1
3183,748,1
3183,852,1
3183,375,1
3183,186,1
3183,380,1
3183,1285,0
3183,2184,0
3183,2636,0
3183,2220,0
3183,488,0
3184,1027,1
3184,1019,1
3184,32,1
3184,34,1
3184,1063,1
3184,2603,1
3184,1069,1
3184,2103,1
3184,570,1
3184,79,1
3184,81,1
3184,2646,1
3184,87,1
3184,1113,1
3184,2653,1
3184,1634,1
3184,1126,1
3184,1131,1
3184,2675,1
3184,2688,1
3184,1673,1
3184,1171,1
3184,2708,1
3184,148,1
3184,1180,1
3184,682,1
3184,687,1
3184,194,1
3184,2754,1
3184,2767,1
3184,1748,1
3184,2772,1
3184,2263,1
3184,1759,1
3184,231,1
3184,748,1
3184,771,1
3184,1284,1
3184,2310,1
3184,1286,1
3184,1287,1
3184,1801,1
3184,1805,1
3184,1812,1
3184,285,1
3184,1310,1
3184,2340,1
3184,1318,1
3184,1829,1
3184,320,1
3184,833,1
3184,332,1
3184,1360,1
3184,872,1
3184,1897,1
3184,1392,1
3184,371,1
3184,2421,1
3184,1912,1
3184,1409,1
3184,394,1
3184,1428,1
3184,918,1
3184,1947,1
3184,924,1
3184,1952,1
3184,1953,1
3184,2468,1
3184,1958,1
3184,937,1
3184,2016,1
3184,482,1
3184,502,1
3184,1531,1
3184,2205,0
3184,2319,0
3184,680,0
3184,788,0
3184,624,0
3184,1479,0
3184,1869,0
3184,2237,0
3184,1594,0
3184,1106,0
3184,2022,0
3184,2357,0
3184,1657,0
3184,2226,0
3184,1601,0
3184,1335,0
3184,406,0
3184,2636,0
3184,2222,0
3184,2089,0
3184,915,0
3184,1105,0
3184,735,0
3184,492,0
3184,726,0
3184,1926,0
3184,2416,0
3184,2580,0
3184,123,0
3184,1340,0
3184,1157,0
3184,2319,0
3184,460,0
3184,2442,0
3184,85,0
3184,1732,0
3184,941,0
3184,1905,0
3184,787,0
3184,2398,0
3184,2397,0
3184,1888,0
3184,1524,0
3184,1976,0
3184,788,0
3184,1030,0
3184,2257,0
3184,1711,0
3184,1231,0
3184,1040,0
3184,2027,0
3184,1745,0
3184,784,0
3184,697,0
3184,1367,0
3184,1780,0
3184,1111,0
3184,398,0
3184,754,0
3184,534,0
3184,276,0
3184,1406,0
3184,2457,0
3184,2657,0
3184,1105,0
3184,1205,0
3184,1580,0
3184,1541,0
3184,2353,0
3184,1068,0
3184,1588,0
3184,2251,0
3184,1100,0
3184,2765,0
3184,2315,0
3184,757,0
3184,1895,0
3184,2430,0
3184,475,0
3184,2476,0
3185,852,1
3185,853,0
3186,912,1
3186,1894,1
3186,2086,1
3186,830,1
3186,1213,0
3186,215,0
3186,388,0
3188,1181,1
3188,1318,1
3188,812,1
3188,1845,1
3188,1249,1
3188,2285,1
3188,245,1
3188,857,0
3188,1013,0
3188,2154,0
3188,1075,0
3188,2505,0
3188,514,0
3188,2071,0
3188,180,0
3188,854,0
3189,1428,1
3189,1181,1
3189,1439,1
3189,1188,1
3189,1588,1
3189,1082,1
3189,2501,1
3189,1378,1
3189,2022,1
3189,871,1
3189,617,1
3189,2030,1
3189,1273,1
3189,1091,0
3189,2591,0
3189,1170,0
3189,1970,0
3189,409,0
3189,2777,0
3189,2548,0
3189,2280,0
3189,2295,0
3189,1616,0
3189,1794,0
3190,1761,1
3190,2524,1
3190,947,0
3191,2084,1
3191,171,0
3192,402,1
3192,922,1
3192,1720,1
3192,830,1
3192,1092,1
3192,199,1
3192,1870,1
3192,2263,1
3192,1763,1
3192,103,1
3192,1395,1
3192,2043,0
3192,1168,0
3192,84,0
3192,1252,0
3192,2512,0
3192,2637,0
3192,2544,0
3192,1842,0
3193,2325,1
3193,2310,1
3193,24,0
3193,2686,0
3194,2407,1
3194,1607,1
3194,2279,1
3194,748,1
3194,496,1
3194,2133,1
3194,1531,1
3194,477,1
3194,768,0
3194,2457,0
3194,2757,0
3194,2318,0
3194,782,0
3194,2245,0
3194,2437,0
3194,1672,0
3194,1022,0
3194,2376,0
3194,957,0
3194,2295,0
3195,964,1
3195,1531,1
3195,2443,1
3195,0,0
3195,2011,0
3196,2722,1
3196,652,1
3196,1069,1
3196,913,1
3196,1143,1
3196,2046,0
3196,2242,0
3196,1837,0
3196,1774,0
3196,24,0
3196,1736,0
3197,1645,1
3197,199,1
3198,2086,1
3198,2754,0
3198,2776,0
3199,2084,1
3199,2111,0
3200,1181,1
3201,4,0
3202,1280,1
3202,2338,1
3202,579,1
3202,1092,1
3202,2504,1
3202,2220,1
3202,2134,1
3202,2425,1
3202,26,1
3202,2718,1
3202,1238,0
3202,982,0
3202,1771,0
3202,521,0
3202,2647,0
3202,64,0
3202,391,0
3202,333,0
3202,1138,0
3203,395,1
3203,2492,1
3203,2756,0
3204,1224,1
3204,748,1
3204,1189,0
3204,587,0
3205,489,1
3205,2476,1
3205,2357,1
3205,2584,1
3205,2522,0
3205,1512,0
3206,2785,1
3206,1668,1
3206,2058,1
3206,11,1
3206,830,1
3206,1903,0
3206,1862,0
3206,1043,0
3206,1727,0
3206,1825,0
3206,354,0
3206,1761,0
3207,1181,1
3207,1987,0
3207,426,0
3207,1571,0
3208,2632,1
3208,1892,1
3208,1280,0
3209,1682,0
3210,199,1
3210,1290,0
3211,2122,0
3212,2086,1
3212,2728,0
3213,2420,0
3213,1609,0
3214,1531,1
3214,1954,0
3215,737,1
3215,810,0
3216,424,1
3216,1209,1
3216,1874,1
3216,546,0
3216,581,0
3217,777,1
3217,235,1
3217,493,1
3217,281,0
3218,1801,1
3218,1296,1
3218,1938,1
3218,408,1
3218,2584,1
3218,411,1
3218,1180,1
3218,1569,1
3218,2596,1
3218,682,1
3218,2475,1
3218,1839,1
3218,1200,1
3218,819,1
3218,700,1
3218,2367,1
3218,320,1
3218,2502,1
3218,1607,1
3218,2128,1
3218,2772,1
3218,477,1
3218,2272,1
3218,1634,1
3218,1129,1
3218,181,0
3218,480,0
3218,2293,0
3218,361,0
3218,1050,0
3218,468,0
3218,1689,0
3218,624,0
3218,334,0
3218,2406,0
3218,1087,0
3218,1757,0
3218,2605,0
3218,2294,0
3218,2740,0
3218,1077,0
3218,2008,0
3218,778,0
3218,280,0
3218,1454,0
3219,68,1
3219,2151,1
3219,1897,1
3219,1204,1
3219,2265,1
3219,2590,1
3219,1813,0
3219,616,0
3219,690,0
3219,2345,0
3219,1209,0
3220,1761,1
3220,934,0
3221,576,1
3221,2532,1
3221,1612,1
3221,1900,1
3221,2256,1
3221,2290,1
3221,212,1
3221,2582,1
3221,565,1
3221,701,1
3221,584,0
3221,1994,0
3221,1544,0
3221,591,0
3221,411,0
3221,2228,0
3221,1735,0
3221,138,0
3221,436,0
3221,1144,0
3221,812,0
3222,2256,1
3222,1909,1
3222,2519,1
3222,2098,0
3223,1439,1
3224,276,1
3224,1300,1
3224,1306,1
3224,1826,1
3224,1069,1
3224,1966,1
3224,187,1
3224,1867,1
3224,2637,1
3224,83,1
3224,2776,1
3224,732,0
3224,538,0
3224,1484,0
3224,2552,0
3224,371,0
3224,1901,0
3224,2277,0
3224,635,0
3224,1239,0
3224,427,0
3224,299,0
3224,1490,0
3224,1485,0
3224,986,0
3225,1368,1
3225,518,1
3225,2436,1
3225,1707,1
3225,2258,1
3225,344,1
3225,830,1
3225,124,0
3225,190,0
3225,2075,0
3225,1643,0
3225,1391,0
3225,1740,0
3225,862,0
3225,1266,0
3225,1055,0
3225,1822,0
3226,518,1
3226,1607,1
3226,682,1
3226,2443,1
3226,917,1
3226,125,1
3226,1088,0
3226,375,0
3226,38,0
3227,2688,1
3227,518,1
3227,1686,1
3227,1392,0
3227,2427,0
3227,2659,0
3227,2362,0
3228,1412,1
3228,2632,1
3228,1611,1
3228,1966,1
3228,496,1
3228,1808,1
3228,1633,0
3228,2621,0
3228,1977,0
3228,1317,0
3228,2297,0
3229,960,1
3229,863,0
3229,1554,0
3229,458,0
3230,517,1
3230,424,1
3230,107,1
3230,1802,0
3230,78,0
3230,2041,0
3230,2550,0
3230,726,0
3231,1338,1
3231,1058,1
3231,199,1
3231,2651,0
3231,1391,0
3231,719,0
3231,127,0
3232,2371,1
3232,2277,1
3232,1319,0
3233,1271,0
3234,517,1
3234,518,1
3234,523,1
3234,528,1
3234,1041,1
3234,1044,1
3234,1052,1
3234,1057,1
3234,39,1
3234,2140,1
3234,104,1
3234,124,1
3234,132,1
3234,2696,1
3234,2700,1
3234,164,1
3234,1188,1
3234,678,1
3234,2216,1
3234,1193,1
3234,696,1
3234,1220,1
3234,1740,1
3234,1799,1
3234,791,1
3234,302,1
3234,819,1
3234,317,1
3234,332,1
3234,1360,1
3234,1366,1
3234,1881,1
3234,868,1
3234,1931,1
3234,908,1
3234,2445,1
3234,2450,1
3234,1461,1
3234,2490,1
3234,1978,1
3234,1979,1
3234,1980,1
3234,2537,1
3234,2702,0
3234,1357,0
3234,968,0
3234,11,0
3234,2412,0
3234,114,0
3234,1265,0
3234,1626,0
3234,2311,0
3234,2361,0
3234,249,0
3234,88,0
3234,2363,0
3234,2508,0
3234,2680,0
3234,2739,0
3234,1291,0
3234,1343,0
3234,46,0
3234,1135,0
3234,1883,0
3234,2551,0
3234,2577,0
3234,833,0
3234,1509,0
3234,2788,0
3234,111,0
3234,1157,0
3234,20,0
3234,2320,0
3234,1085,0
3234,370,0
3234,1102,0
3234,1843,0
3234,586,0
3234,2374,0
3234,1703,0
3234,265,0
3234,2097,0
3234,752,0
3234,1616,0
3234,2271,0
3234,157,0
3234,414,0
3234,2348,0
3234,2592,0
3234,2196,0
3234,1982,0
3234,2063,0
3234,233,0
3234,58,0
3234,2520,0
3234,708,0
3235,1360,1
3235,232,1
3235,2677,1
3235,520,0
3236,1952,1
3236,1249,1
3236,102,1
3236,717,1
3236,985,1
3236,2732,0
3236,730,0
3236,177,0
3236,1256,0
3236,1607,0
3236,664,0
3236,1970,0
3236,2176,0
3237,1731,1
3237,518,1
3237,1645,1
3237,1039,0
3237,2203,0
3237,93,0
3237,1439,0
3238,2677,1
3239,2256,1
3239,344,1
3239,2621,0
3239,152,0
3240,2785,1
3241,424,1
3242,1250,1
3242,1123,1
3242,2086,1
3242,1000,1
3242,333,1
3242,508,1
3242,2783,1
3242,611,0
3242,1960,0
3242,1792,0
3243,2051,1
3243,1532,1
3244,131,1
3244,517,1
3244,2181,1
3244,1802,1
3244,1303,1
3244,1052,1
3244,1057,1
3244,1575,1
3244,1448,1
3244,2600,1
3244,680,1
3244,943,1
3244,1979,1
3244,1852,1
3244,2494,1
3244,2371,1
3244,725,1
3244,472,1
3244,1113,1
3244,375,1
3244,1249,1
3244,489,1
3244,1131,1
3244,496,1
3244,1397,1
3244,1909,1
3244,1271,1
3244,758,1
3244,640,0
3244,1869,0
3244,1178,0
3244,921,0
3244,114,0
3244,2502,0
3244,2556,0
3244,42,0
3244,1948,0
3244,1957,0
3244,1712,0
3244,157,0
3244,1218,0
3244,2784,0
3244,1605,0
3244,1929,0
3244,2670,0
3244,1563,0
3244,1751,0
3244,2168,0
3244,261,0
3244,294,0
3244,2706,0
3244,1689,0
3245,964,1
3245,360,1
3245,106,1
3245,1610,1
3245,2253,1
3245,1425,1
3245,1874,1
3245,2677,1
3245,2453,1
3245,1683,0
3245,1488,0
3245,1992,0
3245,2321,0
3245,591,0
3246,2519,1
3246,1346,0
3246,2580,0
3247,2407,1
3247,438,0
3248,32,1
3248,166,1
3248,397,1
3248,2145,0
3248,1114,0
3249,419,1
3249,1360,1
3249,247,1
3249,1368,1
3249,1151,0
3249,2382,0
3249,2119,0
3249,2267,0
3250,2785,1
3250,1889,1
3250,1768,1
3250,1052,1
3250,1428,1
3250,2492,1
3250,1214,0
3250,2522,0
3250,1680,0
3251,1410,1
3251,131,1
3251,1164,1
3251,2703,1
3251,793,1
3251,1825,1
3251,1698,1
3251,1969,1
3251,2116,1
3251,843,1
3251,332,1
3251,2640,1
3251,1877,1
3251,2265,1
3251,477,1
3251,1394,1
3251,758,1
3251,1988,0
3251,141,0
3251,2436,0
3251,1865,0
3251,954,0
3251,521,0
3251,768,0
3251,1416,0
3251,1858,0
3251,309,0
3251,1361,0
3251,1602,0
3251,969,0
3251,1802,0
3251,841,0
3251,915,0
3251,2565,0
3251,1128,0
3251,221,0
3251,828,0
3251,100,0
3252,802,1
3252,2371,1
3252,518,1
3252,472,1
3252,1801,1
3252,2443,1
3252,1099,1
3252,2603,1
3252,2772,1
3252,2133,1
3252,1592,1
3252,91,1
3252,1181,1
3252,1374,0
3252,2365,0
3252,1534,0
3252,2446,0
3252,211,0
3252,1354,0
3252,2373,0
3252,2235,0
3252,960,0
3252,1292,0
3252,284,0
3252,2110,0
3253,429,1
3253,135,1
3253,1104,0
3254,800,1
3254,608,1
3254,1368,1
3254,1000,1
3254,2036,0
3254,567,0
3254,516,0
3255,1249,1
3255,872,1
3255,362,1
3255,332,1
3255,1773,1
3255,1071,1
3255,47,1
3255,2355,1
3255,1625,0
3255,2407,0
3255,1797,0
3255,450,0
3255,2418,0
3255,2723,0
3255,1776,0
3255,423,0
3255,1873,0
3256,2646,1
3256,1753,1
3256,1261,0
3256,1316,0
3256,2616,0
3257,2600,1
3257,1531,1
3257,1356,1
3257,2423,0
3257,638,0
3258,22,1
3258,1530,0
3259,1249,1
3260,1249,1
3260,102,1
3260,2485,1
3260,922,1
3260,1308,0
3260,1897,0
3261,419,1
3261,1731,1
3261,2460,0
3261,961,0
3261,588,0
3262,795,0
3263,419,1
3263,1066,1
3263,2110,1
3263,2075,0
3263,1251,0
3263,2411,0
3263,2422,0
3264,2436,1
3264,102,1
3264,1386,1
3264,2666,1
3264,1933,1
3264,2777,1
3264,1531,1
3264,686,0
3264,1378,0
3264,2114,0
3264,1090,0
3264,1249,0
3264,2548,0
3264,1447,0
3264,1200,0
3265,1249,1
3265,994,1
3265,398,1
3265,2703,1
3265,116,0
3265,2127,0
3265,628,0
3265,322,0
3266,2561,1
3266,1249,1
3266,737,1
3266,717,1
3266,1645,1
3266,2677,1
3266,251,1
3266,2268,1
3266,670,0
3266,1856,0
3266,2040,0
3266,272,0
3266,686,0
3266,548,0
3266,2787,0
3266,1724,0
3266,506,0
3266,1458,0
3267,332,1
3267,2606,1
3267,1360,1
3267,402,1
3267,372,1
3267,2646,1
3267,765,1
3267,543,1
3267,706,0
3267,1495,0
3267,1607,0
3267,1087,0
3267,2263,0
3267,1132,0
3268,419,1
3268,1351,1
3268,1213,0
3268,597,0
3268,1032,0
3268,1523,0
3268,820,0
3269,872,1
3269,1947,0
3270,496,1
3270,2281,0
3271,960,1
3271,1668,1
3271,1040,0
3272,2568,1
3272,2075,1
3272,28,1
3272,31,1
3272,32,1
3272,2086,1
3272,39,1
3272,2087,1
3272,1611,1
3272,594,1
3272,88,1
3272,96,1
3272,613,1
3272,1134,1
3272,2677,1
3272,1143,1
3272,636,1
3272,642,1
3272,1669,1
3272,2184,1
3272,1694,1
3272,1183,1
3272,675,1
3272,1189,1
3272,1702,1
3272,1191,1
3272,176,1
3272,1202,1
3272,2229,1
3272,2232,1
3272,1208,1
3272,2241,1
3272,2771,1
3272,213,1
3272,224,1
3272,2272,1
3272,2785,1
3272,1764,1
3272,2290,1
3272,1786,1
3272,1282,1
3272,1804,1
3272,781,1
3272,1810,1
3272,276,1
3272,1826,1
3272,804,1
3272,1320,1
3272,1344,1
3272,1350,1
3272,1351,1
3272,840,1
3272,1368,1
3272,865,1
3272,1892,1
3272,1897,1
3272,2416,1
3272,1398,1
3272,886,1
3272,1915,1
3272,2430,1
3272,395,1
3272,907,1
3272,1933,1
3272,398,1
3272,1421,1
3272,922,1
3272,926,1
3272,1960,1
3272,1449,1
3272,439,1
3272,2492,1
3272,470,1
3272,2519,1
3272,493,1
3272,2546,1
3272,1011,1
3272,2038,1
3272,507,1
3272,862,0
3272,2198,0
3272,1376,0
3272,1910,0
3272,1520,0
3272,2180,0
3272,2162,0
3272,517,0
3272,681,0
3272,1871,0
3272,626,0
3272,192,0
3272,2014,0
3272,184,0
3272,2088,0
3272,2049,0
3272,628,0
3272,2368,0
3272,511,0
3272,2090,0
3272,1070,0
3272,1054,0
3272,517,0
3272,161,0
3272,698,0
3272,540,0
3272,2515,0
3272,1809,0
3272,133,0
3272,2709,0
3272,410,0
3272,497,0
3272,1830,0
3272,1289,0
3272,2355,0
3272,2681,0
3272,2752,0
3272,1747,0
3272,2214,0
3272,1973,0
3272,391,0
3272,200,0
3272,1678,0
3272,1609,0
3272,1013,0
3272,634,0
3272,1944,0
3272,2538,0
3272,2393,0
3272,747,0
3272,2570,0
3272,487,0
3272,253,0
3272,1307,0
3272,1758,0
3272,363,0
3272,751,0
3272,566,0
3272,2382,0
3272,1610,0
3272,419,0
3272,1766,0
3272,185,0
3272,1073,0
3272,869,0
3273,1838,0
3274,1793,1
3274,3,1
3274,284,1
3274,809,1
3274,2358,1
3274,59,1
3274,2371,1
3274,1742,1
3274,2644,1
3274,2266,1
3274,857,1
3274,1513,1
3274,240,1
3274,1397,1
3274,2041,1
3274,1988,0
3274,2248,0
3274,2245,0
3274,185,0
3274,1556,0
3274,2245,0
3274,1268,0
3274,2341,0
3274,942,0
3274,7,0
3274,1463,0
3274,2677,0
3274,289,0
3274,1163,0
3274,603,0
3274,454,0
3274,1913,0
3274,2107,0
3274,2068,0
3275,2561,1
3275,264,1
3275,1680,1
3275,2595,1
3275,830,1
3275,2125,1
3275,985,1
3275,1134,1
3275,238,1
3275,2038,1
3275,1341,0
3275,1963,0
3275,1679,0
3275,425,0
3275,1914,0
3275,531,0
3275,876,0
3275,584,0
3275,2636,0
3275,1480,0
3275,99,0
3276,960,1
3276,1249,1
3276,2387,0
3277,953,1
3277,2519,1
3277,904,0
3277,1646,0
3277,1459,0
3279,2561,1
3279,1773,1
3279,2382,1
3279,347,1
3279,2691,0
3279,883,0
3279,1331,0
3279,792,0
3279,1375,0
3279,419,0
3279,2639,0
3279,431,0
3279,2059,0
3279,1248,0
3280,32,1
3280,1598,0
3280,2216,0
3281,1168,1
3281,419,1
3281,943,1
3281,2355,1
3281,2488,1
3281,830,1
3281,1607,1
3281,2128,1
3281,1240,1
3281,93,1
3281,2429,1
3281,1239,0
3281,1399,0
3281,2432,0
3281,741,0
3281,869,0
3281,1345,0
3281,1191,0
3281,1975,0
3281,2084,0
3281,1161,0
3281,2727,0
3281,2672,0
3281,251,0
3282,2021,1
3282,2069,1
3282,1913,1
3282,2136,0
3282,2530,0
3283,1428,1
3283,199,1
3283,145,0
3284,1928,1
3284,2443,1
3284,2546,1
3284,948,1
3284,1082,1
3284,2117,0
3284,1604,0
3284,1256,0
3284,938,0
3284,1824,0
3284,869,0
3284,87,0
3285,2561,1
3285,1763,1
3285,2086,1
3285,518,1
3285,166,1
3285,1066,1
3285,173,1
3285,1360,1
3285,1368,1
3285,2320,0
3285,2029,0
3285,1061,0
3285,14,0
3285,56,0
3285,93,0
3285,713,0
3285,1441,0
3285,1862,0
3286,2640,1
3286,2039,1
3286,477,1
3286,99,0
3286,1418,0
3286,2018,0
3286,943,0
3286,2517,0
3286,1428,0
3286,2268,0
3287,1360,1
3287,222,0
3287,513,0
3288,1249,1
3288,102,1
3288,84,0
3288,2756,0
3288,679,0
3289,2443,1
3290,1249,1
3290,1867,1
3290,2764,0
3290,411,0
3290,1659,0
3291,2561,1
3291,402,1
3291,344,1
3291,2428,1
3291,860,0
3291,1074,0
3291,97,0
3291,1518,0
3292,1299,1
3292,47,1
3292,1945,0
3292,1485,0
3293,362,1
3293,1730,0
3294,2048,1
3294,912,1
3294,800,1
3294,2218,1
3294,1966,1
3294,953,1
3294,1083,1
3294,1855,1
3294,1240,1
3294,228,1
3294,2030,1
3294,878,1
3294,2546,1
3294,1267,0
3294,1826,0
3294,2511,0
3294,41,0
3294,4,0
3294,722,0
3294,2059,0
3294,1346,0
3294,1806,0
3294,2348,0
3294,611,0
3295,2306,0
3296,1249,1
3296,1505,1
3296,419,1
3296,1273,1
3296,369,1
3296,2743,1
3296,1592,1
3296,2265,1
3296,1052,1
3296,1757,1
3296,113,0
3296,2539,0
3296,1063,0
3296,422,0
3296,1426,0
3296,2490,0
3296,1618,0
3296,2771,0
3296,602,0
3297,690,1
3297,1416,0
3297,2635,0
3299,32,1
3300,2498,1
3300,2550,0
3301,960,1
3301,32,1
3301,818,1
3301,166,1
3301,187,0
3301,1691,0
3301,2007,0
3302,186,1
3302,818,1
3302,1942,0
3303,1051,1
3303,800,1
3303,575,1
3303,1731,1
3303,1360,1
3303,2135,1
3303,2395,1
3303,1372,1
3303,1250,1
3303,2426,1
3303,1915,1
3303,415,0
3303,1703,0
3303,804,0
3303,2150,0
3303,165,0
3303,2156,0
3303,64,0
3303,2377,0
3303,56,0
3303,1784,0
3303,1681,0
3303,1369,0
3303,2279,0
3303,1254,0
3303,2776,0
3303,2064,0
3303,1603,0
3304,1299,1
3304,2334,0
3305,2423,1
3305,1693,0
3306,576,1
3306,818,1
3306,1711,0
3307,1792,1
3307,264,1
3307,11,1
3307,402,1
3307,2069,1
3307,2072,1
3307,170,1
3307,173,1
3307,817,1
3307,818,1
3307,194,1
3307,2248,1
3307,1872,1
3307,2646,1
3307,1368,1
3307,344,1
3307,93,1
3307,103,1
3307,496,1
3307,2679,1
3307,1531,1
3307,212,0
3307,1391,0
3307,1160,0
3307,829,0
3307,2222,0
3307,2478,0
3307,2731,0
3307,1892,0
3307,2341,0
3307,905,0
3307,1241,0
3307,1455,0
3307,1461,0
3307,1816,0
3307,938,0
3307,2550,0
3307,256,0
3307,2125,0
3307,1498,0
3307,1501,0
3308,818,1
3309,640,1
3309,32,1
3309,1187,1
3309,1574,1
3309,2600,1
3309,1321,1
3309,1455,1
3309,1855,1
3309,1867,1
3309,1355,1
3309,2382,1
3309,2142,1
3309,1647,1
3309,244,1
3309,2682,1
3309,157,0
3309,2549,0
3309,687,0
3309,2650,0
3309,1368,0
3309,948,0
3309,1410,0
3309,535,0
3309,583,0
3309,429,0
3309,589,0
3309,1458,0
3309,2334,0
3309,771,0
3309,1884,0
3309,2249,0
3309,435,0
3309,2317,0
3310,1348,1
3310,486,1
3310,524,1
3310,1047,1
3310,979,0
3310,586,0
3310,170,0
3310,1472,0
3311,32,1
3311,2646,1
3311,204,0
3311,2347,0
3311,1901,0
3311,818,0
3312,1249,1
3312,419,1
3312,1011,1
3312,1171,1
3312,2072,1
3312,1563,1
3312,668,1
3312,833,0
3312,746,0
3312,2466,0
3312,1611,0
3313,32,1
3313,801,0
3314,2210,1
3314,518,1
3314,427,1
3314,1356,1
3314,908,1
3314,1101,1
3314,589,1
3314,1299,1
3314,2045,1
3314,1160,0
3314,1861,0
3314,2711,0
3314,1773,0
3314,2082,0
3314,2702,0
3314,2560,0
3314,2179,0
3315,890,1
3315,220,0
3316,2154,1
3316,1428,1
3316,785,0
3316,598,0
3316,670,0
3317,2640,1
3318,2125,1
3318,1185,0
3318,1455,0
3319,1531,1
3320,1072,1
3320,1289,1
3320,1872,1
3320,349,0
3320,2318,0
3321,964,1
3321,1611,1
3321,1134,1
3321,1824,0
3321,2256,0
3322,647,1
3322,1928,1
3322,2703,1
3322,1275,1
3322,1299,1
3322,670,1
3322,2472,1
3322,301,1
3322,818,1
3322,59,1
3322,194,1
3322,1733,1
3322,973,1
3322,333,1
3322,1999,1
3322,2136,1
3322,2265,1
3322,1625,1
3322,2018,1
3322,2151,1
3322,1897,1
3322,2411,1
3322,369,1
3322,1778,1
3322,1273,1
3322,252,1
3322,375,0
3322,467,0
3322,2770,0
3322,980,0
3322,932,0
3322,1811,0
3322,1144,0
3322,2483,0
3322,2067,0
3322,1980,0
3322,2468,0
3322,651,0
3322,1583,0
3322,1314,0
3322,2281,0
3322,787,0
3322,1718,0
3322,140,0
3322,1611,0
3322,1661,0
3322,2092,0
3322,247,0
3322,47,0
3322,1363,0
3322,983,0
3322,741,0
3322,1401,0
3323,2110,1
3323,138,0
3323,473,0
3323,1146,0
3324,102,1
3324,2640,1
3324,2069,1
3324,793,1
3324,686,0
3324,1800,0
3324,1133,0
3324,1551,0
3324,1153,0
3324,1850,0
3325,478,1
3326,642,1
3326,1794,1
3326,2437,1
3326,2698,1
3326,402,1
3326,2199,1
3326,922,1
3326,1698,1
3326,166,1
3326,1190,1
3326,820,1
3326,2229,1
3326,2742,1
3326,194,1
3326,1224,1
3326,1867,1
3326,2125,1
3326,344,1
3326,747,1
3326,1134,1
3326,1209,0
3326,601,0
3326,2676,0
3326,1169,0
3326,176,0
3326,449,0
3326,170,0
3326,669,0
3326,1847,0
3326,1618,0
3326,177,0
3326,908,0
3326,1040,0
3326,235,0
3326,722,0
3326,646,0
3326,1768,0
3326,392,0
3326,2357,0
3327,816,1
3327,791,1
3327,8,0
3327,1783,0
3328,2561,1
3328,2436,1
3328,2199,1
3328,2586,1
3328,1820,1
3328,166,1
3328,555,1
3328,429,1
3328,832,1
3328,194,1
3328,2265,1
3328,993,1
3328,1897,1
3328,372,1
3328,1915,1
3328,2431,1
3328,235,0
3328,2254,0
3328,2629,0
3328,2500,0
3328,2680,0
3328,2684,0
3328,1624,0
3328,1910,0
3328,99,0
3328,2232,0
3328,2572,0
3328,986,0
3328,1397,0
3328,900,0
3328,172,0
3328,1694,0
3328,184,0
3328,2262,0
3329,1763,0
3330,1611,1
3330,1239,0
3331,1761,1
3331,350,1
3331,1922,0
3331,2367,0
3331,287,0
3333,642,1
3333,2443,1
3333,2038,1
3333,1939,0
3333,1557,0
3333,2018,0
3333,770,0
3334,1496,1
3334,2584,1
3334,477,1
3335,103,1
3335,2443,1
3335,2640,1
3335,1821,1
3335,2576,0
3335,1890,0
3335,445,0
3335,2349,0
3336,1042,1
3336,2116,1
3336,507,0
3336,42,0
3336,856,0
3336,2017,0
3337,668,1
3338,1249,1
3338,2371,1
3338,166,1
3338,71,1
3338,1428,1
3338,1909,1
3338,1143,1
3338,472,1
3338,93,1
3338,1089,0
3338,1376,0
3338,2442,0
3338,2165,0
3338,824,0
3338,1424,0
3338,1075,0
3338,1703,0
3338,1382,0
3338,1436,0
3339,832,1
3339,2561,1
3339,2125,1
3339,1946,0
3339,2083,0
3339,227,0
3339,441,0
3340,517,1
3340,264,1
3340,1673,1
3340,922,1
3340,818,1
3340,472,1
3340,737,1
3340,2151,1
3340,1531,1
3340,2651,0
3340,2206,0
3340,86,0
3340,2068,0
3340,1951,0
3340,2352,0
3340,2782,0
3340,2370,0
3341,1134,1
3341,393,0
3342,1249,1
3342,419,1
3342,1697,1
3342,2443,1
3342,1039,1
3342,2640,1
3342,1749,1
3342,1657,1
3342,1979,1
3342,2349,0
3342,1912,0
3342,1543,0
3342,988,0
3342,30,0
3342,775,0
3342,1274,0
3342,1071,0
3343,321,1
3343,611,1
3343,166,1
3343,266,1
3343,2038,1
3343,1531,1
3343,1404,1
3343,758,0
3343,2010,0
3343,2096,0
3343,2069,0
3343,2261,0
3343,2102,0
3344,1360,1
3345,1287,1
3345,1679,1
3345,1430,1
3345,1302,1
3345,919,1
3345,545,1
3345,1698,1
3345,164,1
3345,2340,1
3345,1193,1
3345,2606,1
3345,1584,1
3345,183,1
3345,696,1
3345,1849,1
3345,957,1
3345,1727,1
3345,1220,1
3345,1361,1
3345,2524,1
3345,1394,1
3345,248,1
3345,122,1
3345,2369,0
3345,197,0
3345,1212,0
3345,905,0
3345,2153,0
3345,2448,0
3345,1017,0
3345,1339,0
3345,617,0
3345,920,0
3345,741,0
3345,326,0
3345,288,0
3345,2694,0
3345,558,0
3345,591,0
3345,480,0
3345,2557,0
3345,287,0
3345,1268,0
3345,1800,0
3346,2309,1
3346,1714,1
3346,1306,1
3346,31,1
3346,384,0
3347,2338,1
3347,1731,1
3347,2038,1
3347,1209,1
3347,1788,1
3347,1982,0
3347,716,0
3347,2607,0
3347,367,0
3347,2066,0
3347,2723,0
3348,2425,1
3348,1134,1
3348,1509,0
3348,1543,0
3348,501,0
3349,964,1
3349,2151,1
3349,420,0
3349,760,0
3350,2125,1
3351,865,1
3351,1190,1
3351,1134,1
3351,2677,1
3351,2038,1
3351,2016,0
3352,2050,1
3352,4,1
3352,518,1
3352,1030,1
3352,2058,1
3352,1039,1
3352,1552,1
3352,1531,1
3352,1561,1
3352,1566,1
3352,2603,1
3352,1580,1
3352,1071,1
3352,2612,1
3352,568,1
3352,1085,1
3352,1611,1
3352,1101,1
3352,2646,1
3352,606,1
3352,1119,1
3352,2656,1
3352,2151,1
3352,104,1
3352,1130,1
3352,1646,1
3352,115,1
3352,123,1
3352,1156,1
3352,1673,1
3352,654,1
3352,2709,1
3352,1188,1
3352,677,1
3352,2215,1
3352,686,1
3352,1711,1
3352,177,1
3352,1718,1
3352,2746,1
3352,2236,1
3352,1725,1
3352,2754,1
3352,1218,1
3352,197,1
3352,2761,1
3352,1223,1
3352,1763,1
3352,1773,1
3352,1791,1
3352,2319,1
3352,1294,1
3352,276,1
3352,294,1
3352,807,1
3352,1330,1
3352,819,1
3352,1845,1
3352,824,1
3352,1351,1
3352,1353,1
3352,2377,1
3352,2380,1
3352,1870,1
3352,335,1
3352,1360,1
3352,849,1
3352,852,1
3352,352,1
3352,1894,1
3352,1897,1
3352,2421,1
3352,1912,1
3352,897,1
3352,2433,1
3352,2436,1
3352,2447,1
3352,2476,1
3352,1456,1
3352,437,1
3352,446,1
3352,1983,1
3352,453,1
3352,2507,1
3352,465,1
3352,2514,1
3352,2003,1
3352,1492,1
3352,2517,1
3352,994,1
3352,494,1
3352,1522,1
3352,507,1
3352,2557,1
3352,748,0
3352,1974,0
3352,2529,0
3352,245,0
3352,1370,0
3352,136,0
3352,1672,0
3352,779,0
3352,1068,0
3352,2580,0
3352,723,0
3352,1769,0
3352,1024,0
3352,2107,0
3352,215,0
3352,847,0
3352,2781,0
3352,833,0
3352,913,0
3352,387,0
3352,2610,0
3352,257,0
3352,569,0
3352,116,0
3352,1441,0
3352,1670,0
3352,1111,0
3352,548,0
3352,2300,0
3352,2299,0
3352,212,0
3352,1987,0
3352,1204,0
3352,2736,0
3352,1358,0
3352,36,0
3352,2049,0
3352,1823,0
3352,142,0
3352,2608,0
3352,1862,0
3352,924,0
3352,2654,0
3352,2006,0
3352,396,0
3352,998,0
3352,798,0
3352,1291,0
3352,2788,0
3352,1994,0
3352,2019,0
3352,243,0
3352,2131,0
3352,999,0
3352,1260,0
3352,1339,0
3352,2623,0
3352,1302,0
3352,240,0
3352,1282,0
3352,1098,0
3352,2616,0
3352,635,0
3352,179,0
3352,2651,0
3352,2414,0
3352,787,0
3352,2538,0
3352,462,0
3352,2392,0
3352,1372,0
3352,2021,0
3352,2546,0
3352,2581,0
3352,1236,0
3352,1860,0
3352,216,0
3352,621,0
3352,1978,0
3352,694,0
3352,1122,0
3352,1805,0
3352,831,0
3352,2147,0
3352,971,0
3352,2051,0
3352,2333,0
3352,41,0
3352,2177,0
3352,2276,0
3352,2623,0
3352,2714,0
3352,122,0
3352,976,0
3352,224,0
3352,644,0
3352,703,0
3352,2098,0
3352,240,0
3352,934,0
3352,1592,0
3352,2205,0
3353,2472,1
3353,1418,1
3353,1427,1
3353,857,1
3353,185,1
3353,1295,0
3353,2253,0
3353,846,0
3353,2625,0
3353,1545,0
3354,1668,1
3354,1574,1
3354,943,1
3354,2103,1
3354,964,1
3354,1348,1
3354,1360,1
3354,477,1
3354,478,1
3354,865,1
3354,487,1
3354,489,1
3354,748,1
3354,502,1
3354,1591,0
3354,2446,0
3354,1969,0
3354,1686,0
3354,2530,0
3354,2044,0
3354,1330,0
3354,2486,0
3354,898,0
3354,2009,0
3354,1800,0
3354,1270,0
3354,2154,0
3354,1498,0
3354,2379,0
3354,2428,0
3354,1789,0
3354,2570,0
3355,2443,1
3355,1909,1
3355,1448,0
3355,1524,0
3356,632,1
3356,1829,0
3356,1071,0
3357,2722,1
3358,1668,1
3358,266,1
3358,531,1
3358,800,1
3358,2086,1
3358,1449,1
3358,818,1
3358,1892,1
3358,485,1
3358,2660,1
3358,496,1
3358,114,1
3358,1766,0
3358,695,0
3358,647,0
3358,838,0
3358,2483,0
3358,252,0
3358,2548,0
3358,748,0
3358,1782,0
3358,2260,0
3358,602,0
3359,186,1
3360,1897,1
3360,402,1
3360,372,1
3360,2646,1
3360,2777,1
3360,2627,0
3360,767,0
3361,568,1
3361,674,0
3361,1525,0
3362,832,1
3362,2033,1
3362,1111,1
3362,2265,1
3362,503,0
3362,1095,0
3362,2078,0
3362,508,0
3362,1592,0
3362,749,0
3363,197,1
3363,102,1
3363,1645,1
3363,621,1
3363,2703,1
3363,817,1
3363,1523,1
3363,830,1
3363,767,1
3363,1133,0
3363,2268,0
3363,370,0
3363,1108,0
3363,1567,0
3364,1897,1
3364,1076,0
3365,1897,1
3365,124,0
3365,266,0
3365,1493,0
3366,1156,1
3366,2692,1
3366,1029,1
3366,1161,1
3366,1035,1
3366,672,1
3366,1188,1
3366,2093,1
3366,2740,1
3366,2486,1
3366,207,1
3366,1492,1
3366,1123,1
3366,1510,1
3366,2153,1
3366,2542,1
3366,496,1
3366,2163,1
3366,2423,1
3366,252,1
3366,1104,0
3366,123,0
3366,2083,0
3366,591,0
3366,2528,0
3366,2198,0
3366,552,0
3366,2213,0
3366,1756,0
3366,1165,0
3366,831,0
3366,978,0
3366,1335,0
3366,2406,0
3366,1937,0
3366,1744,0
3366,2461,0
3366,2009,0
3366,2677,0
3366,2521,0
3366,399,0
3366,1191,0
3367,1134,1
3367,2038,1
3367,723,1
3367,1404,0
3367,360,0
3367,1138,0
3368,1897,1
3368,1134,1
3368,2038,1
3368,1740,0
3369,32,1
3369,1793,1
3369,1123,1
3369,74,1
3369,2546,1
3369,1299,1
3369,2644,1
3369,1877,1
3369,1788,1
3369,1818,0
3369,280,0
3369,2078,0
3369,2558,0
3369,319,0
3369,1768,0
3369,589,0
3369,269,0
3370,2700,1
3370,575,0
3371,2436,1
3371,1773,1
3371,2702,0
3371,1666,0
3372,822,1
3372,41,1
3372,649,1
3372,1635,0
3372,2601,0
3373,553,1
3373,2219,1
3373,1038,1
3373,2134,1
3373,1595,1
3373,63,1
3373,796,0
3373,2047,0
3373,279,0
3373,482,0
3373,2541,0
3373,1163,0
3373,2433,0
3374,1913,1
3374,1134,1
3374,1392,0
3374,1887,0
3375,800,1
3375,1000,1
3375,276,1
3375,2486,1
3375,637,1
3375,1644,0
3375,1623,0
3375,865,0
3375,574,0
3376,1897,1
3377,1067,0
3378,32,1
3378,194,1
3378,1897,1
3378,1299,1
3378,472,1
3378,1547,0
3378,1648,0
3378,162,0
3378,1936,0
3378,1305,0
3378,2192,0
3378,783,0
3379,1468,1
3381,2048,1
3381,2308,1
3381,520,1
3381,402,1
3381,2199,1
3381,287,1
3381,2338,1
3381,1190,1
3381,47,1
3381,307,1
3381,1464,1
3381,1597,1
3381,576,1
3381,466,1
3381,344,1
3381,1897,1
3381,114,1
3381,2038,1
3381,247,1
3381,2425,1
3381,123,1
3381,1508,0
3381,1717,0
3381,460,0
3381,225,0
3381,1420,0
3381,1162,0
3381,949,0
3381,1308,0
3381,2009,0
3381,750,0
3381,1712,0
3381,2538,0
3381,2490,0
3381,391,0
3381,2428,0
3381,148,0
3381,2529,0
3381,1149,0
3381,885,0
3381,424,0
3381,2434,0
3381,1015,0
3381,1309,0
3382,489,1
3382,1766,0
3383,2407,1
3383,2527,0
3383,720,0
3383,1450,0
3383,2775,0
3384,402,1
3384,906,0
3385,1468,1
3385,1400,0
3385,1737,0
3386,2525,0
3386,2278,0
3387,103,1
3387,585,1
3387,2069,1
3387,477,1
3387,782,0
3387,2608,0
3387,1603,0
3388,1897,1
3388,332,1
3388,1071,1
3388,2258,1
3388,402,1
3388,372,1
3388,2077,1
3388,543,1
3388,1308,0
3388,442,0
3388,238,0
3388,1497,0
3389,482,1
3389,2153,1
3389,2537,1
3389,1134,1
3389,1552,1
3389,465,1
3389,402,1
3389,372,1
3389,1909,1
3389,86,1
3389,2250,0
3389,526,0
3389,1704,0
3389,1132,0
3389,157,0
3389,2245,0
3389,1927,0
3389,1245,0
3390,1699,1
3390,863,0
3391,273,1
3391,1531,1
3391,1791,1
3391,886,0
3391,991,0
3391,2685,0
3391,1365,0
3391,811,0
3391,2251,0
3392,801,1
3392,2630,1
3392,2646,1
3392,2661,0
3392,333,0
3392,2196,0
3392,648,0
3393,2338,1
3393,613,1
3393,2425,1
3393,287,1
3393,1943,0
3393,1866,0
3393,1893,0
3394,1134,1
3394,1046,0
3394,2378,0
3394,682,0
3396,2376,1
3396,333,1
3396,276,1
3396,2523,1
3396,1694,1
3396,1201,0
3396,753,0
3396,137,0
3396,2743,0
3397,2151,1
3397,1897,1
3397,2430,1
3397,1173,0
3397,2122,0
3397,1171,0
3398,4,1
3398,1422,1
3398,2065,1
3398,2452,1
3398,797,1
3398,1695,1
3398,2095,1
3398,575,1
3398,321,1
3398,1609,1
3398,2764,1
3398,852,1
3398,1492,1
3398,88,1
3398,1240,1
3398,2783,1
3398,2785,1
3398,994,1
3398,102,1
3398,1897,1
3398,2544,1
3398,2297,1
3398,1239,0
3398,1512,0
3398,374,0
3398,2258,0
3398,312,0
3398,2076,0
3398,668,0
3398,277,0
3398,443,0
3398,1368,0
3398,1837,0
3398,2523,0
3398,2115,0
3398,1584,0
3398,1002,0
3398,1262,0
3398,1827,0
3398,1902,0
3398,1379,0
3398,378,0
3398,2680,0
3398,1019,0
3398,1204,0
3398,1852,0
3398,2011,0
3398,2118,0
3399,1251,1
3399,1287,1
3399,11,1
3399,238,1
3399,366,1
3399,2421,1
3399,1877,1
3399,93,1
3399,2091,0
3399,2427,0
3399,101,0
3399,2504,0
3399,1952,0
3399,2783,0
3399,1430,0
3400,1299,1
3400,1660,1
3400,1371,0
3400,1972,0
3401,372,1
3401,1776,0
3402,1299,1
3402,253,0
3402,129,0
3403,897,1
3403,2433,1
3403,1410,1
3403,2695,1
3403,2450,1
3403,276,1
3403,1566,1
3403,2464,1
3403,812,1
3403,2093,1
3403,2606,1
3403,2232,1
3403,1728,1
3403,1346,1
3403,449,1
3403,197,1
3403,1870,1
3403,1241,1
3403,346,1
3403,1113,1
3403,2785,1
3403,1896,1
3403,1264,1
3403,114,1
3403,2557,1
3403,126,1
3403,695,0
3403,1891,0
3403,2620,0
3403,1242,0
3403,1480,0
3403,2745,0
3403,2752,0
3403,1268,0
3403,2089,0
3403,76,0
3403,1956,0
3403,1915,0
3403,756,0
3403,822,0
3403,2479,0
3403,1467,0
3403,1958,0
3403,724,0
3403,2385,0
3403,50,0
3403,2624,0
3403,1797,0
3403,934,0
3403,1967,0
3403,1747,0
3403,2250,0
3403,254,0
3405,103,1
3405,2512,0
3405,1180,0
3406,2626,1
3406,2443,1
3406,857,1
3406,830,1
3406,368,0
3406,1186,0
3406,698,0
3406,43,0
3406,2203,0
3406,2201,0
3406,2518,0
3407,2563,1
3407,903,1
3407,2186,1
3407,528,1
3407,2320,1
3407,1171,1
3407,922,1
3407,802,1
3407,820,1
3407,2742,1
3407,2492,1
3407,977,1
3407,1358,0
3407,128,0
3407,751,0
3407,1056,0
3407,1050,0
3407,247,0
3407,1396,0
3407,546,0
3407,1674,0
3408,1346,1
3408,1668,1
3408,2407,1
3408,1126,1
3408,2603,1
3408,746,1
3408,973,1
3408,496,1
3408,402,1
3408,1686,1
3408,1531,1
3408,2639,0
3408,1076,0
3408,1749,0
3408,2447,0
3408,2665,0
3408,1714,0
3408,2205,0
3408,2196,0
3408,420,0
3408,826,0
3409,402,1
3409,347,0
3410,1897,1
3410,397,1
3410,47,1
3410,1577,0
3410,1058,0
3411,1763,1
3411,2397,0
3412,1181,1
3412,2175,1
3412,911,0
3412,121,0
3413,32,1
3413,737,1
3413,332,1
3413,2114,0
3413,2732,0
3413,238,0
3413,322,0
3414,1287,1
3414,397,1
3414,1310,1
3414,1057,1
3414,2594,1
3414,1318,1
3414,1071,1
3414,1351,1
3414,1870,1
3414,480,1
3414,1761,1
3414,1278,1
3414,1697,0
3414,2136,0
3414,1054,0
3414,444,0
3414,1304,0
3414,223,0
3414,1885,0
3414,92,0
3414,2114,0
3415,1378,1
3415,103,1
3415,717,1
3415,709,0
3415,1358,0
3415,2558,0
3415,67,0
3415,458,0
3417,576,1
3417,402,1
3417,372,1
3417,252,0
3417,2490,0
3417,790,0
3418,32,1
3418,1352,1
3418,746,1
3418,2622,0
3418,1881,0
3418,365,0
3418,656,0
3419,710,1
3419,1351,0
3420,344,1
3420,1897,1
3421,762,1
3421,1143,1
3422,2151,1
3422,344,1
3422,668,1
3422,956,0
3422,2168,0
3423,264,1
3423,1738,0
3424,818,1
3424,239,0
3424,1534,0
3425,416,1
3425,1039,1
3425,1360,1
3425,2546,1
3425,2646,1
3425,1271,1
3425,344,1
3425,2265,1
3425,186,1
3425,1979,1
3425,1020,1
3425,2051,0
3425,592,0
3425,668,0
3425,945,0
3425,632,0
3425,1109,0
3425,2320,0
3425,131,0
3425,415,0
3425,2130,0
3426,32,1
3426,1892,1
3426,2151,1
3426,1299,1
3426,1119,1
3426,2560,0
3426,885,0
3426,376,0
3426,1675,0
3426,1710,0
3427,264,1
3427,746,0
3427,1265,0
3427,2542,0
3428,1143,1
3428,1303,1
3428,1491,0
3428,1431,0
3429,320,1
3429,1316,1
3429,2596,1
3429,264,1
3429,1801,1
3429,812,1
3429,1748,1
3429,2584,1
3429,2265,1
3429,989,1
3429,592,0
3429,29,0
3429,1558,0
3429,2056,0
3429,2718,0
3430,981,0
3430,2495,0
3431,344,1
3431,391,1
3431,968,1
3431,1867,1
3431,875,1
3431,114,1
3431,818,1
3431,638,1
3431,2183,0
3431,925,0
3431,1960,0
3431,2114,0
3431,2522,0
3431,1344,0
3431,464,0
3431,1652,0
3431,752,0
3432,517,1
3432,1052,1
3432,544,1
3432,2086,1
3432,2091,1
3432,2606,1
3432,52,1
3432,1592,1
3432,570,1
3432,2626,1
3432,1603,1
3432,1607,1
3432,1097,1
3432,1611,1
3432,2637,1
3432,2646,1
3432,87,1
3432,1113,1
3432,91,1
3432,1637,1
3432,1652,1
3432,1659,1
3432,1667,1
3432,1180,1
3432,682,1
3432,683,1
3432,2761,1
3432,2260,1
3432,725,1
3432,2263,1
3432,1753,1
3432,1757,1
3432,1249,1
3432,748,1
3432,2288,1
3432,755,1
3432,1791,1
3432,1284,1
3432,2310,1
3432,2313,1
3432,266,1
3432,1805,1
3432,786,1
3432,279,1
3432,1303,1
3432,1310,1
3432,2337,1
3432,1316,1
3432,2355,1
3432,1845,1
3432,830,1
3432,1351,1
3432,332,1
3432,869,1
3432,1894,1
3432,2421,1
3432,389,1
3432,1931,1
3432,398,1
3432,408,1
3432,419,1
3432,2469,1
3432,431,1
3432,433,1
3432,2485,1
3432,439,1
3432,1976,1
3432,2494,1
3432,967,1
3432,970,1
3432,480,1
3432,2023,1
3432,489,1
3432,1531,1
3432,2419,0
3432,1365,0
3432,198,0
3432,1646,0
3432,1443,0
3432,1906,0
3432,1150,0
3432,1157,0
3432,236,0
3432,503,0
3432,2642,0
3432,1723,0
3432,2157,0
3432,2181,0
3432,2501,0
3432,1782,0
3432,466,0
3432,2533,0
3432,632,0
3432,156,0
3432,1442,0
3432,1275,0
3432,1095,0
3432,386,0
3432,361,0
3432,1567,0
3432,889,0
3432,380,0
3432,2789,0
3432,1279,0
3432,1234,0
3432,837,0
3432,730,0
3432,2040,0
3432,1255,0
3432,1653,0
3432,1185,0
3432,420,0
3432,2406,0
3432,2160,0
3432,723,0
3432,1092,0
3432,2301,0
3432,582,0
3432,1694,0
3432,519,0
3432,2578,0
3432,403,0
3432,2779,0
3432,758,0
3432,669,0
3432,1355,0
3432,917,0
3432,1622,0
3432,84,0
3432,2671,0
3432,1570,0
3432,1134,0
3432,346,0
3432,2493,0
3432,2373,0
3432,833,0
3432,2598,0
3432,611,0
3432,155,0
3432,383,0
3432,1727,0
3432,1713,0
3432,1510,0
3432,1001,0
3432,459,0
3433,1760,1
3433,961,1
3433,1346,1
3433,643,0
3433,542,0
3433,25,0
3434,2263,1
3434,2151,1
3434,2280,0
3435,2263,1
3435,438,0
3436,1953,1
3436,2263,1
3436,1951,1
3436,1791,1
3436,2689,0
3436,699,0
3436,1263,0
3436,2283,0
3436,1227,0
3436,1939,0
3436,897,0
3436,2114,0
3436,1909,0
3436,1264,0
3437,1574,1
3437,969,1
3437,830,1
3437,650,0
3437,2084,0
3437,1434,0
3437,1692,0
3437,1436,0
3438,1090,1
3438,1864,1
3438,2764,1
3438,372,1
3438,2774,1
3438,588,0
3438,2376,0
3438,321,0
3438,2356,0
3438,1127,0
3438,162,0
3438,1406,0
3438,599,0
3439,492,1
3439,818,1
3439,668,1
3439,477,1
3439,2324,0
3439,1254,0
3439,1727,0
3439,1620,0
3440,102,1
3440,2342,1
3440,200,1
3440,585,1
3440,1872,1
3440,922,1
3440,998,0
3440,620,0
3440,1282,0
3440,879,0
3440,1087,0
3440,653,0
3440,2061,0
3440,1660,0
3440,1789,0
3441,103,1
3441,1645,0
3442,2258,1
3442,1673,1
3442,1891,0
3442,1872,0
3442,2137,0
3443,2210,1
3443,646,1
3443,1190,1
3443,1673,1
3443,2477,1
3443,1299,1
3443,2152,0
3443,1333,0
3443,130,0
3443,2051,0
3443,713,0
3444,2496,0
3445,2785,1
3445,2300,0
3446,922,1
3446,1867,1
3446,2470,0
3446,2591,0
3447,2210,1
3447,197,1
3447,2437,1
3447,103,1
3447,296,1
3447,492,1
3447,2238,0
3447,2223,0
3447,1617,0
3447,2644,0
3447,806,0
3448,922,1
3449,1853,1
3449,2291,0
3449,1344,0
3450,30,1
3450,2167,1
3450,1518,0
3450,439,0
3451,642,1
3451,1892,1
3451,2546,1
3451,2568,0
3451,615,0
3451,2262,0
3452,2776,1
3452,1842,1
3452,2524,1
3452,729,0
3452,2665,0
3453,2160,0
3454,2236,1
3454,1531,1
3455,577,1
3455,102,1
3455,332,1
3455,364,1
3455,1936,1
3455,1810,1
3455,212,1
3455,2428,1
3455,1695,1
3455,2183,0
3455,1696,0
3455,2054,0
3455,1924,0
3455,1296,0
3455,626,0
3455,2421,0
3455,2662,0
3456,969,1
3457,1673,1
3458,1280,1
3458,1155,1
3458,1928,1
3458,1969,1
3458,1082,1
3458,2636,1
3458,467,1
3458,102,1
3458,1645,1
3458,2038,1
3458,2423,1
3458,1788,1
3458,1146,0
3458,1903,0
3458,2726,0
3458,1650,0
3458,2101,0
3458,1345,0
3458,351,0
3458,367,0
3458,791,0
3458,866,0
3458,2397,0
3458,2250,0
3458,2296,0
3458,1931,0
3458,2035,0
3459,832,1
3459,2561,1
3459,1083,0
3459,2574,0
3459,1888,0
3460,2151,1
3461,102,1
3461,1611,1
3461,910,1
3461,1360,1
3461,1055,0
3461,282,0
3461,1782,0
3462,166,1
3462,428,0
3462,2389,0
3463,197,1
3463,102,1
3463,332,1
3463,2579,1
3463,413,0
3463,414,0
3463,99,0
3463,2270,0
3463,1148,0
3464,562,1
3465,13,1
3465,1039,1
3465,15,1
3465,2575,1
3465,1042,1
3465,2579,1
3465,22,1
3465,1052,1
3465,543,1
3465,2091,1
3465,1067,1
3465,1071,1
3465,50,1
3465,2103,1
3465,1082,1
3465,62,1
3465,2639,1
3465,2646,1
3465,1113,1
3465,1119,1
3465,102,1
3465,1126,1
3465,107,1
3465,2668,1
3465,2175,1
3465,1153,1
3465,1668,1
3465,2696,1
3465,2700,1
3465,668,1
3465,2719,1
3465,2746,1
3465,187,1
3465,190,1
3465,2755,1
3465,197,1
3465,709,1
3465,2760,1
3465,2258,1
3465,1748,1
3465,1749,1
3465,1240,1
3465,232,1
3465,2283,1
3465,748,1
3465,237,1
3465,238,1
3465,755,1
3465,758,1
3465,1273,1
3465,1791,1
3465,1286,1
3465,1812,1
3465,2340,1
3465,293,1
3465,1840,1
3465,320,1
3465,326,1
3465,1864,1
3465,332,1
3465,849,1
3465,854,1
3465,1367,1
3465,868,1
3465,1893,1
3465,872,1
3465,360,1
3465,1392,1
3465,370,1
3465,2421,1
3465,397,1
3465,407,1
3465,922,1
3465,1952,1
3465,419,1
3465,2468,1
3465,437,1
3465,1979,1
3465,451,1
3465,965,1
3465,1490,1
3465,1495,1
3465,496,1
3465,2036,1
3465,2553,1
3465,1019,1
3465,1323,0
3465,339,0
3465,2226,0
3465,864,0
3465,1914,0
3465,891,0
3465,756,0
3465,1921,0
3465,476,0
3465,2277,0
3465,2453,0
3465,2259,0
3465,546,0
3465,45,0
3465,1795,0
3465,361,0
3465,952,0
3465,1632,0
3465,2662,0
3465,28,0
3465,1600,0
3465,361,0
3465,853,0
3465,212,0
3465,2521,0
3465,68,0
3465,2092,0
3465,2484,0
3465,1100,0
3465,1255,0
3465,1850,0
3465,243,0
3465,1982,0
3465,1638,0
3465,1924,0
3465,819,0
3465,2044,0
3465,2629,0
3465,1467,0
3465,917,0
3465,446,0
3465,961,0
3465,2049,0
3465,1150,0
3465,1128,0
3465,369,0
3465,418,0
3465,1438,0
3465,1238,0
3465,906,0
3465,2215,0
3465,495,0
3465,524,0
3465,2394,0
3465,2063,0
3465,2271,0
3465,450,0
3465,1661,0
3465,1631,0
3465,2034,0
3465,845,0
3465,1784,0
3465,56,0
3465,2498,0
3465,1481,0
3465,844,0
3465,2493,0
3465,569,0
3465,2131,0
3465,2491,0
3465,1121,0
3465,479,0
3465,311,0
3465,2683,0
3465,2762,0
3465,2166,0
3465,368,0
3465,2628,0
3465,1288,0
3465,1474,0
3465,1036,0
3465,179,0
3465,2757,0
3465,2595,0
3465,242,0
3465,2726,0
3465,2751,0
3465,1593,0
3465,268,0
3465,63,0
3465,963,0
3465,634,0
3465,1602,0
3465,548,0
3465,764,0
3465,805,0
3465,2203,0
3465,1648,0
3465,1199,0
3465,1596,0
3466,1071,1
3466,1811,0
3467,2568,1
3467,608,0
3467,2361,0
3468,1299,1
3468,197,1
3468,1071,1
3468,1964,0
3468,2381,0
3469,1673,1
3469,2607,0
3470,391,1
3470,74,1
3470,762,1
3470,2607,0
3470,304,0
3470,566,0
3470,1783,0
3470,2675,0
3470,28,0
3471,1190,1
3471,1224,1
3471,2125,1
3471,114,1
3471,372,1
3471,2038,1
3471,344,1
3471,985,1
3471,1660,1
3471,633,0
3471,1899,0
3471,826,0
3471,2683,0
3471,2321,0
3471,2571,0
3471,1540,0
3473,680,0
3473,2221,0
3474,1418,1
3474,2703,1
3474,2584,1
3474,831,1
3474,2255,1
3474,2640,1
3474,849,1
3474,2136,1
3474,1757,1
3474,1531,1
3474,1406,1
3474,2302,0
3474,1197,0
3474,1379,0
3474,240,0
3474,2084,0
3474,617,0
3474,566,0
3474,1421,0
3474,1223,0
3474,539,0
3474,1577,0
3475,102,1
3475,1134,1
3475,402,1
3475,922,1
3475,1853,1
3475,968,0
3475,374,0
3475,1096,0
3475,816,0
3475,2064,0
3475,128,0
3476,332,1
3476,606,0
3477,1928,1
3477,670,1
3477,544,1
3477,173,1
3477,1969,1
3477,1082,1
3477,194,1
3477,68,1
3477,2636,1
3477,2646,1
3477,2265,1
3477,102,1
3477,2283,0
3477,1762,0
3477,1747,0
3477,2717,0
3477,860,0
3477,1492,0
3477,1229,0
3477,1840,0
3477,2719,0
3477,1358,0
3477,293,0
3477,2219,0
3477,536,0
3477,1266,0
3477,1233,0
3477,2085,0
3477,2739,0
3477,2693,0
3477,111,0
3479,1428,1
3479,37,0
3480,1698,1
3480,197,1
3480,742,0
3480,1264,0
3481,2759,1
3481,1199,1
3481,244,1
3481,2646,1
3481,922,1
3481,2366,1
3481,757,0
3481,1757,0
3481,1852,0
3482,2599,1
3482,2247,1
3482,846,1
3482,2229,1
3482,1972,1
3482,2615,0
3482,317,0
3482,752,0
3482,831,0
3483,2366,1
3483,2428,0
3483,1419,0
3484,166,1
3485,2116,1
3485,11,1
3485,2256,1
3485,2677,1
3485,1915,1
3485,1537,0
3485,735,0
3485,1916,0
3486,2436,1
3486,1333,1
3486,1310,0
3486,2555,0
3487,961,1
3487,2404,1
3487,824,1
3487,762,1
3487,2139,1
3487,2102,0
3487,72,0
3487,2610,0
3487,2412,0
3487,2379,0
3487,1049,0
3488,1531,1
3488,1962,0
3489,437,0
3489,2064,0
3489,513,0
3490,518,1
3490,2646,1
3490,2765,0
3490,1460,0
3490,2549,0
3490,2759,0
3491,2532,1
3491,1892,1
3491,2297,1
3491,271,1
3491,207,1
3491,2353,1
3491,1523,1
3491,1237,1
3491,57,1
3491,2506,0
3491,457,0
3491,2609,0
3491,1725,0
3491,2405,0
3491,587,0
3491,2618,0
3491,2238,0
3491,439,0
3491,2610,0
3492,886,0
3493,2722,1
3493,2764,1
3493,2167,1
3493,1720,1
3493,2683,1
3493,941,0
3493,2427,0
3493,916,0
3493,958,0
3493,2022,0
3493,1035,0
3493,397,0
3494,2476,0
3495,2240,1
3495,2051,1
3495,523,0
3495,1613,0
3495,2169,0
3495,2341,0
3496,1218,1
3496,1385,1
3496,947,1
3496,2771,1
3496,2069,1
3496,824,1
3496,1087,0
3496,2001,0
3496,1748,0
3496,1257,0
3496,187,0
3496,2273,0
3496,1664,0
3496,190,0
3497,2485,0
3497,2236,0
3498,197,1
3498,1958,1
3498,1029,1
3498,1546,1
3498,1523,1
3498,1588,1
3498,819,1
3498,2137,1
3498,1811,0
3498,2278,0
3498,730,0
3498,2477,0
3498,1406,0
3498,2561,0
3499,2777,1
3499,102,1
3499,1107,0
3499,1337,0
3500,1393,1
3500,102,1
3500,2199,1
3500,871,0
3500,5,0
3501,1428,1
3501,2351,1
3502,2544,1
3502,2582,1
3502,2199,1
3502,2416,0
3503,384,0
3504,482,1
3504,2617,1
3504,755,0
3504,801,0
3504,2672,0
3504,1661,0
3504,268,0
3505,1346,1
3505,804,1
3505,1156,1
3505,2086,1
3505,1894,1
3505,2439,1
3505,395,1
3505,1421,1
3505,301,1
3505,2093,1
3505,1808,1
3505,2646,1
3505,1240,1
3505,2523,1
3505,997,0
3505,818,0
3505,265,0
3505,1382,0
3505,1414,0
3505,1077,0
3505,2155,0
3505,1603,0
3506,960,1
3507,2722,1
3507,1190,1
3507,264,1
3507,372,1
3507,297,0
3507,628,0
3508,912,1
3508,1795,0
3509,2072,1
3509,431,1
3511,1097,1
3511,1046,1
3511,2151,1
3511,1435,0
3511,1764,0
3511,1501,0
3511,2379,0
3512,419,1
3512,197,1
3512,2151,1
3512,872,1
3512,2058,1
3512,1299,1
3512,830,1
3512,2043,0
3512,2739,0
3512,217,0
3512,2530,0
3512,687,0
3512,422,0
3513,2761,1
3513,11,1
3513,1773,1
3513,1657,0
3513,2744,0
3514,295,1
3514,81,1
3514,2075,0
3514,1799,0
3514,2227,0
3514,452,0
3515,102,1
3515,2256,0
3516,1791,1
3516,1737,0
3517,1395,1
3517,941,0
3518,232,1
3518,1224,1
3518,2440,1
3518,431,1
3518,344,1
3518,802,0
3518,910,0
3519,103,1
3520,2275,1
3520,332,1
3520,2675,1
3520,2672,0
3520,40,0
3521,1652,0
3522,812,1
3522,2772,1
3522,2584,1
3522,1153,0
3522,65,0
3522,1300,0
3522,1140,0
3522,501,0
3522,2207,0
3522,1101,0
3522,1818,0
3523,517,1
3523,266,1
3523,395,1
3523,2703,1
3523,2577,1
3523,1170,1
3523,2323,1
3523,2066,1
3523,1169,1
3523,1315,1
3523,679,1
3523,437,1
3523,1082,1
3523,2492,1
3523,1352,1
3523,714,1
3523,717,1
3523,1877,1
3523,857,1
3523,2138,1
3523,2653,1
3523,1249,1
3523,1505,1
3523,2404,1
3523,102,1
3523,103,1
3523,871,1
3523,2666,1
3523,2162,1
3523,1696,0
3523,1151,0
3523,2603,0
3523,1557,0
3523,2744,0
3523,312,0
3523,72,0
3523,1288,0
3523,1826,0
3523,1097,0
3523,40,0
3523,1437,0
3523,581,0
3523,555,0
3523,2370,0
3523,2467,0
3523,1010,0
3523,2064,0
3523,1768,0
3523,1001,0
3523,95,0
3523,2471,0
3523,1236,0
3523,2522,0
3523,886,0
3523,1433,0
3523,973,0
3525,763,1
3526,416,1
3526,964,1
3527,1168,1
3527,532,1
3527,1816,1
3527,408,1
3527,2170,1
3527,1703,1
3527,47,1
3527,1840,1
3527,589,1
3527,2016,1
3527,482,1
3527,2298,1
3527,1240,0
3527,1396,0
3527,1827,0
3527,961,0
3527,756,0
3527,1588,0
3527,884,0
3527,567,0
3527,580,0
3527,2045,0
3527,699,0
3527,711,0
3527,282,0
3528,2154,1
3528,1773,1
3528,2382,1
3528,89,1
3528,347,1
3528,1532,1
3528,2436,0
3528,2339,0
3528,788,0
3528,251,0
3528,815,0
3528,1459,0
3528,2175,0
3528,2735,0
3529,1791,1
3529,184,0
3530,2180,1
3530,2020,0
3530,2599,0
3531,2777,1
3531,2573,0
3532,496,1
3532,1395,1
3532,1892,1
3532,31,1
3532,2568,0
3532,349,0
3532,2423,0
3533,1337,0
3534,416,1
3534,2785,1
3534,180,0
3535,913,1
3535,763,1
3535,737,0
3535,561,0
3535,1397,0
3535,1305,0
3536,1673,1
3536,2452,0
3537,1156,1
3538,1992,0
3539,1156,1
3539,1039,1
3539,2613,0
3539,1722,0
3539,1671,0
3539,2142,0
3540,922,1
3540,747,0
3541,2606,1
3541,654,0
3541,2072,0
3542,197,1
3542,2761,1
3542,763,1
3542,2430,1
3542,1119,1
3542,642,0
3542,2153,0
3542,2406,0
3542,1811,0
3542,34,0
3543,1156,1
3543,1549,0
3544,1224,1
3545,2324,1
3545,2086,1
3545,2511,0
3546,2777,1
3546,47,1
3546,170,0
3547,2288,1
3547,465,1
3547,2291,1
3547,11,0
3548,264,1
3548,1523,1
3548,885,1
3548,922,1
3548,1788,1
3548,2404,0
3548,551,0
3548,506,0
3548,384,0
3548,1544,0
3548,1067,0
3548,1584,0
3548,167,0
3549,102,1
3549,1673,1
3549,818,1
3549,256,0
3550,1286,1
3550,1770,1
3550,1611,1
3550,2265,1
3550,763,1
3550,1020,1
3550,2077,1
3550,1119,1
3550,1282,0
3550,2395,0
3550,2008,0
3550,1943,0
3551,2682,1
3551,2290,1
3551,1658,0
3551,2127,0
3552,2116,1
3552,517,1
3552,1146,0
3552,1601,0
3553,1082,1
3553,901,1
3553,487,1
3553,1068,1
3553,943,1
3553,1617,1
3553,2261,1
3553,631,1
3553,472,1
3553,2265,1
3553,186,1
3553,713,0
3553,1215,0
3553,1548,0
3553,2096,0
3553,1199,0
3553,1336,0
3553,1527,0
3553,1567,0
3553,2327,0
3554,360,1
3554,47,1
3554,431,1
3554,2290,1
3554,437,1
3554,114,1
3554,2430,1
3554,1376,0
3554,3,0
3554,972,0
3554,2527,0
3554,1409,0
3554,2568,0
3554,105,0
3554,1241,0
3555,360,1
3555,397,1
3555,1016,0
3555,92,0
3556,2440,1
3556,1224,1
3556,1221,0
3556,702,0
3558,360,1
3558,159,0
3559,1609,1
3559,1156,1
3559,2093,1
3559,2149,0
3559,1847,0
3560,1064,1
3560,2678,0
3560,213,0
3560,817,0
3562,360,1
3562,1870,1
3562,47,1
3562,1488,0
3562,1193,0
3562,1124,0
3563,402,1
3563,865,1
3563,109,0
3564,1224,1
3564,2440,1
3564,2290,1
3564,2199,1
3564,1164,0
3564,1813,0
3564,786,0
3564,2382,0
3564,1542,0
3565,2366,1
3565,2643,0
3566,112,0
3567,2289,0
3567,1441,0
3567,347,0
3568,1134,1
3568,1928,0
3568,2022,0
3569,2502,1
3569,485,1
3569,652,1
3569,1069,1
3569,1902,1
3569,237,1
3569,114,1
3569,594,1
3569,1333,1
3569,1855,1
3569,2744,1
3569,494,0
3569,1731,0
3569,982,0
3569,1800,0
3569,2501,0
3569,546,0
3569,725,0
3569,991,0
3569,2109,0
3570,264,1
3570,1897,1
3570,2058,1
3570,1870,1
3570,484,0
3570,1980,0
3570,42,0
3571,124,0
3572,1156,1
3573,2045,1
3573,1935,1
3573,904,0
3574,912,1
3575,2175,1
3576,1130,1
3576,943,0
3577,1870,1
3577,47,1
3577,114,1
3577,1795,0
3577,1821,0
3577,1675,0
3577,112,0
3578,1894,1
3578,2544,1
3578,2290,1
3578,1522,1
3578,1143,1
3578,2199,1
3578,292,0
3578,898,0
3578,113,0
3578,1457,0
3578,2511,0
3579,360,1
3579,1515,1
3579,1020,1
3579,427,1
3579,1039,1
3579,1271,1
3579,1979,1
3579,90,0
3579,386,0
3579,1405,0
3579,2519,0
3580,1952,1
3580,397,1
3580,1201,0
3581,1249,1
3581,1698,1
3581,294,1
3581,1320,1
3581,2058,1
3581,989,1
3581,437,1
3581,1397,1
3581,2682,1
3581,667,1
3581,2376,0
3581,1743,0
3581,2589,0
3581,1562,0
3581,126,0
3581,1485,0
3581,1717,0
3581,772,0
3581,2304,0
3582,91,1
3582,763,1
3582,2022,1
3582,1598,0
3583,321,1
3583,397,1
3583,625,1
3583,2677,1
3583,1143,1
3583,186,1
3583,1840,0
3583,2153,0
3583,1813,0
3583,302,0
3583,2236,0
3584,2105,1
3584,282,0
3585,133,1
3585,2345,0
3586,2416,0
3587,360,1
3587,87,1
3587,2567,0
3588,922,1
3589,2290,1
3589,1870,1
3589,1977,0
3590,520,1
3590,397,1
3590,2705,1
3590,2468,1
3590,2085,1
3590,47,1
3590,1588,1
3590,195,1
3590,967,1
3590,207,1
3590,1360,1
3590,102,1
3590,2298,1
3590,2749,0
3590,2261,0
3590,1926,0
3590,2493,0
3590,1451,0
3590,2261,0
3590,497,0
3590,870,0
3590,525,0
3590,301,0
3590,1680,0
3590,585,0
3590,930,0
3590,2347,0
3590,1171,0
3590,275,0
3590,853,0
3591,1538,1
3591,2563,1
3591,907,1
3591,397,1
3591,2703,1
3591,531,1
3591,31,1
3591,677,1
3591,43,1
3591,820,1
3591,1976,1
3591,2232,1
3591,1870,1
3591,485,1
3591,102,1
3591,114,1
3591,1394,1
3591,1782,1
3591,2467,0
3591,2026,0
3591,989,0
3591,2120,0
3591,116,0
3591,153,0
3591,299,0
3591,139,0
3591,1672,0
3591,436,0
3592,2789,0
3593,830,1
3594,1353,0
3595,2290,1
3596,1156,1
3596,1783,0
3597,1892,1
3597,49,0
3598,397,1
3598,2221,0
3599,2290,1
3599,397,1
3599,838,0
3599,1443,0
3599,957,0
3600,2290,1
3601,166,1
3602,360,1
3602,1224,1
3602,47,1
3602,2290,1
3602,114,1
3602,437,1
3602,2199,1
3602,906,0
3602,2628,0
3604,2562,1
3604,1032,1
3604,437,1
3604,2430,1
3604,1471,0
3604,1676,0
3604,1885,0
3604,932,0
3605,2646,0
3606,426,1
3606,114,1
3606,1268,1
3606,1232,1
3606,1176,0
3606,702,0
3607,2258,1
3607,114,1
3607,402,1
3607,418,0
3607,2468,0
3607,1711,0
3608,465,1
3608,1299,1
3608,183,1
3608,1979,1
3608,609,0
3608,1465,0
3608,1619,0
3608,329,0
3609,807,1
3609,2110,1
3609,2672,0
3609,376,0
3609,690,0
3610,397,1
3610,491,0
3611,1368,1
3611,2692,0
3612,673,1
3612,1569,1
3612,1039,1
3612,243,1
3612,2069,1
3612,2203,0
3612,1131,0
3612,206,0
3612,1557,0
3612,735,0
3612,612,0
3612,1908,0
3612,528,0
3612,1018,0
3613,360,1
3613,2544,1
3613,465,1
3613,820,1
3613,344,1
3613,2459,0
3613,2519,0
3613,2579,0
3613,1915,0
3614,518,1
3614,1019,1
3614,905,1
3614,1033,1
3614,1801,1
3614,1167,1
3614,1427,1
3614,1044,1
3614,2584,1
3614,1185,1
3614,1058,1
3614,2727,1
3614,683,1
3614,812,1
3614,2732,1
3614,2351,1
3614,1849,1
3614,1978,1
3614,317,1
3614,320,1
3614,2625,1
3614,2122,1
3614,2772,1
3614,854,1
3614,1496,1
3614,858,1
3614,2524,1
3614,989,1
3614,97,1
3614,482,1
3614,2272,1
3614,873,1
3614,1770,1
3614,1129,1
3614,1392,1
3614,2034,1
3614,2291,1
3614,115,1
3614,1912,1
3614,2298,1
3614,123,1
3614,739,0
3614,1747,0
3614,2443,0
3614,1309,0
3614,467,0
3614,2096,0
3614,841,0
3614,568,0
3614,1845,0
3614,256,0
3614,1252,0
3614,2441,0
3614,1814,0
3614,761,0
3614,1847,0
3614,2514,0
3614,1007,0
3614,1169,0
3614,272,0
3614,800,0
3614,2284,0
3614,1254,0
3614,2729,0
3614,2159,0
3614,1301,0
3614,1703,0
3614,2526,0
3614,1596,0
3614,1092,0
3614,2786,0
3614,124,0
3614,1212,0
3614,1773,0
3614,2188,0
3614,106,0
3614,490,0
3614,1367,0
3614,2666,0
3614,1108,0
3615,807,1
3616,32,1
3616,232,1
3616,807,1
3616,1224,1
3616,2236,1
3616,254,0
3616,173,0
3616,2451,0
3616,518,0
3616,2243,0
3616,1992,0
3616,2050,0
3616,425,0
3616,2155,0
3617,1378,1
3617,1699,1
3617,2053,1
3617,397,1
3617,2229,1
3617,2298,1
3617,2579,0
3617,2471,0
3617,896,0
3617,179,0
3617,1615,0
3617,187,0
3617,2334,0
3618,1897,1
3618,114,1
3618,1829,0
3618,854,0
3619,922,1
3619,1354,0
3619,313,0
3620,1350,1
3620,2642,0
3621,1350,1
3621,2510,0
3622,2698,1
3622,1933,1
3622,1901,1
3622,344,1
3622,1694,1
3622,241,0
3622,767,0
3622,2319,0
3622,1221,0
3622,95,0
3623,1156,1
3623,2443,1
3623,2702,1
3623,885,1
3623,2219,0
3623,444,0
3624,2174,0
3625,480,1
3625,1763,1
3625,360,1
3625,41,1
3625,493,1
3625,2640,1
3625,307,1
3625,507,1
3625,1629,1
3625,178,0
3625,1869,0
3625,1493,0
3625,2473,0
3625,879,0
3625,1907,0
3625,1475,0
3625,23,0
3626,489,1
3626,2236,1
3626,2506,0
3627,1368,1
3627,739,0
3628,1632,1
3628,546,1
3628,1290,1
3628,2477,1
3628,207,1
3628,114,1
3628,1433,1
3628,2428,1
3628,701,1
3628,265,0
3628,1194,0
3628,2232,0
3628,515,0
3628,2034,0
3628,2738,0
3628,411,0
3628,1342,0
3628,2131,0
3628,183,0
3629,276,1
3629,637,1
3629,804,1
3629,2145,0
3629,1912,0
3630,1646,0
3631,307,1
3631,1464,1
3631,2425,1
3631,1132,0
3631,2735,0
3632,32,1
3632,1072,1
3632,543,1
3632,526,0
3632,1362,0
3633,2157,0
3633,2013,0
3634,2076,1
3634,1743,1
3634,2289,0
3635,507,1
3636,1794,1
3636,1029,1
3636,1546,1
3636,2218,1
3636,1083,1
3636,752,0
3636,865,0
3636,2766,0
3636,1331,0
3637,646,1
3637,2065,1
3637,1680,1
3637,1171,1
3637,1952,1
3637,1569,1
3637,437,1
3637,830,1
3637,965,1
3637,1611,1
3637,2137,1
3637,2544,1
3637,507,1
3637,801,0
3637,2660,0
3637,1655,0
3637,1730,0
3637,613,0
3637,2185,0
3637,1370,0
3637,567,0
3637,282,0
3637,1493,0
3637,2247,0
3637,608,0
3638,307,1
3638,47,1
3638,1613,0
3638,1043,0
3639,1952,1
3639,1464,1
3640,492,1
3640,56,0
3641,2116,1
3641,102,1
3641,843,1
3641,1969,1
3641,186,1
3641,26,0
3641,2055,0
3641,842,0
3641,1383,0
3642,1673,1
3642,2646,1
3642,815,1
3642,1290,0
3642,600,0
3642,1599,0
3642,1639,0
3643,32,1
3643,2126,0
3644,307,1
3644,1645,0
3644,1164,0
3645,1985,1
3645,195,1
3645,1315,1
3645,1126,1
3645,1350,1
3645,844,1
3645,47,1
3645,1338,0
3645,282,0
3645,1267,0
3645,2545,0
3645,351,0
3645,2045,0
3648,793,1
3648,546,1
3648,807,1
3648,54,1
3648,2743,1
3648,2746,1
3648,843,1
3648,2507,1
3648,1870,1
3648,1114,1
3648,102,1
3648,1894,1
3648,748,1
3648,2425,1
3648,1532,1
3648,981,0
3648,1016,0
3648,1646,0
3648,663,0
3648,555,0
3648,1506,0
3648,1949,0
3648,1027,0
3648,1891,0
3648,1044,0
3648,1397,0
3648,2097,0
3648,2164,0
3648,1911,0
3648,1074,0
3648,2720,0
3648,1054,0
3648,2533,0
3648,360,0
3649,1952,1
3649,807,1
3649,2056,1
3649,1673,1
3649,397,1
3649,843,1
3649,11,1
3649,2452,1
3649,2303,1
3649,1530,0
3649,1557,0
3649,241,0
3649,484,0
3649,898,0
3649,2560,0
3649,1498,0
3649,2556,0
3649,486,0
3649,2605,0
3649,2435,0
3650,857,1
3650,307,1
3650,2443,1
3650,502,0
3650,1139,0
3651,1156,1
3651,886,1
3651,1897,0
3651,2040,0
3651,486,0
3652,114,1
3652,1573,0
3653,2411,1
3653,2360,0
3653,750,0
3655,1224,1
3655,507,1
3655,1349,0
3656,2592,1
3656,1421,1
3656,2091,1
3656,1039,1
3656,1875,1
3656,181,1
3656,54,1
3656,2746,1
3656,1780,0
3656,1053,0
3656,551,0
3656,2586,0
3656,1447,0
3656,901,0
3656,505,0
3656,187,0
3657,800,1
3657,1156,1
3657,1510,1
3657,1000,1
3657,424,1
3657,913,1
3657,2163,1
3657,276,1
3657,2676,0
3657,846,0
3657,1179,0
3657,850,0
3657,2508,0
3657,2697,0
3657,2443,0
3657,565,0
3658,646,1
3658,1218,0
3659,1952,1
3659,2746,1
3659,1119,1
3659,658,0
3659,1874,0
3659,84,0
3660,1892,1
3660,1833,1
3660,1649,1
3660,2784,0
3660,2514,0
3660,2661,0
3662,2563,1
3662,2443,1
3662,1901,1
3662,114,1
3662,1397,1
3662,758,1
3662,442,0
3662,1501,0
3662,2694,0
3662,2078,0
3662,180,0
3662,1016,0
3662,479,0
3663,41,1
3664,1464,1
3664,307,1
3664,1754,0
3664,2215,0
3665,1249,1
3665,2722,1
3665,2153,1
3665,1360,1
3665,1531,1
3665,1725,1
3665,1388,0
3665,2234,0
3665,2594,0
3665,1125,0
3665,2069,0
3665,435,0
3665,2116,0
3666,642,1
3666,1673,1
3666,943,1
3666,1589,1
3666,472,1
3666,1790,1
3666,288,0
3666,445,0
3666,183,0
3666,799,0
3666,2568,0
3666,691,0
3666,684,0
3666,710,0
3667,235,0
3668,2755,1
3668,1286,1
3668,2485,1
3668,2298,1
3669,1073,1
3669,1996,0
3670,397,1
3670,1823,1
3670,970,0
3671,1668,1
3671,2443,1
3671,397,1
3671,800,1
3671,1449,1
3671,1072,1
3671,306,1
3671,197,1
3671,719,1
3671,2646,1
3671,857,1
3671,987,1
3671,1246,1
3671,1631,1
3671,609,1
3671,2683,1
3671,1044,0
3671,1151,0
3671,2585,0
3671,318,0
3671,1991,0
3671,577,0
3671,1175,0
3671,723,0
3671,919,0
3671,900,0
3671,2566,0
3671,2119,0
3672,496,1
3672,397,1
3672,2060,0
3673,576,1
3673,192,1
3673,1582,0
3673,513,0
3673,1410,0
3674,1059,1
3674,1190,1
3674,2290,1
3674,1939,0
3674,1360,0
3674,1877,0
3674,1227,0
3674,2594,0
3675,849,0
3676,1248,0
3677,2472,0
3678,644,1
3678,493,1
3678,1168,1
3678,1171,1
3678,532,1
3678,1532,1
3678,1930,0
3678,1141,0
3678,1919,0
3678,1834,0
3678,1516,0
3678,2446,0
3678,2409,0
3679,1156,1
3679,1391,0
3679,1537,0
3680,2153,1
3680,1090,1
3681,544,1
3681,2404,1
3681,517,1
3681,677,1
3681,901,1
3681,1800,1
3681,845,1
3681,1584,1
3681,1852,1
3681,23,0
3681,3,0
3681,8,0
3681,1111,0
3681,1165,0
3681,1280,0
3681,558,0
3682,2587,0
3682,2145,0
3683,576,1
3683,802,1
3683,2298,1
3683,1469,0
3683,2355,0
3683,2657,0
3684,1777,0
3685,2595,1
3685,2666,1
3685,1867,1
3685,2637,1
3685,1073,1
3685,725,1
3685,2646,1
3685,1303,1
3685,2682,1
3685,2497,0
3685,602,0
3685,2661,0
3685,366,0
3685,271,0
3685,2598,0
3685,804,0
3685,2303,0
3685,1233,0
3685,570,0
3685,2281,0
3686,2443,1
3687,2569,1
3688,2310,1
3688,907,1
3688,397,1
3688,1299,1
3688,2453,0
3688,1539,0
3689,1952,1
3689,517,1
3689,40,1
3689,492,1
3689,910,1
3689,2288,1
3689,1909,0
3689,744,0
3689,1309,0
3689,1516,0
3689,2390,0
3689,1428,0
3690,1569,1
3690,320,1
3690,11,1
3690,2430,1
3690,2762,0
3690,1660,0
3690,1022,0
3691,2153,1
3691,2290,1
3691,802,0
3692,2283,1
3692,1350,1
3692,1071,1
3693,1607,1
3693,1801,1
3693,2584,1
3693,2447,1
3693,1748,1
3693,1084,1
3693,477,1
3693,2458,0
3693,2068,0
3694,2656,1
3694,1350,1
3694,492,1
3694,1069,1
3694,1855,1
3694,1930,0
3694,1710,0
3694,16,0
3694,1991,0
3694,984,0
3694,1740,0
3694,134,0
3694,438,0
3695,688,0
3696,2153,1
3696,273,1
3696,2517,1
3696,1591,1
3696,1531,1
3696,575,0
3696,1098,0
3696,1872,0
3696,243,0
3697,2682,1
3697,1873,0
3698,2594,0
3699,576,1
3699,1979,1
3699,1307,0
3700,2433,1
3700,1410,1
3700,1409,1
3700,2695,1
3700,1165,1
3700,2450,1
3700,1953,1
3700,1188,1
3700,2091,1
3700,183,1
3700,2615,1
3700,188,1
3700,317,1
3700,1340,1
3700,449,1
3700,193,1
3700,91,1
3700,2022,1
3700,1009,1
3700,1914,1
3700,126,1
3700,2683,0
3700,2191,0
3700,1925,0
3700,1651,0
3700,663,0
3700,2617,0
3700,180,0
3700,1082,0
3700,2376,0
3700,486,0
3700,288,0
3700,1880,0
3700,731,0
3700,1086,0
3700,487,0
3700,1767,0
3700,2344,0
3700,2237,0
3700,1478,0
3700,2199,0
3700,1529,0
3700,750,0
3700,741,0
3700,440,0
3700,793,0
3700,719,0
3701,1892,1
3701,2764,1
3701,276,1
3701,305,0
3701,431,0
3701,917,0
3701,2321,0
3702,1409,1
3702,389,1
3702,1031,1
3702,400,1
3702,913,1
3702,1042,1
3702,2324,1
3702,276,1
3702,531,1
3702,922,1
3702,2719,1
3702,2086,1
3702,1976,1
3702,1607,1
3702,1894,1
3702,1386,1
3702,826,0
3702,1441,0
3702,1698,0
3702,2651,0
3702,818,0
3702,2002,0
3702,2739,0
3702,1245,0
3702,789,0
3702,2717,0
3702,2379,0
3702,2319,0
3702,161,0
3702,1334,0
3702,404,0
3702,2777,0
3702,1427,0
3702,2546,0
3702,728,0
3702,91,0
3702,2498,0
3702,755,0
3702,1817,0
3703,2452,1
3703,1013,0
3703,2186,0
3704,1130,1
3705,2561,1
3705,546,1
3705,307,1
3705,565,1
3705,828,1
3705,576,1
3705,723,1
3705,344,1
3705,2290,1
3705,1915,1
3705,1148,0
3705,2242,0
3705,958,0
3705,749,0
3705,1462,0
3705,185,0
3705,717,0
3705,2341,0
3705,2226,0
3705,300,0
3705,1823,0
3706,130,1
3706,2308,1
3706,907,1
3706,272,1
3706,2324,1
3706,807,1
3706,553,1
3706,1449,1
3706,176,1
3706,1720,1
3706,576,1
3706,1731,1
3706,1350,1
3706,455,1
3706,224,1
3706,2400,1
3706,1894,1
3706,2194,0
3706,2788,0
3706,166,0
3706,1719,0
3706,556,0
3706,164,0
3706,547,0
3706,1981,0
3706,672,0
3706,1359,0
3706,1677,0
3706,1310,0
3706,994,0
3706,316,0
3706,2314,0
3707,1792,1
3707,774,1
3707,2483,1
3707,531,1
3707,1531,1
3707,567,0
3707,409,0
3707,2397,0
3707,2461,0
3707,128,0
3707,1172,0
3707,1789,0
3707,116,0
3708,1763,1
3709,1583,1
3709,1875,1
3709,820,1
3709,20,0
3709,38,0
3709,1176,0
3709,606,0
3709,2341,0
3710,1532,1
3710,2299,0
3711,1156,1
3711,741,1
3711,1349,1
3711,2702,0
3711,246,0
3711,1810,0
3712,2656,1
3712,672,1
3712,32,1
3712,2053,1
3712,965,1
3712,1351,1
3712,1897,1
3712,913,1
3712,2746,1
3712,740,0
3712,1049,0
3712,141,0
3712,2173,0
3713,2265,1
3713,150,0
3713,2012,0
3714,2447,1
3714,932,1
3714,1351,1
3714,296,0
3714,1129,0
3714,1861,0
3715,1286,1
3715,2451,1
3715,922,1
3715,2592,1
3715,1845,1
3715,568,1
3715,700,1
3715,2243,1
3715,1351,1
3715,71,1
3715,347,1
3715,2785,1
3715,1764,1
3715,2413,1
3715,2674,1
3715,1659,1
3715,1532,1
3715,2430,1
3715,2490,0
3715,1980,0
3715,1485,0
3715,252,0
3715,661,0
3715,1372,0
3715,210,0
3715,921,0
3716,11,1
3716,2452,1
3716,358,0
3717,130,1
3717,2569,1
3717,402,1
3717,2199,1
3717,546,1
3717,1190,1
3717,576,1
3717,1856,1
3717,2118,1
3717,1224,1
3717,2504,1
3717,723,1
3717,474,1
3717,1499,1
3717,1523,1
3717,1788,1
3717,2292,0
3717,2117,0
3717,33,0
3717,1749,0
3717,1879,0
3717,1048,0
3717,2596,0
3717,1885,0
3717,1838,0
3717,1753,0
3717,1239,0
3717,362,0
3717,2497,0
3717,693,0
3717,710,0
3717,1993,0
3717,531,0
3717,568,0
3717,1525,0
3717,1579,0
3718,2742,1
3718,1066,0
3718,1604,0
3719,273,1
3719,1527,1
3719,2776,1
3719,1366,0
3719,1589,0
3719,1513,0
3719,812,0
3719,1506,0
3720,576,1
3720,1660,1
3720,689,0
3720,289,0
3720,2152,0
3721,1130,1
3722,388,1
3722,2574,1
3722,910,1
3722,31,1
3722,2477,1
3722,576,1
3722,1099,1
3722,973,1
3722,360,1
3722,746,1
3722,748,1
3722,2682,1
3722,2307,0
3722,2216,0
3722,2204,0
3722,526,0
3722,792,0
3722,2559,0
3722,368,0
3722,721,0
3722,1611,0
3722,243,0
3722,2425,0
3723,2473,1
3723,2219,1
3723,818,1
3723,306,1
3723,1362,1
3723,473,1
3723,375,1
3723,616,1
3723,765,1
3723,2534,0
3723,2512,0
3723,1951,0
3723,240,0
3723,2631,0
3723,1632,0
3723,857,0
3723,1113,0
3723,2679,0
3723,754,0
3723,2232,0
3723,595,0
3724,820,1
3724,2742,1
3724,1295,0
3725,1826,1
3725,2440,0
3726,2514,1
3726,82,1
3726,999,1
3726,1531,0
3726,2268,0
3727,1492,1
3727,2606,1
3727,805,0
3727,989,0
3728,820,1
3728,762,0
3729,820,1
3729,989,1
3729,2206,1
3729,1934,0
3729,1942,0
3730,480,1
3730,2153,1
3730,1933,1
3730,2514,1
3730,820,1
3730,2057,0
3730,644,0
3730,1447,0
3730,1993,0
3730,1775,0
3730,736,0
3731,576,1
3732,353,0
3733,1156,1
3733,517,1
3733,166,1
3733,71,1
3733,2633,1
3733,266,1
3733,395,1
3733,2154,1
3733,2451,1
3733,1559,1
3733,1944,1
3733,1531,1
3733,851,0
3733,1818,0
3733,1005,0
3733,587,0
3733,1317,0
3733,505,0
3733,2162,0
3733,954,0
3733,2661,0
3733,897,0
3733,1168,0
3733,108,0
3733,1394,0
3734,1320,1
3734,2443,1
3734,621,0
3734,1297,0
3735,480,1
3735,391,1
3735,276,1
3735,1944,1
3735,912,0
3735,767,0
3735,1587,0
3735,421,0
3735,2611,0
3736,2742,1
3736,2119,0
3736,1252,0
3737,932,1
3737,2514,1
3737,820,1
3737,87,1
3737,2418,0
3737,2692,0
3737,66,0
3737,418,0
3738,2084,1
3738,1350,1
3738,999,1
3738,1901,1
3738,1933,1
3738,2447,1
3738,1263,1
3738,2514,1
3738,2546,1
3738,989,1
3738,1289,0
3738,1743,0
3738,894,0
3739,1896,1
3739,614,0
3740,965,1
3740,2447,0
3741,2777,1
3742,2785,1
3742,2437,1
3742,1587,0
3742,1335,0
3743,2755,1
3743,656,1
3743,2746,1
3743,132,0
3743,1605,0
3744,477,1
3744,507,1
3744,772,0
3744,1027,0
3744,179,0
3745,1823,1
3745,2743,0
3746,2717,1
3746,672,1
3746,800,1
3746,1446,1
3746,1645,1
3746,1788,1
3746,1589,0
3746,859,0
3746,1586,0
3746,1697,0
3746,2203,0
3746,1070,0
3746,2307,0
3746,1761,0
3746,1357,0
3747,2468,1
3747,2439,1
3747,711,1
3747,47,1
3747,2298,1
3747,1832,0
3747,1232,0
3747,487,0
3748,2514,1
3748,2505,0
3749,2656,1
3749,2151,1
3749,1673,1
3749,395,1
3749,815,1
3749,2481,1
3749,2746,1
3749,2497,0
3749,791,0
3749,537,0
3749,1071,0
3749,342,0
3750,2437,1
3751,480,1
3751,2447,0
3751,2396,0
3752,1346,1
3752,1123,1
3752,102,1
3752,843,1
3752,2163,1
3752,2323,1
3752,756,0
3752,453,0
3752,1957,0
3752,1036,0
3753,2701,1
3753,791,1
3753,1706,1
3753,1722,1
3753,1351,1
3753,332,1
3753,975,1
3753,852,1
3753,87,1
3753,1625,1
3753,2421,1
3753,94,0
3753,2096,0
3753,48,0
3753,1485,0
3753,955,0
3753,2676,0
3753,1474,0
3753,661,0
3753,1186,0
3753,883,0
3754,437,1
3754,2709,0
3754,693,0
3755,332,1
3755,1209,0
3756,2437,1
3756,1276,0
3756,1920,0
3757,388,1
3757,492,1
3757,845,1
3757,1039,1
3757,1784,1
3757,414,0
3757,314,0
3757,2466,0
3757,922,0
3758,1664,1
3758,1283,1
3758,395,1
3758,2443,1
3758,1935,1
3758,1299,1
3758,1685,1
3758,281,1
3758,2210,1
3758,2594,1
3758,1188,1
3758,1703,1
3758,936,1
3758,2091,1
3758,820,1
3758,2742,1
3758,449,1
3758,705,1
3758,1875,1
3758,1240,1
3758,489,1
3758,1130,1
3758,1773,1
3758,2682,1
3758,1531,1
3758,1020,1
3758,2372,0
3758,2698,0
3758,2580,0
3758,1668,0
3758,804,0
3758,966,0
3758,228,0
3758,1858,0
3758,2724,0
3758,1147,0
3758,186,0
3758,1863,0
3758,2038,0
3758,1492,0
3758,111,0
3758,1329,0
3758,2675,0
3758,896,0
3758,2345,0
3758,693,0
3758,1366,0
3758,2422,0
3758,1359,0
3758,621,0
3758,932,0
3758,657,0
3759,453,1
3760,576,1
3760,1156,1
3760,1492,1
3760,820,1
3760,519,0
3761,486,1
3761,871,1
3761,452,0
3761,964,0
3761,1125,0
3761,1667,0
3762,1136,1
3762,116,1
3762,1591,1
3762,1055,0
3762,601,0
3762,73,0
3763,1819,1
3763,1346,1
3763,2307,1
3763,1894,1
3763,2637,1
3763,400,1
3763,363,0
3763,853,0
3763,1076,0
3763,2410,0
3763,2493,0
3763,1786,0
3763,1203,0
3763,654,0
3763,96,0
3763,1869,0
3764,2299,0
3765,546,1
3765,1039,1
3765,1073,1
3765,1741,0
3765,1236,0
3765,1420,0
3765,2011,0
3765,1553,0
3766,1546,0
3767,1531,1
3767,820,1
3767,434,0
3767,1259,0
3768,11,1
3768,2452,1
3768,398,1
3768,510,0
3768,1783,0
3769,1763,1
3769,1768,1
3769,843,1
3769,398,1
3769,1650,1
3769,1508,0
3769,632,0
3769,1215,0
3770,820,1
3770,352,0
3770,2593,0
3771,922,1
3771,2378,1
3771,2294,0
3771,2759,0
3771,2194,0
3772,1869,1
3773,2210,1
3773,1112,0
3773,590,0
3774,79,1
3774,882,1
3774,1288,0
3774,1367,0
3774,1753,0
3774,2381,0
3774,2677,0
3775,398,1
3775,31,0
3776,2698,1
3776,398,1
3776,746,0
3777,2537,1
3777,398,1
3777,1744,0
3778,1768,1
3778,1866,1
3778,820,1
3778,1142,0
3778,314,0
3778,1121,0
3778,1737,0
3778,523,0
3778,646,0
3779,1130,1
3779,964,1
3779,159,0
3779,1129,0
3780,965,1
3781,480,1
3781,266,1
3781,1351,1
3781,1646,0
3781,2485,0
3781,2188,0
3782,843,1
3782,2700,1
3782,1870,1
3782,2580,1
3782,607,1
3782,1860,0
3782,29,0
3782,1309,0
3782,2676,0
3782,1698,0
3783,518,1
3783,1031,1
3783,1897,1
3783,2447,1
3783,1875,1
3783,2743,1
3783,1685,0
3783,2350,0
3783,43,0
3783,494,0
3783,1091,0
3784,1171,1
3784,2259,0
3785,2054,1
3785,2710,1
3785,791,1
3785,1431,1
3785,290,1
3785,1958,1
3785,2343,1
3785,302,1
3785,2606,1
3785,2746,1
3785,1604,1
3785,2122,1
3785,1356,1
3785,2777,1
3785,996,1
3785,2034,1
3785,124,1
3785,2175,1
3785,2066,0
3785,2011,0
3785,203,0
3785,1961,0
3785,342,0
3785,2433,0
3785,1274,0
3785,2335,0
3785,1534,0
3785,772,0
3785,101,0
3785,1319,0
3785,1773,0
3785,1500,0
3785,897,0
3785,2494,0
3785,135,0
3785,850,0
3785,830,0
3786,2194,0
3786,1021,0
3787,1792,1
3787,1058,1
3787,1611,1
3787,2444,1
3787,557,1
3787,2206,1
3787,2749,0
3787,1788,0
3787,2338,0
3787,1583,0
3787,2474,0
3787,869,0
3787,325,0
3788,2086,1
3788,999,1
3788,398,1
3788,497,1
3788,2683,1
3788,736,0
3788,1126,0
3788,1896,0
3788,336,0
3788,758,0
3788,2365,0
3788,557,0
3788,632,0
3788,1950,0
3788,2348,0
3789,2785,1
3789,71,1
3789,1320,1
3789,1252,0
3789,140,0
3789,2067,0
3790,1346,1
3790,3,1
3790,493,1
3790,1069,1
3790,276,1
3790,1037,0
3790,2062,0
3790,219,0
3790,1643,0
3790,2098,0
3790,2671,0
3790,280,0
3790,1806,0
3790,1449,0
3791,841,0
3792,2698,1
3792,2563,1
3792,2220,1
3792,847,0
3792,40,0
3792,2306,0
3793,398,1
3793,2151,1
3793,1305,0
3793,644,0
3794,757,0
3795,1101,1
3795,1532,1
3795,1659,0
3795,1707,0
3795,1782,0
3795,60,0
3795,528,0
3796,2371,1
3796,517,1
3796,199,1
3796,725,1
3796,1850,1
3796,562,0
3796,694,0
3796,1598,0
3796,1088,0
3796,2537,0
3797,1794,1
3797,2436,1
3797,903,1
3797,2698,1
3797,652,1
3797,1680,1
3797,273,1
3797,402,1
3797,149,1
3797,2582,1
3797,31,1
3797,546,1
3797,2220,1
3797,946,1
3797,307,1
3797,207,1
3797,1366,1
3797,1126,1
3797,372,1
3797,992,0
3797,491,0
3797,1101,0
3797,2482,0
3797,187,0
3797,1360,0
3797,387,0
3797,56,0
3797,961,0
3797,2527,0
3797,609,0
3797,2686,0
3797,1499,0
3797,1545,0
3797,1996,0
3797,2688,0
3797,1802,0
3797,1229,0
3798,1263,1
3798,1676,0
3798,2073,0
3799,1448,1
3800,960,1
3800,1240,1
3801,375,1
3801,2268,0
3802,1351,1
3802,2216,1
3802,1580,1
3802,307,1
3802,1492,1
3802,2298,1
3802,797,0
3802,735,0
3802,2072,0
3802,158,0
3802,327,0
3803,933,1
3803,2506,1
3803,2190,1
3803,1143,1
3804,820,1
3804,1407,0
3805,2451,1
3805,1255,0
3806,1952,1
3806,2053,1
3806,1933,1
3806,1531,1
3806,2142,0
3806,2632,0
3806,2756,0
3807,2053,1
3807,2232,0
3808,2443,1
3808,82,1
3808,1397,1
3808,857,1
3808,962,0
3808,2024,0
3809,424,1
3809,2153,1
3810,82,1
3810,681,0
3811,2437,1
3811,1153,0
3811,237,0
3812,912,1
3812,126,0
3813,2307,1
3813,1894,1
3813,493,1
3813,2127,1
3813,1360,1
3813,2739,1
3813,1240,1
3813,1020,1
3813,2082,0
3813,386,0
3813,464,0
3813,315,0
3813,1187,0
3813,206,0
3814,1872,1
3814,2258,1
3814,2219,0
3815,2220,1
3816,2265,1
3816,1082,1
3816,1870,1
3816,1263,0
3816,1197,0
3816,1525,0
3817,778,1
3817,1611,1
3817,2443,1
3817,1397,1
3817,186,1
3817,3,0
3817,2430,0
3817,1601,0
3817,2620,0
3818,2785,1
3818,2633,1
3818,1819,0
3818,370,0
3819,714,0
3819,296,0
3820,1675,1
3820,398,1
3820,416,1
3820,675,1
3820,684,1
3820,1583,1
3820,2619,1
3820,2630,1
3820,843,1
3820,207,1
3820,2266,1
3820,605,1
3820,480,1
3820,372,1
3820,2414,0
3820,1949,0
3820,141,0
3820,2104,0
3820,1346,0
3820,1611,0
3820,1960,0
3820,1188,0
3820,672,0
3820,1034,0
3820,81,0
3821,2217,1
3821,2443,1
3821,1156,1
3821,1101,1
3821,2214,0
3821,188,0
3822,398,1
3822,2786,0
3823,1079,1
3823,823,0
3824,960,1
3824,1611,1
3824,1156,1
3824,398,1
3824,1628,0
3824,1340,0
3825,2698,1
3825,2021,1
3825,2206,1
3825,363,0
3825,1314,0
3825,2322,0
3826,388,1
3826,999,1
3826,2698,1
3826,1944,0
3826,846,0
3826,1880,0
3827,2331,1
3827,1966,1
3828,2127,1
3828,2594,0
3829,1541,1
3829,2086,1
3829,2443,1
3829,437,1
3829,1270,0
3829,26,0
3830,960,1
3830,177,0
3831,800,1
3831,1346,1
3831,2660,1
3831,2443,1
3831,1143,1
3831,1240,1
3831,1756,1
3831,1843,0
3831,876,0
3831,2737,0
3831,1782,0
3831,1266,0
3831,494,0
3831,984,0
3831,1555,0
3831,2111,0
3832,1877,1
3832,2557,0
3833,2452,1
3833,827,0
3834,2698,1
3834,671,0
3835,2153,1
3835,476,0
3836,2443,1
3837,224,1
3837,2241,1
3837,965,1
3837,1350,1
3837,807,1
3837,1766,1
3837,907,1
3837,607,1
3837,2452,1
3837,507,1
3837,31,1
3837,479,0
3837,993,0
3837,493,0
3837,2085,0
3837,2006,0
3837,75,0
3837,1696,0
3837,1730,0
3837,1567,0
3838,2053,1
3838,2127,1
3839,1156,1
3839,1190,1
3839,398,1
3839,111,0
3839,549,0
3839,1928,0
3839,1572,0
3839,1061,0
3840,2443,1
3840,1156,0
3841,820,1
3841,365,0
3842,2023,1
3842,1385,1
3842,2507,1
3842,686,1
3842,1366,0
3842,1351,0
3842,1630,0
3842,1755,0
3842,2653,0
3843,1376,1
3843,2594,1
3843,1188,1
3843,999,1
3843,1768,1
3843,2443,1
3843,398,1
3843,1072,1
3843,2331,1
3843,2492,1
3843,1663,1
3843,1831,0
3843,1916,0
3843,1409,0
3843,2365,0
3843,1193,0
3843,1674,0
3843,1271,0
3843,2143,0
3844,2719,0
3845,1680,1
3845,2698,1
3845,2005,0
3845,1518,0
3845,2331,0
3846,1112,0
3847,642,1
3848,1664,1
3848,1569,1
3848,2594,1
3848,1706,1
3848,2127,1
3848,47,1
3848,2546,1
3848,1653,1
3848,1271,1
3848,1592,1
3848,1020,1
3848,2191,0
3848,2351,0
3848,2042,0
3848,1962,0
3848,1998,0
3848,2014,0
3848,1047,0
3848,1729,0
3849,134,0
3849,2158,0
3850,2698,1
3850,2574,0
3850,2644,0
3851,2561,1
3851,2218,1
3851,532,1
3851,1709,0
3852,2443,1
3852,1392,0
3852,2258,0
3853,1422,0
3854,82,1
3854,1102,1
3854,2575,0
3855,922,1
3855,1233,0
3856,2471,0
3857,2093,1
3857,2486,1
3857,1823,1
3857,1128,0
3857,1250,0
3857,2218,0
3857,74,0
3857,43,0
3858,962,1
3858,2666,1
3858,2154,1
3858,1206,1
3858,860,0
3858,784,0
3858,1808,0
3858,2228,0
3859,865,1
3859,1764,1
3859,1768,1
3859,2220,1
3859,1877,1
3859,2038,1
3859,1656,1
3859,339,0
3859,1778,0
3859,811,0
3859,75,0
3859,1054,0
3859,1738,0
3859,2570,0
3860,2698,1
3860,2199,1
3860,505,0
3860,2323,0
3860,972,0
3860,1351,0
3860,1003,0
3860,2446,0
3861,964,1
3861,1673,1
3861,1020,1
3861,398,1
3861,1427,1
3861,2646,1
3861,1532,1
3861,1474,0
3861,312,0
3861,88,0
3861,2263,0
3861,1105,0
3861,233,0
3861,409,0
3862,2452,1
3862,1933,1
3862,398,1
3862,1602,0
3862,302,0
3863,1897,1
3863,395,1
3863,908,1
3863,1933,1
3863,2154,1
3863,2633,1
3863,1072,1
3863,1171,1
3863,2700,0
3863,93,0
3863,1406,0
3863,1578,0
3863,855,0
3863,1709,0
3863,2604,0
3864,2561,1
3864,2586,1
3865,2698,1
3865,2053,1
3865,1178,0
3865,2372,0
3866,793,1
3866,2031,1
3867,960,1
3867,1793,1
3867,801,1
3867,912,1
3867,1240,1
3867,2039,0
3867,1797,0
3867,718,0
3867,1688,0
3867,944,0
3867,1270,0
3867,1848,0
3868,568,1
3868,477,0
3868,604,0
3869,507,1
3872,1422,1
3872,2163,1
3872,2229,1
3872,1686,1
3872,2772,0
3872,2659,0
3872,2290,0
3872,53,0
3872,2317,0
3872,2779,0
3873,642,1
3873,2563,1
3873,386,1
3873,1286,1
3873,398,1
3873,667,1
3873,1320,1
3873,2475,1
3873,186,1
3873,68,1
3873,2639,1
3873,2265,1
3873,748,1
3873,494,1
3873,2552,0
3873,1954,0
3873,1738,0
3873,2285,0
3873,369,0
3873,681,0
3873,1028,0
3873,142,0
3873,2731,0
3873,1329,0
3873,958,0
3873,20,0
3873,2636,0
3873,2772,0
3873,1596,0
3873,902,0
3874,4,1
3874,837,1
3874,2407,1
3874,1320,1
3874,1386,1
3874,1611,1
3874,973,1
3874,494,1
3874,717,1
3874,17,1
3874,2461,1
3874,1989,0
3874,119,0
3874,258,0
3874,2741,0
3874,1778,0
3874,160,0
3874,911,0
3874,167,0
3874,968,0
3874,2123,0
3874,2323,0
3874,374,0
3874,1335,0
3874,1881,0
3874,1899,0
3874,2101,0
3874,2209,0
3875,1532,1
3875,2229,1
3875,2545,0
3875,397,0
3876,2722,1
3876,1346,1
3876,424,1
3876,1130,1
3876,301,1
3876,1773,1
3876,333,1
3876,496,1
3876,939,0
3876,2631,0
3876,513,0
3876,1743,0
3876,2645,0
3876,834,0
3876,77,0
3877,2265,1
3877,2682,1
3877,141,0
3877,2352,0
3877,1125,0
3878,2210,1
3878,964,1
3878,186,1
3878,2154,1
3878,820,1
3878,1113,1
3878,2746,1
3878,347,1
3878,2587,0
3878,263,0
3878,2056,0
3878,147,0
3879,2048,1
3879,2561,1
3879,1541,1
3879,526,1
3879,2065,1
3879,2073,1
3879,1561,1
3879,30,1
3879,1058,1
3879,2595,1
3879,1576,1
3879,557,1
3879,2095,1
3879,2117,1
3879,2630,1
3879,79,1
3879,593,1
3879,2132,1
3879,1133,1
3879,1649,1
3879,2677,1
3879,2167,1
3879,1145,1
3879,638,1
3879,132,1
3879,2698,1
3879,1162,1
3879,2702,1
3879,664,1
3879,2206,1
3879,1695,1
3879,2209,1
3879,675,1
3879,170,1
3879,2234,1
3879,1228,1
3879,1744,1
3879,2277,1
3879,2290,1
3879,1782,1
3879,2297,1
3879,762,1
3879,1281,1
3879,1284,1
3879,1289,1
3879,1804,1
3879,1810,1
3879,2324,1
3879,1304,1
3879,2337,1
3879,1826,1
3879,2342,1
3879,2345,1
3879,321,1
3879,1346,1
3879,1350,1
3879,2382,1
3879,846,1
3879,352,1
3879,1892,1
3879,1901,1
3879,2420,1
3879,2444,1
3879,400,1
3879,922,1
3879,1439,1
3879,427,1
3879,1452,1
3879,953,1
3879,2520,1
3879,474,1
3879,2021,1
3879,1511,1
3879,2537,1
3879,493,1
3879,1005,1
3879,2030,1
3879,2544,1
3879,386,0
3879,1205,0
3879,179,0
3879,937,0
3879,2099,0
3879,1105,0
3879,653,0
3879,2552,0
3879,341,0
3879,2751,0
3879,1952,0
3879,1306,0
3879,1621,0
3879,2036,0
3879,2314,0
3879,2641,0
3879,2165,0
3879,2486,0
3879,2655,0
3879,889,0
3879,2346,0
3879,2080,0
3879,105,0
3879,2401,0
3879,455,0
3879,2260,0
3879,1053,0
3879,1870,0
3879,785,0
3879,200,0
3879,1075,0
3879,2109,0
3879,1828,0
3879,2418,0
3879,465,0
3879,725,0
3879,1960,0
3879,2413,0
3879,2188,0
3879,751,0
3879,1157,0
3879,280,0
3879,92,0
3879,812,0
3879,2077,0
3879,1809,0
3879,109,0
3879,1245,0
3879,2225,0
3879,1817,0
3879,1247,0
3879,2426,0
3879,2513,0
3879,2525,0
3879,1487,0
3879,263,0
3879,2626,0
3879,578,0
3879,2781,0
3879,2269,0
3879,2113,0
3879,634,0
3879,1293,0
3879,2459,0
3879,680,0
3879,2568,0
3879,2646,0
3879,2504,0
3879,1163,0
3880,1058,1
3880,1609,1
3880,2452,1
3880,881,0
3880,1081,0
3880,569,0
3880,1331,0
3881,793,0
3882,2682,1
3882,2069,1
3882,431,0
3882,1031,0
3882,1530,0
3883,493,1
3883,2376,0
3884,1866,1
3884,427,1
3884,562,1
3884,1011,1
3884,22,1
3884,186,1
3884,2421,0
3884,1943,0
3884,2469,0
3884,191,0
3884,1719,0
3886,1538,1
3886,2371,1
3886,1901,0
3886,1881,0
3887,2471,0
3887,1666,0
3887,770,0
3887,1079,0
3888,675,1
3888,2125,1
3888,2489,1
3888,2094,0
3888,691,0
3888,546,0
3889,675,1
3889,999,1
3889,1609,1
3889,1866,1
3889,1011,1
3889,1980,1
3889,1498,0
3889,1572,0
3889,1990,0
3889,1782,0
3889,2197,0
3889,1228,0
3889,1091,0
3889,1863,0
3889,323,0
3890,2595,1
3890,867,0
3891,1505,1
3891,1090,1
3891,1320,1
3891,2153,1
3891,817,1
3891,1330,1
3891,2646,1
3891,2038,1
3891,1067,0
3891,497,0
3891,374,0
3891,1496,0
3892,675,1
3892,1008,0
3893,186,1
3893,398,1
3893,1122,0
3894,1702,0
3895,2180,1
3895,2229,1
3895,457,0
3896,388,1
3896,1446,1
3896,910,1
3896,17,1
3896,1082,1
3896,2556,1
3896,2206,1
3896,1320,0
3896,484,0
3896,2488,0
3896,549,0
3896,366,0
3896,1781,0
3896,286,0
3896,160,0
3897,1664,1
3897,2307,1
3897,1541,1
3897,1795,1
3897,1939,1
3897,22,1
3897,1944,1
3897,1568,1
3897,1321,1
3897,2224,1
3897,1725,1
3897,1611,1
3897,719,1
3897,485,1
3897,2276,1
3897,999,1
3897,375,1
3897,1531,1
3897,1354,0
3897,2279,0
3897,1582,0
3897,808,0
3897,1783,0
3897,1989,0
3897,2427,0
3897,805,0
3897,1948,0
3897,2667,0
3897,367,0
3897,872,0
3897,2547,0
3897,1216,0
3898,232,1
3898,1289,1
3898,431,1
3898,1011,1
3898,1815,0
3898,1012,0
3898,339,0
3898,1286,0
3899,78,0
3901,674,1
3901,1865,1
3901,1869,1
3901,1422,1
3901,2674,1
3901,1011,1
3901,2777,1
3901,1041,0
3901,80,0
3901,804,0
3901,2708,0
3901,1344,0
3901,2768,0
3901,894,0
3902,2595,1
3902,2760,1
3902,398,1
3902,2303,1
3902,1122,0
3902,2287,0
3903,2563,1
3903,1540,1
3903,124,1
3903,1047,1
3903,857,1
3903,2675,0
3903,2123,0
3903,2363,0
3903,349,0
3903,1120,0
3904,2591,0
3905,1190,1
3905,2698,1
3905,2290,1
3905,307,1
3905,344,1
3905,985,1
3905,1073,0
3905,1462,0
3905,2322,0
3905,2323,0
3905,1345,0
3905,1002,0
3907,2051,1
3907,186,1
3907,493,1
3907,17,1
3907,88,1
3907,2265,1
3907,373,0
3907,2302,0
3907,2440,0
3907,638,0
3907,1553,0
3907,2006,0
3907,1320,0
3908,1072,1
3908,397,1
3908,1704,0
3908,1351,0
3909,264,1
3909,870,0
3910,1011,1
3911,194,1
3911,2436,1
3911,844,1
3911,1933,1
3911,273,1
3911,372,1
3911,2743,1
3911,1944,1
3911,1110,0
3911,764,0
3911,1879,0
3911,2603,0
3911,1511,0
3912,493,1
3913,1541,1
3913,1383,0
3914,2564,0
3915,906,1
3915,282,1
3915,2461,1
3915,544,1
3915,932,1
3915,2101,1
3915,1592,1
3915,2496,1
3915,2116,1
3915,1860,1
3915,1360,1
3915,1618,1
3915,1113,1
3915,1132,1
3915,1393,1
3915,2162,1
3915,1914,1
3915,1790,1
3915,416,0
3915,2199,0
3915,2651,0
3915,2779,0
3915,773,0
3915,1889,0
3915,1045,0
3915,1435,0
3915,1217,0
3915,395,0
3915,2374,0
3915,423,0
3915,1295,0
3915,2357,0
3915,1386,0
3915,2106,0
3915,1435,0
3915,1200,0
3915,2454,0
3915,1693,0
3915,2013,0
3915,477,0
3915,263,0
3916,2537,1
3916,1541,1
3916,29,0
3918,1444,1
3918,132,1
3918,2056,1
3918,2447,1
3918,170,0
3918,2355,0
3919,1804,1
3919,686,1
3919,720,1
3919,1586,1
3919,1944,1
3919,1853,1
3919,30,1
3919,1823,1
3919,1028,0
3919,191,0
3919,276,0
3919,657,0
3919,2702,0
3919,2213,0
3919,71,0
3919,578,0
3921,675,1
3921,302,0
3922,1288,0
3922,259,0
3922,684,0
3923,1393,1
3923,2303,1
3923,801,1
3923,1387,0
3923,1547,0
3924,1673,1
3924,140,1
3924,1425,1
3924,2577,1
3924,2452,1
3924,1175,1
3924,2331,1
3924,542,1
3924,2467,1
3924,178,1
3924,563,1
3924,577,1
3924,2114,1
3924,2371,1
3924,2646,1
3924,2392,1
3924,2029,1
3924,2412,1
3924,2289,1
3924,2040,1
3924,1615,0
3924,197,0
3924,2510,0
3924,672,0
3924,781,0
3924,24,0
3924,943,0
3924,1362,0
3924,2509,0
3924,970,0
3924,511,0
3924,972,0
3924,2268,0
3924,2628,0
3924,1155,0
3924,2215,0
3924,2153,0
3924,985,0
3924,191,0
3925,2437,1
3925,2288,0
3925,2409,0
3925,89,0
3927,1364,0
3928,591,0
3929,1784,1
3929,492,1
3929,1745,0
3930,512,1
3930,270,1
3930,2229,1
3930,2615,1
3930,2619,1
3930,2626,1
3930,1614,1
3930,82,1
3930,605,1
3930,1632,1
3930,994,1
3930,1901,1
3930,2040,1
3930,1362,0
3930,2402,0
3930,1724,0
3930,1896,0
3930,834,0
3930,354,0
3930,2332,0
3930,83,0
3930,889,0
3930,2477,0
3930,1739,0
3930,779,0
3930,2436,0
3930,106,0
3930,2183,0
3931,2115,1
3931,132,1
3931,1393,1
3931,2524,1
3931,742,0
3931,486,0
3931,104,0
3932,2151,1
3932,1097,1
3932,397,1
3932,398,1
3932,817,1
3932,2258,1
3932,2585,1
3932,2749,1
3932,1276,0
3932,2059,0
3932,1348,0
3932,2184,0
3932,1741,0
3932,1550,0
3932,1187,0
3932,941,0
3933,1190,0
3934,1082,1
3934,518,0
3935,1984,1
3935,773,1
3935,1958,1
3935,2630,1
3935,2537,1
3935,2448,1
3935,2612,1
3935,1335,1
3935,2298,1
3935,1819,1
3935,1118,0
3935,1745,0
3935,186,0
3935,1218,0
3935,2327,0
3935,2344,0
3935,2380,0
3935,1757,0
3935,2509,0
3935,330,0
3935,1082,0
3936,896,1
3936,2755,1
3936,631,1
3936,1320,1
3936,2443,1
3936,1303,1
3936,1306,1
3936,1841,0
3936,108,0
3936,2586,0
3936,2395,0
3936,2399,0
3936,1802,0
3936,374,0
3937,397,1
3937,2709,0
3938,1874,1
3938,2297,0
3938,1908,0
3938,1187,0
3938,1205,0
3939,2452,1
3939,1990,0
3940,675,1
3940,2405,1
3940,946,1
3940,1717,1
3940,1464,1
3940,222,1
3940,1892,0
3940,1442,0
3940,2332,0
3940,893,0
3940,2605,0
3941,132,1
3941,1071,1
3941,89,0
3942,2212,1
3942,487,1
3942,1753,1
3942,2014,0
3942,1584,0
3942,287,0
3942,2699,0
3943,2594,1
3943,33,0
3944,1892,1
3946,2167,1
3946,735,0
3946,2505,0
3947,960,1
3948,1422,1
3948,2196,0
3949,777,1
3949,874,1
3949,698,0
3949,1486,0
3950,2212,1
3950,2423,0
3950,1674,0
3951,1169,1
3951,2492,1
3951,1422,1
3951,494,1
3951,720,0
3952,132,1
3952,1490,1
3952,501,1
3952,1944,1
3952,989,1
3952,2155,0
3952,740,0
3952,952,0
3953,1569,1
3953,2447,1
3953,2291,1
3953,62,1
3953,2539,0
3953,2482,0
3953,1963,0
3953,126,0
3953,1897,0
3954,777,1
3954,17,1
3954,1821,0
3954,313,0
3954,2191,0
3955,132,1
3955,1687,0
3955,2088,0
3956,1541,1
3956,2537,1
3956,1422,1
3956,2206,1
3956,1873,0
3956,62,0
3957,4,1
3957,2698,1
3957,2444,1
3957,398,1
3957,1680,1
3957,17,1
3957,2206,1
3957,1439,1
3957,2598,1
3957,807,1
3957,2608,1
3957,2229,1
3957,2742,1
3957,1463,1
3957,576,1
3957,2632,1
3957,1224,1
3957,2385,1
3957,88,1
3957,2021,1
3957,1511,1
3957,1130,1
3957,496,1
3957,744,0
3957,1160,0
3957,1372,0
3957,1913,0
3957,1453,0
3957,777,0
3957,892,0
3957,1774,0
3957,1792,0
3957,2751,0
3957,1228,0
3957,70,0
3957,388,0
3957,1897,0
3957,2722,0
3957,178,0
3957,615,0
3957,2394,0
3957,1655,0
3957,1459,0
3958,192,1
3958,675,1
3958,2212,1
3958,903,1
3958,1865,1
3958,22,1
3958,186,1
3958,2206,1
3958,2372,0
3958,1349,0
3958,1783,0
3958,1648,0
3958,491,0
3958,2496,0
3958,2286,0
3958,1679,0
3959,1699,1
3959,2700,1
3959,1552,1
3959,2229,1
3959,2746,1
3959,763,1
3959,1085,1
3959,1078,0
3959,1193,0
3959,41,0
3959,2268,0
3959,682,0
3959,1371,0
3959,2484,0
3960,283,0
3961,2722,1
3961,2683,1
3961,1743,1
3961,2717,0
3962,675,1
3962,2008,0
3963,1058,1
3963,1865,1
3963,1548,1
3963,1068,1
3963,2477,1
3963,943,1
3963,2544,1
3963,1154,0
3963,1905,0
3963,1737,0
3963,601,0
3964,1072,1
3964,964,1
3964,749,0
3964,1966,0
3964,1736,0
3965,1703,1
3965,2437,0
3966,2443,1
3966,943,1
3966,725,1
3966,1303,1
3966,2389,0
3966,1772,0
3966,944,0
3966,1778,0
3967,1280,1
3967,546,1
3967,675,1
3967,2560,1
3967,454,1
3967,985,1
3967,283,1
3967,2694,0
3967,2199,0
3967,2418,0
3967,2553,0
3967,211,0
3967,1651,0
3967,2609,0
3967,2435,0
3968,2021,1
3968,2682,1
3968,2206,1
3968,31,1
3968,2181,0
3968,668,0
3968,446,0
3968,2338,0
3969,546,1
3969,344,1
3969,2308,1
3969,1190,1
3969,874,1
3969,1489,1
3969,372,1
3969,2582,1
3969,2038,1
3969,1720,1
3969,758,0
3969,1213,0
3969,2131,0
3969,690,0
3969,1055,0
3969,1339,0
3969,2379,0
3970,2212,1
3970,2021,1
3970,2498,0
3970,1978,0
3971,2698,1
3971,2265,0
3972,2639,0
3973,654,1
3974,1865,1
3974,2023,0
3975,1422,1
3975,494,1
3975,1194,0
3975,792,0
3975,2687,0
3975,1395,0
3976,642,1
3976,507,0
3977,546,1
3977,388,1
3977,1609,1
3977,1901,1
3977,307,1
3977,2110,1
3977,42,0
3977,2124,0
3977,238,0
3977,33,0
3977,398,0
3977,174,0
3977,2043,0
3977,2006,0
3978,1569,1
3978,2021,1
3978,1350,1
3978,874,1
3978,523,1
3978,664,1
3978,2461,1
3978,605,1
3978,456,0
3978,237,0
3978,2220,0
3978,1935,0
3978,62,0
3979,918,1
3979,1527,0
3980,97,0
3981,2021,1
3981,835,0
3982,1121,1
3982,1763,1
3982,2472,1
3982,717,1
3982,1299,1
3982,408,1
3982,346,1
3982,997,0
3982,2621,0
3982,234,0
3983,1123,1
3983,938,1
3983,1818,1
3983,493,1
3983,271,1
3983,720,1
3983,2486,1
3983,2746,1
3983,956,1
3983,1663,1
3983,783,0
3983,2356,0
3983,214,0
3983,2656,0
3983,1527,0
3983,2330,0
3983,1266,0
3983,905,0
3983,192,0
3983,1081,0
3983,1768,0
3983,1348,0
3984,2212,1
3985,1792,1
3985,1793,1
3985,642,1
3985,531,1
3985,922,1
3985,2206,1
3985,817,1
3985,943,1
3985,2743,1
3985,1592,1
3985,186,1
3985,2500,1
3985,964,1
3985,1867,1
3985,1742,1
3985,2646,1
3985,472,1
3985,478,1
3985,1892,1
3985,2021,1
3985,748,1
3985,1268,1
3985,758,1
3985,2682,1
3985,2461,0
3985,1845,0
3985,2190,0
3985,2297,0
3985,2197,0
3985,1759,0
3985,1362,0
3985,2397,0
3985,2720,0
3985,563,0
3985,364,0
3985,991,0
3985,747,0
3985,91,0
3985,787,0
3985,933,0
3985,541,0
3985,2109,0
3985,2366,0
3985,255,0
3985,2509,0
3985,1313,0
3986,2546,1
3986,2764,1
3987,348,0
3988,132,1
3988,2610,1
3988,140,1
3988,409,0
3988,752,0
3988,848,0
3989,1632,1
3989,1953,1
3989,1770,1
3989,2492,1
3989,2045,1
3989,473,0
3989,2275,0
3989,697,0
3989,549,0
3989,2096,0
3990,1123,0
3991,1669,1
3992,1823,1
3992,1531,0
3992,795,0
3992,2035,0
3992,2336,0
3993,2053,1
3993,518,1
3993,522,1
3993,2058,1
3993,17,1
3993,2589,1
3993,41,1
3993,1069,1
3993,47,1
3993,2093,1
3993,59,1
3993,63,1
3993,2113,1
3993,2123,1
3993,2124,1
3993,1101,1
3993,81,1
3993,1110,1
3993,89,1
3993,1121,1
3993,1126,1
3993,2154,1
3993,2666,1
3993,625,1
3993,1656,1
3993,640,1
3993,140,1
3993,2192,1
3993,2206,1
3993,1711,1
3993,1718,1
3993,1212,1
3993,1725,1
3993,711,1
3993,2761,1
3993,1792,1
3993,2304,1
3993,1807,1
3993,2329,1
3993,1819,1
3993,1320,1
3993,1840,1
3993,1335,1
3993,1848,1
3993,2363,1
3993,320,1
3993,2380,1
3993,2385,1
3993,1877,1
3993,854,1
3993,346,1
3993,352,1
3993,2404,1
3993,1385,1
3993,1902,1
3993,2415,1
3993,2421,1
3993,1404,1
3993,2436,1
3993,395,1
3993,1421,1
3993,913,1
3993,1439,1
3993,1442,1
3993,1957,1
3993,1449,1
3993,446,1
3993,2502,1
3993,2508,1
3993,464,1
3993,485,1
3993,1513,1
3993,2545,1
3993,652,0
3993,429,0
3993,1362,0
3993,110,0
3993,2392,0
3993,1803,0
3993,494,0
3993,559,0
3993,2386,0
3993,1883,0
3993,2307,0
3993,1515,0
3993,668,0
3993,2346,0
3993,2066,0
3993,1451,0
3993,322,0
3993,830,0
3993,2490,0
3993,78,0
3993,2725,0
3993,1608,0
3993,1680,0
3993,1200,0
3993,1294,0
3993,1943,0
3993,1411,0
3993,1506,0
3993,2791,0
3993,1879,0
3993,1337,0
3993,1048,0
3993,1612,0
3993,2466,0
3993,1663,0
3993,930,0
3993,1636,0
3993,2610,0
3993,1050,0
3993,1987,0
3993,2650,0
3993,2179,0
3993,831,0
3993,1650,0
3993,943,0
3993,626,0
3993,609,0
3993,783,0
3993,1604,0
3993,2233,0
3993,500,0
3993,1342,0
3993,777,0
3993,654,0
3993,841,0
3993,104,0
3993,1119,0
3993,2249,0
3993,1580,0
3993,2759,0
3993,1885,0
3993,744,0
3993,2703,0
3993,1959,0
3993,463,0
3993,2488,0
3993,921,0
3993,1681,0
3993,2366,0
3993,1304,0
3993,1064,0
3993,2523,0
3993,2266,0
3993,2667,0
3993,2015,0
3993,2190,0
3993,2194,0
3993,409,0
3993,1002,0
3993,2096,0
3993,378,0
3993,1809,0
3993,1770,0
3993,1440,0
3993,709,0
3993,298,0
3994,135,1
3994,828,1
3994,701,1
3994,832,1
3994,1874,1
3994,1754,1
3994,1118,1
3994,738,1
3994,613,1
3994,2033,1
3994,1272,1
3994,2017,0
3994,1306,0
3994,913,0
3994,556,0
3994,1507,0
3994,2420,0
3994,155,0
3994,592,0
3994,770,0
3994,2306,0
3994,2138,0
3994,2225,0
3994,1394,0
3994,2143,0
3994,1773,0
3994,690,0
3995,1402,0
3996,777,1
3996,918,1
3996,868,0
3997,1987,0
3998,1681,1
3998,32,1
3998,1702,1
3998,1960,1
3998,824,1
3998,1465,1
3998,2234,1
3998,2249,1
3998,2511,1
3998,213,1
3998,2020,1
3998,2021,1
3998,887,1
3998,507,1
3998,2428,1
3998,510,1
3998,1320,0
3998,2326,0
3998,1441,0
3998,1699,0
3998,2171,0
3998,1975,0
3998,1081,0
3998,126,0
3998,250,0
3998,351,0
3998,2707,0
3998,1265,0
3998,1674,0
3998,1553,0
3998,2604,0
3998,1646,0
3998,1282,0
3998,694,0
3999,2210,1
3999,140,1
3999,2700,1
3999,918,1
3999,2615,1
3999,1659,1
3999,995,0
3999,2678,0
3999,1572,0
3999,2677,0
3999,2003,0
3999,519,0
4000,1669,1
4001,1586,0
4002,1565,1
4003,2514,1
4003,2349,0
4004,1866,1
4007,1511,1
4007,346,0
4008,514,0
4008,2368,0
4009,402,1
4009,178,0
4010,1669,1
4010,1126,1
4010,1680,1
4010,186,1
4010,2626,0
4010,844,0
4010,2615,0
4010,837,0
4010,1505,0
4010,2705,0
4011,2073,1
4012,637,1
4013,1680,1
4013,2073,1
4013,1366,1
4013,1857,0
4014,1295,0
4015,2695,0
4016,2390,1
4016,1213,0
4016,170,0
4017,2674,1
4017,1366,1
4017,1511,1
4017,567,0
4017,1805,0
4018,517,1
4018,11,1
4018,1561,1
4018,1059,1
4018,43,1
4018,44,1
4018,1583,1
4018,1072,1
4018,573,1
4018,2116,1
4018,71,1
4018,2136,1
4018,2151,1
4018,1129,1
4018,1130,1
4018,1663,1
4018,1668,1
4018,1669,1
4018,646,1
4018,140,1
4018,1680,1
4018,675,1
4018,2212,1
4018,166,1
4018,681,1
4018,2746,1
4018,1733,1
4018,2255,1
4018,1240,1
4018,1249,1
4018,1763,1
4018,232,1
4018,1268,1
4018,1276,1
4018,1792,1
4018,271,1
4018,2320,1
4018,817,1
4018,1845,1
4018,321,1
4018,1866,1
4018,845,1
4018,1870,1
4018,2405,1
4018,1393,1
4018,386,1
4018,898,1
4018,388,1
4018,2437,1
4018,1928,1
4018,1933,1
4018,397,1
4018,1944,1
4018,408,1
4018,1952,1
4018,424,1
4018,437,1
4018,973,1
4018,977,1
4018,477,1
4018,2016,1
4018,1505,1
4018,1511,1
4018,1008,1
4018,1523,1
4018,345,0
4018,1761,0
4018,822,0
4018,1284,0
4018,1592,0
4018,1491,0
4018,18,0
4018,1095,0
4018,1554,0
4018,1394,0
4018,788,0
4018,901,0
4018,2104,0
4018,794,0
4018,406,0
4018,1389,0
4018,234,0
4018,1494,0
4018,2699,0
4018,1759,0
4018,867,0
4018,1660,0
4018,2663,0
4018,698,0
4018,1159,0
4018,2693,0
4018,2757,0
4018,1043,0
4018,487,0
4018,1424,0
4018,1110,0
4018,2209,0
4018,2584,0
4018,1234,0
4018,77,0
4018,1596,0
4018,2484,0
4018,1727,0
4018,2425,0
4018,16,0
4018,1542,0
4018,2726,0
4018,1528,0
4018,2647,0
4018,874,0
4018,1256,0
4018,851,0
4018,2254,0
4018,790,0
4018,2356,0
4018,1744,0
4018,1974,0
4018,2148,0
4018,2159,0
4018,92,0
4018,1237,0
4018,2082,0
4018,2042,0
4018,394,0
4018,2394,0
4018,1728,0
4018,1292,0
4018,2219,0
4018,9,0
4018,647,0
4018,1217,0
4018,801,0
4018,13,0
4018,324,0
4018,185,0
4018,2467,0
4019,2303,1
4019,207,1
4019,2463,0
4020,2514,1
4020,1011,1
4020,1507,0
4021,2073,1
4021,1511,1
4021,1859,0
4022,1680,1
4023,585,1
4023,1680,1
4023,2413,1
4023,1268,0
4023,952,0
4023,2016,0
4024,146,0
4024,460,0
4025,865,1
4025,2595,1
4025,1669,1
4025,2130,1
4025,1191,0
4025,529,0
4025,2061,0
4025,1098,0
4026,2016,1
4026,576,1
4026,674,1
4026,2308,1
4026,207,1
4026,1583,1
4026,1073,1
4026,1810,1
4026,2165,1
4026,1680,1
4026,2425,1
4026,1708,0
4026,1792,0
4026,92,0
4026,2116,0
4026,307,0
4026,478,0
4026,261,0
4026,2725,0
4027,2053,1
4027,2055,1
4027,2056,1
4027,9,1
4027,2073,1
4027,2077,1
4027,2081,1
4027,33,1
4027,37,1
4027,2091,1
4027,2104,1
4027,59,1
4027,2111,1
4027,77,1
4027,82,1
4027,2130,1
4027,2137,1
4027,104,1
4027,117,1
4027,126,1
4027,2174,1
4027,131,1
4027,2184,1
4027,2210,1
4027,2216,1
4027,179,1
4027,180,1
4027,2229,1
4027,183,1
4027,2234,1
4027,193,1
4027,2242,1
4027,198,1
4027,207,1
4027,2260,1
4027,2263,1
4027,231,1
4027,237,1
4027,238,1
4027,2289,1
4027,2291,1
4027,2294,1
4027,2298,1
4027,250,1
4027,2327,1
4027,290,1
4027,2351,1
4027,306,1
4027,2357,1
4027,333,1
4027,2389,1
4027,2391,1
4027,2417,1
4027,2433,1
4027,389,1
4027,2447,1
4027,411,1
4027,415,1
4027,419,1
4027,427,1
4027,2476,1
4027,2490,1
4027,449,1
4027,2511,1
4027,476,1
4027,477,1
4027,489,1
4027,493,1
4027,494,1
4027,498,1
4027,2550,1
4027,502,1
4027,2561,1
4027,523,1
4027,2579,1
4027,2584,1
4027,2591,1
4027,545,1
4027,2595,1
4027,2603,1
4027,2606,1
4027,2610,1
4027,2613,1
4027,2615,1
4027,2620,1
4027,573,1
4027,2635,1
4027,589,1
4027,594,1
4027,596,1
4027,2646,1
4027,2647,1
4027,2656,1
4027,2674,1
4027,2677,1
4027,2688,1
4027,2695,1
4027,2708,1
4027,677,1
4027,2741,1
4027,711,1
4027,2767,1
4027,2777,1
4027,729,1
4027,758,1
4027,798,1
4027,802,1
4027,808,1
4027,823,1
4027,830,1
4027,860,1
4027,865,1
4027,872,1
4027,894,1
4027,920,1
4027,922,1
4027,931,1
4027,936,1
4027,945,1
4027,948,1
4027,993,1
4027,1005,1
4027,1009,1
4027,1027,1
4027,1029,1
4027,1031,1
4027,1042,1
4027,1043,1
4027,1052,1
4027,1054,1
4027,1071,1
4027,1101,1
4027,1104,1
4027,1105,1
4027,1110,1
4027,1121,1
4027,1167,1
4027,1194,1
4027,1225,1
4027,1241,1
4027,1244,1
4027,1245,1
4027,1249,1
4027,1283,1
4027,1287,1
4027,1296,1
4027,1312,1
4027,1313,1
4027,1316,1
4027,1330,1
4027,1333,1
4027,1341,1
4027,1342,1
4027,1366,1
4027,1409,1
4027,1410,1
4027,1422,1
4027,1431,1
4027,1442,1
4027,1447,1
4027,1511,1
4027,1540,1
4027,1546,1
4027,1559,1
4027,1568,1
4027,1588,1
4027,1604,1
4027,1606,1
4027,1645,1
4027,1667,1
4027,1669,1
4027,1680,1
4027,1686,1
4027,1777,1
4027,1793,1
4027,1801,1
4027,1811,1
4027,1825,1
4027,1842,1
4027,1848,1
4027,1854,1
4027,1886,1
4027,1896,1
4027,1897,1
4027,1902,1
4027,1905,1
4027,1910,1
4027,1945,1
4027,1958,1
4027,1978,1
4027,1980,1
4027,1983,1
4027,2022,1
4027,2034,1
4027,2046,1
4027,2047,1
4027,471,0
4027,2673,0
4027,481,0
4027,1215,0
4027,787,0
4027,2692,0
4027,620,0
4027,2759,0
4027,1764,0
4027,565,0
4027,1260,0
4027,2667,0
4027,618,0
4027,1353,0
4027,1275,0
4027,120,0
4027,1822,0
4027,814,0
4027,807,0
4027,796,0
4027,2017,0
4027,838,0
4027,1728,0
4027,2650,0
4027,1997,0
4027,340,0
4027,53,0
4027,2041,0
4027,347,0
4027,565,0
4027,1192,0
4027,177,0
4027,499,0
4027,660,0
4027,803,0
4027,38,0
4027,81,0
4027,257,0
4027,2779,0
4027,951,0
4027,740,0
4027,2141,0
4027,1661,0
4027,2087,0
4027,325,0
4027,2092,0
4027,1160,0
4027,1579,0
4027,755,0
4027,1041,0
4027,2345,0
4027,1465,0
4027,2299,0
4027,1321,0
4027,1072,0
4027,1829,0
4027,1154,0
4027,1650,0
4027,1097,0
4027,1050,0
4027,510,0
4027,146,0
4027,2199,0
4027,412,0
4027,2403,0
4027,2284,0
4027,1936,0
4027,2266,0
4027,189,0
4027,1130,0
4027,1776,0
4027,1091,0
4027,2072,0
4027,1149,0
4027,366,0
4027,1889,0
4027,239,0
4027,2602,0
4027,2429,0
4027,1860,0
4027,2465,0
4027,639,0
4027,2399,0
4027,825,0
4027,289,0
4027,168,0
4027,1798,0
4027,399,0
4027,321,0
4027,1682,0
4027,1148,0
4027,1613,0
4027,548,0
4027,1784,0
4027,1038,0
4027,2105,0
4027,814,0
4027,1932,0
4027,1665,0
4027,247,0
4027,434,0
4027,2784,0
4027,2246,0
4027,2683,0
4027,2479,0
4027,2583,0
4027,2393,0
4027,459,0
4027,1464,0
4027,1787,0
4027,1895,0
4027,2361,0
4027,2712,0
4027,2747,0
4027,2243,0
4027,1179,0
4027,2537,0
4027,1127,0
4027,2487,0
4027,845,0
4027,2705,0
4027,1924,0
4027,1389,0
4027,898,0
4027,1558,0
4027,812,0
4027,883,0
4027,1001,0
4027,2471,0
4027,1182,0
4027,2004,0
4027,868,0
4027,1564,0
4027,1558,0
4027,443,0
4027,1856,0
4027,513,0
4027,1164,0
4027,2192,0
4027,1926,0
4027,286,0
4027,1332,0
4027,1733,0
4027,2148,0
4027,2574,0
4027,2423,0
4027,70,0
4027,1595,0
4027,2443,0
4027,373,0
4027,1766,0
4027,914,0
4027,2039,0
4027,1923,0
4027,1690,0
4027,2539,0
4027,2317,0
4027,2731,0
4027,572,0
4027,2153,0
4027,673,0
4027,1362,0
4027,2519,0
4027,1804,0
4027,2471,0
4027,2157,0
4027,2782,0
4027,311,0
4027,2537,0
4027,2126,0
4027,965,0
4027,488,0
4027,2158,0
4027,1719,0
4027,2276,0
4027,1191,0
4027,880,0
4027,186,0
4027,257,0
4027,1161,0
4027,1469,0
4027,1030,0
4027,2637,0
4027,2306,0
4027,177,0
4027,2128,0
4027,2375,0
4027,701,0
4027,2669,0
4027,817,0
4027,1097,0
4027,2125,0
4027,1479,0
4027,985,0
4027,96,0
4027,953,0
4027,1147,0
4027,2534,0
4027,2576,0
4027,1737,0
4027,2024,0
4027,593,0
4027,368,0
4027,1633,0
4027,2716,0
4027,356,0
4027,2208,0
4027,1725,0
4027,1990,0
4027,953,0
4027,1197,0
4027,1653,0
4027,2443,0
4027,2712,0
4027,896,0
4027,822,0
4027,645,0
4027,2607,0
4027,1136,0
4027,1461,0
4027,418,0
4027,2461,0
4028,2234,1
4028,1305,0
4030,568,1
4030,2451,1
4030,238,0
4030,1684,0
4031,1249,1
4031,1156,1
4031,2086,1
4031,1511,1
4031,1129,1
4031,1386,1
4031,520,1
4031,872,1
4031,494,1
4031,1592,1
4031,1450,0
4031,502,0
4031,1332,0
4031,2676,0
4031,2193,0
4031,147,0
4032,207,1
4032,948,0
4033,1810,1
4033,2267,0
4035,2289,1
4035,2265,1
4035,2682,1
4035,1905,0
4035,262,0
4035,138,0
4036,1794,1
4036,2532,1
4036,307,1
4036,1913,1
4036,2234,1
4036,1894,0
4036,2539,0
4036,371,0
4036,967,0
4038,2073,1
4038,1877,1
4038,1198,0
4038,1698,0
4039,1913,1
4039,1194,0
4040,1366,1
4040,207,1
4040,997,0
4041,1894,1
4041,922,1
4041,1137,0
4042,207,1
4042,1973,0
4042,1583,0
4043,1011,1
4044,2016,1
4045,1913,1
4045,2277,1
4045,2247,0
4045,792,0
4046,207,1
4047,386,1
4047,207,1
4047,2289,1
4047,472,1
4047,1753,1
4047,605,1
4047,606,0
4047,1444,0
4047,1439,0
4047,1585,0
4047,2662,0
4047,685,0
4049,640,1
4049,2785,1
4049,844,1
4049,1689,0
4049,2651,0
4049,281,0
4049,1972,0
4049,1743,0
4049,2594,0
4049,1961,0
4050,1884,0
4052,1546,1
4052,2745,1
4052,1402,1
4052,1998,0
4052,2083,0
4052,2542,0
4053,635,0
4053,1388,0
4053,2574,0
4054,576,1
4054,2560,1
4055,910,1
4055,1910,1
4056,459,1
4056,207,1
4056,24,1
4056,2619,1
4056,2324,0
4056,619,0
4056,2491,0
4056,1406,0
4056,789,0
4056,914,0
4057,2039,0
4058,977,1
4059,256,1
4060,943,1
4060,1020,1
4060,428,0
4060,1857,0
4061,207,1
4062,1792,1
4062,903,1
4062,1673,1
4062,1674,1
4062,2444,1
4062,531,1
4062,149,1
4062,922,1
4062,2206,1
4062,801,1
4062,1704,1
4062,2218,1
4062,1707,1
4062,557,1
4062,817,1
4062,307,1
4062,2746,1
4062,2619,1
4062,1343,1
4062,1094,1
4062,2249,1
4062,207,1
4062,1872,1
4062,2258,1
4062,1366,1
4062,472,1
4062,2520,1
4062,1114,1
4062,1503,1
4062,482,1
4062,1898,1
4062,363,1
4062,2034,1
4062,1910,1
4062,2550,1
4062,1658,1
4062,2303,1
4062,2510,0
4062,2245,0
4062,2161,0
4062,1926,0
4062,973,0
4062,928,0
4062,2306,0
4062,1508,0
4062,2275,0
4062,1325,0
4062,2511,0
4062,2319,0
4062,170,0
4062,848,0
4062,2766,0
4062,1931,0
4062,383,0
4062,935,0
4062,2638,0
4062,1652,0
4062,2305,0
4062,370,0
4062,2181,0
4062,2784,0
4062,1975,0
4062,49,0
4062,854,0
4062,1015,0
4062,1693,0
4063,2129,1
4064,207,1
4064,847,0
4065,2682,1
4065,1565,1
4065,1604,0
4066,865,1
4066,2056,1
4066,830,1
4066,1695,1
4066,2740,0
4066,329,0
4066,436,0
4066,1235,0
4066,2184,0
4067,710,0
4068,398,1
4068,2181,0
4069,256,1
4069,1890,0
4070,1900,1
4070,887,0
4071,2407,1
4071,1926,0
4072,752,0
4072,653,0
4073,1446,1
4073,1509,0
4074,802,1
4074,1130,1
4074,11,1
4074,524,1
4074,2254,1
4074,757,1
4074,495,0
4074,2408,0
4074,980,0
4074,1711,0
4074,2216,0
4074,2214,0
4074,1856,0
4074,2484,0
4074,1131,0
4075,2785,1
4075,1794,1
4075,672,1
4075,1240,1
4075,2137,1
4075,1091,0
4075,1616,0
4076,748,1
4076,2485,1
4076,989,1
4076,2401,0
4076,132,0
4076,1284,0
4077,271,1
4077,2320,1
4077,977,1
4077,2137,1
4077,573,1
4077,697,0
4077,1452,0
4077,1929,0
4077,2323,0
4078,903,1
4078,207,1
4078,627,1
4078,1366,1
4078,123,1
4078,2183,0
4078,1115,0
4078,2595,0
4078,2239,0
4079,1665,1
4079,1673,1
4079,2443,1
4079,1296,1
4079,1561,1
4079,1181,1
4079,416,1
4079,2615,1
4079,575,1
4079,2114,1
4079,1865,1
4079,1234,1
4079,1117,1
4079,1373,1
4079,206,0
4079,2772,0
4079,1981,0
4079,2251,0
4079,2416,0
4079,336,0
4079,1787,0
4079,2398,0
4079,626,0
4079,2500,0
4079,1261,0
4081,2544,1
4081,2682,1
4081,1268,0
4081,1340,0
4081,442,0
4082,2243,1
4082,1674,1
4082,1162,1
4082,336,1
4082,1043,1
4082,2615,1
4082,632,1
4082,1913,1
4082,2045,1
4082,1917,0
4082,35,0
4082,1367,0
4082,497,0
4082,1723,0
4082,2248,0
4082,2386,0
4082,2493,0
4082,481,0
4083,1810,1
4083,2532,1
4083,1237,0
4083,574,0
4083,1021,0
4084,960,1
4084,1743,1
4084,378,0
4084,1318,0
4085,1546,1
4085,1043,1
4085,1982,0
4085,687,0
4085,2422,0
4085,776,0
4086,1058,1
4086,207,1
4086,1649,1
4086,2494,0
4086,1256,0
4086,2618,0
4086,1622,0
4087,1930,1
4087,881,1
4087,503,1
4087,1755,1
4087,60,1
4087,1565,1
4087,1808,0
4087,982,0
4087,1815,0
4087,1575,0
4088,1538,0
4089,1117,0
4090,352,1
4090,1797,1
4090,1386,1
4090,531,1
4090,2072,1
4090,186,1
4090,2435,0
4090,445,0
4090,1957,0
4090,640,0
4090,1171,0
4090,209,0
4091,1794,1
4091,2572,0
4092,1289,1
4092,1546,1
4092,271,1
4092,2449,1
4092,1810,1
4092,913,1
4092,1695,1
4092,2722,1
4092,1315,1
4092,675,1
4092,2086,1
4092,1966,1
4092,1467,1
4092,2236,1
4092,1983,1
4092,2246,1
4092,2247,1
4092,846,1
4092,2382,1
4092,1360,1
4092,1492,1
4092,2135,1
4092,612,1
4092,1511,1
4092,2153,1
4092,494,1
4092,1775,1
4092,2163,1
4092,372,1
4092,885,1
4092,632,1
4092,2297,1
4092,123,1
4092,2303,1
4092,1991,0
4092,876,0
4092,328,0
4092,1107,0
4092,1873,0
4092,2035,0
4092,2594,0
4092,2166,0
4092,589,0
4092,671,0
4092,2089,0
4092,315,0
4092,2399,0
4092,567,0
4092,937,0
4092,1545,0
4092,155,0
4092,2652,0
4092,1006,0
4092,1385,0
4092,1440,0
4092,2640,0
4092,2088,0
4092,2392,0
4092,984,0
4092,324,0
4092,981,0
4092,1972,0
4092,2172,0
4092,2242,0
4092,539,0
4092,2764,0
4092,2493,0
4092,2129,0
4092,249,0
4092,2178,0
4093,2145,1
4093,2329,1
4093,1958,1
4093,1285,0
4093,1468,0
4094,2754,1
4094,1958,1
4094,2343,1
4094,1033,1
4094,332,1
4094,2046,1
4094,1780,0
4094,717,0
4094,1538,0
4094,2240,0
4094,894,0
4094,724,0
4094,1446,0
4094,1077,0
4094,2123,0
4094,2237,0
4094,2091,0
4094,2306,0
4094,2368,0
4095,1546,1
4095,1794,1
4095,2306,0
4096,2051,1
4096,675,1
4096,2058,1
4096,1171,1
4096,2682,1
4096,65,0
4096,1249,0
4096,1841,0
4096,1740,0
4096,110,0
4096,1483,0
4097,2320,1
4097,2498,1
4097,1446,1
4097,2181,0
4097,169,0
4098,2556,1
4098,1262,0
4098,1423,0
4099,2613,1
4100,2212,1
4100,723,0
4101,1561,1
4101,1611,1
4101,1020,1
4101,562,0
4101,1696,0
4101,1700,0
4102,1422,1
4102,2697,0
4103,520,1
4103,2584,1
4103,2585,1
4103,1053,1
4103,1057,1
4103,50,1
4103,1589,1
4103,1082,1
4103,59,1
4103,1607,1
4103,2632,1
4103,2639,1
4103,1615,1
4103,1113,1
4103,1114,1
4103,1117,1
4103,2653,1
4103,2661,1
4103,1131,1
4103,1133,1
4103,625,1
4103,1141,1
4103,2702,1
4103,171,1
4103,2237,1
4103,193,1
4103,1759,1
4103,2282,1
4103,748,1
4103,256,1
4103,790,1
4103,282,1
4103,295,1
4103,2345,1
4103,301,1
4103,2355,1
4103,1857,1
4103,1871,1
4103,857,1
4103,2412,1
4103,369,1
4103,1397,1
4103,2422,1
4103,2423,1
4103,2428,1
4103,1920,1
4103,906,1
4103,2443,1
4103,397,1
4103,398,1
4103,914,1
4103,403,1
4103,1939,1
4103,1442,1
4103,1958,1
4103,2485,1
4103,964,1
4103,1997,1
4103,461,1
4103,467,1
4103,480,1
4103,994,1
4103,2023,1
4103,2537,1
4103,1018,1
4103,1531,1
4103,1660,0
4103,1569,0
4103,1963,0
4103,2558,0
4103,1563,0
4103,2312,0
4103,2119,0
4103,1243,0
4103,642,0
4103,2666,0
4103,2052,0
4103,385,0
4103,586,0
4103,1989,0
4103,2610,0
4103,83,0
4103,78,0
4103,1148,0
4103,839,0
4103,2110,0
4103,120,0
4103,1042,0
4103,1893,0
4103,2120,0
4103,273,0
4103,2245,0
4103,1346,0
4103,1115,0
4103,426,0
4103,1007,0
4103,2252,0
4103,1048,0
4103,114,0
4103,2762,0
4103,416,0
4103,1925,0
4103,1374,0
4103,730,0
4103,2378,0
4103,2228,0
4103,2295,0
4103,1635,0
4103,236,0
4103,1104,0
4103,1091,0
4103,781,0
4103,2664,0
4103,1144,0
4103,676,0
4103,1202,0
4103,893,0
4103,2730,0
4103,475,0
4103,1012,0
4103,2556,0
4103,833,0
4103,1952,0
4103,2080,0
4103,212,0
4103,425,0
4103,1426,0
4104,2700,1
4104,1968,1
4104,2613,1
4104,356,0
4104,1857,0
4104,1364,0
4105,589,1
4105,2613,1
4105,1117,0
4105,499,0
4106,2034,1
4107,2265,1
4107,843,1
4107,1492,1
4107,2133,0
4108,1928,1
4108,1002,1
4108,1117,1
4108,1578,0
4108,711,0
4108,2679,0
4109,1953,1
4109,165,1
4109,1082,1
4109,2371,1
4109,333,1
4109,207,1
4109,212,1
4109,2137,1
4109,1898,1
4109,2040,1
4109,543,0
4109,1860,0
4109,2688,0
4109,1478,0
4109,423,0
4109,2473,0
4109,830,0
4109,1056,0
4109,1233,0
4109,657,0
4109,2229,0
4110,1664,1
4110,2058,1
4110,2443,1
4110,2289,1
4110,2036,1
4110,1855,1
4110,780,0
4110,1974,0
4110,2564,0
4110,834,0
4110,21,0
4110,2676,0
4110,1890,0
4110,177,0
4110,2378,0
4110,1182,0
4111,472,1
4111,2443,1
4111,207,1
4111,432,0
4111,708,0
4111,2709,0
4112,2639,1
4112,2157,0
4113,250,1
4113,2175,1
4114,1892,1
4114,805,1
4114,487,1
4114,2443,1
4114,2604,1
4114,2477,1
4114,943,1
4114,2289,1
4114,1589,1
4114,631,1
4114,2619,1
4114,2108,0
4114,606,0
4114,1600,0
4114,1124,0
4114,1780,0
4114,972,0
4114,1568,0
4114,2342,0
4114,871,0
4114,1543,0
4114,1026,0
4115,2258,1
4115,999,0
4116,1088,1
4116,439,1
4116,1668,1
4116,1574,1
4116,2443,1
4116,2158,1
4116,822,1
4116,375,1
4116,2682,1
4116,765,1
4116,478,1
4116,487,0
4116,1508,0
4116,2720,0
4116,771,0
4116,2243,0
4116,1757,0
4116,810,0
4116,1372,0
4116,2264,0
4117,2785,1
4117,1764,1
4117,133,1
4117,1320,1
4117,1074,1
4117,1459,1
4117,1428,1
4117,1366,0
4117,244,0
4117,945,0
4117,1379,0
4117,1930,0
4118,2137,1
4118,2175,1
4118,1714,0
4119,675,1
4119,212,1
4119,2316,0
4119,281,0
4120,865,1
4120,1366,1
4120,1397,0
4121,677,1
4121,255,1
4121,2634,0
4121,764,0
4123,1446,1
4123,1609,1
4123,123,1
4123,2431,1
4123,981,0
4123,27,0
4123,1376,0
4123,765,0
4123,186,0
4123,2745,0
4124,2034,1
4124,2166,0
4125,2303,1
4125,232,1
4125,1544,1
4125,1546,1
4125,1098,1
4125,520,1
4125,557,1
4125,2095,1
4125,431,1
4125,1872,1
4125,2228,1
4125,1114,1
4125,2428,1
4125,1917,1
4125,1695,1
4125,0,0
4125,481,0
4125,50,0
4125,934,0
4125,394,0
4125,693,0
4125,881,0
4125,752,0
4125,2339,0
4125,549,0
4125,1134,0
4126,2034,1
4126,1446,1
4127,2034,1
4127,989,1
4127,2228,0
4127,752,0
4127,493,0
4128,1338,1
4128,243,1
4128,2582,1
4128,2744,1
4128,1561,1
4128,1532,1
4128,2303,1
4128,1664,0
4128,1395,0
4128,1353,0
4128,2660,0
4128,2417,0
4128,2512,0
4128,1616,0
4128,88,0
4128,663,0
4128,2733,0
4129,2476,1
4129,2613,1
4129,1598,1
4129,2754,1
4129,2246,1
4129,1225,1
4129,1870,1
4129,980,1
4129,2537,1
4129,2034,1
4129,2170,1
4129,1073,0
4129,649,0
4129,2205,0
4129,1677,0
4129,2383,0
4129,2313,0
4129,1213,0
4129,632,0
4129,2526,0
4129,684,0
4129,331,0
4129,1600,0
4129,1331,0
4129,2484,0
4129,714,0
4129,389,0
4130,2034,1
4130,1950,1
4130,609,0
4131,243,1
4131,1039,0
4132,2410,0
4133,523,1
4133,123,1
4133,752,0
4133,570,0
4133,2081,0
4134,1338,1
4134,207,1
4134,1433,0
4134,453,0
4134,1938,0
4135,2746,1
4135,2034,1
4135,625,0
4135,1180,0
4136,2722,1
4136,2443,1
4136,557,1
4136,243,1
4136,186,1
4136,837,0
4136,2737,0
4136,624,0
4136,1818,0
4136,625,0
4136,121,0
4136,1174,0
4137,1058,1
4137,1412,1
4137,1029,1
4137,2247,1
4137,233,1
4137,1614,1
4137,2544,1
4137,273,1
4137,2771,1
4137,1877,1
4137,311,1
4137,2619,1
4137,1255,0
4137,1090,0
4137,1620,0
4137,1337,0
4137,1565,0
4137,1294,0
4137,1909,0
4137,256,0
4137,457,0
4137,1524,0
4137,1917,0
4137,1295,0
4137,2262,0
4138,840,1
4138,2673,1
4138,2169,0
4138,2066,0
4139,1029,1
4139,1421,1
4139,255,1
4139,1864,0
4139,2519,0
4139,630,0
4140,520,1
4140,1338,1
4140,1386,1
4140,2635,0
4141,2034,1
4141,263,0
4141,2078,0
4142,2546,1
4142,1611,1
4142,2144,0
4143,1412,1
4143,1623,0
4143,244,0
4143,2677,0
4143,156,0
4143,53,0
4144,2246,1
4144,2443,1
4144,2582,1
4144,2297,1
4144,1737,0
4144,319,0
4144,1678,0
4144,112,0
4145,2582,1
4145,140,0
4145,678,0
4146,1338,1
4146,2582,1
4146,762,0
4147,2289,1
4147,1446,1
4147,487,1
4147,2066,0
4147,954,0
4148,1953,1
4148,1698,1
4148,520,1
4148,1329,1
4148,2550,1
4148,1695,1
4148,67,0
4148,1753,0
4148,1252,0
4148,1750,0
4149,2562,1
4149,1611,1
4149,964,1
4149,1046,0
4149,474,0
4149,1264,0
4150,1611,1
4150,1039,1
4150,2257,0
4151,2116,1
4151,2297,1
4151,2246,1
4151,2443,1
4151,2582,1
4151,2265,1
4151,1338,1
4151,1934,0
4151,1806,0
4151,175,0
4151,1663,0
4151,2195,0
4151,1282,0
4151,71,0
4151,2074,0
4152,2305,1
4152,2537,1
4152,1194,1
4152,1387,1
4152,2637,1
4152,1136,1
4152,2613,1
4152,1173,0
4152,1213,0
4152,155,0
4152,312,0
4152,842,0
4152,1155,0
4152,2387,0
4152,245,0
4153,668,1
4153,1249,1
4153,2277,1
4153,1669,1
4153,2492,1
4153,1865,1
4153,395,1
4153,207,1
4153,1875,1
4153,1338,1
4153,2556,1
4153,1236,0
4153,1084,0
4153,543,0
4153,1590,0
4153,1868,0
4153,384,0
4153,2770,0
4153,546,0
4153,376,0
4153,223,0
4154,1576,1
4154,1680,1
4154,977,1
4154,1195,0
4154,648,0
4154,1981,0
4154,2532,0
4154,1793,0
4155,2297,1
4155,611,1
4155,2333,1
4155,2660,0
4155,862,0
4156,426,0
4157,1346,1
4157,1932,1
4157,913,1
4157,345,1
4157,2572,0
4157,2284,0
4158,1225,1
4158,2122,1
4160,390,1
4160,1446,1
4160,1598,1
4160,427,0
4160,2056,0
4160,1420,0
4160,2629,0
4161,977,1
4161,2065,1
4161,903,0
4161,177,0
4161,2552,0
4163,482,1
4163,1506,0
4164,1250,1
4164,675,1
4164,1187,1
4164,804,1
4164,2120,1
4164,1236,1
4164,54,1
4164,667,1
4164,2322,0
4164,1570,0
4164,1046,0
4164,640,0
4164,2433,0
4164,987,0
4164,643,0
4164,2008,0
4164,2791,0
4164,1960,0
4164,1559,0
4165,81,1
4165,1023,1
4165,1849,0
4165,2423,0
4166,127,1
4168,1552,1
4168,1566,1
4168,2181,0
4169,2277,1
4169,2241,0
4170,2582,1
4171,832,1
4171,2519,1
4171,1915,1
4171,673,1
4171,1901,1
4171,1754,1
4171,443,1
4171,260,0
4171,2360,0
4171,1881,0
4171,1951,0
4171,2194,0
4171,2290,0
4171,2076,0
4171,185,0
4171,787,0
4171,833,0
4171,376,0
4172,271,1
4172,914,1
4172,2098,1
4172,2582,1
4172,2040,0
4172,1788,0
4172,587,0
4172,2784,0
4173,2277,1
4173,2630,1
4173,1446,1
4173,271,1
4173,558,0
4173,2520,0
4173,892,0
4173,912,0
4173,1498,0
4175,2532,1
4175,2246,1
4175,2702,0
4175,1535,0
4177,2431,1
4177,354,0
4178,1249,1
4178,2691,1
4178,1611,1
4178,2443,1
4178,663,1
4178,1679,0
4178,293,0
4178,2330,0
4178,2754,0
4178,278,0
4179,532,1
4179,426,0
4179,355,0
4180,520,1
4180,2443,1
4180,20,1
4180,797,1
4180,1695,1
4180,163,1
4180,426,1
4180,817,1
4180,207,1
4180,1872,1
4180,100,1
4180,363,1
4180,1268,1
4180,382,1
4180,2303,1
4180,851,0
4180,1724,0
4180,990,0
4180,2505,0
4180,1740,0
4180,1483,0
4180,1223,0
4180,2334,0
4180,2760,0
4180,1847,0
4180,848,0
4180,2223,0
4181,1611,1
4181,2630,1
4181,207,1
4181,2217,0
4181,22,0
4182,2228,1
4182,608,0
4183,2180,1
4183,1546,1
4183,2444,1
4183,1680,1
4183,2072,1
4183,2206,1
4183,1057,1
4183,1958,1
4183,1200,1
4183,817,1
4183,2630,1
4183,980,1
4183,1240,1
4183,2649,1
4183,1126,1
4183,1511,1
4183,1129,1
4183,1005,1
4183,2034,1
4183,1271,1
4183,1996,0
4183,1998,0
4183,1806,0
4183,1160,0
4183,1967,0
4183,2782,0
4183,1867,0
4183,2571,0
4183,2718,0
4183,645,0
4183,1845,0
4183,1408,0
4183,1459,0
4183,1537,0
4183,2390,0
4183,1439,0
4183,2077,0
4183,2346,0
4183,1254,0
4183,1158,0
4183,1368,0
4184,1983,1
4184,2452,0
4185,2228,1
4185,476,1
4185,2668,0
4185,701,0
4186,2048,1
4186,4,1
4186,1029,1
4186,1045,1
4186,2583,1
4186,2589,1
4186,557,1
4186,2098,1
4186,1588,1
4186,2619,1
4186,2626,1
4186,2632,1
4186,2122,1
4186,1611,1
4186,1610,1
4186,2137,1
4186,1130,1
4186,1136,1
4186,1656,1
4186,2170,1
4186,2181,1
4186,1161,1
4186,2702,1
4186,655,1
4186,1680,1
4186,1171,1
4186,2218,1
4186,179,1
4186,1717,1
4186,2743,1
4186,2242,1
4186,2245,1
4186,2246,1
4186,2247,1
4186,207,1
4186,1744,1
4186,1764,1
4186,233,1
4186,748,1
4186,1773,1
4186,758,1
4186,2304,1
4186,1803,1
4186,278,1
4186,294,1
4186,1845,1
4186,830,1
4186,1867,1
4186,335,1
4186,1871,1
4186,1896,1
4186,873,1
4186,878,1
4186,1902,1
4186,887,1
4186,896,1
4186,2436,1
4186,1933,1
4186,1439,1
4186,2494,1
4186,2500,1
4186,2502,1
4186,1483,1
4186,464,1
4186,2001,1
4186,466,1
4186,1005,1
4186,496,1
4186,501,1
4186,1013,1
4186,2040,1
4186,1531,1
4186,2641,0
4186,2081,0
4186,463,0
4186,2173,0
4186,2713,0
4186,1071,0
4186,525,0
4186,2786,0
4186,1194,0
4186,292,0
4186,340,0
4186,1169,0
4186,2568,0
4186,1042,0
4186,2485,0
4186,182,0
4186,325,0
4186,1822,0
4186,2018,0
4186,707,0
4186,2469,0
4186,374,0
4186,1774,0
4186,1250,0
4186,630,0
4186,1410,0
4186,215,0
4186,1182,0
4186,904,0
4186,945,0
4186,1676,0
4186,1156,0
4186,1165,0
4186,2480,0
4186,2088,0
4186,2174,0
4186,2400,0
4186,1176,0
4186,1160,0
4186,1126,0
4186,707,0
4186,2421,0
4186,388,0
4186,1819,0
4186,1751,0
4186,3,0
4186,239,0
4186,227,0
4186,2085,0
4186,2639,0
4186,2687,0
4186,2642,0
4186,1348,0
4186,1832,0
4186,1630,0
4186,709,0
4186,1381,0
4186,2285,0
4186,932,0
4186,1074,0
4187,2021,1
4187,2095,1
4187,31,1
4187,1631,1
4187,2434,0
4187,982,0
4187,2480,0
4188,2443,1
4188,606,0
4189,4,1
4189,2303,1
4189,535,0
4189,1332,0
4189,1808,0
4190,1983,1
4190,484,0
4191,1000,1
4191,2511,1
4191,839,0
4191,781,0
4192,2228,1
4192,149,1
4192,308,0
4192,2563,0
4193,2617,1
4193,2252,0
4194,572,1
4194,2630,1
4194,2735,0
4194,2766,0
4194,2200,0
4194,1891,0
4195,2617,1
4196,2630,1
4196,1450,0
4197,31,1
4198,640,1
4198,1680,1
4198,1428,1
4198,22,1
4198,2073,1
4198,1058,1
4198,1845,1
4198,2105,1
4198,590,1
4198,2277,1
4198,632,1
4198,290,0
4198,14,0
4198,1408,0
4198,1269,0
4198,1932,0
4198,2610,0
4198,213,0
4198,2599,0
4198,1051,0
4198,2577,0
4198,92,0
4199,832,1
4199,1282,1
4199,1929,1
4199,1930,1
4199,881,1
4199,1524,1
4199,212,1
4199,1755,1
4199,828,1
4199,1565,1
4199,1603,0
4199,1591,0
4199,1340,0
4199,161,0
4199,435,0
4199,317,0
4199,1787,0
4199,2355,0
4199,2247,0
4199,24,0
4199,576,0
4199,1994,0
4200,2065,1
4200,977,1
4200,243,1
4200,2170,1
4200,1653,0
4200,822,0
4200,863,0
4200,1506,0
4200,1287,0
4201,243,1
4201,149,1
4201,707,0
4201,2455,0
4202,994,1
4202,886,1
4202,2303,1
4202,1643,0
4202,1980,0
4202,2082,0
4202,1470,0
4203,243,1
4204,557,1
4204,2619,0
4205,528,1
4205,1958,0
4206,2429,0
4207,1349,1
4207,903,1
4207,487,1
4207,1865,1
4207,1366,1
4207,965,0
4207,1262,0
4207,1753,0
4207,959,0
4207,2052,0
4207,255,0
4208,40,1
4208,857,1
4208,2682,1
4208,2619,1
4208,1500,1
4208,1259,0
4208,615,0
4208,1961,0
4208,742,0
4208,1689,0
4208,2766,0
4209,970,0
4210,149,1
4210,1444,0
4211,2619,1
4211,1872,0
4212,2095,1
4212,2303,1
4212,2399,0
4212,1939,0
4212,54,0
4212,230,0
4213,557,1
4213,1743,0
4213,2273,0
4213,700,0
4213,2695,0
4215,166,1
4215,1511,1
4215,2511,1
4215,1680,1
4215,243,1
4215,212,1
4215,1209,0
4215,1899,0
4215,2568,0
4216,2619,1
4216,411,1
4216,532,1
4216,2606,0
4217,2228,1
4217,1143,1
4217,2303,1
4217,1686,0
4217,1987,0
4218,1680,1
4218,1363,0
4219,2019,0
4220,186,1
4220,1466,0
4221,1699,1
4221,1123,1
4221,2022,1
4221,2640,1
4221,2163,1
4221,2003,1
4221,2486,1
4221,2237,0
4221,1963,0
4221,1912,0
4221,888,0
4222,994,1
4222,243,1
4222,557,1
4222,964,0
4222,2119,0
4222,1670,0
4223,965,1
4223,1674,1
4223,2065,1
4223,2130,1
4223,1083,1
4223,2303,1
4223,2190,0
4223,1708,0
4223,1360,0
4223,977,0
4223,1403,0
4224,2619,1
4224,2123,0
4225,2443,1
4225,395,1
4225,1421,1
4225,1039,1
4225,2320,1
4225,2083,1
4225,1320,1
4225,2619,1
4225,700,1
4225,1725,1
4225,964,1
4225,857,1
4225,1126,1
4225,2546,1
4225,885,1
4225,2557,1
4225,340,0
4225,2638,0
4225,1387,0
4225,584,0
4225,2490,0
4225,1528,0
4225,2779,0
4225,671,0
4225,992,0
4225,1531,0
4225,2428,0
4225,2181,0
4225,1559,0
4225,2323,0
4225,356,0
4225,1890,0
4225,148,0
4225,513,0
4226,2443,1
4227,801,1
4227,1764,1
4227,2263,0
4227,2609,0
4228,557,1
4228,2095,1
4228,2586,0
4228,850,0
4229,2630,1
4229,2282,1
4229,298,1
4229,2188,1
4229,656,1
4229,532,1
4229,794,0
4229,2420,0
4229,2028,0
4229,975,0
4230,2405,1
4230,270,1
4230,2247,1
4230,2698,0
4230,2604,0
4230,1221,0
4231,426,1
4231,2619,1
4231,684,1
4231,532,1
4231,2280,0
4231,2145,0
4231,1064,0
4231,2043,0
4232,610,1
4232,903,1
4232,1852,1
4232,797,1
4232,1983,1
4232,2631,0
4232,1788,0
4232,1810,0
4232,596,0
4233,557,1
4233,1983,0
4234,1845,0
4235,797,1
4235,636,0
4236,2186,1
4237,2462,0
4238,801,1
4238,526,1
4238,2243,0
4238,2668,0
4239,616,0
4240,2241,1
4240,1794,1
4240,1960,1
4240,2312,1
4240,2511,1
4240,1681,1
4240,507,1
4240,2622,1
4240,31,1
4240,1685,0
4240,255,0
4240,1379,0
4240,936,0
4240,2384,0
4240,1189,0
4240,2710,0
4241,2258,1
4241,2395,1
4241,1917,1
4241,2206,1
4241,2198,0
4241,672,0
4241,1219,0
4241,1165,0
4241,255,0
4243,2668,1
4243,1296,1
4243,2303,1
4243,1201,0
4243,2517,0
4243,755,0
4243,2560,0
4245,526,1
4245,1763,0
4245,2724,0
4246,994,1
4246,1123,1
4246,1029,1
4246,1511,1
4246,903,1
4246,2153,1
4246,1005,1
4246,2163,1
4246,2167,1
4246,2619,1
4246,797,1
4246,2648,0
4246,1705,0
4246,2417,0
4246,1794,0
4246,2031,0
4246,426,0
4247,1744,0
4248,1511,1
4249,1911,0
4250,994,1
4250,575,1
4250,1643,0
4252,2170,1
4252,270,1
4252,1693,0
4252,2013,0
4253,1024,1
4253,2688,1
4253,1283,1
4253,388,1
4253,1686,1
4253,1691,1
4253,2212,1
4253,1341,1
4253,2640,1
4253,994,1
4253,2537,1
4253,1518,1
4253,1775,1
4253,882,1
4253,2556,1
4253,756,0
4253,1627,0
4253,7,0
4253,1624,0
4253,2086,0
4253,2054,0
4253,47,0
4253,557,0
4253,269,0
4253,2136,0
4253,56,0
4254,2174,1
4254,1564,0
4255,2282,0
4256,684,1
4256,2050,0
4257,2048,1
4257,2444,1
4257,557,1
4257,431,1
4257,817,1
4257,1597,1
4257,585,1
4257,846,1
4257,79,1
4257,1872,1
4257,2258,1
4257,471,1
4257,1268,1
4257,2303,1
4257,1038,0
4257,969,0
4257,2459,0
4257,2544,0
4257,374,0
4257,524,0
4257,502,0
4257,2517,0
4257,1470,0
4257,1349,0
4257,576,0
4257,362,0
4257,1700,0
4257,2312,0
4258,1446,1
4258,2122,1
4258,1546,1
4258,2511,1
4258,271,1
4258,2613,0
4258,1006,0
4258,778,0
4258,2566,0
4258,111,0
4258,1858,0
4258,2176,0
4258,949,0
4258,245,0
4259,2206,1
4259,2303,1
4259,1924,0
4259,1640,0
4259,20,0
4261,801,1
4261,1794,1
4261,1669,1
4261,232,1
4261,557,1
4261,1872,1
4261,817,1
4261,2072,1
4261,1917,1
4261,2565,0
4261,615,0
4261,1463,0
4261,324,0
4261,2308,0
4261,1309,0
4261,1268,0
4261,822,0
4261,2552,0
4261,329,0
4262,1029,1
4262,2249,1
4262,79,1
4262,977,1
4262,149,1
4262,1913,1
4262,1601,0
4262,2661,0
4262,954,0
4262,1492,0
4262,2620,0
4262,1613,0
4263,2443,1
4263,794,0
4265,994,1
4265,207,1
4265,2720,0
4267,79,1
4268,2546,1
4268,2443,1
4268,2545,0
4268,1237,0
4269,608,1
4269,1225,1
4269,1818,1
4269,700,1
4269,2238,1
4269,1707,0
4269,1303,0
4269,1249,0
4269,1294,0
4269,589,0
4270,149,1
4271,2040,0
4272,243,1
4272,402,1
4272,2582,1
4272,542,0
4272,1941,0
4272,2474,0
4273,801,1
4274,885,1
4274,2583,0
4274,1971,0
4274,2733,0
4275,684,1
4275,2030,1
4275,79,1
4275,1592,1
4275,2703,0
4275,1407,0
4275,905,0
4276,885,1
4277,797,1
4277,385,0
4278,270,1
4278,79,1
4278,2304,0
4278,2748,0
4279,2630,1
4279,910,1
4279,2443,1
4279,270,1
4279,305,0
4279,866,0
4280,79,1
4281,964,1
4281,1420,1
4281,717,1
4281,79,1
4281,885,1
4281,2266,1
4281,2722,0
4281,399,0
4281,1757,0
4281,2229,0
4282,17,1
4282,1730,0
4283,557,1
4283,644,1
4283,885,1
4283,1721,0
4283,1808,0
4283,1368,0
4284,256,1
4284,89,1
4284,1225,1
4284,1614,1
4284,1552,1
4284,2065,1
4284,466,1
4284,467,1
4284,885,1
4284,2453,1
4284,2617,1
4284,2619,1
4284,2241,0
4284,2465,0
4284,204,0
4284,631,0
4284,892,0
4285,2453,1
4285,471,0
4285,2639,0
4286,801,1
4286,1979,1
4286,2030,1
4286,2542,1
4286,1425,1
4286,2288,1
4286,2619,1
4286,221,0
4286,956,0
4286,1279,0
4286,1475,0
4286,809,0
4286,473,0
4286,1214,0
4286,707,0
4287,1569,1
4287,1152,0
4287,2557,0
4287,2506,0
4288,684,1
4288,79,1
4288,1425,1
4289,1283,1
4289,390,1
4289,2030,1
4289,2617,1
4289,463,0
4289,1091,0
4289,1596,0
4289,2121,0
4289,1581,0
4290,1303,1
4290,1030,0
4291,1892,1
4291,1610,1
4291,748,1
4291,2542,1
4291,1425,1
4291,2682,1
4291,2350,0
4291,804,0
4291,2608,0
4291,548,0
4291,139,0
4291,1604,0
4292,701,1
4292,122,0
4293,390,1
4293,1552,1
4293,1011,1
4293,573,1
4293,798,0
4293,502,0
4293,506,0
4293,1580,0
4294,2542,1
4294,1581,0
4295,2453,1
4295,1199,0
4296,2744,1
4296,886,1
4296,1959,0
4296,1182,0
4297,502,0
4298,1818,1
4298,1628,1
4298,615,0
4298,2639,0
4298,420,0
4300,1025,1
4300,2116,1
4300,1764,1
4300,102,1
4300,2154,1
4300,270,1
4300,336,1
4300,1330,1
4300,467,1
4300,532,1
4300,2423,1
4300,1464,0
4300,404,0
4300,1831,0
4300,2321,0
4300,2248,0
4300,2791,0
4300,1952,0
4300,1572,0
4300,2672,0
4300,2351,0
4300,174,0
4301,2423,1
4301,2570,0
4302,644,1
4302,179,1
4302,793,1
4302,1486,0
4302,82,0
4302,1962,0
4302,2543,0
4302,2023,0
4303,885,1
4303,827,0
4304,1664,1
4304,1286,1
4304,1126,1
4304,1926,1
4304,2764,1
4304,1425,1
4304,179,1
4304,2739,1
4304,885,1
4304,860,1
4304,701,1
4304,2175,1
4304,1733,0
4304,350,0
4304,2430,0
4304,142,0
4304,1471,0
4304,948,0
4304,844,0
4304,2035,0
4304,1527,0
4304,1747,0
4305,2698,1
4305,1810,1
4305,166,1
4305,1720,1
4305,701,1
4305,1731,1
4305,2125,1
4305,2256,1
4305,2532,1
4305,613,1
4305,1900,1
4305,2290,1
4305,2677,1
4305,1660,1
4305,17,0
4305,2324,0
4305,11,0
4305,1282,0
4305,2226,0
4305,2664,0
4305,1439,0
4305,2123,0
4305,2077,0
4305,545,0
4305,1362,0
4305,327,0
4305,1386,0
4305,719,0
4306,701,1
4306,848,0
4306,2197,0
4307,1928,1
4307,1162,1
4307,2316,1
4307,1552,1
4307,1425,1
4307,2590,1
4307,1058,1
4307,1082,1
4307,2238,1
4307,1225,1
4307,1610,1
4307,1744,1
4307,212,1
4307,2265,1
4307,1117,1
4307,2542,1
4307,369,1
4307,1011,1
4307,2297,1
4307,2170,1
4307,1275,1
4307,2440,0
4307,2599,0
4307,1404,0
4307,1709,0
4307,2007,0
4307,1439,0
4307,2524,0
4307,859,0
4307,1049,0
4307,323,0
4307,28,0
4307,353,0
4307,172,0
4307,2358,0
4307,624,0
4307,107,0
4307,627,0
4307,1402,0
4307,170,0
4307,270,0
4307,2788,0
4307,404,0
4307,343,0
4307,2517,0
4307,2426,0
4307,2092,0
4308,194,1
4308,419,1
4308,1130,1
4308,496,1
4308,1394,1
4308,2228,1
4308,1055,0
4308,1242,0
4308,1258,0
4308,1399,0
4309,2116,1
4309,682,1
4309,11,1
4309,496,1
4309,1903,1
4309,2423,1
4309,2619,1
4309,670,1
4309,1022,0
4309,1870,0
4309,695,0
4309,2670,0
4309,1270,0
4309,2517,0
4309,1608,0
4309,2322,0
4309,1554,0
4309,121,0
4309,2784,0
4309,2120,0
4309,1625,0
4310,613,1
4310,1901,1
4310,2290,1
4310,1874,1
4310,1754,1
4310,1118,1
4310,2028,0
4310,929,0
4310,1199,0
4310,1189,0
4311,1744,1
4311,2065,1
4311,2514,1
4311,885,1
4311,2512,0
4312,2511,1
4312,2095,1
4312,2711,0
4313,1058,1
4313,1098,1
4313,179,1
4313,886,1
4313,335,0
4313,808,0
4313,1165,0
4313,1046,0
4313,827,0
4313,905,0
4313,592,0
4313,778,0
4313,1594,0
4314,340,0
4314,2402,0
4315,2218,1
4315,1739,0
4315,1830,0
4317,276,0
4318,632,1
4319,166,1
4319,423,1
4319,840,1
4319,1674,1
4319,1771,1
4319,1936,1
4319,885,1
4319,1433,1
4319,31,1
4319,1340,0
4319,679,0
4319,478,0
4319,946,0
4319,2783,0
4319,1971,0
4319,1895,0
4319,2730,0
4319,453,0
4320,2148,1
4320,1058,1
4320,860,1
4320,2269,0
4320,1867,0
4320,1454,0
4321,1058,1
4321,2659,1
4321,22,0
4321,2025,0
4322,1158,0
4323,1094,1
4323,2583,1
4323,1158,0
4323,218,0
4324,1881,1
4324,1058,1
4324,2316,1
4324,2677,0
4324,1045,0
4325,79,1
4325,2727,0
4326,644,1
4326,1029,1
4326,1674,1
4326,1294,1
4326,1807,1
4326,1168,1
4326,2065,1
4326,1296,1
4326,1057,1
4326,1058,1
4326,678,1
4326,2726,1
4326,1579,1
4326,2606,1
4326,1971,1
4326,2046,1
4326,2619,1
4326,1083,1
4326,1983,1
4326,2242,1
4326,2123,1
4326,79,1
4326,1744,1
4326,1232,1
4326,1113,1
4326,860,1
4326,737,1
4326,97,1
4326,2415,1
4326,251,0
4326,243,0
4326,1371,0
4326,514,0
4326,2020,0
4326,723,0
4326,1205,0
4326,464,0
4326,1639,0
4326,2629,0
4326,1784,0
4326,999,0
4326,2189,0
4326,600,0
4326,771,0
4326,1092,0
4326,1980,0
4326,979,0
4326,147,0
4326,323,0
4326,1500,0
4326,183,0
4326,2146,0
4326,468,0
4326,1811,0
4326,2209,0
4326,1986,0
4326,1585,0
4327,2709,0
4327,2661,0
4328,426,1
4328,217,0
4329,1568,1
4329,407,1
4329,2277,1
4329,1161,1
4329,1483,1
4329,587,1
4329,2542,1
4329,849,1
4329,2583,1
4329,275,0
4329,1322,0
4329,2773,0
4329,1040,0
4329,2674,0
4329,1186,0
4329,1295,0
4329,1171,0
4330,1161,1
4330,1098,1
4330,406,0
4330,1204,0
4331,1058,1
4331,42,0
4332,642,1
4332,1669,1
4332,2309,1
4332,2568,1
4332,2184,1
4332,652,1
4332,1804,1
4332,271,1
4332,1555,1
4332,1303,1
4332,922,1
4332,1564,1
4332,672,1
4332,2337,1
4332,1833,1
4332,2345,1
4332,305,1
4332,186,1
4332,1083,1
4332,2683,1
4332,1853,1
4332,1603,1
4332,2501,1
4332,454,1
4332,1867,1
4332,972,1
4332,720,1
4332,2771,1
4332,870,1
4332,1510,1
4332,616,1
4332,2167,1
4332,2171,1
4332,508,1
4332,1884,0
4332,235,0
4332,1537,0
4332,1168,0
4332,732,0
4332,2208,0
4332,2392,0
4332,1862,0
4332,2760,0
4332,244,0
4332,2497,0
4332,2352,0
4332,1964,0
4332,1666,0
4332,2245,0
4332,1082,0
4332,548,0
4332,555,0
4332,2764,0
4332,2371,0
4332,75,0
4332,1990,0
4332,1566,0
4332,2120,0
4332,322,0
4332,2380,0
4332,1054,0
4332,300,0
4333,2544,1
4333,532,1
4333,2777,1
4333,2239,0
4333,1349,0
4333,999,0
4333,1830,0
4334,1997,1
4334,2544,1
4334,2289,1
4334,1881,1
4334,2060,0
4334,2392,0
4334,1101,0
4334,204,0
4334,201,0
4334,777,0
4335,270,1
4335,1552,1
4335,532,1
4335,2712,1
4335,2213,1
4335,1582,1
4335,2619,1
4335,466,1
4335,482,1
4335,2542,1
4335,2544,1
4335,1397,1
4335,683,0
4335,1973,0
4335,2605,0
4335,488,0
4335,2412,0
4335,2396,0
4335,963,0
4335,2584,0
4335,1877,0
4335,671,0
4335,973,0
4335,2707,0
4335,1818,0
4335,2110,0
4335,1454,0
4336,1425,1
4336,1870,0
4337,2600,1
4337,691,0
4337,2744,0
4337,1855,0
4337,467,0
4337,1746,0
4337,1032,0
4338,1058,1
4339,279,0
4340,907,1
4340,305,1
4340,2583,1
4340,288,0
4340,957,0
4340,1106,0
4340,2685,0
4341,482,0
4342,2630,1
4342,1039,1
4342,276,0
4342,2411,0
4343,103,1
4343,2443,1
4343,2477,1
4343,466,1
4343,406,0
4343,1911,0
4343,1744,0
4344,896,1
4344,4,1
4344,6,1
4344,903,1
4344,17,1
4344,912,1
4344,784,1
4344,22,1
4344,416,1
4344,800,1
4344,1320,1
4344,1840,1
4344,1458,1
4344,2619,1
4344,573,1
4344,1598,1
4344,1725,1
4344,964,1
4344,840,1
4344,585,1
4344,1098,1
4344,1611,1
4344,459,1
4344,207,1
4344,466,1
4344,375,1
4344,2785,1
4344,994,1
4344,1896,1
4344,758,1
4344,1020,1
4344,2392,0
4344,2521,0
4344,747,0
4344,927,0
4344,937,0
4344,1085,0
4344,2446,0
4344,2569,0
4344,554,0
4344,2371,0
4344,1181,0
4344,2069,0
4344,2005,0
4344,2239,0
4344,2246,0
4344,1313,0
4344,2215,0
4344,1418,0
4344,349,0
4344,130,0
4344,539,0
4344,2237,0
4344,2339,0
4344,823,0
4344,266,0
4344,481,0
4344,1644,0
4344,446,0
4345,771,0
4346,1280,1
4346,903,1
4346,1673,1
4346,139,1
4346,2323,1
4346,532,1
4346,149,1
4346,2199,1
4346,1952,1
4346,801,1
4346,166,1
4346,2218,1
4346,1972,1
4346,822,1
4346,2619,1
4346,1083,1
4346,2116,1
4346,452,1
4346,1094,1
4346,74,1
4346,843,1
4346,846,1
4346,717,1
4346,1874,1
4346,1366,1
4346,472,1
4346,2390,1
4346,605,1
4346,2404,1
4346,2544,1
4346,2290,1
4346,2171,1
4346,1660,1
4346,2280,0
4346,2635,0
4346,2677,0
4346,1931,0
4346,1892,0
4346,961,0
4346,2183,0
4346,691,0
4346,1289,0
4346,1616,0
4346,552,0
4346,1977,0
4346,787,0
4346,653,0
4346,2164,0
4346,2293,0
4346,2574,0
4346,104,0
4346,673,0
4346,1236,0
4346,501,0
4346,391,0
4346,2708,0
4346,2042,0
4346,1376,0
4346,2106,0
4346,721,0
4346,543,0
4346,1309,0
4346,1653,0
4346,1451,0
4346,2066,0
4346,1600,0
4346,172,0
4346,2474,0
4346,849,0
4346,2059,0
4346,737,0
4347,482,1
4347,1522,1
4347,2777,1
4347,263,0
4347,58,0
4347,2730,0
4348,1886,1
4348,1732,0
4349,1094,1
4349,1098,1
4349,1717,1
4349,886,1
4349,186,1
4349,1886,1
4349,1742,0
4349,25,0
4349,510,0
4349,1393,0
4350,207,1
4350,2030,0
4350,1768,0
4350,1741,0
4351,2544,1
4351,610,1
4351,1551,0
4351,1599,0
4351,558,0
4352,1582,1
4352,846,1
4352,610,0
4352,2085,0
4353,2544,1
4353,2673,1
4353,60,1
4353,701,1
4353,800,0
4353,1166,0
4353,1599,0
4354,357,0
4354,2555,0
4355,1211,0
4357,2544,1
4357,2619,1
4357,1892,0
4357,1164,0
4357,626,0
4358,2544,1
4358,1273,1
4358,153,0
4359,1058,1
4359,1161,1
4359,2673,1
4359,1717,1
4359,886,1
4359,1886,1
4359,1657,0
4359,1919,0
4359,2594,0
4359,1278,0
4359,209,0
4359,2586,0
4359,2571,0
4360,1161,0
4361,222,1
4361,1717,1
4361,666,0
4362,577,1
4362,212,1
4362,1433,1
4362,1695,1
4362,1520,0
4362,1638,0
4362,354,0
4362,986,0
4362,1275,0
4362,1809,0
4362,1373,0
4363,840,1
4363,235,1
4363,429,1
4363,207,1
4363,2673,1
4363,1691,1
4363,69,0
4363,405,0
4363,1145,0
4363,538,0
4363,2469,0
4363,978,0
4363,557,0
4364,2461,0
4365,419,1
4365,2583,1
4365,1900,0
4365,290,0
4366,2583,1
4366,891,0
4367,882,1
4367,2677,1
4367,1754,1
4367,2306,0
4367,670,0
4367,148,0
4367,1305,0
4368,512,1
4368,2054,1
4368,1033,1
4368,1039,1
4368,2584,1
4368,2091,1
4368,1584,1
4368,2104,1
4368,1607,1
4368,2639,1
4368,1113,1
4368,2656,1
4368,1637,1
4368,1129,1
4368,2673,1
4368,2688,1
4368,2700,1
4368,1691,1
4368,2217,1
4368,2732,1
4368,690,1
4368,2745,1
4368,2754,1
4368,1225,1
4368,2777,1
4368,2268,1
4368,2294,1
4368,1271,1
4368,1278,1
4368,1283,1
4368,1286,1
4368,267,1
4368,1296,1
4368,1825,1
4368,1341,1
4368,1352,1
4368,1360,1
4368,2389,1
4368,857,1
4368,872,1
4368,2443,1
4368,401,1
4368,920,1
4368,408,1
4368,2485,1
4368,1981,1
4368,970,1
4368,1483,1
4368,2016,1
4368,2531,1
4368,484,1
4368,2550,1
4368,2045,1
4368,57,0
4368,1131,0
4368,1906,0
4368,1599,0
4368,756,0
4368,2369,0
4368,213,0
4368,1289,0
4368,2109,0
4368,381,0
4368,2558,0
4368,1362,0
4368,1038,0
4368,2110,0
4368,78,0
4368,2706,0
4368,1592,0
4368,1859,0
4368,2451,0
4368,253,0
4368,2571,0
4368,1982,0
4368,1392,0
4368,2130,0
4368,1065,0
4368,2760,0
4368,323,0
4368,1119,0
4368,2791,0
4368,2050,0
4368,1431,0
4368,952,0
4368,1479,0
4368,134,0
4368,2216,0
4368,2433,0
4368,1833,0
4368,545,0
4368,1289,0
4368,127,0
4368,54,0
4368,79,0
4368,1217,0
4368,2074,0
4368,1778,0
4368,781,0
4368,1460,0
4369,395,1
4369,493,0
4369,2514,0
4370,873,1
4370,482,1
4370,494,0
4371,1094,1
4371,739,0
4372,2610,0
4372,1416,0
4372,2242,0
4373,2709,1
4373,222,1
4373,1695,1
4373,2137,0
4373,2148,0
4374,801,1
4374,2345,1
4374,1917,1
4374,1695,1
4374,832,0
4374,1091,0
4374,734,0
4374,2110,0
4375,1703,1
4375,289,0
4376,2544,1
4376,6,0
4376,593,0
4377,2405,1
4377,2247,1
4377,2544,1
4377,1695,1
4377,1271,1
4377,2265,1
4377,1341,1
4377,1759,1
4377,1980,0
4377,2072,0
4377,2500,0
4377,2153,0
4377,1297,0
4377,102,0
4377,1075,0
4377,1453,0
4377,810,0
4377,2020,0
4377,2582,0
4378,103,1
4378,1675,1
4378,364,1
4378,207,1
4378,271,1
4378,562,1
4378,212,1
4378,1366,1
4378,886,1
4378,2266,1
4378,547,0
4378,2065,0
4378,342,0
4378,1192,0
4378,1311,0
4378,1233,0
4378,1128,0
4379,69,0
4379,1646,0
4380,1058,1
4380,395,1
4380,790,1
4380,2423,1
4380,2040,1
4380,2428,1
4380,275,0
4380,1980,0
4380,1679,0
4380,1905,0
4380,434,0
4380,2659,0
4381,1058,1
4382,532,1
4382,207,1
4382,1035,0
4382,2448,0
4383,2673,1
4383,2247,1
4383,2229,0
4383,2021,0
4384,577,1
4384,1433,1
4384,1095,0
4384,1307,0
4385,1018,1
4385,2702,1
4385,942,0
4385,205,0
4386,1546,1
4386,910,1
4386,207,1
4386,1053,1
4386,2206,1
4386,953,0
4386,1377,0
4387,1029,1
4387,264,1
4387,207,1
4387,466,1
4387,1589,1
4387,1397,1
4387,1677,0
4387,289,0
4387,517,0
4387,743,0
4387,2780,0
4387,649,0
4388,1058,1
4388,1159,0
4389,364,1
4389,1552,1
4389,1141,1
4389,632,0
4389,862,0
4389,912,0
4389,891,0
4389,1108,0
4390,1067,0
4391,1691,1
4391,2537,0
4391,2235,0
4392,840,1
4392,1083,1
4392,1800,0
4392,75,0
4393,577,1
4393,1282,1
4393,166,1
4393,1930,1
4393,2256,1
4393,114,1
4393,212,1
4393,372,1
4393,2489,1
4393,1532,1
4393,2673,0
4393,825,0
4393,521,0
4393,2699,0
4393,870,0
4393,1840,0
4393,553,0
4393,2358,0
4393,434,0
4393,2301,0
4393,21,0
4394,1059,0
4395,1141,1
4395,793,1
4395,646,0
4395,1099,0
4395,1752,0
4396,1567,1
4396,306,0
4397,2249,1
4397,2015,0
4398,1794,1
4398,675,1
4398,2702,1
4398,2511,1
4398,1871,1
4398,243,1
4398,1439,1
4398,126,0
4398,1427,0
4398,1694,0
4398,1902,0
4398,863,0
4398,1292,0
4399,1026,1
4399,1540,1
4399,518,1
4399,2055,1
4399,523,1
4399,2059,1
4399,1057,1
4399,2605,1
4399,1581,1
4399,47,1
4399,2615,1
4399,1082,1
4399,2624,1
4399,70,1
4399,1101,1
4399,1102,1
4399,602,1
4399,609,1
4399,97,1
4399,110,1
4399,115,1
4399,125,1
4399,2175,1
4399,1152,1
4399,1671,1
4399,2185,1
4399,1686,1
4399,667,1
4399,1180,1
4399,1185,1
4399,682,1
4399,1194,1
4399,694,1
4399,2245,1
4399,1737,1
4399,2761,1
4399,1231,1
4399,2770,1
4399,1749,1
4399,1770,1
4399,2291,1
4399,248,1
4399,1799,1
4399,1286,1
4399,1801,1
4399,1807,1
4399,1809,1
4399,789,1
4399,285,1
4399,2341,1
4399,1319,1
4399,812,1
4399,2357,1
4399,823,1
4399,824,1
4399,320,1
4399,1353,1
4399,332,1
4399,1356,1
4399,1361,1
4399,864,1
4399,1392,1
4399,1394,1
4399,370,1
4399,1922,1
4399,905,1
4399,2445,1
4399,1931,1
4399,1935,1
4399,918,1
4399,919,1
4399,2464,1
4399,1968,1
4399,1971,1
4399,451,1
4399,457,1
4399,2508,1
4399,1999,1
4399,1488,1
4399,1496,1
4399,986,1
4399,989,1
4399,2016,1
4399,996,1
4399,489,1
4399,1518,1
4399,1012,1
4399,1316,0
4399,852,0
4399,2266,0
4399,2075,0
4399,2726,0
4399,1340,0
4399,1771,0
4399,2267,0
4399,393,0
4399,1981,0
4399,343,0
4399,2338,0
4399,1573,0
4399,2026,0
4399,1873,0
4399,1409,0
4399,2133,0
4399,402,0
4399,46,0
4399,983,0
4399,772,0
4399,1111,0
4399,1408,0
4399,1134,0
4399,690,0
4399,10,0
4399,2449,0
4399,922,0
4399,1129,0
4399,1742,0
4399,1476,0
4399,1744,0
4399,2242,0
4399,1992,0
4399,1105,0
4399,2075,0
4399,247,0
4399,1437,0
4399,2688,0
4399,1481,0
4399,1450,0
4399,1262,0
4399,675,0
4399,2305,0
4399,2133,0
4399,336,0
4399,2780,0
4399,2258,0
4399,1748,0
4399,845,0
4399,130,0
4399,2745,0
4399,861,0
4399,875,0
4399,855,0
4399,2073,0
4399,86,0
4399,1043,0
4399,1893,0
4399,217,0
4399,708,0
4399,1734,0
4399,536,0
4399,1542,0
4399,230,0
4399,800,0
4399,1650,0
4399,2678,0
4399,1193,0
4399,375,0
4399,263,0
4399,1667,0
4399,978,0
4399,2570,0
4399,1727,0
4399,2543,0
4400,1289,1
4400,1433,1
4400,1691,1
4400,1695,1
4400,1704,1
4400,2345,1
4400,1597,1
4400,577,1
4400,846,1
4400,212,1
4400,222,1
4400,1908,1
4400,1141,1
4400,1917,1
4400,2600,0
4400,1051,0
4400,418,0
4400,2707,0
4400,2561,0
4400,300,0
4400,353,0
4400,2499,0
4400,1771,0
4400,403,0
4400,2774,0
4400,1465,0
4400,2670,0
4401,1245,0
4402,2345,1
4402,487,0
4403,2345,1
4403,96,0
4404,364,1
4404,693,1
4404,1433,1
4404,854,0
4404,2762,0
4404,2311,0
4404,1230,0
4405,1738,1
4405,2477,1
4405,270,1
4405,2129,1
4405,2673,1
4405,1955,0
4405,2053,0
4405,1504,0
4405,2322,0
4405,2492,0
4405,2284,0
4406,578,0
4407,1691,1
4407,212,1
4407,693,1
4407,1219,0
4407,2194,0
4407,727,0
4408,194,1
4408,11,1
4408,482,0
4408,1876,0
4408,523,0
4408,1646,0
4408,1798,0
4408,609,0
4409,1674,1
4409,1582,1
4409,1427,1
4409,2453,1
4409,24,1
4409,894,1
4409,2244,0
4409,1389,0
4411,2511,0
4412,2048,1
4412,364,1
4412,2702,1
4412,1141,1
4412,1691,1
4412,1276,0
4412,1024,0
4412,1202,0
4413,163,1
4413,1162,1
4413,364,1
4413,1423,1
4413,1201,1
4413,212,1
4413,1717,1
4413,1076,0
4413,1891,0
4413,2300,0
4413,1238,0
4413,1262,0
4413,2135,0
4413,867,0
4413,220,0
4413,2096,0
4413,427,0
4413,215,0
4414,846,1
4414,1902,0
4415,480,1
4415,873,1
4415,1133,1
4415,2305,0
4417,512,1
4417,2407,1
4417,520,1
4417,1768,1
4417,2133,1
4417,1531,1
4417,2045,1
4417,2628,0
4417,1385,0
4417,268,0
4417,2555,0
4417,1555,0
4417,1371,0
4417,2456,0
4417,2295,0
4417,61,0
4418,909,1
4418,618,0
4419,2345,1
4419,1022,0
4420,2040,1
4420,1198,0
4421,1267,1
4421,2093,1
4421,1855,1
4421,1682,0
4421,2104,0
4421,944,0
4422,1601,1
4422,1091,0
4423,2226,1
4423,212,1
4423,1222,0
4423,1629,0
4423,1846,0
4424,1601,1
4424,918,0
4424,140,0
4425,2698,1
4425,524,1
4425,546,1
4425,2223,1
4425,830,1
4425,2630,1
4425,1997,1
4425,2769,1
4425,212,1
4425,871,1
4425,1771,1
4425,2682,1
4425,1994,0
4425,204,0
4425,2618,0
4425,2288,0
4425,735,0
4425,2064,0
4425,670,0
4425,598,0
4425,905,0
4425,1086,0
4425,950,0
4425,1330,0
4425,1098,0
4425,2130,0
4425,404,0
4425,598,0
4425,968,0
4426,846,1
4426,1203,0
4426,571,0
4427,1633,1
4427,1532,1
4427,1422,1
4427,2327,0
4427,326,0
4428,1133,1
4428,2672,0
4430,266,1
4430,1871,1
4430,1907,0
4430,2243,0
4431,946,1
4431,1398,1
4431,2136,0
4431,269,0
4431,324,0
4433,830,1
4433,307,1
4433,1511,1
4433,2688,0
4433,1891,0
4433,60,0
4434,2561,1
4434,1930,1
4434,2069,1
4434,793,1
4434,31,1
4434,2595,1
4434,1960,1
4434,2218,1
4434,1717,1
4434,1464,1
4434,63,1
4434,832,1
4434,2241,1
4434,1731,1
4434,840,1
4434,1224,1
4434,594,1
4434,723,1
4434,343,1
4434,607,1
4434,1887,1
4434,489,1
4434,247,1
4434,1913,1
4434,1915,1
4434,2431,1
4434,390,0
4434,2634,0
4434,177,0
4434,1943,0
4434,2705,0
4434,1794,0
4434,2473,0
4434,2776,0
4434,1855,0
4434,1157,0
4434,1569,0
4434,1371,0
4434,1096,0
4434,1172,0
4434,881,0
4434,1158,0
4434,1084,0
4434,1042,0
4434,757,0
4434,2120,0
4434,2093,0
4434,2729,0
4434,2776,0
4434,1123,0
4434,2671,0
4434,558,0
4434,216,0
4434,2505,0
4434,2568,0
4434,2325,0
4434,1332,0
4434,935,0
4435,418,1
4435,2472,1
4435,2282,1
4435,367,1
4435,207,1
4435,631,1
4435,572,1
4435,2091,0
4435,204,0
4435,441,0
4435,1991,0
4435,798,0
4435,2394,0
4435,2559,0
4436,1082,1
4436,2729,0
4436,2732,0
4436,2043,0
4436,1788,0
4437,165,1
4437,2758,1
4437,903,1
4437,2247,1
4437,2599,1
4437,2477,1
4437,1366,1
4437,472,1
4437,571,1
4437,1473,0
4437,2640,0
4437,1411,0
4437,2735,0
4437,232,0
4437,1845,0
4437,2674,0
4437,770,0
4437,1075,0
4437,790,0
4437,866,0
4437,2422,0
4437,2676,0
4437,1056,0
4438,388,1
4438,520,1
4438,1133,1
4438,1872,1
4438,211,1
4438,2489,1
4438,830,1
4438,2017,0
4438,1052,0
4438,2719,0
4438,1881,0
4438,1031,0
4438,1491,0
4439,1794,1
4439,4,1
4439,2312,1
4439,1936,1
4439,1681,1
4439,2069,1
4439,28,1
4439,31,1
4439,800,1
4439,1702,1
4439,2087,1
4439,2218,1
4439,2234,1
4439,2109,1
4439,2241,1
4439,2511,1
4439,594,1
4439,2390,1
4439,343,1
4439,1631,1
4439,2400,1
4439,1633,1
4439,2021,1
4439,2276,1
4439,2405,1
4439,880,1
4439,2289,1
4439,2165,1
4439,1913,1
4439,2428,1
4439,679,0
4439,1160,0
4439,2510,0
4439,64,0
4439,2513,0
4439,2571,0
4439,948,0
4439,2649,0
4439,2182,0
4439,2757,0
4439,532,0
4439,180,0
4439,179,0
4439,1802,0
4439,2122,0
4439,127,0
4439,1105,0
4439,2193,0
4439,586,0
4439,190,0
4439,245,0
4439,927,0
4439,2146,0
4439,2463,0
4439,380,0
4439,434,0
4439,2677,0
4439,2526,0
4440,193,1
4440,994,1
4440,2635,1
4440,2700,1
4440,2615,1
4440,1471,0
4440,1958,0
4440,1652,0
4441,2045,1
4441,2428,1
4441,1597,1
4441,1989,0
4441,2768,0
4441,2412,0
4442,2630,1
4442,1483,1
4442,2316,1
4442,1360,1
4442,2544,1
4442,946,1
4442,2485,1
4442,24,1
4442,2682,1
4442,2035,0
4442,1111,0
4442,2773,0
4442,2605,0
4442,1125,0
4442,1121,0
4442,1273,0
4442,386,0
4442,1342,0
4443,520,1
4444,2428,1
4444,1597,1
4444,1873,0
4445,2478,0
4446,964,1
4446,520,1
4446,1768,1
4446,266,1
4446,2154,1
4446,575,1
4446,394,0
4446,1262,0
4446,903,0
4446,1776,0
4446,1391,0
4446,1141,0
4446,1,0
4446,1370,0
4446,877,0
4447,577,1
4447,2195,0
4447,347,0
4447,908,0
4448,1794,1
4448,2565,1
4448,1936,1
4448,272,1
4448,2324,1
4448,28,1
4448,31,1
4448,1823,1
4448,163,1
4448,176,1
4448,2234,1
4448,2241,1
4448,1346,1
4448,965,1
4448,1350,1
4448,455,1
4448,840,1
4448,2249,1
4448,2376,1
4448,1745,1
4448,593,1
4448,1881,1
4448,603,1
4448,224,1
4448,1766,1
4448,1133,1
4448,1143,1
4448,1786,1
4448,507,1
4448,765,1
4448,1044,0
4448,1789,0
4448,2758,0
4448,1302,0
4448,1123,0
4448,2703,0
4448,2373,0
4448,1469,0
4448,2244,0
4448,275,0
4448,1945,0
4448,804,0
4448,2422,0
4448,868,0
4448,2154,0
4448,1715,0
4448,1205,0
4448,576,0
4448,2201,0
4448,1074,0
4448,2309,0
4448,2175,0
4448,1428,0
4448,244,0
4448,1010,0
4448,89,0
4448,545,0
4448,434,0
4448,254,0
4448,2543,0
4448,796,0
4448,2610,0
4450,1133,1
4450,437,1
4450,1610,0
4450,1690,0
4450,2042,0
4451,112,0
4452,123,0
4453,520,1
4453,403,0
4453,444,0
4454,1632,1
4454,321,1
4454,2500,1
4454,1768,1
4454,2154,1
4454,1169,1
4454,2226,1
4454,2147,0
4454,315,0
4454,2497,0
4454,499,0
4454,2137,0
4455,1759,1
4455,2700,0
4456,1953,1
4456,2093,0
4457,2229,1
4457,418,0
4458,2532,1
4458,364,1
4458,212,1
4458,1300,0
4458,498,0
4458,728,0
4458,1232,0
4459,2249,1
4459,1162,1
4459,1425,1
4459,2226,1
4459,2511,1
4459,1491,0
4459,1204,0
4459,2437,0
4459,508,0
4459,536,0
4459,194,0
4459,2458,0
4459,2791,0
4460,416,1
4460,2594,1
4460,2443,1
4460,1421,1
4460,2507,1
4460,943,1
4460,2001,1
4460,758,1
4460,989,1
4460,2175,1
4460,911,0
4460,1225,0
4460,74,0
4460,1821,0
4460,976,0
4460,2600,0
4460,2253,0
4460,1647,0
4460,849,0
4460,329,0
4461,1771,1
4461,890,0
4462,1771,1
4462,2321,0
4463,2442,0
4464,520,1
4464,281,0
4465,953,1
4465,421,0
4466,520,1
4466,1633,1
4466,2395,1
4466,878,0
4467,212,1
4467,2116,0
4468,517,1
4468,518,1
4468,1033,1
4468,1802,1
4468,1677,1
4468,398,1
4468,163,1
4468,1962,1
4468,1082,1
4468,315,1
4468,1597,1
4468,1867,1
4468,1999,1
4468,2265,1
4468,2009,1
4468,1371,1
4468,354,1
4468,1768,1
4468,245,1
4468,2297,1
4468,2170,1
4468,1019,1
4468,2428,1
4468,1314,0
4468,2042,0
4468,832,0
4468,2273,0
4468,1902,0
4468,1256,0
4468,2766,0
4468,2032,0
4468,1798,0
4468,1497,0
4468,1631,0
4468,437,0
4468,1555,0
4468,1149,0
4468,1091,0
4468,2707,0
4468,2172,0
4468,133,0
4468,289,0
4469,212,1
4470,1632,1
4470,364,1
4470,1201,1
4470,701,1
4470,592,0
4470,613,0
4470,2169,0
4470,1463,0
4471,520,1
4471,933,0
4472,520,1
4472,1273,1
4472,374,0
4472,233,0
4473,2265,1
4473,499,0
4473,2592,0
4474,2048,1
4474,2632,1
4474,2249,1
4474,1320,1
4474,970,1
4474,459,1
4474,585,1
4474,79,1
4474,2395,1
4474,243,0
4474,1322,0
4474,1901,0
4474,389,0
4474,1829,0
4474,564,0
4474,1143,0
4475,1660,1
4475,577,1
4475,1433,1
4475,364,1
4475,1900,1
4475,493,1
4475,2350,1
4475,693,1
4475,1717,1
4475,2677,1
4475,344,1
4475,2489,1
4475,1754,1
4475,2572,0
4475,2629,0
4475,778,0
4475,684,0
4475,1792,0
4475,1585,0
4475,242,0
4475,2202,0
4475,851,0
4475,250,0
4476,2247,1
4477,2489,1
4477,2228,0
4478,964,1
4478,1995,0
4479,912,1
4479,2546,1
4479,1565,1
4479,1221,0
4479,1164,0
4480,92,0
4480,1731,0
4481,512,1
4481,901,1
4481,1800,1
4481,905,1
4481,1801,1
4481,1296,1
4481,1425,1
4481,1043,1
4481,2584,1
4481,1825,1
4481,37,1
4481,1066,1
4481,1068,1
4481,47,1
4481,1589,1
4481,2489,1
4481,571,1
4481,1979,1
4481,1084,1
4481,2758,1
4481,2633,1
4481,1484,1
4481,1488,1
4481,2772,1
4481,2261,1
4481,1366,1
4481,1129,1
4481,1898,1
4481,489,1
4481,2028,1
4481,878,1
4481,1392,1
4481,2288,1
4481,2035,1
4481,1779,1
4481,2302,1
4481,957,0
4481,1229,0
4481,1818,0
4481,1719,0
4481,195,0
4481,2679,0
4481,1963,0
4481,2005,0
4481,776,0
4481,2039,0
4481,1305,0
4481,1311,0
4481,2100,0
4481,938,0
4481,2303,0
4481,2199,0
4481,941,0
4481,730,0
4481,1255,0
4481,1179,0
4481,1239,0
4481,1750,0
4481,2592,0
4481,327,0
4481,2385,0
4481,1093,0
4481,136,0
4481,1022,0
4481,694,0
4481,2572,0
4482,2045,1
4482,668,0
4482,2525,0
4483,678,1
4483,2045,1
4483,989,1
4483,1794,0
4483,1191,0
4483,1503,0
4484,1360,1
4484,1483,1
4484,1570,0
4484,1214,0
4484,158,0
4485,1412,1
4485,1029,1
4485,1669,1
4485,520,1
4485,1162,1
4485,1936,1
4485,2065,1
4485,1680,1
4485,400,1
4485,273,1
4485,1695,1
4485,1058,1
4485,163,1
4485,2086,1
4485,2345,1
4485,2218,1
4485,1201,1
4485,2619,1
4485,2247,1
4485,1098,1
4485,79,1
4485,1360,1
4485,2771,1
4485,1143,1
4485,2653,1
4485,487,1
4485,2544,1
4485,885,1
4485,1531,1
4485,638,1
4485,2533,0
4485,2309,0
4485,984,0
4485,2580,0
4485,1658,0
4485,972,0
4485,2569,0
4485,1254,0
4485,945,0
4485,138,0
4485,805,0
4485,2194,0
4485,346,0
4485,428,0
4485,2397,0
4485,2608,0
4485,1414,0
4485,2713,0
4485,892,0
4485,1166,0
4485,2085,0
4485,1852,0
4485,130,0
4485,2295,0
4485,1889,0
4485,1925,0
4485,732,0
4485,1698,0
4486,2312,1
4486,807,0
4487,1979,0
4488,212,1
4488,1192,0
4489,953,1
4489,1794,1
4489,2659,0
4489,51,0
4490,211,0
4491,1632,1
4491,1771,1
4491,1254,0
4491,2784,0
4492,1201,1
4492,466,0
4493,631,1
4493,1322,1
4493,459,1
4493,910,1
4493,943,1
4493,2289,1
4493,1553,1
4493,1366,1
4493,2392,1
4493,824,0
4493,745,0
4493,1209,0
4493,1140,0
4493,2281,0
4493,2162,0
4493,2783,0
4493,1048,0
4493,2762,0
4493,91,0
4495,1346,1
4495,1537,0
4496,2051,1
4496,797,1
4496,2594,1
4496,1320,1
4496,43,1
4496,2608,1
4496,820,1
4496,2489,1
4496,186,1
4496,2236,1
4496,2632,1
4496,1611,1
4496,987,1
4496,1531,1
4496,1317,0
4496,1491,0
4496,2561,0
4496,525,0
4496,511,0
4496,2028,0
4496,1698,0
4496,1174,0
4496,1372,0
4496,1575,0
4496,883,0
4496,1299,0
4496,1188,0
4496,2238,0
4496,2538,0
4496,2150,0
4496,1612,0
4496,570,0
4497,609,1
4497,2682,1
4497,227,0
4497,1644,0
4498,517,1
4498,903,1
4498,279,1
4498,163,1
4498,2086,1
4498,426,1
4498,2632,1
4498,1611,1
4498,207,1
4498,1386,1
4498,2544,1
4498,2416,1
4498,2557,1
4498,648,0
4498,2303,0
4498,1450,0
4498,104,0
4498,1195,0
4498,610,0
4498,1900,0
4498,2247,0
4498,2399,0
4498,2420,0
4498,2705,0
4498,2569,0
4498,2534,0
4498,812,0
4498,2466,0
4498,2115,0
4498,1393,0
4498,1834,0
4498,1584,0
4499,994,1
4499,758,1
4499,1319,0
4499,927,0
4499,2439,0
4500,960,1
4500,800,1
4500,1669,1
4500,1000,1
4500,306,1
4500,2324,1
4500,2234,1
4500,1939,0
4500,491,0
4500,587,0
4500,2111,0
4500,2203,0
4500,1248,0
4500,1256,0
4501,2437,1
4501,616,1
4501,1808,1
4501,408,1
4501,953,1
4501,1083,1
4501,668,1
4501,2418,0
4501,1338,0
4501,377,0
4501,2050,0
4501,233,0
4501,2409,0
4504,1771,1
4504,692,0
4505,520,1
4505,1589,1
4505,1366,1
4505,1531,0
4505,1904,0
4505,742,0
4506,1738,1
4506,270,1
4506,1103,1
4506,1500,1
4506,1310,1
4506,850,0
4506,645,0
4506,2625,0
4506,1002,0
4506,1734,0
4506,2732,0
4507,585,1
4507,431,1
4507,79,1
4507,2072,1
4507,1114,1
4507,1416,0
4507,667,0
4507,2707,0
4508,1633,1
4508,25,0
4509,1188,1
4509,2407,1
4509,520,1
4509,1768,1
4509,1531,1
4509,2492,1
4509,182,0
4509,2061,0
4509,1058,0
4509,375,0
4509,2508,0
4510,2489,1
4510,520,1
4510,2181,0
4510,2151,0
4511,255,0
4512,605,1
4512,1928,1
4512,2554,1
4512,1171,1
4512,2423,1
4512,793,1
4512,2234,1
4512,1819,1
4512,2557,1
4512,1078,0
4512,868,0
4512,1660,0
4512,983,0
4512,663,0
4512,2335,0
4512,223,0
4512,2773,0
4512,1798,0
4512,1567,0
4512,358,0
4512,2555,0
4512,2607,0
4512,1183,0
4513,520,1
4513,1759,1
4513,2525,0
4513,842,0
4513,2587,0
4513,2505,0
4514,953,1
4514,2045,1
4514,778,0
4515,2317,0
4516,631,0
4517,221,0
4518,1960,1
4518,1936,1
4518,213,1
4518,31,1
4518,1030,0
4518,1017,0
4518,2358,0
4520,2129,1
4521,1433,1
4521,1394,1
4521,364,1
4521,2655,0
4521,1643,0
4521,2492,0
4522,1953,1
4522,1774,0
4523,551,1
4523,2759,1
4523,2226,1
4523,2394,1
4523,259,0
4523,399,0
4523,471,0
4525,1632,1
4525,163,1
4525,2630,1
4525,2218,1
4525,1002,1
4525,884,1
4525,599,1
4525,2619,1
4525,797,1
4525,2397,0
4525,2568,0
4525,1219,0
4525,282,0
4525,1,0
4525,970,0
4525,1693,0
4525,1689,0
4526,1068,1
4526,207,1
4526,1987,0
4526,224,0
4526,685,0
4526,1482,0
4526,819,0
4526,1640,0
4527,1632,1
4527,2366,0
4528,1597,1
4528,1116,0
4529,1296,1
4529,1597,1
4529,2322,0
4532,212,1
4532,2127,0
4532,1022,0
4533,585,1
4534,1468,1
4534,331,0
4535,1768,1
4535,2644,1
4535,1730,0
4536,1390,1
4536,243,1
4536,985,1
4536,2601,0
4536,2614,0
4536,2452,0
4536,108,0
4537,2586,0
4538,1058,1
4538,1506,1
4538,677,1
4538,2051,1
4538,2247,1
4538,1509,1
4538,207,1
4538,1747,1
4538,886,1
4538,824,1
4538,1083,1
4538,1373,1
4538,1240,1
4538,2202,0
4538,92,0
4538,2372,0
4538,789,0
4538,1609,0
4538,1242,0
4538,1652,0
4538,2308,0
4538,732,0
4538,74,0
4540,642,1
4540,2031,1
4540,149,1
4540,1147,0
4540,1413,0
4540,2619,0
4540,463,0
4541,517,1
4541,1894,1
4541,264,1
4541,2253,1
4541,207,1
4541,243,1
4541,2167,1
4541,953,1
4541,1855,1
4541,624,0
4541,1587,0
4541,871,0
4541,139,0
4541,812,0
4541,148,0
4541,551,0
4541,1710,0
4541,1024,0
4541,2577,0
4541,480,0
4542,1123,1
4542,424,1
4542,913,1
4542,466,1
4542,2523,1
4542,1083,1
4542,2083,0
4542,1697,0
4542,285,0
4542,1172,0
4542,1002,0
4542,2097,0
4542,523,0
4542,1796,0
4542,2628,0
4543,1763,1
4543,2243,1
4543,133,1
4543,266,1
4543,2154,1
4543,1650,1
4543,2771,0
4543,1434,0
4543,2322,0
4543,2473,0
4544,1816,1
4544,1710,1
4544,568,0
4545,2263,1
4545,400,0
4545,1640,0
4546,1801,1
4546,175,1
4546,1200,1
4546,47,1
4546,819,1
4546,1084,1
4546,1598,1
4546,320,1
4546,2624,1
4546,2122,1
4546,1871,1
4546,2260,1
4546,1367,1
4546,1748,1
4546,1625,1
4546,860,1
4546,477,1
4546,222,1
4546,1633,1
4546,2018,1
4546,1129,1
4546,2550,1
4546,2045,1
4546,1239,0
4546,270,0
4546,850,0
4546,2754,0
4546,1839,0
4546,302,0
4546,1914,0
4546,337,0
4546,2207,0
4546,2286,0
4546,1857,0
4546,322,0
4546,939,0
4546,2753,0
4546,1561,0
4546,2,0
4546,1553,0
4546,1415,0
4546,1783,0
4546,2146,0
4546,1496,0
4546,1537,0
4546,619,0
4546,2117,0
4546,2654,0
4546,878,0
4547,1607,1
4547,2765,1
4547,496,1
4547,1532,1
4547,1669,0
4548,1930,1
4548,1309,0
4549,1538,1
4549,455,1
4549,907,1
4549,953,1
4549,2584,0
4549,2659,0
4549,128,0
4549,1524,0
4549,1135,0
4549,1651,0
4550,1632,1
4550,577,1
4550,364,1
4550,149,1
4550,2489,1
4550,779,0
4550,343,0
4550,2161,0
4550,2399,0
4550,2125,0
4551,2048,1
4551,1632,1
4551,585,1
4551,1771,1
4551,2444,1
4551,2095,1
4551,1473,0
4551,2115,0
4551,1,0
4551,2142,0
4551,1572,0
4551,1204,0
4551,2124,0
4552,408,1
4552,869,1
4552,520,1
4552,2606,1
4552,1296,1
4552,2291,1
4552,2355,1
4552,1759,1
4552,1336,0
4552,2694,0
4552,1004,0
4552,2267,0
4552,1057,0
4552,1436,0
4552,1991,0
4552,1492,0
4552,1479,0
4552,1207,0
4552,2487,0
4552,955,0
4553,2630,1
4553,832,0
4554,2561,1
4554,1770,1
4554,429,1
4554,1915,1
4554,690,0
4554,481,0
4554,2449,0
4554,892,0
4555,1811,0
4555,136,0
4556,1286,1
4556,985,0
4557,2345,1
4557,1917,1
4557,313,0
4558,2345,1
4558,2688,0
4559,1743,1
4559,2528,0
4560,1392,1
4560,477,1
4560,2361,0
4560,2408,0
4560,317,0
4561,2048,1
4561,1611,1
4561,2580,0
4561,2727,0
4561,2574,0
4562,1589,1
4562,929,0
4563,640,1
4563,2443,1
4563,844,1
4563,2320,1
4563,1522,1
4563,1492,1
4563,2243,0
4563,2328,0
4563,1276,0
4563,1757,0
4563,1651,0
4563,2751,0
4564,1721,0
4566,2683,1
4566,333,1
4566,801,0
4566,164,0
4568,1397,1
4568,472,1
4568,2049,0
4568,2757,0
4568,355,0
4568,809,0
4569,830,1
4569,1914,0
4569,9,0
4570,2754,1
4570,2445,1
4570,1039,1
4570,915,1
4570,596,1
4570,1452,0
4570,807,0
4570,1771,0
4570,2564,0
4570,190,0
4570,2655,0
4570,1989,0
4570,1354,0
4570,2620,0
4570,2621,0
4570,521,0
4571,163,1
4571,2247,1
4571,1039,1
4571,912,1
4571,1271,1
4571,858,1
4571,2523,1
4571,2033,0
4571,714,0
4571,604,0
4571,107,0
4571,634,0
4571,535,0
4571,172,0
4572,1583,1
4572,2538,0
4573,2207,0
4574,520,1
4574,2408,0
4574,1073,0
4575,2722,1
4575,964,1
4575,1023,0
4575,2550,0
4575,87,0
4576,2048,1
4576,520,1
4576,2345,1
4576,846,1
4576,1695,1
4576,1668,0
4576,1567,0
4576,2375,0
4577,1449,0
4578,1216,1
4578,2210,1
4578,1136,1
4578,2584,1
4578,1180,1
4578,477,1
4578,1965,0
4578,246,0
4578,567,0
4578,528,0
4578,2709,0
4578,1613,0
4578,37,0
4579,1133,1
4580,2514,1
4580,460,0
4581,2755,1
4581,107,1
4581,1299,1
4581,2783,1
4581,2071,0
4581,2131,0
4581,321,0
4582,576,1
4582,384,0
4582,938,0
4582,2071,0
4583,2048,1
4583,79,1
4583,2262,0
4583,1589,0
4584,1592,1
4584,2313,1
4584,2284,0
4584,1276,0
4585,1634,1
4585,1607,1
4585,2584,1
4585,683,1
4585,2772,1
4585,408,1
4585,477,1
4585,1759,1
4585,340,0
4585,769,0
4585,140,0
4585,2464,0
4585,1381,0
4585,9,0
4585,389,0
4585,1495,0
4586,2416,1
4587,1874,1
4587,558,0
4587,2087,0
4587,325,0
4588,830,1
4588,2274,0
4589,2661,1
4589,520,1
4589,1360,1
4589,1492,1
4589,1845,1
4589,437,1
4589,88,1
4589,201,0
4589,164,0
4589,116,0
4591,2619,1
4591,1011,1
4591,1171,1
4591,392,0
4592,1058,1
4592,886,1
4592,105,0
4593,2357,0
4594,960,1
4594,2211,0
4595,1881,1
4595,2619,1
4595,933,0
4596,817,0
4597,2563,1
4597,517,1
4597,520,1
4597,672,1
4597,2722,1
4597,301,1
4597,2739,1
4597,2229,1
4597,315,1
4597,1346,1
4597,964,1
4597,2507,1
4597,332,1
4597,1360,1
4597,1622,1
4597,989,1
4597,878,1
4597,1271,1
4597,2682,1
4597,1531,1
4597,2575,0
4597,1367,0
4597,1280,0
4597,1701,0
4597,1794,0
4597,1022,0
4597,2163,0
4597,1904,0
4597,1325,0
4597,1231,0
4597,2197,0
4597,1266,0
4597,1675,0
4597,170,0
4597,2219,0
4597,2190,0
4597,2272,0
4597,152,0
4597,24,0
4597,201,0
4598,1030,1
4598,1207,0
4599,1449,1
4599,1865,0
4600,1633,1
4600,520,1
4600,79,1
4600,882,1
4600,1759,1
4600,2273,0
4600,609,0
4600,277,0
4600,116,0
4601,644,1
4601,264,1
4601,2320,1
4601,885,1
4601,2170,1
4601,1164,0
4601,1893,0
4601,146,0
4601,1781,0
4602,2249,1
4602,674,1
4602,693,0
4602,2703,0
4603,2542,1
4603,2702,1
4603,2423,1
4603,1691,1
4603,2280,0
4603,2524,0
4605,1058,1
4605,1763,1
4605,133,1
4605,1845,1
4605,694,0
4605,711,0
4605,1768,0
4605,1216,0
4606,2240,1
4606,700,0
4607,1069,1
4607,2271,1
4607,2044,0
4608,590,1
4609,2722,1
4609,1286,1
4609,720,1
4609,955,0
4609,2285,0
4609,113,0
4610,321,1
4611,2443,1
4611,667,1
4611,2732,1
4611,1584,1
4611,1979,1
4611,2238,1
4611,2513,1
4611,2772,1
4611,477,1
4611,864,1
4611,2016,1
4611,1507,1
4611,2403,1
4611,748,1
4611,2544,1
4611,1392,1
4611,2421,1
4611,758,1
4611,2297,1
4611,2167,0
4611,2588,0
4611,629,0
4611,1835,0
4611,1706,0
4611,2764,0
4611,2743,0
4611,2338,0
4611,989,0
4611,2673,0
4611,860,0
4611,390,0
4611,1939,0
4611,1276,0
4612,2320,1
4612,885,1
4612,2170,1
4612,256,0
4612,1595,0
4613,1892,1
4613,1303,1
4613,885,1
4613,1143,1
4613,2170,1
4613,31,1
4613,830,1
4613,922,1
4613,2631,0
4613,564,0
4613,1100,0
4613,1178,0
4613,689,0
4614,517,1
4614,264,1
4614,276,1
4614,922,1
4614,768,0
4614,2399,0
4614,725,0
4615,256,1
4615,646,1
4615,1290,1
4615,2443,1
4615,1689,1
4615,2724,1
4615,45,1
4615,1083,1
4615,964,1
4615,453,1
4615,2633,1
4615,586,1
4615,737,1
4615,2405,1
4615,869,1
4615,2158,1
4615,2544,1
4615,1141,1
4615,2686,1
4615,2346,0
4615,1170,0
4615,1982,0
4615,264,0
4615,1801,0
4615,386,0
4615,834,0
4615,1080,0
4615,847,0
4615,1837,0
4615,102,0
4616,2563,1
4616,1130,1
4616,1773,1
4616,2421,1
4616,804,0
4616,1655,0
4616,2739,0
4617,1647,0
4618,395,1
4618,1680,1
4618,337,1
4618,891,0
4618,1636,0
4618,1488,0
4619,1632,1
4619,2673,1
4619,1881,1
4619,1944,0
4619,1028,0
4620,2500,1
4620,2265,1
4620,2637,1
4620,1981,1
4620,2489,1
4620,478,1
4620,2723,0
4620,217,0
4620,1201,0
4620,1275,0
4620,2661,0
4620,2409,0
4620,961,0
4620,1377,0
4621,1763,1
4621,496,1
4621,2392,0
4621,2240,0
4621,1198,0
4621,556,0
4622,1839,1
4622,1296,1
4622,1143,1
4622,2617,1
4622,894,1
4622,2198,0
4622,752,0
4622,2533,0
4622,1571,0
4623,1296,1
4623,97,1
4623,1569,1
4623,1412,0
4623,1494,0
4624,1425,1
4624,1181,1
4624,2345,1
4624,2489,1
4624,61,1
4624,1600,1
4624,2371,1
4624,1094,1
4624,2630,1
4624,1610,1
4624,2646,1
4624,1753,1
4624,1373,1
4624,1632,1
4624,107,1
4624,2542,1
4624,2162,1
4624,251,1
4624,1404,1
4624,1736,0
4624,577,0
4624,120,0
4624,1220,0
4624,2366,0
4624,2396,0
4624,1962,0
4624,2706,0
4624,1860,0
4624,2020,0
4624,2124,0
4624,119,0
4624,1276,0
4624,2140,0
4624,1839,0
4625,882,1
4625,2743,1
4625,1209,0
4625,600,0
4625,18,0
4625,253,0
4626,517,1
4626,2750,1
4626,2732,0
4626,1511,0
4627,2724,0
4628,2048,1
4628,79,1
4628,1750,0
4628,1263,0
4629,1699,1
4629,2022,1
4629,758,1
4629,2578,0
4629,1508,0
4629,1021,0
4630,2048,1
4630,1603,1
4630,1289,1
4630,363,1
4630,2444,1
4630,2249,1
4630,1936,1
4630,817,1
4630,886,1
4630,2206,1
4630,2303,1
4630,1318,0
4630,2281,0
4630,2770,0
4630,1016,0
4630,381,0
4630,1679,0
4630,2341,0
4630,2519,0
4631,1505,1
4631,632,1
4631,1561,1
4631,347,1
4631,1628,1
4631,1010,0
4631,322,0
4631,2108,0
4632,1569,1
4632,1129,1
4632,2583,1
4632,953,1
4632,71,0
4632,2262,0
4632,2261,0
4632,1332,0
4632,1779,0
4632,1119,0
4633,271,1
4633,2748,0
4634,163,1
4634,1183,0
4634,1648,0
4634,1990,0
4635,79,1
4635,1158,0
4636,261,1
4636,486,1
4636,717,1
4636,1397,1
4636,2682,1
4636,1381,0
4636,2648,0
4636,965,0
4636,715,0
4636,2065,0
4636,2471,0
4636,2045,0
4637,1589,1
4637,631,1
4637,305,0
4637,2582,0
4637,612,0
4638,2443,1
4638,1261,0
4639,1985,1
4639,1020,1
4639,2639,1
4639,1424,0
4640,2320,1
4640,537,0
4640,2158,0
4641,1132,1
4641,1052,1
4641,117,0
4642,677,1
4642,814,0
4643,520,1
4643,1799,0
4643,2179,0
4644,2048,1
4644,1669,1
4644,395,1
4644,1680,1
4644,2740,1
4644,1845,1
4644,1082,1
4644,2764,1
4644,466,1
4644,2265,1
4644,994,1
4644,2277,1
4644,1126,1
4644,748,1
4644,148,0
4644,37,0
4644,2654,0
4644,2137,0
4644,1450,0
4644,2375,0
4644,564,0
4644,2499,0
4644,1319,0
4645,2740,1
4645,364,1
4645,441,0
4646,377,1
4646,272,0
4647,186,1
4647,2051,1
4647,1589,1
4647,2406,0
4647,7,0
4647,2201,0
4648,1397,1
4648,1054,0
4649,1126,1
4649,1421,1
4649,2492,1
4649,2415,0
4649,1354,0
4649,1087,0
4649,1957,0
4650,1059,1
4650,964,1
4650,2646,1
4650,1877,0
4650,2634,0
4650,1531,0
4650,1099,0
4650,509,0
4651,978,0
4651,438,0
4652,725,1
4653,2772,0
4654,1440,1
4654,1281,1
4654,2498,1
4654,804,1
4654,2086,1
4654,1649,1
4654,2232,1
4654,1830,0
4654,1296,0
4654,217,0
4654,296,0
4654,1345,0
4654,2405,0
4654,1456,0
4654,633,0
4655,517,1
4655,523,1
4655,33,1
4655,1569,1
4655,40,1
4655,47,1
4655,2610,1
4655,1079,1
4655,2615,1
4655,2617,1
4655,573,1
4655,2111,1
4655,577,1
4655,2122,1
4655,1101,1
4655,2127,1
4655,1105,1
4655,596,1
4655,1622,1
4655,2137,1
4655,97,1
4655,2674,1
4655,1141,1
4655,1659,1
4655,132,1
4655,1691,1
4655,2210,1
4655,2226,1
4655,1718,1
4655,2746,1
4655,2242,1
4655,2246,1
4655,250,1
4655,2305,1
4655,1794,1
4655,771,1
4655,777,1
4655,2316,1
4655,1296,1
4655,2320,1
4655,786,1
4655,788,1
4655,789,1
4655,1341,1
4655,840,1
4655,1360,1
4655,1883,1
4655,860,1
4655,1422,1
4655,2447,1
4655,1425,1
4655,408,1
4655,1953,1
4655,1958,1
4655,2470,1
4655,427,1
4655,2485,1
4655,2489,1
4655,1980,1
4655,451,1
4655,2511,1
4655,977,1
4655,466,1
4655,980,1
4655,2034,1
4655,2040,1
4655,2045,1
4655,2047,1
4655,7,0
4655,475,0
4655,2508,0
4655,837,0
4655,215,0
4655,753,0
4655,218,0
4655,1029,0
4655,407,0
4655,1374,0
4655,57,0
4655,1745,0
4655,1278,0
4655,202,0
4655,631,0
4655,1472,0
4655,2380,0
4655,1766,0
4655,406,0
4655,1532,0
4655,2471,0
4655,2462,0
4655,1956,0
4655,870,0
4655,2116,0
4655,1219,0
4655,602,0
4655,754,0
4655,2548,0
4655,1705,0
4655,1581,0
4655,447,0
4655,167,0
4655,236,0
4655,1567,0
4655,1144,0
4655,2140,0
4655,184,0
4655,855,0
4655,18,0
4655,1737,0
4655,892,0
4655,12,0
4655,1797,0
4655,1974,0
4655,1772,0
4655,1321,0
4655,1571,0
4655,1371,0
4655,1985,0
4655,2006,0
4655,1642,0
4655,2268,0
4655,643,0
4655,2228,0
4655,1361,0
4655,2322,0
4655,1937,0
4655,1824,0
4655,1534,0
4655,99,0
4655,2401,0
4655,942,0
4656,2489,1
4656,2492,1
4656,1762,0
4656,753,0
4656,558,0
4657,1793,1
4657,644,1
4657,517,1
4657,520,1
4657,1668,1
4657,1933,1
4657,398,1
4657,17,1
4657,1168,1
4657,1171,1
4657,276,1
4657,279,1
4657,922,1
4657,2591,1
4657,2210,1
4657,2086,1
4657,1574,1
4657,2218,1
4657,683,1
4657,1717,1
4657,2744,1
4657,313,1
4657,2619,1
4657,1725,1
4657,1346,1
4657,466,1
4657,854,1
4657,472,1
4657,2390,1
4657,865,1
4657,2277,1
4657,1126,1
4657,494,1
4657,2544,1
4657,638,1
4657,1248,0
4657,2480,0
4657,642,0
4657,288,0
4657,2658,0
4657,773,0
4657,2693,0
4657,94,0
4657,355,0
4657,1862,0
4657,1423,0
4657,1629,0
4657,2681,0
4657,383,0
4657,215,0
4657,705,0
4657,2446,0
4657,947,0
4657,1863,0
4657,2147,0
4657,951,0
4657,1149,0
4657,1324,0
4657,2168,0
4657,68,0
4657,1055,0
4657,1075,0
4657,1594,0
4657,268,0
4657,1575,0
4657,1716,0
4657,987,0
4657,2340,0
4657,723,0
4657,582,0
4657,1749,0
4657,505,0
4658,1268,1
4658,164,0
4659,1674,1
4659,212,1
4659,638,0
4660,1763,1
4660,2515,0
4661,835,0
4662,960,1
4662,833,1
4662,1383,0
4662,1723,0
4663,2737,1
4664,40,1
4664,1611,1
4664,2443,1
4664,717,1
4664,1161,0
4664,1921,0
4664,773,0
4664,807,0
4664,64,0
4664,652,0
4665,1517,1
4665,2477,1
4665,472,1
4665,2265,1
4665,2791,0
4665,94,0
4665,2213,0
4666,2443,1
4666,1991,0
4667,610,1
4667,2289,1
4667,830,1
4668,1892,1
4668,2340,1
4668,1733,1
4668,2282,1
4668,270,1
4668,1008,1
4668,369,1
4668,1746,1
4668,505,0
4668,2566,0
4668,283,0
4668,1920,0
4668,598,0
4668,250,0
4668,1765,0
4669,2320,1
4670,2320,1
4671,2626,1
4671,1348,1
4671,520,1
4671,2443,1
4671,207,1
4671,2289,1
4671,466,1
4671,628,1
4671,1047,1
4671,2619,1
4671,1821,1
4671,373,0
4671,409,0
4671,91,0
4671,1587,0
4671,1783,0
4671,985,0
4671,197,0
4671,1632,0
4671,828,0
4671,326,0
4671,881,0
4672,2630,1
4672,1483,1
4672,270,1
4672,2323,1
4672,2330,1
4672,830,1
4672,2217,0
4673,1029,1
4673,1867,1
4673,2320,1
4673,1744,1
4673,2065,1
4673,885,1
4673,123,1
4673,2285,0
4673,1482,0
4673,607,0
4673,1053,0
4673,1876,0
4673,1890,0
4673,1448,0
4673,25,0
4673,31,0
4674,990,0
4675,520,1
4676,2758,1
4676,2524,0
4677,2320,1
4677,607,0
4678,454,1
4678,818,0
4679,1930,1
4679,555,1
4679,2299,0
4679,702,0
4679,1613,0
4680,2320,1
4680,1680,1
4680,146,0
4680,2081,0
4681,800,1
4681,1156,1
4681,677,1
4681,1446,1
4681,398,1
4681,2320,1
4681,1300,1
4681,762,1
4681,1142,0
4681,1868,0
4681,2025,0
4681,1074,0
4681,409,0
4681,2081,0
4681,228,0
4681,214,0
4681,1640,0
4681,473,0
4682,1162,1
4682,271,1
4682,2546,1
4682,1143,1
4682,2032,0
4682,1605,0
4682,843,0
4682,1501,0
4683,619,0
4684,2113,1
4684,677,1
4684,2218,1
4684,11,1
4684,1232,1
4684,531,1
4684,1656,1
4684,1467,0
4684,1475,0
4684,2522,0
4684,540,0
4684,1238,0
4684,1341,0
4684,2765,0
4684,2215,0
4685,2320,1
4685,1299,0
4686,2547,1
4686,135,1
4686,587,0
4686,414,0
4687,2443,1
4687,430,0
4687,1147,0
4687,2610,0
4688,96,1
4688,2498,1
4688,946,1
4688,2076,1
4688,181,0
4688,1911,0
4688,2538,0
4689,416,1
4689,2137,1
4689,548,0
4689,945,0
4690,2243,1
4690,1892,1
4690,2246,1
4690,8,1
4690,336,1
4690,181,1
4690,2651,1
4690,700,1
4690,1602,0
4690,2746,0
4690,2216,0
4690,1026,0
4690,111,0
4690,813,0
4690,768,0
4690,1887,0
4691,1024,1
4691,2050,1
4691,994,1
4691,1393,0
4691,151,0
4691,2495,0
4692,961,1
4692,2271,1
4692,137,1
4692,912,1
4692,2739,1
4692,1663,1
4692,2382,0
4692,2345,0
4692,828,0
4692,520,0
4692,2612,0
4693,764,1
4694,2582,1
4694,2398,0
4695,994,1
4696,1981,1
4697,2594,1
4697,1725,1
4697,1763,1
4697,2281,0
4697,1794,0
4697,2133,0
4698,1397,1
4698,631,1
4698,1345,0
4698,2110,0
4698,2764,0
4699,1680,1
4699,24,1
4699,2073,1
4699,298,1
4699,572,1
4699,573,1
4699,1611,1
4699,1240,1
4699,857,1
4699,1511,1
4699,2282,1
4699,1005,1
4699,1011,1
4699,1147,1
4699,1932,0
4699,622,0
4699,2442,0
4699,305,0
4699,1788,0
4699,495,0
4699,545,0
4699,241,0
4699,671,0
4699,1752,0
4699,1037,0
4699,774,0
4699,1247,0
4699,35,0
4699,1815,0
4699,2469,0
4700,964,1
4700,520,1
4700,2443,1
4700,1162,1
4700,1201,1
4700,1232,1
4700,1589,1
4700,2682,1
4700,1695,1
4700,1654,0
4700,1858,0
4700,1714,0
4700,878,0
4700,707,0
4700,2613,0
4700,329,0
4700,498,0
4700,1918,0
4701,2560,1
4701,2561,1
4701,520,1
4701,1546,1
4701,11,1
4701,2583,1
4701,1565,1
4701,2098,1
4701,2619,1
4701,1083,1
4701,79,1
4701,2646,1
4701,2651,1
4701,100,1
4701,2154,1
4701,2158,1
4701,2162,1
4701,1156,1
4701,1669,1
4701,1162,1
4701,1680,1
4701,1695,1
4701,1183,1
4701,163,1
4701,1201,1
4701,1209,1
4701,698,1
4701,2749,1
4701,1731,1
4701,1232,1
4701,737,1
4701,2277,1
4701,1788,1
4701,2323,1
4701,818,1
4701,832,1
4701,1867,1
4701,335,1
4701,352,1
4701,865,1
4701,1892,1
4701,1901,1
4701,881,1
4701,2431,1
4701,1925,1
4701,2437,1
4701,1930,1
4701,1421,1
4701,429,1
4701,439,1
4701,443,1
4701,2492,1
4701,2500,1
4701,473,1
4701,478,1
4701,485,1
4701,1005,1
4701,493,1
4701,499,1
4701,1524,1
4701,1023,1
4701,566,0
4701,755,0
4701,1065,0
4701,1392,0
4701,2442,0
4701,626,0
4701,593,0
4701,676,0
4701,1140,0
4701,1641,0
4701,1323,0
4701,2293,0
4701,196,0
4701,1051,0
4701,1245,0
4701,18,0
4701,2527,0
4701,1949,0
4701,961,0
4701,712,0
4701,1815,0
4701,1014,0
4701,1298,0
4701,1837,0
4701,2530,0
4701,1955,0
4701,175,0
4701,1151,0
4701,928,0
4701,804,0
4701,1474,0
4701,2789,0
4701,2096,0
4701,2598,0
4701,1317,0
4701,2045,0
4701,694,0
4701,2660,0
4701,2519,0
4701,1290,0
4701,1046,0
4701,2404,0
4701,1592,0
4701,1823,0
4701,1975,0
4701,2371,0
4701,125,0
4701,358,0
4701,1544,0
4701,582,0
4701,2700,0
4701,709,0
4701,2718,0
4701,73,0
4701,82,0
4701,2289,0
4701,770,0
4701,2291,0
4701,1065,0
4701,2321,0
4701,1950,0
4701,850,0
4701,1012,0
4701,2680,0
4701,2752,0
4701,654,0
4702,2277,1
4702,1669,1
4702,1511,1
4702,2151,1
4702,1005,1
4702,2142,1
4702,141,0
4702,349,0
4702,2352,0
4702,823,0
4703,748,1
4703,846,0
4704,2561,1
4704,1754,1
4704,83,1
4704,1023,1
4704,1240,0
4704,2778,0
4705,2601,1
4705,953,1
4705,149,1
4705,2230,0
4705,399,0
4705,261,0
4705,69,0
4706,1398,1
4708,1281,1
4708,1064,1
4708,264,1
4708,1162,1
4708,2218,1
4708,1936,1
4708,2232,1
4708,2260,0
4708,954,0
4708,2070,0
4708,1005,0
4708,854,0
4708,195,0
4708,1408,0
4708,1970,0
4709,1451,1
4709,2546,1
4709,2523,1
4709,877,0
4709,830,0
4709,2634,0
4710,1255,1
4711,2407,1
4711,40,1
4711,748,1
4711,207,1
4711,1616,1
4711,1045,1
4711,1018,1
4711,1531,1
4711,1756,0
4711,1194,0
4711,2339,0
4711,1513,0
4711,2324,0
4711,2291,0
4711,2626,0
4712,960,1
4712,802,0
4713,897,1
4713,231,1
4713,1678,1
4713,2327,1
4713,2047,1
4713,1245,1
4713,1086,1
4713,415,1
4713,2340,0
4713,1122,0
4713,1339,0
4713,0,0
4713,303,0
4714,1347,0
4715,964,1
4715,2630,1
4715,2443,1
4715,1483,1
4715,2431,0
4715,48,0
4715,1332,0
4715,1680,0
4716,467,1
4717,496,1
4717,1808,1
4717,273,1
4717,1531,1
4717,654,0
4717,574,0
4717,632,0
4717,851,0
4718,2218,1
4718,12,0
4719,2630,1
4720,398,1
4720,2585,0
4721,2024,1
4721,81,1
4721,1366,1
4721,772,0
4721,2585,0
4722,1296,1
4722,1061,1
4722,823,1
4722,1757,1
4722,2015,1
4722,869,1
4722,1637,1
4722,231,1
4722,1132,1
4722,1278,1
4722,673,0
4722,1750,0
4722,747,0
4722,541,0
4722,2157,0
4722,845,0
4722,266,0
4722,2716,0
4723,1320,1
4723,1650,1
4723,1611,1
4724,640,1
4724,1537,1
4724,2562,1
4724,654,1
4724,2070,1
4724,1966,1
4724,1845,1
4724,1611,1
4724,2507,1
4724,2777,1
4724,2151,1
4724,872,1
4724,748,1
4724,1773,1
4724,316,0
4724,2098,0
4724,1047,0
4724,1594,0
4724,320,0
4724,1769,0
4724,261,0
4724,2604,0
4724,1075,0
4724,686,0
4724,1317,0
4725,1058,1
4725,1674,1
4725,720,1
4725,2167,1
4725,2034,0
4725,1459,0
4725,848,0
4727,1591,1
4727,2115,0
4729,677,1
4729,1924,1
4729,1867,1
4729,1069,1
4729,1202,1
4729,1363,1
4729,985,1
4729,922,1
4729,1113,0
4729,2076,0
4729,2164,0
4729,1005,0
4729,1008,0
4729,624,0
4729,1015,0
4730,832,1
4730,976,0
4730,1838,0
4731,846,1
4732,1427,1
4732,38,1
4732,2179,0
4733,2443,1
4733,333,1
4733,207,1
4733,2289,1
4733,2772,1
4733,1397,1
4733,1366,1
4733,1753,1
4733,2619,1
4733,2653,1
4733,2175,1
4733,1222,0
4733,1436,0
4733,557,0
4733,303,0
4733,1882,0
4733,1332,0
4733,1573,0
4733,2174,0
4733,1052,0
4733,1303,0
4733,1982,0
4733,2456,0
4733,287,0
4735,1093,0
4736,830,1
4737,753,0
4738,1090,1
4738,1155,1
4738,613,1
4738,454,1
4738,135,1
4738,1901,1
4738,527,1
4738,2353,1
4738,474,1
4738,766,1
4738,287,1
4738,2598,0
4738,2789,0
4738,2787,0
4738,1681,0
4738,2733,0
4738,81,0
4738,246,0
4738,1979,0
4738,103,0
4738,476,0
4738,2411,0
4738,1388,0
4739,661,1
4739,836,0
4740,1538,1
4740,1826,1
4740,642,1
4740,1164,1
4740,95,1
4740,1183,1
4740,2715,0
4740,897,0
4740,1008,0
4740,1585,0
4740,1543,0
4741,1642,1
4741,1757,1
4741,851,0
4741,2443,0
4742,2312,1
4742,494,1
4742,31,1
4742,2328,0
4742,2113,0
4742,2248,0
4743,1428,1
4744,2546,1
4744,1286,1
4744,559,0
4744,123,0
4745,2153,1
4745,1674,1
4745,1083,1
4745,1029,1
4745,554,0
4745,2310,0
4746,1768,1
4746,1039,1
4746,1350,0
4746,1055,0
4748,2445,0
4749,1874,1
4749,1901,1
4749,960,0
4750,203,0
4751,520,1
4751,40,1
4751,161,0
4751,2215,0
4751,2216,0
4752,1892,1
4752,1611,1
4752,2740,0
4752,66,0
4753,1296,1
4753,1129,1
4754,1664,1
4754,416,1
4754,1764,1
4754,1320,1
4754,1352,1
4754,2091,1
4754,336,1
4754,987,1
4754,938,0
4754,1390,0
4754,2732,0
4754,2324,0
4754,372,0
4754,86,0
4754,291,0
4754,2750,0
4755,2047,0
4756,2785,1
4756,2561,1
4756,964,1
4756,295,1
4756,2443,1
4756,459,1
4756,2098,1
4756,2227,1
4756,2586,1
4756,2682,1
4756,1882,0
4756,1513,0
4756,1327,0
4756,1079,0
4756,1281,0
4756,2331,0
4756,755,0
4756,464,0
4757,2717,1
4757,1558,1
4757,945,0
4757,910,0
4758,2277,1
4758,2283,0
4758,857,0
4758,1959,0
4759,1744,1
4759,1764,1
4759,855,0
4759,2509,0
4760,2307,1
4761,1058,1
4761,671,0
4761,435,0
4762,1896,1
4762,1984,1
4762,2019,0
4763,91,1
4765,636,0
4766,705,1
4766,2404,1
4766,2443,1
4766,2619,1
4766,122,0
4766,1588,0
4766,1299,0
4766,1418,0
4766,1363,0
4766,340,0
4767,834,1
4767,313,0
4769,1808,1
4769,271,1
4769,181,0
4769,1366,0
4770,2759,1
4770,1546,1
4770,2162,1
4770,792,0
4770,1919,0
4770,1478,0
4770,2628,0
4771,1272,1
4772,271,1
4773,1989,1
4773,2089,1
4773,18,1
4773,1336,1
4773,1083,1
4773,2668,0
4773,1564,0
4773,2161,0
4773,193,0
4773,1089,0
4774,2443,1
4774,2382,1
4774,718,0
4775,2682,1
4775,2443,1
4775,326,0
4775,2201,0
4776,1664,1
4776,1188,1
4776,1833,1
4776,1459,1
4776,1763,1
4776,231,1
4776,2544,1
4776,1650,1
4776,1659,1
4776,1354,0
4776,276,0
4776,2204,0
4776,2572,0
4776,212,0
4776,2439,0
4776,133,0
4776,418,0
4776,1821,0
4776,1784,0
4776,1395,0
4776,1805,0
4776,2626,0
4777,1097,1
4777,442,0
4778,408,1
4778,2726,1
4778,1351,1
4778,2488,1
4778,1642,1
4778,2606,1
4778,767,1
4778,409,1
4778,2524,1
4778,1310,1
4778,2095,0
4778,1336,0
4778,2600,0
4778,2146,0
4778,1483,0
4778,58,0
4778,2498,0
4778,700,0
4778,2700,0
4779,1795,1
4779,6,1
4779,395,1
4779,1421,1
4779,2210,1
4779,162,1
4779,680,1
4779,2298,1
4779,301,1
4779,2485,1
4779,2746,1
4779,2363,1
4779,1349,1
4779,327,1
4779,1875,1
4779,1768,1
4779,496,1
4779,2544,1
4779,2170,1
4779,2175,1
4779,2637,0
4779,772,0
4779,2,0
4779,1030,0
4779,2677,0
4779,2290,0
4779,1767,0
4779,1593,0
4779,1988,0
4779,1501,0
4779,1002,0
4779,1671,0
4779,884,0
4779,19,0
4779,2561,0
4779,1106,0
4779,2753,0
4779,2342,0
4779,35,0
4779,2096,0
4780,2154,1
4780,869,0
4781,677,1
4781,1750,1
4781,375,1
4781,922,1
4781,2379,0
4781,2208,0
4781,183,0
4782,2562,1
4782,517,1
4782,1029,1
4782,2058,1
4782,23,1
4782,2584,1
4782,47,1
4782,2637,1
4782,2130,1
4782,2646,1
4782,2137,1
4782,91,1
4782,2660,1
4782,1129,1
4782,107,1
4782,2158,1
4782,625,1
4782,652,1
4782,1164,1
4782,148,1
4782,1686,1
4782,677,1
4782,682,1
4782,683,1
4782,2232,1
4782,187,1
4782,2764,1
4782,719,1
4782,2771,1
4782,1748,1
4782,2289,1
4782,1271,1
4782,1790,1
4782,2307,1
4782,1801,1
4782,1306,1
4782,1825,1
4782,294,1
4782,830,1
4782,1855,1
4782,2380,1
4782,1360,1
4782,346,1
4782,1889,1
4782,1892,1
4782,1896,1
4782,872,1
4782,374,1
4782,2443,1
4782,1427,1
4782,419,1
4782,1455,1
4782,2485,1
4782,964,1
4782,2500,1
4782,1483,1
4782,2507,1
4782,975,1
4782,2001,1
4782,473,1
4782,989,1
4782,478,1
4782,1507,1
4782,489,1
4782,1531,1
4782,1384,0
4782,422,0
4782,1133,0
4782,931,0
4782,947,0
4782,555,0
4782,1406,0
4782,1851,0
4782,1999,0
4782,60,0
4782,829,0
4782,2212,0
4782,1668,0
4782,2626,0
4782,2012,0
4782,2741,0
4782,1393,0
4782,2071,0
4782,2112,0
4782,1567,0
4782,1502,0
4782,1938,0
4782,355,0
4782,1415,0
4782,174,0
4782,1268,0
4782,979,0
4782,2056,0
4782,18,0
4782,910,0
4782,510,0
4782,710,0
4782,2300,0
4782,1615,0
4782,2256,0
4782,2194,0
4782,468,0
4782,1719,0
4782,2321,0
4782,1969,0
4782,1990,0
4782,993,0
4782,1066,0
4782,1725,0
4782,1623,0
4782,1867,0
4782,781,0
4782,2701,0
4782,137,0
4782,2487,0
4782,149,0
4782,147,0
4782,1688,0
4782,1491,0
4782,1738,0
4782,1515,0
4782,471,0
4782,1608,0
4782,2666,0
4782,5,0
4782,2745,0
4782,2002,0
4782,1960,0
4782,313,0
4782,1880,0
4782,1937,0
4782,818,0
4782,1960,0
4782,2757,0
4782,1694,0
4782,776,0
4783,1336,1
4783,1015,0
4783,102,0
4783,2561,0
4784,1187,0
4786,2377,0
4787,2265,1
4787,1611,1
4787,1896,0
4788,2443,1
4788,804,1
4788,424,1
4788,936,1
4788,964,1
4788,1352,1
4788,1483,1
4788,1877,1
4788,1750,1
4788,989,1
4788,2423,1
4788,1715,0
4788,1815,0
4788,25,0
4788,2266,0
4788,70,0
4788,1705,0
4788,1917,0
4788,2432,0
4788,470,0
4788,1151,0
4788,528,0
4788,167,0
4788,2179,0
4789,901,1
4789,1930,1
4789,1548,1
4789,543,1
4789,800,1
4789,2477,1
4789,571,1
4789,2619,1
4789,2764,1
4789,207,1
4789,466,1
4789,1366,1
4789,2150,1
4789,1383,1
4789,2153,1
4789,1389,1
4789,1397,1
4789,2682,1
4789,1663,1
4789,2542,0
4789,1004,0
4789,348,0
4789,863,0
4789,1092,0
4789,2579,0
4789,1687,0
4789,1986,0
4789,1898,0
4789,2420,0
4789,2694,0
4789,1083,0
4789,2445,0
4789,2221,0
4789,842,0
4789,435,0
4790,416,1
4790,642,1
4790,2722,1
4790,2217,1
4790,2443,1
4790,144,1
4790,1873,1
4790,2175,1
4790,2182,0
4790,273,0
4790,2537,0
4790,683,0
4790,851,0
4790,2127,0
4790,858,0
4790,157,0
4790,681,0
4790,769,0
4791,487,1
4791,2443,1
4791,2477,1
4791,207,1
4791,1589,1
4791,2682,1
4791,2302,1
4791,34,0
4791,2641,0
4791,828,0
4791,2094,0
4791,592,0
4791,2368,0
4791,1504,0
4792,946,1
4792,1202,1
4792,2163,0
4793,1887,1
4794,871,1
4795,1892,1
4795,1541,1
4795,677,1
4795,2443,1
4795,186,1
4795,637,1
4795,386,0
4795,787,0
4795,2541,0
4795,1027,0
4795,567,0
4795,826,0
4796,2443,1
4796,1457,0
4796,2663,0
4796,2126,0
4797,1290,1
4797,86,0
4798,107,1
4799,1872,1
4799,585,1
4799,2347,0
4799,222,0
4800,2748,1
4800,2045,1
4800,415,1
4800,1018,0
4800,1622,0
4800,1170,0
4801,2492,1
4801,1215,0
4802,1695,1
4802,910,0
4802,1319,0
4802,2321,0
4803,907,1
4804,1286,1
4804,2316,1
4804,1402,1
4804,1432,1
4804,803,1
4804,2613,1
4804,2760,1
4804,1225,1
4804,1101,1
4804,719,1
4804,2389,1
4804,873,1
4804,2034,1
4804,758,1
4804,2550,1
4804,2298,1
4804,1659,1
4804,124,1
4804,1151,1
4804,878,0
4804,2423,0
4804,2314,0
4804,2320,0
4804,2610,0
4804,2670,0
4804,314,0
4804,2248,0
4804,1499,0
4804,2701,0
4804,1776,0
4804,53,0
4804,2569,0
4804,45,0
4804,1774,0
4804,1022,0
4804,816,0
4804,2062,0
4804,1446,0
4804,675,0
4804,617,0
4804,1817,0
4805,398,1
4805,2116,0
4806,2546,1
4806,655,1
4806,1992,0
4806,1069,0
4807,1699,1
4807,1957,1
4807,873,1
4807,1447,0
4807,2423,0
4807,2330,0
4807,964,0
4808,1568,1
4808,520,1
4808,2153,1
4808,2320,1
4808,1616,1
4808,275,1
4808,532,1
4808,885,1
4808,2619,1
4808,92,0
4808,2574,0
4808,884,0
4808,1599,0
4808,2358,0
4808,640,0
4810,2086,1
4810,585,1
4810,1546,1
4810,232,1
4810,846,1
4810,79,1
4810,2072,1
4810,1114,1
4810,1597,1
4810,222,1
4810,2303,1
4810,1523,0
4810,1040,0
4810,1330,0
4810,2331,0
4810,1015,0
4810,2049,0
4810,1990,0
4810,532,0
4810,730,0
4810,2355,0
4810,571,0
4810,379,0
4811,2218,1
4811,2442,1
4811,139,1
4811,1433,1
4811,1043,0
4811,1603,0
4811,2178,0
4811,708,0
4811,145,0
4811,1960,0
4812,2758,1
4812,1184,0
4813,817,1
4813,1582,0
4814,1540,1
4814,518,1
4814,1033,1
4814,1041,1
4814,530,1
4814,2584,1
4814,1052,1
4814,2077,1
4814,1054,1
4814,544,1
4814,1061,1
4814,1584,1
4814,2101,1
4814,2104,1
4814,2103,1
4814,1082,1
4814,62,1
4814,70,1
4814,584,1
4814,2128,1
4814,602,1
4814,1634,1
4814,2150,1
4814,1129,1
4814,2688,1
4814,134,1
4814,2695,1
4814,2696,1
4814,2185,1
4814,1167,1
4814,1685,1
4814,2710,1
4814,164,1
4814,687,1
4814,2737,1
4814,1757,1
4814,1245,1
4814,2274,1
4814,1253,1
4814,2279,1
4814,231,1
4814,2285,1
4814,1777,1
4814,2294,1
4814,2296,1
4814,2298,1
4814,251,1
4814,1801,1
4814,2313,1
4814,1296,1
4814,1811,1
4814,2327,1
4814,793,1
4814,798,1
4814,799,1
4814,1312,1
4814,803,1
4814,2341,1
4814,298,1
4814,1837,1
4814,1839,1
4814,819,1
4814,1351,1
4814,1366,1
4814,1903,1
4814,1392,1
4814,2421,1
4814,897,1
4814,394,1
4814,1935,1
4814,917,1
4814,408,1
4814,1432,1
4814,1949,1
4814,2469,1
4814,1447,1
4814,2508,1
4814,465,1
4814,1490,1
4814,1496,1
4814,477,1
4814,989,1
4814,2015,1
4814,1533,1
4814,1089,0
4814,1382,0
4814,30,0
4814,713,0
4814,750,0
4814,1131,0
4814,1120,0
4814,1994,0
4814,2092,0
4814,925,0
4814,654,0
4814,1252,0
4814,2444,0
4814,1874,0
4814,2126,0
4814,552,0
4814,2180,0
4814,1431,0
4814,2458,0
4814,1774,0
4814,1763,0
4814,1283,0
4814,705,0
4814,1676,0
4814,371,0
4814,2027,0
4814,2001,0
4814,201,0
4814,916,0
4814,2541,0
4814,1398,0
4814,473,0
4814,960,0
4814,1640,0
4814,2457,0
4814,1146,0
4814,1358,0
4814,1604,0
4814,33,0
4814,1217,0
4814,1549,0
4814,1001,0
4814,729,0
4814,71,0
4814,2288,0
4814,1368,0
4814,976,0
4814,1613,0
4814,2100,0
4814,1679,0
4814,2638,0
4814,1890,0
4814,2370,0
4814,519,0
4814,712,0
4814,234,0
4814,259,0
4814,2386,0
4814,2373,0
4814,1314,0
4814,566,0
4814,1784,0
4814,1428,0
4814,2195,0
4814,335,0
4814,2058,0
4814,2664,0
4814,1644,0
4814,857,0
4814,985,0
4814,1553,0
4814,2370,0
4814,1990,0
4814,349,0
4814,2720,0
4814,1189,0
4814,2678,0
4814,876,0
4814,838,0
4814,1582,0
4814,632,0
4814,960,0
4814,300,0
4814,1037,0
4814,532,0
4814,692,0
4815,1632,1
4815,2048,1
4815,1121,1
4815,520,1
4815,557,1
4815,686,1
4815,1413,0
4815,2240,0
4815,114,0
4815,1044,0
4815,1076,0
4815,1899,0
4815,834,0
4816,1892,1
4816,720,1
4816,956,1
4816,689,0
4816,2701,0
4816,144,0
4816,1666,0
4817,2683,1
4817,1892,1
4817,2011,0
4818,590,1
4818,372,0
4819,904,1
4819,748,1
4819,1552,1
4819,1614,0
4819,984,0
4819,2141,0
4820,2583,1
4820,2493,0
4821,2705,1
4822,964,1
4822,1412,1
4822,2766,1
4822,2320,1
4822,885,1
4822,1240,1
4822,2297,1
4822,2170,1
4822,922,1
4822,1329,0
4822,1711,0
4822,123,0
4822,605,0
4822,2183,0
4822,1799,0
4822,2056,0
4822,127,0
4822,129,0
4823,32,1
4823,2241,1
4823,1282,1
4823,1960,1
4823,1401,1
4823,2511,1
4823,594,1
4823,1901,0
4823,2515,0
4823,399,0
4823,1787,0
4823,2717,0
4823,2420,0
4823,371,0
4823,169,0
4824,1083,1
4824,1148,0
4824,796,0
4824,489,0
4824,2707,0
4826,1321,0
4826,645,0
4826,113,0
4827,1083,1
4827,207,1
4827,642,0
4827,1220,0
4828,2630,1
4828,1865,1
4828,466,1
4828,1326,0
4828,1808,0
4828,377,0
4829,805,1
4829,915,0
4829,2549,0
4830,698,1
4830,2230,0
4831,594,1
4831,31,1
4831,2176,0
4831,2447,0
4831,1480,0
4832,904,1
4832,315,0
4833,2633,1
4833,336,1
4833,2076,0
4834,416,1
4834,964,1
4834,1928,1
4834,1217,0
4834,1450,0
4834,1985,0
4834,26,0
4834,1793,0
4835,313,0
4836,830,1
4836,1304,0
4837,1961,1
4837,2349,1
4837,2255,1
4837,338,1
4837,2070,1
4837,2318,0
4837,2472,0
4837,1535,0
4837,1744,0
4838,2279,0
4839,207,1
4839,876,0
4839,2483,0
4840,800,1
4840,1446,1
4840,1285,0
4841,264,1
4841,1649,1
4841,2392,0
4842,2307,1
4842,484,0
4842,791,0
4843,2048,1
4843,932,1
4843,2640,1
4843,1691,1
4843,1651,0
4843,2030,0
4843,235,0
4843,850,0
4844,520,1
4844,46,0
4845,643,1
4845,135,1
4845,264,1
4845,1162,1
4845,2443,1
4845,1823,1
4845,1064,1
4845,42,1
4845,1578,1
4845,1068,1
4845,429,1
4845,946,1
4845,2097,1
4845,1083,1
4845,701,1
4845,1982,1
4845,576,1
4845,965,1
4845,839,1
4845,2431,1
4845,1611,1
4845,333,1
4845,1874,1
4845,2007,1
4845,344,1
4845,2522,1
4845,2523,1
4845,472,1
4845,1240,1
4845,608,1
4845,994,1
4845,1126,1
4845,2408,1
4845,493,1
4845,1901,1
4845,2290,1
4845,1651,1
4845,1523,1
4845,1915,1
4845,1569,0
4845,1972,0
4845,343,0
4845,2036,0
4845,1663,0
4845,733,0
4845,765,0
4845,1474,0
4845,2401,0
4845,585,0
4845,1598,0
4845,377,0
4845,2647,0
4845,1771,0
4845,2272,0
4845,1299,0
4845,1280,0
4845,890,0
4845,2791,0
4845,1738,0
4845,2715,0
4845,2248,0
4845,1579,0
4845,1349,0
4845,2765,0
4845,2549,0
4845,1449,0
4845,1525,0
4845,952,0
4845,1136,0
4845,1388,0
4845,2008,0
4845,2359,0
4845,1376,0
4846,171,0
4847,2443,1
4847,2236,1
4847,667,1
4847,2231,0
4847,2027,0
4847,2757,0
4848,1218,1
4848,2247,1
4848,873,1
4848,1098,1
4848,2450,1
4848,2001,1
4848,2423,1
4848,2493,1
4848,1343,1
4848,1777,0
4848,221,0
4848,566,0
4848,1484,0
4848,2079,0
4848,465,0
4849,2048,1
4849,2722,1
4849,1090,1
4849,79,1
4849,2546,1
4849,2425,1
4849,765,1
4849,222,1
4849,2303,1
4849,892,0
4849,2683,0
4849,100,0
4849,1947,0
4849,2480,0
4849,768,0
4849,802,0
4849,1378,0
4849,1712,0
4849,2078,0
4849,550,0
4849,2069,0
4849,2711,0
4850,2560,1
4850,83,1
4850,1499,1
4850,77,0
4850,913,0
4850,465,0
4852,2785,1
4852,1320,1
4852,1039,1
4852,758,1
4852,751,0
4852,2090,0
4853,565,0
4854,2561,1
4854,398,1
4854,2453,1
4854,2208,1
4854,294,1
4854,2220,1
4854,443,1
4854,1610,1
4854,1360,1
4854,725,1
4854,1897,1
4854,1915,1
4854,1620,0
4854,589,0
4854,864,0
4854,2705,0
4854,1755,0
4854,2448,0
4854,2471,0
4854,2496,0
4854,1345,0
4855,711,0
4856,1891,0
4857,830,1
4857,1089,0
4858,2473,1
4858,2512,0
4858,2144,0
4858,2628,0
4859,800,1
4859,1123,1
4859,1446,1
4859,1576,1
4859,972,1
4859,886,1
4859,2486,1
4859,2523,1
4859,1694,1
4859,2448,0
4859,2014,0
4859,1843,0
4859,2149,0
4859,2146,0
4859,1572,0
4859,590,0
4859,498,0
4859,288,0
4859,1569,0
4860,1547,1
4860,528,1
4860,2590,1
4860,39,1
4860,2101,1
4860,568,1
4860,58,1
4860,575,1
4860,2116,1
4860,2630,1
4860,1103,1
4860,600,1
4860,1113,1
4860,91,1
4860,2151,1
4860,1126,1
4860,2154,1
4860,2162,1
4860,625,1
4860,1141,1
4860,1664,1
4860,641,1
4860,1667,1
4860,2692,1
4860,1669,1
4860,1158,1
4860,2700,1
4860,1680,1
4860,148,1
4860,1181,1
4860,670,1
4860,671,1
4860,2215,1
4860,2216,1
4860,2223,1
4860,2740,1
4860,2745,1
4860,1225,1
4860,714,1
4860,2254,1
4860,1744,1
4860,1753,1
4860,737,1
4860,2277,1
4860,2283,1
4860,1273,1
4860,763,1
4860,1275,1
4860,252,1
4860,256,1
4860,261,1
4860,1802,1
4860,794,1
4860,295,1
4860,313,1
4860,2363,1
4860,1349,1
4860,1353,1
4860,338,1
4860,1875,1
4860,351,1
4860,362,1
4860,2411,1
4860,2410,1
4860,369,1
4860,1393,1
4860,2418,1
4860,885,1
4860,2423,1
4860,2430,1
4860,388,1
4860,1418,1
4860,395,1
4860,1421,1
4860,1425,1
4860,1952,1
4860,1953,1
4860,932,1
4860,2472,1
4860,1969,1
4860,2488,1
4860,2505,1
4860,1999,1
4860,467,1
4860,482,1
4860,2531,1
4860,1511,1
4860,2022,1
4860,1005,1
4860,427,0
4860,2611,0
4860,1310,0
4860,2345,0
4860,540,0
4860,874,0
4860,1122,0
4860,1266,0
4860,2593,0
4860,1208,0
4860,270,0
4860,1985,0
4860,105,0
4860,1432,0
4860,2691,0
4860,2507,0
4860,1332,0
4860,1668,0
4860,1806,0
4860,2782,0
4860,1460,0
4860,937,0
4860,2543,0
4860,220,0
4860,994,0
4860,1114,0
4860,2048,0
4860,2152,0
4860,1051,0
4860,2383,0
4860,1763,0
4860,1362,0
4860,1354,0
4860,1918,0
4860,1169,0
4860,423,0
4860,2225,0
4860,1479,0
4860,152,0
4860,340,0
4860,219,0
4860,1367,0
4860,394,0
4860,2461,0
4860,409,0
4860,1911,0
4860,156,0
4860,1515,0
4860,1626,0
4860,1641,0
4860,2568,0
4860,2347,0
4860,747,0
4860,76,0
4860,2629,0
4860,2538,0
4860,762,0
4860,1406,0
4860,1879,0
4860,1892,0
4860,3,0
4860,1663,0
4860,1852,0
4860,1121,0
4860,335,0
4860,1220,0
4860,1655,0
4860,1062,0
4860,1939,0
4860,1858,0
4860,1077,0
4860,2253,0
4860,1057,0
4860,1507,0
4860,921,0
4860,1573,0
4860,165,0
4860,475,0
4860,2753,0
4860,306,0
4861,264,1
4864,2434,1
4864,1696,1
4864,1193,1
4864,1706,1
4864,809,1
4864,567,1
4864,1592,1
4864,1979,1
4864,1860,1
4864,587,1
4864,2512,1
4864,1618,1
4864,1495,1
4864,472,1
4864,857,1
4864,2409,1
4864,1132,1
4864,1779,1
4864,2302,1
4864,539,0
4864,610,0
4864,714,0
4864,1213,0
4864,951,0
4864,2439,0
4864,246,0
4864,2574,0
4864,703,0
4864,1031,0
4864,372,0
4865,1156,1
4865,520,1
4865,2218,1
4865,154,0
4865,483,0
4865,641,0
4867,2722,1
4867,2507,1
4867,47,1
4867,2682,1
4867,943,0
4867,2421,0
4867,336,0
4867,2503,0
4867,2011,0
4867,2387,0
4868,2185,1
4868,1948,1
4868,2045,1
4868,2769,1
4868,2266,1
4868,2268,1
4868,1035,0
4868,287,0
4868,613,0
4868,931,0
4868,2738,0
4868,1189,0
4868,2215,0
4869,686,1
4869,631,1
4870,2241,1
4870,1282,1
4870,166,1
4870,31,1
4870,642,0
4870,2755,0
4870,543,0
4871,79,1
4871,386,0
4872,1669,1
4872,1070,0
4873,492,1
4873,2649,0
4874,1064,1
4874,2075,1
4874,60,1
4874,187,0
4875,1607,1
4875,1519,0
4876,482,1
4876,419,1
4876,1482,1
4876,1614,1
4876,1685,1
4876,12,0
4876,670,0
4876,1329,0
4876,256,0
4877,2542,1
4877,1103,1
4877,2453,1
4877,2162,0
4877,592,0
4877,310,0
4877,1880,0
4878,2423,1
4878,299,0
4879,1072,1
4879,60,1
4879,686,1
4879,211,0
4879,642,0
4879,1417,0
4880,2027,0
4881,610,1
4881,2563,1
4881,1427,1
4881,2218,0
4882,1600,1
4882,905,1
4882,2128,1
4882,786,1
4882,408,1
4882,2471,0
4882,286,0
4883,840,1
4883,1082,1
4883,338,0
4883,1867,0
4884,2709,1
4884,2055,0
4885,642,1
4885,1892,1
4885,804,1
4885,2290,1
4885,385,0
4885,1040,0
4885,1528,0
4886,1505,1
4886,1860,1
4886,1764,1
4886,2285,1
4886,878,1
4886,1072,1
4886,624,1
4886,2133,1
4886,2524,1
4886,2213,0
4886,1196,0
4886,1061,0
4886,2624,0
4887,2601,1
4887,1696,0
4888,1892,1
4888,964,1
4888,2630,1
4888,839,1
4888,2443,1
4888,1743,1
4888,2546,1
4888,1397,1
4888,1686,1
4888,1240,1
4888,2682,1
4888,1431,0
4888,1940,0
4888,1169,0
4888,1085,0
4888,1143,0
4888,58,0
4888,744,0
4889,640,1
4889,2048,1
4889,163,1
4889,2153,1
4889,2345,1
4889,2220,1
4889,400,1
4889,1201,1
4889,2546,1
4889,1877,1
4889,2229,1
4889,305,0
4889,2334,0
4889,2630,0
4889,917,0
4889,2257,0
4889,1860,0
4889,1955,0
4890,520,1
4891,640,1
4892,960,1
4892,55,0
4893,2459,0
4894,960,1
4894,832,1
4894,977,0
4894,2626,0
4896,489,1
4896,1614,1
4896,951,1
4896,665,1
4896,2446,0
4896,1031,0
4896,1841,0
4897,1784,1
4897,492,1
4897,845,1
4897,2520,0
4897,1772,0
4898,1409,1
4898,2067,1
4898,2719,1
4898,18,0
4898,2660,0
4899,388,1
4899,2540,1
4899,1909,1
4899,650,0
4899,1288,0
4899,2756,0
4900,1696,1
4900,2434,1
4900,1447,1
4900,1618,1
4900,2047,1
4900,1774,0
4900,1567,0
4900,1878,0
4900,759,0
4900,323,0
4900,1542,0
4901,4,1
4901,1669,1
4901,1172,1
4901,22,1
4901,922,1
4901,1574,1
4901,698,1
4901,1867,1
4901,473,1
4901,1894,1
4901,1483,0
4901,800,0
4901,1687,0
4901,2469,0
4901,1702,0
4901,913,0
4901,1488,0
4901,1875,0
4901,346,0
4901,718,0
4901,814,0
4902,1892,1
4902,1449,1
4902,1611,1
4902,2546,1
4902,422,0
4902,35,0
4902,2069,0
4902,1179,0
4903,68,1
4903,2604,1
4903,1309,0
4903,1264,0
4903,1617,0
4903,1370,0
4903,1201,0
4905,266,0
4906,1632,1
4906,964,1
4906,2443,1
4906,493,1
4906,590,1
4906,398,1
4906,197,0
4906,726,0
4906,2404,0
4906,1126,0
4906,1441,0
4906,763,0
4906,1826,0
4906,1731,0
4906,748,0
4906,2194,0
4907,2230,0
4908,2688,1
4908,803,1
4908,1604,1
4908,198,1
4908,2279,1
4908,2476,1
4908,1842,1
4908,570,1
4908,1019,1
4908,1557,0
4908,994,0
4908,2079,0
4908,1062,0
4908,2722,0
4909,865,1
4909,1892,1
4909,613,1
4909,2129,0
4911,2304,1
4911,2755,1
4911,1773,1
4911,2606,1
4911,47,1
4911,2605,1
4911,1427,1
4911,2619,1
4911,1725,1
4911,2367,1
4911,773,0
4911,2118,0
4911,1152,0
4911,319,0
4911,1801,0
4911,1241,0
4911,2730,0
4912,23,1
4912,1569,1
4912,683,1
4912,2101,1
4912,2615,1
4912,2625,1
4912,989,1
4912,477,1
4912,1889,1
4912,1634,1
4912,1132,1
4912,2175,1
4912,1056,0
4912,741,0
4912,589,0
4912,990,0
4912,350,0
4912,406,0
4912,2741,0
4912,2432,0
4912,2373,0
4912,1852,0
4912,2581,0
4912,463,0
4912,1439,0
4913,530,1
4913,82,1
4913,665,1
4913,2107,0
4913,1763,0
4913,517,0
4914,2277,1
4914,1511,1
4914,1005,1
4914,913,1
4914,1143,1
4914,2073,1
4914,2020,0
4914,2758,0
4914,1791,0
4914,644,0
4914,1019,0
4914,709,0
4914,848,0
4915,2584,1
4915,1289,1
4915,2772,1
4915,1348,0
4915,220,0
4916,2293,1
4916,1820,0
4917,1360,1
4917,1249,1
4917,1849,1
4917,920,0
4917,2685,0
4918,2051,1
4918,2246,1
4918,1272,1
4918,1915,1
4918,989,1
4918,1204,0
4918,1107,0
4918,1033,0
4918,1565,0
4918,1955,0
4919,610,0
4920,1537,1
4920,844,1
4920,1303,1
4920,546,0
4920,934,0
4920,340,0
4921,1285,0
4922,24,0
4923,748,1
4923,2553,1
4923,183,0
4924,2001,1
4924,1611,1
4924,1919,0
4924,834,0
4925,748,1
4925,725,1
4925,1303,1
4925,667,1
4925,1020,1
4925,2692,0
4925,1997,0
4925,953,0
4925,1254,0
4925,2787,0
4925,2483,0
4925,1977,0
4925,2157,0
4926,1881,1
4926,2025,0
4927,989,1
4927,2774,0
4927,1314,0
4927,2200,0
4928,518,1
4928,2696,1
4928,2313,1
4928,1296,1
4928,1041,1
4928,2727,1
4928,682,1
4928,683,1
4928,812,1
4928,175,1
4928,1200,1
4928,1071,1
4928,690,1
4928,2355,1
4928,2101,1
4928,2741,1
4928,62,1
4928,1607,1
4928,2761,1
4928,587,1
4928,589,1
4928,2128,1
4928,2772,1
4928,854,1
4928,2776,1
4928,1759,1
4928,2016,1
4928,1634,1
4928,2272,1
4928,1637,1
4928,2528,1
4928,1129,1
4928,1132,1
4928,370,1
4928,115,1
4928,2291,1
4928,2044,1
4928,434,0
4928,1590,0
4928,383,0
4928,2051,0
4928,2198,0
4928,696,0
4928,1512,0
4928,883,0
4928,817,0
4928,2345,0
4928,2564,0
4928,541,0
4928,2083,0
4928,367,0
4928,2717,0
4928,2693,0
4928,1920,0
4928,1435,0
4928,421,0
4928,1948,0
4928,450,0
4928,2046,0
4928,402,0
4928,758,0
4928,81,0
4928,2634,0
4928,1303,0
4928,794,0
4928,986,0
4928,569,0
4928,2103,0
4928,1492,0
4928,677,0
4928,1525,0
4928,650,0
4928,390,0
4928,1715,0
4928,2034,0
4928,856,0
4928,485,0
4929,705,1
4929,1449,1
4929,11,1
4929,493,1
4929,2683,1
4929,31,1
4929,2766,0
4929,1124,0
4929,1996,0
4929,2526,0
4929,695,0
4929,1150,0
4929,1999,0
4931,2443,1
4931,1553,1
4931,2712,1
4931,1181,1
4931,2600,1
4931,40,1
4931,2477,1
4931,2619,1
4931,1475,1
4931,466,1
4931,2392,1
4931,1753,1
4931,220,1
4931,2289,1
4931,757,1
4931,1397,1
4931,2682,1
4931,2301,1
4931,1763,0
4931,2676,0
4931,2312,0
4931,1401,0
4931,1393,0
4931,766,0
4931,902,0
4931,1771,0
4931,907,0
4931,2525,0
4931,1922,0
4931,2456,0
4931,2194,0
4931,2567,0
4931,1273,0
4932,960,1
4932,2746,0
4933,805,1
4933,103,1
4933,757,1
4933,2646,1
4933,857,1
4933,946,0
4933,1178,0
4933,2088,0
4933,1702,0
4934,994,1
4934,845,0
4934,2187,0
4934,1278,0
4935,1104,0
4936,1870,1
4936,1725,0
4937,311,1
4937,2620,0
4937,603,0
4937,496,0
4937,1408,0
4937,2324,0
4937,192,0
4937,1964,0
4937,895,0
4938,1346,1
4938,1668,0
4939,964,1
4939,2507,1
4939,1548,1
4939,1421,1
4939,631,1
4939,1171,0
4939,2567,0
4939,818,0
4939,103,0
4939,1355,0
4939,2625,0
4940,585,1
4940,2680,0
4941,2722,1
4941,2653,0
4942,2507,1
4942,2680,0
4943,2058,1
4943,2371,0
4944,1272,1
4944,2373,0
4945,1082,1
4945,1875,1
4945,186,1
4945,674,0
4945,2060,0
4946,520,1
4947,631,1
4948,2154,1
4948,1355,0
4949,1874,1
4950,135,1
4950,455,0
4951,2038,1
4951,2339,0
4952,924,0
4953,1188,1
4953,644,1
4953,1320,1
4953,1255,1
4953,1744,1
4953,2451,1
4953,437,1
4953,671,1
4953,1129,0
4953,1130,0
4953,697,0
4953,2646,0
4953,1511,0
4953,1229,0
4953,1649,0
4953,2174,0
4954,2785,1
4954,79,1
4954,2546,1
4954,2105,1
4954,255,1
4954,453,0
4954,1504,0
4954,2630,0
4954,1758,0
4954,120,0
4955,964,1
4955,1968,1
4955,917,1
4955,1425,0
4955,1930,0
4956,91,1
4957,1114,1
4958,964,1
4958,2443,1
4958,912,1
4958,1397,1
4958,2682,1
4958,1937,0
4958,2114,0
4959,362,0
4959,2046,0
4960,1114,1
4960,765,0
4961,1611,1
4961,1397,1
4962,1090,1
4962,874,1
4962,1583,1
4962,840,0
4962,1231,0
4963,2443,1
4963,2119,1
4963,314,0
4964,913,1
4964,213,1
4964,1756,1
4964,382,0
4964,736,0
4964,596,0
4964,1279,0
4965,1069,1
4965,1023,1
4965,1671,0
4965,2590,0
4966,375,1
4966,1176,0
4967,832,1
4967,2561,1
4967,1754,1
4967,1272,0
4967,2081,0
4967,470,0
4968,255,1
4968,1892,1
4968,518,1
4968,455,1
4968,1353,1
4968,2151,1
4968,266,1
4968,844,1
4968,133,1
4968,400,1
4968,2130,1
4968,2451,1
4968,2243,1
4968,28,1
4968,1931,0
4968,560,0
4968,1011,0
4968,2396,0
4968,822,0
4968,439,0
4968,1323,0
4968,625,0
4968,99,0
4968,182,0
4969,1611,1
4969,221,0
4969,783,0
4970,2310,1
4970,2055,1
4970,2222,1
4970,1488,1
4970,1558,0
4970,1764,0
4970,2369,0
4970,1264,0
4970,1593,0
4970,2766,0
4970,850,0
4971,295,1
4971,1094,1
4971,207,1
4971,369,1
4971,532,1
4971,830,1
4971,72,0
4971,508,0
4971,797,0
4971,2011,0
4971,665,0
4971,1062,0
4971,2179,0
4971,2091,0
4972,1240,1
4972,2023,1
4972,2317,0
4972,1340,0
4973,102,1
4973,1955,0
4974,960,1
4974,1587,0
4975,1047,1
4976,1894,1
4976,2546,1
4976,2404,0
4976,1632,0
4977,31,1
4977,1501,0
4978,924,1
4978,33,0
4979,1072,1
4979,1230,0
4980,1674,0
4981,1315,1
4981,1308,0
4981,119,0
4981,1490,0
4982,610,1
4982,964,1
4982,2630,1
4982,1611,1
4982,466,1
4982,1592,1
4982,2682,1
4982,2175,1
4982,691,0
4982,595,0
4982,2141,0
4982,1169,0
4982,2449,0
4982,1689,0
4983,264,1
4983,1867,1
4983,2320,1
4983,885,1
4983,123,1
4983,1174,0
4983,655,0
4984,964,1
4984,1528,0
4984,1942,0
4985,2546,1
4985,313,1
4985,58,1
4985,539,0
4985,2057,0
4985,670,0
4985,2749,0
4986,2073,1
4986,1511,1
4986,521,0
4986,2190,0
4987,2051,1
4987,2443,1
4987,2475,1
4987,2133,1
4987,273,0
4987,2042,0
4987,1808,0
4987,1407,0
4987,1225,0
4987,541,0
4988,994,1
4988,1320,1
4988,1611,1
4988,912,1
4988,2546,1
4988,966,0
4989,2423,1
4989,365,0
4989,199,0
4990,264,1
4990,1719,0
4990,2591,0
4990,1122,0
4990,2601,0
4990,1270,0
4991,1299,0
4992,32,1
4992,192,0
4993,482,1
4994,677,1
4994,478,1
4994,1804,0
4994,889,0
4994,178,0
4996,343,1
4996,1915,1
4996,1565,1
4996,1734,0
4996,204,0
4998,398,1
