2792	2058
2792	2466
2792	2058
2792	144
2792	667
2792	948
2792	858
2792	2466
2792	2785
2792	1926
2792	1458
2792	1458
2792	2575
2792	758
2792	1458
2792	1728
2792	1458
2792	2741
2792	285
2792	719
2792	2785
2792	2091
2792	1742
2792	1985
2792	2466
2792	2091
2792	2260
2792	864
2792	1896
2792	1611
2792	2785
2792	1742
2792	1789
2792	2319
2792	2507
2792	686
2792	1385
2792	1611
2792	2675
2792	864
2792	2319
2792	943
2792	1742
2792	1985
2792	2058
2792	2632
2792	1930
2792	2395
2792	1566
2793	1611
2793	1611
2792	1458
2792	1566
2792	962
2792	1611
2793	943
2792	970
2792	2224
2793	1985
2793	615
2792	1568
2793	672
2792	1320
2792	10
2793	1045
2793	2785
2793	1183
2793	1840
2792	1985
2793	1566
2793	1458
2793	1840
2793	672
2792	943
2792	1045
2792	501
2792	1568
2793	1840
2793	1840
2793	2755
2793	1131
2793	1840
2793	1566
2793	206
2793	1840
2793	382
2792	177
2793	943
2792	1852
2792	2224
2793	1320
2793	1852
2793	1183
2793	2704
2793	993
2793	2494
2793	2224
2793	382
2793	1427
2793	1206
2793	1427
2793	2224
2793	2091
2793	1611
2793	2466
2793	1427
2793	1427
2792	2133
2793	501
2793	478
2793	224
2793	1930
2793	1455
2793	1567
2793	664
2793	993
2792	478
2793	1427
2793	2133
2793	2575
2793	2731
2792	672
2792	2307
2793	2557
2793	1035
2792	2557
2793	943
2793	1455
2793	2764
2793	2575
2793	2557
2793	609
2793	52
2793	1427
2793	2557
2793	2557
2793	1568
2793	609
2793	2307
2793	2764
2793	382
2793	1427
2793	1427
2793	306
2793	1271
2793	1896
2793	1567
2793	1568
2793	1271
2793	2794
2793	2795
2792	758
2792	1825
2793	1449
2793	2760
2793	1321
2793	1321
2793	2557
2793	1321
2793	2466
2793	1321
2793	2704
2793	1840
2793	206
2793	1320
2793	1320
2793	206
2793	1035
2793	2785
2793	2241
2793	470
2793	2557
2793	904
2793	2241
2793	2241
2793	904
2793	672
2793	1427
2793	948
2792	1725
2793	382
2793	1321
2793	1035
2793	1725
2793	2507
2793	1896
2793	1725
2793	1725
2793	2675
2793	1427
2793	2468
2793	1104
2793	45
2793	1819
2793	1770
2793	1819
2792	45
2793	1559
2793	2466
2793	704
2793	1566
2793	1035
2793	1742
2793	1300
2792	2288
2793	45
2793	704
2793	704
2793	1770
2793	2722
2792	704
2793	1013
2793	1938
2793	501
2793	1611
2793	1840
2793	704
2793	748
2793	1819
2793	1611
2793	1725
2793	1300
2793	1770
2793	1889
2793	1069
2793	682
2793	1855
2793	294
2793	294
2793	354
2793	470
2792	294
2793	1013
2793	989
2793	2215
2793	2380
2793	294
2793	1013
2793	758
2793	2744
2793	1634
2793	2466
2793	63
2793	294
2793	970
2793	294
2793	1855
2793	63
2793	1971
2793	2158
2793	1819
2793	2796
2793	989
2793	2215
2793	1114
2793	1634
2793	989
2793	2367
2793	773
2793	2215
2793	989
2793	1498
2793	2367
2793	1725
2793	10
2793	63
2793	1180
2793	1634
2793	896
2793	683
2793	1168
2793	1168
2793	2367
2793	2557
2793	382
2793	2394
2793	501
2793	2055
2793	1264
2793	1286
2793	1819
2793	758
2793	294
2793	704
2793	1855
2793	1653
2793	1375
2793	1108
2793	115
2793	1889
2793	294
2793	1568
2793	1966
2793	2288
2793	45
2793	382
2793	652
2793	2307
2793	1385
2792	1449
2793	2727
2793	686
2793	2319
2793	2507
2793	501
2793	1896
2793	682
2792	2727
2793	1725
2793	2557
2793	1634
2793	1498
2792	2726
2792	2181
2793	1069
2793	2307
2793	1681
2793	1855
2792	1026
2797	682
2797	2675
2797	896
2793	115
2793	2726
2793	789
2797	2091
2797	947
2792	2013
2797	2557
2797	522
2793	2224
2797	2051
2797	2158
2797	522
2797	1894
2797	1855
2797	800
2793	1825
2793	758
2793	2675
2797	2051
2797	704
2793	2024
2797	522
2797	2051
2797	2367
2797	2727
2797	1480
2797	2158
2793	2051
2797	1889
2792	2215
2797	2307
2797	2466
2797	2051
2797	2727
2797	2051
2797	531
2797	2727
2797	1994
2797	63
2793	2367
2793	2596
2797	1019
2797	1033
2797	1770
2793	125
2793	917
2797	2731
2793	2051
2793	943
2793	2747
2797	63
2797	1387
2793	2675
2797	1387
2797	2420
2793	1069
2797	2612
2797	501
2797	686
2793	2051
2797	704
2797	2051
2792	664
2797	1142
2793	2596
2793	2367
2793	1634
2797	1694
2797	2561
2797	63
2797	2158
2797	2596
2797	115
2797	2726
2797	2184
2793	609
2797	1271
2793	1057
2797	917
2793	1057
2797	1894
2797	522
2793	2215
2797	2754
2797	2046
2797	1019
2797	1033
2797	198
2797	2415
2793	1694
2793	800
2793	2561
2793	664
2793	2557
2793	1527
2792	2340
2797	1320
2797	943
2792	1646
2792	1223
2792	1580
2792	1180
2792	989
2792	1168
2792	683
2797	2666
2797	1711
2797	2605
2797	2763
2797	2415
2797	2596
2793	2666
2797	1902
2797	2589
2797	1387
2797	698
2797	1899
2797	20
2797	1793
2797	2415
2797	1
2797	2589
2797	1330
2797	2395
2797	826
2797	2329
2797	31
2797	1386
2792	31
2797	2637
2797	2637
2797	20
2797	2632
2793	1892
2793	2243
2797	1899
2797	2508
2793	1892
2797	2612
2797	1773
2797	1892
2793	1773
2793	1839
2797	2329
2797	1855
2792	31
2797	1611
2797	31
2797	2624
2797	1405
2797	1724
2797	1679
2797	2763
2797	2103
2797	2561
2797	1892
2793	1773
2793	501
2793	2407
2797	1773
2793	400
2797	8
2797	1018
2797	896
2797	2796
2793	2215
2793	677
2797	320
2797	1330
2797	1892
2793	1892
2793	1985
2793	1033
2793	2046
2797	1012
2797	1216
2797	1773
2797	1611
2797	1216
2797	677
2797	802
2797	1057
2797	2727
2793	1412
2797	1412
2793	638
2793	802
2793	1793
2793	1819
2797	1396
2797	1892
2793	1668
2797	2592
2792	2419
2792	1985
2793	819
2793	62
2793	690
2793	812
2793	1748
2797	1396
2797	1244
2793	1801
2797	1773
2797	812
2797	2123
2797	748
2797	2466
2793	1611
2793	1773
2797	1320
2797	1121
2797	31
2793	2561
2792	2416
2797	989
2797	1607
2797	1611
2797	133
2797	1330
2792	11
2797	943
2797	11
2797	1353
2793	2642
2793	266
2793	1574
2797	1773
2797	517
2797	1892
2797	294
2797	517
2797	2754
2797	1019
2797	2046
2797	198
2797	1531
2797	1985
2797	2307
2797	672
2797	2436
2797	2123
2797	2407
2792	1052
2797	2436
2797	2743
2797	1346
2793	518
2797	936
2797	830
2792	298
2793	1773
2793	802
2793	664
2792	197
2792	2606
2792	1985
2797	496
2797	1773
2797	1892
2793	415
2797	1773
2797	2436
2797	11
2797	2407
2793	1896
2797	1185
2797	1770
2797	830
2797	1611
2797	1306
2793	478
2797	400
2797	2340
2797	9
2792	1718
2797	294
2797	905
2797	1569
2793	1894
2793	2391
2793	415
2797	1607
2797	2584
2793	2407
2797	1877
2797	1933
2797	1656
2797	1271
2797	1568
2797	494
2792	2563
2797	2093
2797	398
2797	748
2793	1933
2793	1892
2797	472
2797	207
2797	977
2797	207
2797	31
2793	2606
2797	398
2793	2073
2793	1511
2793	2277
2797	451
2797	124
2793	2277
2797	1958
2797	2241
2797	1877
2797	207
2797	903
2797	1527
2797	903
2797	1744
2797	1194
2797	1958
2797	994
2797	994
2797	1271
2792	2320
2793	2743
2793	1018
2797	1897
2797	2390
2797	63
2797	2218
2797	1611
2797	2675
2797	207
2797	79
2797	1773
2797	2544
2797	2466
2797	1870
2797	207
2792	1105
2797	2289
2797	81
2797	517
2792	2494
2792	1945
2792	2229
2792	2053
2792	1611
2792	1607
2792	47
2792	177
2792	2170
2797	11
2797	496
2797	830
2793	207
2793	2612
2797	830
2797	1200
2793	1669
2793	1511
2793	2073
2797	207
2797	1321
2797	994
2797	1845
2797	207
2793	496
2797	1933
2793	994
2793	141
2792	1201
2797	2466
2797	1717
2793	1840
2797	830
2797	2053
2797	2024
2797	1896
2797	2320
2797	346
2797	97
2797	1385
2797	2507
2797	2130
2797	2170
2797	133
2797	1330
2797	4
2793	88
2793	1330
2797	758
2797	1568
2797	1725
2797	2158
2797	88
2797	494
2793	1809
2793	2785
2793	1320
2793	520
2797	994
2797	1845
2797	698
2797	398
2797	1201
2797	2595
2797	493
2797	2561
2797	4
2797	133
2797	677
2797	2507
2797	1852
2797	2619
2797	1412
2797	994
2793	1569
2793	477
2797	79
2797	2390
2797	1897
2797	1540
2797	207
2793	1801
2793	1216
2793	115
2797	1877
2792	320
2792	10
2793	1296
2793	88
2793	2229
2793	294
2793	494
2797	1129
2797	812
2793	2016
2797	62
2797	682
2793	1967
2793	858
2797	830
2793	47
2793	625
2797	2047
2793	1892
2797	1892
2797	2215
2793	1611
2797	989
2797	1892
2797	11
2793	494
2793	994
2797	2632
2797	2170
2797	1686
2793	1877
2797	1892
2793	1360
2797	1930
2797	2048
2793	1033
2793	1271
2793	2619
2797	1656
2797	207
2797	704
2797	2170
2792	285
2793	1320
2797	2058
2797	1271
2797	517
2797	1101
2797	1569
2797	1412
2797	896
2797	1899
2797	2596
2797	2666
2797	294
2797	989
2793	115
2797	683
2797	1569
2797	489
2797	352
2797	2252
2058	2792
2466	2792
2058	2792
144	2792
667	2792
948	2792
858	2792
2466	2792
2785	2792
1926	2792
1458	2792
1458	2792
2575	2792
758	2792
1458	2792
1728	2792
1458	2792
2741	2792
285	2792
719	2792
2785	2792
2091	2792
1742	2792
1985	2792
2466	2792
2091	2792
2260	2792
864	2792
1896	2792
1611	2792
2785	2792
1742	2792
1789	2792
2319	2792
2507	2792
686	2792
1385	2792
1611	2792
2675	2792
864	2792
2319	2792
943	2792
1742	2792
1985	2792
2058	2792
2632	2792
1930	2792
2395	2792
1566	2792
1611	2793
1611	2793
1458	2792
1566	2792
962	2792
1611	2792
943	2793
970	2792
2224	2792
1985	2793
615	2793
1568	2792
672	2793
1320	2792
10	2792
1045	2793
2785	2793
1183	2793
1840	2793
1985	2792
1566	2793
1458	2793
1840	2793
672	2793
943	2792
1045	2792
501	2792
1568	2792
1840	2793
1840	2793
2755	2793
1131	2793
1840	2793
1566	2793
206	2793
1840	2793
382	2793
177	2792
943	2793
1852	2792
2224	2792
1320	2793
1852	2793
1183	2793
2704	2793
993	2793
2494	2793
2224	2793
382	2793
1427	2793
1206	2793
1427	2793
2224	2793
2091	2793
1611	2793
2466	2793
1427	2793
1427	2793
2133	2792
501	2793
478	2793
224	2793
1930	2793
1455	2793
1567	2793
664	2793
993	2793
478	2792
1427	2793
2133	2793
2575	2793
2731	2793
672	2792
2307	2792
2557	2793
1035	2793
2557	2792
943	2793
1455	2793
2764	2793
2575	2793
2557	2793
609	2793
52	2793
1427	2793
2557	2793
2557	2793
1568	2793
609	2793
2307	2793
2764	2793
382	2793
1427	2793
1427	2793
306	2793
1271	2793
1896	2793
1567	2793
1568	2793
1271	2793
2794	2793
2795	2793
758	2792
1825	2792
1449	2793
2760	2793
1321	2793
1321	2793
2557	2793
1321	2793
2466	2793
1321	2793
2704	2793
1840	2793
206	2793
1320	2793
1320	2793
206	2793
1035	2793
2785	2793
2241	2793
470	2793
2557	2793
904	2793
2241	2793
2241	2793
904	2793
672	2793
1427	2793
948	2793
1725	2792
382	2793
1321	2793
1035	2793
1725	2793
2507	2793
1896	2793
1725	2793
1725	2793
2675	2793
1427	2793
2468	2793
1104	2793
45	2793
1819	2793
1770	2793
1819	2793
45	2792
1559	2793
2466	2793
704	2793
1566	2793
1035	2793
1742	2793
1300	2793
2288	2792
45	2793
704	2793
704	2793
1770	2793
2722	2793
704	2792
1013	2793
1938	2793
501	2793
1611	2793
1840	2793
704	2793
748	2793
1819	2793
1611	2793
1725	2793
1300	2793
1770	2793
1889	2793
1069	2793
682	2793
1855	2793
294	2793
294	2793
354	2793
470	2793
294	2792
1013	2793
989	2793
2215	2793
2380	2793
294	2793
1013	2793
758	2793
2744	2793
1634	2793
2466	2793
63	2793
294	2793
970	2793
294	2793
1855	2793
63	2793
1971	2793
2158	2793
1819	2793
2796	2793
989	2793
2215	2793
1114	2793
1634	2793
989	2793
2367	2793
773	2793
2215	2793
989	2793
1498	2793
2367	2793
1725	2793
10	2793
63	2793
1180	2793
1634	2793
896	2793
683	2793
1168	2793
1168	2793
2367	2793
2557	2793
382	2793
2394	2793
501	2793
2055	2793
1264	2793
1286	2793
1819	2793
758	2793
294	2793
704	2793
1855	2793
1653	2793
1375	2793
1108	2793
115	2793
1889	2793
294	2793
1568	2793
1966	2793
2288	2793
45	2793
382	2793
652	2793
2307	2793
1385	2793
1449	2792
2727	2793
686	2793
2319	2793
2507	2793
501	2793
1896	2793
682	2793
2727	2792
1725	2793
2557	2793
1634	2793
1498	2793
2726	2792
2181	2792
1069	2793
2307	2793
1681	2793
1855	2793
1026	2792
682	2797
2675	2797
896	2797
115	2793
2726	2793
789	2793
2091	2797
947	2797
2013	2792
2557	2797
522	2797
2224	2793
2051	2797
2158	2797
522	2797
1894	2797
1855	2797
800	2797
1825	2793
758	2793
2675	2793
2051	2797
704	2797
2024	2793
522	2797
2051	2797
2367	2797
2727	2797
1480	2797
2158	2797
2051	2793
1889	2797
2215	2792
2307	2797
2466	2797
2051	2797
2727	2797
2051	2797
531	2797
2727	2797
1994	2797
63	2797
2367	2793
2596	2793
1019	2797
1033	2797
1770	2797
125	2793
917	2793
2731	2797
2051	2793
943	2793
2747	2793
63	2797
1387	2797
2675	2793
1387	2797
2420	2797
1069	2793
2612	2797
501	2797
686	2797
2051	2793
704	2797
2051	2797
664	2792
1142	2797
2596	2793
2367	2793
1634	2793
1694	2797
2561	2797
63	2797
2158	2797
2596	2797
115	2797
2726	2797
2184	2797
609	2793
1271	2797
1057	2793
917	2797
1057	2793
1894	2797
522	2797
2215	2793
2754	2797
2046	2797
1019	2797
1033	2797
198	2797
2415	2797
1694	2793
800	2793
2561	2793
664	2793
2557	2793
1527	2793
2340	2792
1320	2797
943	2797
1646	2792
1223	2792
1580	2792
1180	2792
989	2792
1168	2792
683	2792
2666	2797
1711	2797
2605	2797
2763	2797
2415	2797
2596	2797
2666	2793
1902	2797
2589	2797
1387	2797
698	2797
1899	2797
20	2797
1793	2797
2415	2797
1	2797
2589	2797
1330	2797
2395	2797
826	2797
2329	2797
31	2797
1386	2797
31	2792
2637	2797
2637	2797
20	2797
2632	2797
1892	2793
2243	2793
1899	2797
2508	2797
1892	2793
2612	2797
1773	2797
1892	2797
1773	2793
1839	2793
2329	2797
1855	2797
31	2792
1611	2797
31	2797
2624	2797
1405	2797
1724	2797
1679	2797
2763	2797
2103	2797
2561	2797
1892	2797
1773	2793
501	2793
2407	2793
1773	2797
400	2793
8	2797
1018	2797
896	2797
2796	2797
2215	2793
677	2793
320	2797
1330	2797
1892	2797
1892	2793
1985	2793
1033	2793
2046	2793
1012	2797
1216	2797
1773	2797
1611	2797
1216	2797
677	2797
802	2797
1057	2797
2727	2797
1412	2793
1412	2797
638	2793
802	2793
1793	2793
1819	2793
1396	2797
1892	2797
1668	2793
2592	2797
2419	2792
1985	2792
819	2793
62	2793
690	2793
812	2793
1748	2793
1396	2797
1244	2797
1801	2793
1773	2797
812	2797
2123	2797
748	2797
2466	2797
1611	2793
1773	2793
1320	2797
1121	2797
31	2797
2561	2793
2416	2792
989	2797
1607	2797
1611	2797
133	2797
1330	2797
11	2792
943	2797
11	2797
1353	2797
2642	2793
266	2793
1574	2793
1773	2797
517	2797
1892	2797
294	2797
517	2797
2754	2797
1019	2797
2046	2797
198	2797
1531	2797
1985	2797
2307	2797
672	2797
2436	2797
2123	2797
2407	2797
1052	2792
2436	2797
2743	2797
1346	2797
518	2793
936	2797
830	2797
298	2792
1773	2793
802	2793
664	2793
197	2792
2606	2792
1985	2792
496	2797
1773	2797
1892	2797
415	2793
1773	2797
2436	2797
11	2797
2407	2797
1896	2793
1185	2797
1770	2797
830	2797
1611	2797
1306	2797
478	2793
400	2797
2340	2797
9	2797
1718	2792
294	2797
905	2797
1569	2797
1894	2793
2391	2793
415	2793
1607	2797
2584	2797
2407	2793
1877	2797
1933	2797
1656	2797
1271	2797
1568	2797
494	2797
2563	2792
2093	2797
398	2797
748	2797
1933	2793
1892	2793
472	2797
207	2797
977	2797
207	2797
31	2797
2606	2793
398	2797
2073	2793
1511	2793
2277	2793
451	2797
124	2797
2277	2793
1958	2797
2241	2797
1877	2797
207	2797
903	2797
1527	2797
903	2797
1744	2797
1194	2797
1958	2797
994	2797
994	2797
1271	2797
2320	2792
2743	2793
1018	2793
1897	2797
2390	2797
63	2797
2218	2797
1611	2797
2675	2797
207	2797
79	2797
1773	2797
2544	2797
2466	2797
1870	2797
207	2797
1105	2792
2289	2797
81	2797
517	2797
2494	2792
1945	2792
2229	2792
2053	2792
1611	2792
1607	2792
47	2792
177	2792
2170	2792
11	2797
496	2797
830	2797
207	2793
2612	2793
830	2797
1200	2797
1669	2793
1511	2793
2073	2793
207	2797
1321	2797
994	2797
1845	2797
207	2797
496	2793
1933	2797
994	2793
141	2793
1201	2792
2466	2797
1717	2797
1840	2793
830	2797
2053	2797
2024	2797
1896	2797
2320	2797
346	2797
97	2797
1385	2797
2507	2797
2130	2797
2170	2797
133	2797
1330	2797
4	2797
88	2793
1330	2793
758	2797
1568	2797
1725	2797
2158	2797
88	2797
494	2797
1809	2793
2785	2793
1320	2793
520	2793
994	2797
1845	2797
698	2797
398	2797
1201	2797
2595	2797
493	2797
2561	2797
4	2797
133	2797
677	2797
2507	2797
1852	2797
2619	2797
1412	2797
994	2797
1569	2793
477	2793
79	2797
2390	2797
1897	2797
1540	2797
207	2797
1801	2793
1216	2793
115	2793
1877	2797
320	2792
10	2792
1296	2793
88	2793
2229	2793
294	2793
494	2793
1129	2797
812	2797
2016	2793
62	2797
682	2797
1967	2793
858	2793
830	2797
47	2793
625	2793
2047	2797
1892	2793
1892	2797
2215	2797
1611	2793
989	2797
1892	2797
11	2797
494	2793
994	2793
2632	2797
2170	2797
1686	2797
1877	2793
1892	2797
1360	2793
1930	2797
2048	2797
1033	2793
1271	2793
2619	2793
1656	2797
207	2797
704	2797
2170	2797
285	2792
1320	2793
2058	2797
1271	2797
517	2797
1101	2797
1569	2797
1412	2797
896	2797
1899	2797
2596	2797
2666	2797
294	2797
989	2797
115	2793
683	2797
1569	2797
489	2797
352	2797
2252	2797
2792	2466
2792	853
2792	1099
2792	1028
2792	109
2792	1743
2792	499
2792	2202
2792	1262
2792	2276
2792	2387
2792	438
2792	76
2792	571
2792	2616
2792	1024
2792	2245
2792	1557
2792	784
2792	755
2792	915
2792	2001
2792	859
2792	2590
2792	571
2792	884
2792	1602
2792	368
2792	263
2792	2472
2792	667
2792	1743
2792	667
2792	785
2792	2245
2792	667
2792	2643
2792	211
2792	6
2792	1530
2792	615
2792	667
2792	2304
2792	2175
2792	2758
2792	2058
2792	948
2792	2058
2792	499
2792	667
2792	615
2792	948
2792	1776
2792	2188
2792	497
2792	257
2792	2188
2792	1979
2792	802
2792	1966
2792	782
2792	884
2792	858
2792	2632
2792	2083
2792	162
2792	2598
2792	1463
2792	1186
2792	1878
2792	1286
2792	667
2792	49
2792	52
2792	2001
2792	1423
2792	297
2792	964
2792	2395
2792	2632
2792	964
2792	1286
2792	2755
2792	2175
2792	734
2792	705
2792	91
2792	2546
2792	785
2792	912
2792	2154
2792	418
2792	901
2792	40
2792	205
2792	553
2792	2460
2792	1286
2792	1358
2792	1567
2792	2282
2792	2626
2792	2574
2792	1047
2792	205
2792	1099
2792	529
2792	822
2792	1920
2792	2574
2792	796
2792	1099
2792	822
2792	1099
2792	1920
2792	1727
2792	443
2792	667
2792	1336
2792	2686
2792	1537
2792	1028
2792	201
2792	2175
2792	1803
2792	1929
2792	814
2792	708
2792	2442
2792	2176
2792	796
2792	1727
2792	1099
2792	1039
2792	2085
2792	1803
2792	2739
2792	2766
2792	881
2792	1048
2792	2493
2792	1286
2792	2288
2792	1979
2792	748
2792	1803
2792	2223
2792	524
2792	1047
2792	1979
2792	2739
2792	1606
2792	2739
2792	787
2792	2346
2792	601
2792	1564
2792	30
2792	2683
2792	2739
2792	2755
2792	2245
2792	1449
2792	1458
2792	1537
2792	1184
2792	459
2792	228
2792	2510
2792	31
2792	662
2792	2682
2792	884
2792	937
2792	2175
2792	2113
2792	1984
2792	1076
2792	1077
2792	2333
2792	1387
2792	1056
2792	22
2792	2254
2792	1833
2792	720
2792	2468
2792	459
2792	2463
2792	2546
2792	785
2792	363
2792	473
2792	964
2792	278
2792	25
2792	1206
2792	2785
2792	2240
2792	1003
2792	1488
2792	1803
2792	1629
2792	2217
2792	2268
2792	2720
2792	227
2792	1286
2792	2161
2792	1803
2792	1743
2792	912
2792	459
2792	1515
2792	1653
2792	1985
2792	2744
2792	1099
2792	935
2792	2568
2792	2224
2792	2466
2792	1053
2792	2682
2792	2626
2792	1470
2792	2331
2792	1644
2792	2720
2792	2443
2792	382
2792	989
2792	2785
2792	1702
2792	2692
2792	2154
2792	501
2792	1013
2792	2705
2792	2697
2792	1240
2792	2036
2792	2682
2792	2546
2792	2087
2792	736
2792	1339
2792	1288
2792	708
2792	2363
2792	246
2792	1930
2792	1997
2792	2718
2792	1640
2792	1589
2792	1076
2792	294
2792	261
2792	1056
2792	2312
2792	2365
2792	2443
2792	2720
2792	178
2792	2268
2792	2217
2792	2091
2792	1449
2792	1783
2792	298
2792	1829
2792	1742
2792	2576
2792	1175
2792	2041
2792	40
2792	1020
2792	382
2792	816
2792	1984
2792	1467
2792	1046
2792	1663
2792	2167
2792	1653
2792	201
2792	1892
2792	1833
2792	1246
2792	2546
2792	2682
2792	1663
2792	1726
2792	2168
2792	2023
2792	1427
2792	259
2792	2260
2792	690
2792	2494
2792	1152
2792	748
2792	2559
2792	1431
2792	1114
2792	403
2792	1145
2792	1658
2792	2520
2792	1782
2792	1191
2792	935
2792	2091
2792	1568
2792	281
2792	1611
2792	1566
2792	2518
2792	1537
2792	2705
2792	3
2792	2443
2792	1286
2792	1728
2792	864
2792	2307
2792	767
2792	1603
2792	1696
2792	2539
2792	665
2792	919
2792	1960
2792	2058
2792	1940
2792	1235
2792	864
2792	1773
2792	767
2792	9
2792	1725
2793	1320
2793	1320
2793	1611
2793	758
2793	748
2793	2285
2793	1611
2793	295
2793	609
2793	1320
2792	1821
2792	1047
2792	1449
2793	508
2793	22
2793	1566
2793	612
2793	1611
2793	224
2793	294
2793	501
2793	1611
2793	1320
2793	748
2793	1427
2793	413
2792	1654
2793	2051
2793	2523
2793	2307
2793	2443
2793	1397
2793	631
2793	2495
2793	748
2793	1966
2793	336
2793	1611
2793	2407
2793	748
2793	1427
2793	625
2792	878
2793	3
2793	276
2793	2217
2793	406
2793	1112
2793	1237
2793	705
2793	443
2793	1427
2793	1840
2793	2785
2793	267
2793	837
2793	1840
2793	974
2793	1603
2793	2557
2793	464
2793	748
2792	1981
2793	2154
2793	2594
2793	2744
2793	2121
2793	301
2793	2036
2793	2175
2793	575
2793	745
2793	347
2793	758
2793	1825
2793	2257
2793	471
2793	484
2793	1255
2793	2764
2793	1427
2793	1892
2793	2722
2793	1894
2793	367
2792	2560
2792	1796
2792	2512
2793	2557
2793	2268
2793	1240
2793	2443
2793	964
2793	812
2793	1935
2793	936
2793	1526
2793	703
2793	181
2793	131
2793	1427
2793	10
2793	8
2793	294
2793	567
2793	1488
2793	924
2793	1912
2793	333
2793	933
2793	933
2793	2600
2793	655
2793	424
2793	748
2793	1611
2793	2426
2793	63
2793	153
2793	2426
2793	1128
2793	1756
2792	2546
2793	1051
2793	1576
2793	1611
2793	912
2793	654
2793	283
2793	1339
2793	2568
2793	612
2793	508
2793	347
2793	224
2793	1930
2793	1328
2793	1742
2793	7
2793	1047
2793	2458
2793	248
2793	2494
2793	575
2793	144
2793	347
2793	1451
2793	2133
2793	470
2792	640
2792	844
2792	1984
2792	1941
2792	1061
2792	2531
2793	392
2792	1594
2792	205
2792	492
2792	1567
2792	1766
2793	2133
2793	2443
2793	52
2793	516
2793	1255
2793	1893
2793	726
2793	1467
2793	1681
2793	1967
2793	989
2793	1146
2793	1653
2793	758
2793	1825
2793	1142
2793	1271
2793	343
2793	748
2793	2217
2793	2268
2793	609
2793	575
2793	2113
2793	878
2793	1840
2793	1458
2793	1051
2793	1449
2793	1271
2793	413
2793	188
2793	1009
2793	290
2793	2340
2793	664
2793	2557
2793	970
2793	615
2793	1449
2793	1692
2793	2098
2793	478
2793	1611
2793	1400
2793	572
2793	492
2793	35
2793	878
2793	1290
2793	382
2793	758
2793	2461
2793	2562
2793	2416
2793	281
2793	297
2793	2493
2793	2426
2793	1686
2793	2785
2793	2307
2793	2764
2793	672
2793	2523
2793	1892
2793	1164
2793	1973
2793	384
2793	2557
2793	2133
2793	1611
2793	1146
2793	1924
2793	1444
2793	2224
2793	37
2793	2739
2793	804
2793	2059
2793	1840
2793	628
2793	2443
2793	1290
2793	748
2793	726
2793	1427
2793	804
2793	2087
2793	2227
2793	1629
2793	1966
2793	470
2793	912
2793	129
2793	2215
2793	719
2793	2568
2793	1237
2793	2369
2793	1576
2793	972
2793	747
2793	2308
2793	864
2793	2485
2793	1035
2793	1903
2793	2268
2793	2257
2793	1088
2793	1427
2793	269
2792	619
2793	2217
2793	2268
2793	2268
2793	2227
2793	863
2793	131
2793	2271
2793	632
2793	2601
2793	933
2793	343
2793	2568
2793	1013
2793	1618
2793	1565
2793	1271
2793	1131
2793	2047
2793	1033
2793	1773
2793	2704
2793	575
2793	2215
2793	1896
2793	1385
2793	2217
2793	2611
2793	748
2793	2340
2793	354
2793	726
2793	2611
2793	1925
2793	181
2793	2675
2793	284
2793	2039
2793	632
2793	2783
2793	1145
2793	1855
2793	626
2793	133
2793	1773
2793	1077
2793	2159
2793	2624
2792	2333
2792	1367
2792	2442
2792	531
2792	1867
2793	2009
2793	1061
2793	9
2793	2683
2793	1663
2793	2601
2793	2135
2793	1726
2793	938
2793	4
2792	993
2792	2500
2792	781
2792	2798
2792	1574
2793	1728
2793	1932
2793	832
2793	1697
2793	2209
2793	1762
2793	800
2793	1663
2793	1509
2793	656
2793	2759
2793	244
2793	478
2793	2683
2793	2675
2793	2785
2793	857
2793	2744
2793	987
2793	748
2793	2594
2793	2385
2793	1320
2793	1271
2793	3
2793	784
2793	2755
2793	501
2793	261
2793	508
2793	1981
2793	2378
2792	2217
2793	2340
2793	416
2793	2443
2793	1424
2793	2
2793	1966
2793	1142
2793	1427
2793	748
2793	4
2793	1097
2793	1603
2793	2098
2793	1264
2793	528
2793	1877
2793	1979
2793	459
2793	115
2793	2443
2793	1033
2793	1026
2793	2523
2793	1352
2793	1524
2793	1930
2793	1038
2793	787
2793	1636
2793	2772
2793	1637
2793	2330
2793	1320
2793	1787
2793	1271
2793	2268
2793	1812
2792	987
2793	1367
2793	1300
2793	1346
2793	1894
2793	1069
2793	672
2793	1147
2793	1013
2793	585
2793	470
2792	2340
2793	38
2793	2675
2793	185
2793	2279
2793	23
2793	1725
2793	758
2793	1168
2793	1096
2793	2648
2793	2633
2793	1196
2793	2754
2793	2046
2793	1914
2793	1410
2793	449
2793	585
2793	2450
2793	1570
2793	1264
2793	682
2793	757
2793	2224
2793	1855
2793	1096
2793	1892
2793	41
2793	832
2793	1147
2793	1449
2793	2722
2793	2113
2793	821
2793	524
2793	571
2793	1500
2793	2611
2793	1855
2793	986
2793	23
2793	294
2793	1367
2793	1271
2793	1145
2793	989
2793	1946
2793	748
2793	2088
2793	2134
2793	2439
2793	2737
2793	400
2793	58
2793	2468
2793	758
2793	1825
2793	508
2793	2781
2793	1381
2793	1320
2793	2113
2793	2340
2793	1480
2793	832
2793	1930
2793	1840
2793	2728
2793	2510
2793	522
2793	1097
2793	1985
2793	2783
2793	2675
2793	1773
2793	1631
2793	1168
2793	683
2793	1498
2793	1938
2793	1427
2793	2485
2793	1286
2793	748
2793	131
2793	630
2793	2215
2793	1387
2792	857
2793	294
2793	1790
2793	485
2793	2591
2793	1896
2793	686
2793	2507
2793	2319
2793	1385
2793	1009
2793	2232
2793	2562
2793	654
2793	1145
2793	1559
2793	837
2793	1652
2793	748
2793	2070
2793	326
2793	275
2793	2443
2793	2728
2793	2154
2793	2443
2793	2494
2793	1855
2793	1465
2793	1743
2793	109
2793	169
2793	377
2793	2200
2793	2128
2793	1764
2793	1848
2792	2726
2792	682
2792	2772
2792	1185
2792	1770
2792	2624
2792	1012
2793	585
2793	1034
2793	352
2793	1480
2793	295
2793	1294
2792	1009
2793	1208
2793	2483
2793	774
2793	666
2793	170
2793	1907
2793	748
2793	680
2793	2181
2793	42
2793	748
2792	1750
2792	115
2792	2727
2792	2772
2792	682
2792	1889
2793	2215
2793	1819
2793	704
2793	45
2793	1286
2793	305
2793	306
2793	625
2793	1172
2793	2340
2793	1114
2793	450
2793	597
2793	2722
2793	305
2793	1842
2793	2039
2793	239
2793	1611
2793	1033
2793	2596
2793	2367
2793	1634
2793	1889
2793	261
2793	1069
2793	2594
2793	1699
2793	183
2793	2154
2797	1661
2797	682
2797	683
2797	1168
2797	989
2797	2772
2797	1033
2797	1180
2797	125
2797	2726
2797	2128
2797	2675
2797	1770
2797	748
2797	2560
2797	789
2797	125
2797	1580
2797	2427
2797	131
2797	1891
2797	522
2793	1542
2793	1922
2793	889
2793	789
2793	1646
2793	1637
2793	734
2797	2324
2797	255
2797	59
2797	3
2797	2755
2797	748
2797	2675
2797	567
2792	347
2797	2241
2797	1960
2797	2213
2797	2154
2797	305
2797	2135
2797	7
2797	2764
2797	658
2797	1009
2797	2590
2797	704
2797	4
2797	1387
2797	30
2797	1009
2797	844
2797	367
2797	522
2797	450
2797	131
2797	784
2797	579
2797	889
2797	1168
2797	2596
2797	1664
2797	1170
2797	1894
2797	2783
2797	1271
2797	148
2797	367
2797	1099
2797	800
2797	301
2797	1663
2797	968
2797	1387
2797	413
2797	413
2797	1922
2797	2088
2797	2185
2797	1250
2797	2175
2797	1537
2797	2008
2792	1707
2792	1943
2792	2444
2792	1737
2792	1571
2792	2317
2797	2274
2792	2051
2792	643
2792	2097
2792	1165
2792	2681
2792	1629
2792	822
2793	309
2793	1737
2793	1571
2793	1342
2793	721
2793	329
2793	2274
2793	584
2793	2403
2793	115
2793	1180
2793	989
2793	1938
2793	1185
2793	2091
2793	1971
2793	2675
2793	185
2797	2722
2797	1183
2797	1611
2797	1943
2797	1019
2797	1387
2793	2724
2797	1250
2797	1696
2797	732
2797	1536
2797	2512
2797	587
2797	2439
2797	1544
2797	2051
2797	1967
2797	917
2797	1725
2797	8
2797	800
2797	989
2797	683
2797	2772
2797	562
2797	1185
2797	1770
2797	1012
2797	667
2797	2128
2797	989
2793	1686
2793	1000
2797	2744
2797	800
2797	1123
2797	672
2797	2764
2797	2128
2792	587
2792	1345
2792	1839
2792	1177
2792	1216
2797	1069
2797	2692
2797	309
2797	719
2797	10
2797	1902
2797	1957
2797	352
2797	1513
2797	2444
2793	2443
2797	904
2797	1986
2792	2222
2792	1271
2793	1057
2797	2192
2797	1902
2797	1957
2797	1300
2797	800
2797	354
2797	2415
2797	2
2797	1686
2797	1941
2797	704
2797	45
2797	20
2797	1855
2797	968
2797	810
2797	2051
2792	1427
2792	2304
2792	1725
2792	1185
2792	2755
2797	1837
2797	2154
2797	2763
2797	1968
2793	452
2793	310
2793	2566
2793	1593
2793	2652
2797	2764
2797	1097
2797	1113
2797	2596
2797	294
2797	1725
2797	1123
2797	2134
2797	2504
2797	30
2797	2118
2797	522
2797	720
2797	2134
2797	626
2797	1528
2797	1743
2797	2307
2797	2406
2797	1656
2797	2232
2797	934
2793	1164
2793	95
2793	837
2793	1826
2793	1281
2793	1183
2793	2093
2793	4
2793	2439
2793	802
2797	2093
2797	2180
2797	2492
2797	1427
2797	2091
2797	1840
2797	522
2797	989
2797	373
2797	1833
2797	1524
2797	601
2797	1768
2797	1513
2797	9
2797	2624
2797	1579
2797	1330
2797	758
2797	748
2797	1966
2797	413
2797	748
2797	1966
2797	2594
2792	1427
2797	688
2797	2302
2797	2119
2797	901
2797	1182
2797	2589
2797	1386
2792	248
2793	720
2793	2644
2793	1240
2793	1663
2793	800
2793	371
2793	164
2793	2103
2793	1667
2793	117
2793	1815
2793	2418
2797	1593
2797	310
2797	1330
2797	1611
2797	91
2797	2329
2797	9
2797	313
2797	1804
2797	2158
2797	2722
2797	800
2797	1894
2793	1656
2793	366
2793	11
2793	496
2797	1966
2793	2093
2793	508
2793	74
2793	913
2793	1833
2797	1867
2797	478
2797	9
2797	868
2797	1892
2797	1085
2797	486
2797	1611
2797	1656
2797	802
2792	31
2797	1191
2797	294
2797	1773
2797	2407
2797	74
2797	2404
2797	1123
2797	2216
2797	2653
2797	2340
2797	516
2797	2288
2797	2302
2797	1022
2797	1420
2797	571
2797	382
2797	802
2797	1892
2797	255
2797	2163
2797	31
2797	1826
2797	2653
2797	124
2797	81
2797	1615
2797	2594
2797	1455
2797	1208
2797	1892
2797	700
2797	2783
2797	1770
2797	2653
2797	2162
2797	1427
2797	1240
2797	1663
2797	2683
2797	1855
2797	1894
2797	31
2797	2158
2797	1611
2797	748
2797	758
2797	987
2797	2546
2792	1286
2797	2243
2797	700
2797	2443
2797	1725
2797	1855
2797	2705
2797	677
2797	1892
2797	913
2797	672
2797	1240
2797	58
2797	371
2797	1585
2797	20
2797	1764
2797	347
2797	2764
2793	400
2793	1646
2793	1793
2793	1342
2793	276
2793	371
2793	502
2793	1278
2793	248
2797	2162
2797	141
2797	1033
2797	1724
2797	2763
2797	2716
2797	1770
2797	1292
2797	726
2797	2496
2797	1860
2797	2128
2797	1240
2797	2154
2797	2692
2797	989
2797	1168
2797	1180
2797	2798
2797	2128
2797	2268
2797	1045
2797	2103
2797	371
2797	502
2797	755
2797	1412
2797	1877
2797	624
2797	1126
2797	9
2797	748
2797	1289
2797	2232
2797	89
2797	802
2797	800
2797	1069
2797	320
2797	2798
2797	767
2797	758
2797	1892
2797	1085
2797	2340
2797	1480
2797	2288
2797	2625
2792	2444
2797	2789
2797	1778
2797	185
2797	1559
2797	450
2797	2367
2797	989
2797	905
2797	1027
2797	2692
2797	2215
2797	2098
2797	640
2797	2217
2797	2705
2797	865
2797	642
2797	2215
2797	1333
2797	1442
2797	1968
2792	2710
2792	2341
2792	394
2792	2445
2792	1298
2792	2173
2792	1968
2792	125
2792	917
2792	1812
2792	502
2792	371
2792	771
2792	924
2792	1947
2792	743
2792	1701
2792	2156
2792	2140
2792	1256
2792	1293
2792	488
2792	1678
2792	2185
2792	2625
2792	1542
2792	789
2792	1922
2792	889
2792	2521
2792	2747
2792	519
2792	1671
2792	772
2792	1147
2793	2022
2793	1699
2793	1957
2793	2192
2793	1513
2797	2135
2797	2737
2797	1926
2797	1537
2797	1984
2797	1892
2797	517
2797	2590
2797	1082
2797	295
2797	2692
2797	2666
2797	2024
2797	748
2797	1271
2797	2055
2797	1877
2797	1412
2797	1892
2797	294
2797	2560
2797	1877
2792	1412
2792	1877
2792	2265
2792	2590
2792	68
2792	843
2793	1346
2793	2722
2793	424
2792	755
2792	2288
2792	1979
2792	615
2792	919
2792	665
2792	2539
2792	1951
2792	530
2797	1877
2797	294
2797	802
2797	1926
2797	2612
2797	2653
2797	975
2797	141
2797	1097
2797	294
2797	4
2793	1143
2793	762
2797	812
2797	2625
2793	2486
2797	1346
2797	1877
2792	819
2792	1057
2797	2637
2797	1126
2797	748
2797	2355
2797	323
2797	1718
2797	1724
2797	1019
2797	198
2797	720
2797	2486
2797	612
2797	2523
2797	2421
2797	2407
2797	1656
2797	2304
2797	1926
2793	2272
2797	294
2792	1026
2792	1931
2797	2134
2797	2772
2797	800
2797	1902
2797	2691
2797	658
2797	973
2797	1853
2797	294
2797	812
2797	1892
2797	424
2797	2722
2797	1346
2797	2523
2797	2486
2797	2268
2797	2217
2797	800
2797	2683
2797	272
2797	1760
2797	1631
2797	1262
2797	215
2797	2485
2797	2683
2797	800
2797	1773
2797	1926
2797	1877
2797	31
2797	31
2797	1877
2797	1773
2797	2683
2797	1594
2797	141
2797	2224
2797	1686
2797	266
2797	133
2797	746
2797	1892
2797	843
2797	1808
2797	570
2797	544
2797	251
2797	1592
2797	1084
2792	496
2792	11
2792	945
2792	366
2792	1656
2797	424
2797	1768
2466	2792
853	2792
1099	2792
1028	2792
109	2792
1743	2792
499	2792
2202	2792
1262	2792
2276	2792
2387	2792
438	2792
76	2792
571	2792
2616	2792
1024	2792
2245	2792
1557	2792
784	2792
755	2792
915	2792
2001	2792
859	2792
2590	2792
571	2792
884	2792
1602	2792
368	2792
263	2792
2472	2792
667	2792
1743	2792
667	2792
785	2792
2245	2792
667	2792
2643	2792
211	2792
6	2792
1530	2792
615	2792
667	2792
2304	2792
2175	2792
2758	2792
2058	2792
948	2792
2058	2792
499	2792
667	2792
615	2792
948	2792
1776	2792
2188	2792
497	2792
257	2792
2188	2792
1979	2792
802	2792
1966	2792
782	2792
884	2792
858	2792
2632	2792
2083	2792
162	2792
2598	2792
1463	2792
1186	2792
1878	2792
1286	2792
667	2792
49	2792
52	2792
2001	2792
1423	2792
297	2792
964	2792
2395	2792
2632	2792
964	2792
1286	2792
2755	2792
2175	2792
734	2792
705	2792
91	2792
2546	2792
785	2792
912	2792
2154	2792
418	2792
901	2792
40	2792
205	2792
553	2792
2460	2792
1286	2792
1358	2792
1567	2792
2282	2792
2626	2792
2574	2792
1047	2792
205	2792
1099	2792
529	2792
822	2792
1920	2792
2574	2792
796	2792
1099	2792
822	2792
1099	2792
1920	2792
1727	2792
443	2792
667	2792
1336	2792
2686	2792
1537	2792
1028	2792
201	2792
2175	2792
1803	2792
1929	2792
814	2792
708	2792
2442	2792
2176	2792
796	2792
1727	2792
1099	2792
1039	2792
2085	2792
1803	2792
2739	2792
2766	2792
881	2792
1048	2792
2493	2792
1286	2792
2288	2792
1979	2792
748	2792
1803	2792
2223	2792
524	2792
1047	2792
1979	2792
2739	2792
1606	2792
2739	2792
787	2792
2346	2792
601	2792
1564	2792
30	2792
2683	2792
2739	2792
2755	2792
2245	2792
1449	2792
1458	2792
1537	2792
1184	2792
459	2792
228	2792
2510	2792
31	2792
662	2792
2682	2792
884	2792
937	2792
2175	2792
2113	2792
1984	2792
1076	2792
1077	2792
2333	2792
1387	2792
1056	2792
22	2792
2254	2792
1833	2792
720	2792
2468	2792
459	2792
2463	2792
2546	2792
785	2792
363	2792
473	2792
964	2792
278	2792
25	2792
1206	2792
2785	2792
2240	2792
1003	2792
1488	2792
1803	2792
1629	2792
2217	2792
2268	2792
2720	2792
227	2792
1286	2792
2161	2792
1803	2792
1743	2792
912	2792
459	2792
1515	2792
1653	2792
1985	2792
2744	2792
1099	2792
935	2792
2568	2792
2224	2792
2466	2792
1053	2792
2682	2792
2626	2792
1470	2792
2331	2792
1644	2792
2720	2792
2443	2792
382	2792
989	2792
2785	2792
1702	2792
2692	2792
2154	2792
501	2792
1013	2792
2705	2792
2697	2792
1240	2792
2036	2792
2682	2792
2546	2792
2087	2792
736	2792
1339	2792
1288	2792
708	2792
2363	2792
246	2792
1930	2792
1997	2792
2718	2792
1640	2792
1589	2792
1076	2792
294	2792
261	2792
1056	2792
2312	2792
2365	2792
2443	2792
2720	2792
178	2792
2268	2792
2217	2792
2091	2792
1449	2792
1783	2792
298	2792
1829	2792
1742	2792
2576	2792
1175	2792
2041	2792
40	2792
1020	2792
382	2792
816	2792
1984	2792
1467	2792
1046	2792
1663	2792
2167	2792
1653	2792
201	2792
1892	2792
1833	2792
1246	2792
2546	2792
2682	2792
1663	2792
1726	2792
2168	2792
2023	2792
1427	2792
259	2792
2260	2792
690	2792
2494	2792
1152	2792
748	2792
2559	2792
1431	2792
1114	2792
403	2792
1145	2792
1658	2792
2520	2792
1782	2792
1191	2792
935	2792
2091	2792
1568	2792
281	2792
1611	2792
1566	2792
2518	2792
1537	2792
2705	2792
3	2792
2443	2792
1286	2792
1728	2792
864	2792
2307	2792
767	2792
1603	2792
1696	2792
2539	2792
665	2792
919	2792
1960	2792
2058	2792
1940	2792
1235	2792
864	2792
1773	2792
767	2792
9	2792
1725	2792
1320	2793
1320	2793
1611	2793
758	2793
748	2793
2285	2793
1611	2793
295	2793
609	2793
1320	2793
1821	2792
1047	2792
1449	2792
508	2793
22	2793
1566	2793
612	2793
1611	2793
224	2793
294	2793
501	2793
1611	2793
1320	2793
748	2793
1427	2793
413	2793
1654	2792
2051	2793
2523	2793
2307	2793
2443	2793
1397	2793
631	2793
2495	2793
748	2793
1966	2793
336	2793
1611	2793
2407	2793
748	2793
1427	2793
625	2793
878	2792
3	2793
276	2793
2217	2793
406	2793
1112	2793
1237	2793
705	2793
443	2793
1427	2793
1840	2793
2785	2793
267	2793
837	2793
1840	2793
974	2793
1603	2793
2557	2793
464	2793
748	2793
1981	2792
2154	2793
2594	2793
2744	2793
2121	2793
301	2793
2036	2793
2175	2793
575	2793
745	2793
347	2793
758	2793
1825	2793
2257	2793
471	2793
484	2793
1255	2793
2764	2793
1427	2793
1892	2793
2722	2793
1894	2793
367	2793
2560	2792
1796	2792
2512	2792
2557	2793
2268	2793
1240	2793
2443	2793
964	2793
812	2793
1935	2793
936	2793
1526	2793
703	2793
181	2793
131	2793
1427	2793
10	2793
8	2793
294	2793
567	2793
1488	2793
924	2793
1912	2793
333	2793
933	2793
933	2793
2600	2793
655	2793
424	2793
748	2793
1611	2793
2426	2793
63	2793
153	2793
2426	2793
1128	2793
1756	2793
2546	2792
1051	2793
1576	2793
1611	2793
912	2793
654	2793
283	2793
1339	2793
2568	2793
612	2793
508	2793
347	2793
224	2793
1930	2793
1328	2793
1742	2793
7	2793
1047	2793
2458	2793
248	2793
2494	2793
575	2793
144	2793
347	2793
1451	2793
2133	2793
470	2793
640	2792
844	2792
1984	2792
1941	2792
1061	2792
2531	2792
392	2793
1594	2792
205	2792
492	2792
1567	2792
1766	2792
2133	2793
2443	2793
52	2793
516	2793
1255	2793
1893	2793
726	2793
1467	2793
1681	2793
1967	2793
989	2793
1146	2793
1653	2793
758	2793
1825	2793
1142	2793
1271	2793
343	2793
748	2793
2217	2793
2268	2793
609	2793
575	2793
2113	2793
878	2793
1840	2793
1458	2793
1051	2793
1449	2793
1271	2793
413	2793
188	2793
1009	2793
290	2793
2340	2793
664	2793
2557	2793
970	2793
615	2793
1449	2793
1692	2793
2098	2793
478	2793
1611	2793
1400	2793
572	2793
492	2793
35	2793
878	2793
1290	2793
382	2793
758	2793
2461	2793
2562	2793
2416	2793
281	2793
297	2793
2493	2793
2426	2793
1686	2793
2785	2793
2307	2793
2764	2793
672	2793
2523	2793
1892	2793
1164	2793
1973	2793
384	2793
2557	2793
2133	2793
1611	2793
1146	2793
1924	2793
1444	2793
2224	2793
37	2793
2739	2793
804	2793
2059	2793
1840	2793
628	2793
2443	2793
1290	2793
748	2793
726	2793
1427	2793
804	2793
2087	2793
2227	2793
1629	2793
1966	2793
470	2793
912	2793
129	2793
2215	2793
719	2793
2568	2793
1237	2793
2369	2793
1576	2793
972	2793
747	2793
2308	2793
864	2793
2485	2793
1035	2793
1903	2793
2268	2793
2257	2793
1088	2793
1427	2793
269	2793
619	2792
2217	2793
2268	2793
2268	2793
2227	2793
863	2793
131	2793
2271	2793
632	2793
2601	2793
933	2793
343	2793
2568	2793
1013	2793
1618	2793
1565	2793
1271	2793
1131	2793
2047	2793
1033	2793
1773	2793
2704	2793
575	2793
2215	2793
1896	2793
1385	2793
2217	2793
2611	2793
748	2793
2340	2793
354	2793
726	2793
2611	2793
1925	2793
181	2793
2675	2793
284	2793
2039	2793
632	2793
2783	2793
1145	2793
1855	2793
626	2793
133	2793
1773	2793
1077	2793
2159	2793
2624	2793
2333	2792
1367	2792
2442	2792
531	2792
1867	2792
2009	2793
1061	2793
9	2793
2683	2793
1663	2793
2601	2793
2135	2793
1726	2793
938	2793
4	2793
993	2792
2500	2792
781	2792
2798	2792
1574	2792
1728	2793
1932	2793
832	2793
1697	2793
2209	2793
1762	2793
800	2793
1663	2793
1509	2793
656	2793
2759	2793
244	2793
478	2793
2683	2793
2675	2793
2785	2793
857	2793
2744	2793
987	2793
748	2793
2594	2793
2385	2793
1320	2793
1271	2793
3	2793
784	2793
2755	2793
501	2793
261	2793
508	2793
1981	2793
2378	2793
2217	2792
2340	2793
416	2793
2443	2793
1424	2793
2	2793
1966	2793
1142	2793
1427	2793
748	2793
4	2793
1097	2793
1603	2793
2098	2793
1264	2793
528	2793
1877	2793
1979	2793
459	2793
115	2793
2443	2793
1033	2793
1026	2793
2523	2793
1352	2793
1524	2793
1930	2793
1038	2793
787	2793
1636	2793
2772	2793
1637	2793
2330	2793
1320	2793
1787	2793
1271	2793
2268	2793
1812	2793
987	2792
1367	2793
1300	2793
1346	2793
1894	2793
1069	2793
672	2793
1147	2793
1013	2793
585	2793
470	2793
2340	2792
38	2793
2675	2793
185	2793
2279	2793
23	2793
1725	2793
758	2793
1168	2793
1096	2793
2648	2793
2633	2793
1196	2793
2754	2793
2046	2793
1914	2793
1410	2793
449	2793
585	2793
2450	2793
1570	2793
1264	2793
682	2793
757	2793
2224	2793
1855	2793
1096	2793
1892	2793
41	2793
832	2793
1147	2793
1449	2793
2722	2793
2113	2793
821	2793
524	2793
571	2793
1500	2793
2611	2793
1855	2793
986	2793
23	2793
294	2793
1367	2793
1271	2793
1145	2793
989	2793
1946	2793
748	2793
2088	2793
2134	2793
2439	2793
2737	2793
400	2793
58	2793
2468	2793
758	2793
1825	2793
508	2793
2781	2793
1381	2793
1320	2793
2113	2793
2340	2793
1480	2793
832	2793
1930	2793
1840	2793
2728	2793
2510	2793
522	2793
1097	2793
1985	2793
2783	2793
2675	2793
1773	2793
1631	2793
1168	2793
683	2793
1498	2793
1938	2793
1427	2793
2485	2793
1286	2793
748	2793
131	2793
630	2793
2215	2793
1387	2793
857	2792
294	2793
1790	2793
485	2793
2591	2793
1896	2793
686	2793
2507	2793
2319	2793
1385	2793
1009	2793
2232	2793
2562	2793
654	2793
1145	2793
1559	2793
837	2793
1652	2793
748	2793
2070	2793
326	2793
275	2793
2443	2793
2728	2793
2154	2793
2443	2793
2494	2793
1855	2793
1465	2793
1743	2793
109	2793
169	2793
377	2793
2200	2793
2128	2793
1764	2793
1848	2793
2726	2792
682	2792
2772	2792
1185	2792
1770	2792
2624	2792
1012	2792
585	2793
1034	2793
352	2793
1480	2793
295	2793
1294	2793
1009	2792
1208	2793
2483	2793
774	2793
666	2793
170	2793
1907	2793
748	2793
680	2793
2181	2793
42	2793
748	2793
1750	2792
115	2792
2727	2792
2772	2792
682	2792
1889	2792
2215	2793
1819	2793
704	2793
45	2793
1286	2793
305	2793
306	2793
625	2793
1172	2793
2340	2793
1114	2793
450	2793
597	2793
2722	2793
305	2793
1842	2793
2039	2793
239	2793
1611	2793
1033	2793
2596	2793
2367	2793
1634	2793
1889	2793
261	2793
1069	2793
2594	2793
1699	2793
183	2793
2154	2793
1661	2797
682	2797
683	2797
1168	2797
989	2797
2772	2797
1033	2797
1180	2797
125	2797
2726	2797
2128	2797
2675	2797
1770	2797
748	2797
2560	2797
789	2797
125	2797
1580	2797
2427	2797
131	2797
1891	2797
522	2797
1542	2793
1922	2793
889	2793
789	2793
1646	2793
1637	2793
734	2793
2324	2797
255	2797
59	2797
3	2797
2755	2797
748	2797
2675	2797
567	2797
347	2792
2241	2797
1960	2797
2213	2797
2154	2797
305	2797
2135	2797
7	2797
2764	2797
658	2797
1009	2797
2590	2797
704	2797
4	2797
1387	2797
30	2797
1009	2797
844	2797
367	2797
522	2797
450	2797
131	2797
784	2797
579	2797
889	2797
1168	2797
2596	2797
1664	2797
1170	2797
1894	2797
2783	2797
1271	2797
148	2797
367	2797
1099	2797
800	2797
301	2797
1663	2797
968	2797
1387	2797
413	2797
413	2797
1922	2797
2088	2797
2185	2797
1250	2797
2175	2797
1537	2797
2008	2797
1707	2792
1943	2792
2444	2792
1737	2792
1571	2792
2317	2792
2274	2797
2051	2792
643	2792
2097	2792
1165	2792
2681	2792
1629	2792
822	2792
309	2793
1737	2793
1571	2793
1342	2793
721	2793
329	2793
2274	2793
584	2793
2403	2793
115	2793
1180	2793
989	2793
1938	2793
1185	2793
2091	2793
1971	2793
2675	2793
185	2793
2722	2797
1183	2797
1611	2797
1943	2797
1019	2797
1387	2797
2724	2793
1250	2797
1696	2797
732	2797
1536	2797
2512	2797
587	2797
2439	2797
1544	2797
2051	2797
1967	2797
917	2797
1725	2797
8	2797
800	2797
989	2797
683	2797
2772	2797
562	2797
1185	2797
1770	2797
1012	2797
667	2797
2128	2797
989	2797
1686	2793
1000	2793
2744	2797
800	2797
1123	2797
672	2797
2764	2797
2128	2797
587	2792
1345	2792
1839	2792
1177	2792
1216	2792
1069	2797
2692	2797
309	2797
719	2797
10	2797
1902	2797
1957	2797
352	2797
1513	2797
2444	2797
2443	2793
904	2797
1986	2797
2222	2792
1271	2792
1057	2793
2192	2797
1902	2797
1957	2797
1300	2797
800	2797
354	2797
2415	2797
2	2797
1686	2797
1941	2797
704	2797
45	2797
20	2797
1855	2797
968	2797
810	2797
2051	2797
1427	2792
2304	2792
1725	2792
1185	2792
2755	2792
1837	2797
2154	2797
2763	2797
1968	2797
452	2793
310	2793
2566	2793
1593	2793
2652	2793
2764	2797
1097	2797
1113	2797
2596	2797
294	2797
1725	2797
1123	2797
2134	2797
2504	2797
30	2797
2118	2797
522	2797
720	2797
2134	2797
626	2797
1528	2797
1743	2797
2307	2797
2406	2797
1656	2797
2232	2797
934	2797
1164	2793
95	2793
837	2793
1826	2793
1281	2793
1183	2793
2093	2793
4	2793
2439	2793
802	2793
2093	2797
2180	2797
2492	2797
1427	2797
2091	2797
1840	2797
522	2797
989	2797
373	2797
1833	2797
1524	2797
601	2797
1768	2797
1513	2797
9	2797
2624	2797
1579	2797
1330	2797
758	2797
748	2797
1966	2797
413	2797
748	2797
1966	2797
2594	2797
1427	2792
688	2797
2302	2797
2119	2797
901	2797
1182	2797
2589	2797
1386	2797
248	2792
720	2793
2644	2793
1240	2793
1663	2793
800	2793
371	2793
164	2793
2103	2793
1667	2793
117	2793
1815	2793
2418	2793
1593	2797
310	2797
1330	2797
1611	2797
91	2797
2329	2797
9	2797
313	2797
1804	2797
2158	2797
2722	2797
800	2797
1894	2797
1656	2793
366	2793
11	2793
496	2793
1966	2797
2093	2793
508	2793
74	2793
913	2793
1833	2793
1867	2797
478	2797
9	2797
868	2797
1892	2797
1085	2797
486	2797
1611	2797
1656	2797
802	2797
31	2792
1191	2797
294	2797
1773	2797
2407	2797
74	2797
2404	2797
1123	2797
2216	2797
2653	2797
2340	2797
516	2797
2288	2797
2302	2797
1022	2797
1420	2797
571	2797
382	2797
802	2797
1892	2797
255	2797
2163	2797
31	2797
1826	2797
2653	2797
124	2797
81	2797
1615	2797
2594	2797
1455	2797
1208	2797
1892	2797
700	2797
2783	2797
1770	2797
2653	2797
2162	2797
1427	2797
1240	2797
1663	2797
2683	2797
1855	2797
1894	2797
31	2797
2158	2797
1611	2797
748	2797
758	2797
987	2797
2546	2797
1286	2792
2243	2797
700	2797
2443	2797
1725	2797
1855	2797
2705	2797
677	2797
1892	2797
913	2797
672	2797
1240	2797
58	2797
371	2797
1585	2797
20	2797
1764	2797
347	2797
2764	2797
400	2793
1646	2793
1793	2793
1342	2793
276	2793
371	2793
502	2793
1278	2793
248	2793
2162	2797
141	2797
1033	2797
1724	2797
2763	2797
2716	2797
1770	2797
1292	2797
726	2797
2496	2797
1860	2797
2128	2797
1240	2797
2154	2797
2692	2797
989	2797
1168	2797
1180	2797
2798	2797
2128	2797
2268	2797
1045	2797
2103	2797
371	2797
502	2797
755	2797
1412	2797
1877	2797
624	2797
1126	2797
9	2797
748	2797
1289	2797
2232	2797
89	2797
802	2797
800	2797
1069	2797
320	2797
2798	2797
767	2797
758	2797
1892	2797
1085	2797
2340	2797
1480	2797
2288	2797
2625	2797
2444	2792
2789	2797
1778	2797
185	2797
1559	2797
450	2797
2367	2797
989	2797
905	2797
1027	2797
2692	2797
2215	2797
2098	2797
640	2797
2217	2797
2705	2797
865	2797
642	2797
2215	2797
1333	2797
1442	2797
1968	2797
2710	2792
2341	2792
394	2792
2445	2792
1298	2792
2173	2792
1968	2792
125	2792
917	2792
1812	2792
502	2792
371	2792
771	2792
924	2792
1947	2792
743	2792
1701	2792
2156	2792
2140	2792
1256	2792
1293	2792
488	2792
1678	2792
2185	2792
2625	2792
1542	2792
789	2792
1922	2792
889	2792
2521	2792
2747	2792
519	2792
1671	2792
772	2792
1147	2792
2022	2793
1699	2793
1957	2793
2192	2793
1513	2793
2135	2797
2737	2797
1926	2797
1537	2797
1984	2797
1892	2797
517	2797
2590	2797
1082	2797
295	2797
2692	2797
2666	2797
2024	2797
748	2797
1271	2797
2055	2797
1877	2797
1412	2797
1892	2797
294	2797
2560	2797
1877	2797
1412	2792
1877	2792
2265	2792
2590	2792
68	2792
843	2792
1346	2793
2722	2793
424	2793
755	2792
2288	2792
1979	2792
615	2792
919	2792
665	2792
2539	2792
1951	2792
530	2792
1877	2797
294	2797
802	2797
1926	2797
2612	2797
2653	2797
975	2797
141	2797
1097	2797
294	2797
4	2797
1143	2793
762	2793
812	2797
2625	2797
2486	2793
1346	2797
1877	2797
819	2792
1057	2792
2637	2797
1126	2797
748	2797
2355	2797
323	2797
1718	2797
1724	2797
1019	2797
198	2797
720	2797
2486	2797
612	2797
2523	2797
2421	2797
2407	2797
1656	2797
2304	2797
1926	2797
2272	2793
294	2797
1026	2792
1931	2792
2134	2797
2772	2797
800	2797
1902	2797
2691	2797
658	2797
973	2797
1853	2797
294	2797
812	2797
1892	2797
424	2797
2722	2797
1346	2797
2523	2797
2486	2797
2268	2797
2217	2797
800	2797
2683	2797
272	2797
1760	2797
1631	2797
1262	2797
215	2797
2485	2797
2683	2797
800	2797
1773	2797
1926	2797
1877	2797
31	2797
31	2797
1877	2797
1773	2797
2683	2797
1594	2797
141	2797
2224	2797
1686	2797
266	2797
133	2797
746	2797
1892	2797
843	2797
1808	2797
570	2797
544	2797
251	2797
1592	2797
1084	2797
496	2792
11	2792
945	2792
366	2792
1656	2792
424	2797
1768	2797
2792	1323
2792	1142
2792	1208
2792	2626
2792	49
2792	2485
2792	2682
2792	2799
2792	2161
2792	2800
2792	553
2792	2626
2792	49
2792	2800
2792	796
2792	2161
2792	1639
2792	1979
2792	1286
2792	144
2792	2114
2792	2574
2792	2035
2792	2302
2792	2546
2792	443
2792	2302
2792	1355
2792	2604
2792	822
2792	2690
2792	1336
2792	864
2792	2705
2792	2705
2792	2288
2792	285
2792	285
2792	1470
2792	1470
2792	2035
2792	2645
2792	2645
2792	2288
2792	2645
2792	2645
2792	2513
2792	1039
2792	1039
2792	2660
2792	1039
2792	2493
2792	1165
2792	2799
2792	2799
2792	285
2792	1470
2792	1821
2792	285
2792	2546
2792	1165
2792	2660
2792	2114
2792	864
2792	2639
2792	2639
2792	2485
2792	1821
2792	2616
2792	1537
2792	2616
2792	2575
2792	828
2792	1192
2792	2090
2792	1985
2792	2712
2792	1985
2792	1825
2792	1985
2792	663
2792	7
2792	1056
2792	2205
2792	2478
2792	1286
2792	2494
2792	228
2792	1985
2792	257
2792	2535
2792	1825
2792	2645
2792	459
2792	2755
2792	1076
2792	1286
2792	1985
2792	2747
2792	1202
2792	758
2792	1803
2792	1878
2792	52
2792	1728
2792	1455
2792	459
2792	1013
2792	2224
2792	2801
2792	1191
2792	2224
2792	2801
2792	2346
2792	2036
2792	2224
2792	2500
2792	2193
2792	80
2792	2091
2792	2222
2792	1873
2792	22
2792	2260
2792	2193
2792	2260
2792	1873
2792	1803
2792	392
2792	2260
2792	1286
2792	49
2792	1336
2792	2213
2792	429
2792	1940
2792	2802
2792	2803
2792	2801
2792	2512
2792	1977
2792	1151
2792	2057
2792	240
2792	1903
2792	2054
2792	2054
2792	790
2792	1979
2792	662
2792	2054
2792	790
2792	40
2792	40
2792	1577
2792	1903
2792	1746
2792	2091
2792	1152
2792	1979
2792	1024
2792	1653
2792	1045
2792	1979
2792	2494
2792	1653
2792	2068
2792	2648
2792	1024
2792	420
2792	1829
2792	790
2792	705
2792	298
2792	1829
2792	1967
2792	2608
2792	2041
2792	492
2792	1829
2792	964
2792	2262
2792	970
2792	1783
2792	2804
2792	1449
2792	1475
2792	538
2792	1475
2792	1449
2792	2805
2792	1783
2792	420
2792	1020
2792	2804
2792	1449
2792	1020
2792	1020
2792	1024
2792	524
2792	242
2792	816
2792	1984
2792	2121
2792	2446
2792	2331
2792	1611
2792	1611
2792	1985
2792	1979
2792	1388
2792	1611
2792	155
2792	1896
2792	1027
2792	301
2792	1240
2792	301
2792	416
2792	301
2792	1027
2792	2168
2792	970
2792	1896
2792	2801
2792	301
2792	281
2792	719
2792	2036
2792	497
2792	2806
2792	22
2792	1020
2792	1027
2792	747
2792	747
2792	538
2792	2197
2792	2512
2792	2806
2792	275
2792	298
2792	2168
2792	747
2792	2765
2792	2604
2792	2288
2792	1825
2792	758
2792	796
2792	2546
2792	1814
2792	2571
2792	902
2792	902
2792	686
2792	1689
2792	2207
2792	667
2792	280
2792	301
2792	606
2792	1286
2792	1566
2792	943
2792	1603
2792	1318
2792	1017
2792	1749
2792	606
2792	2443
2792	2443
2792	2443
2792	484
2792	110
2792	1152
2792	755
2792	1240
2792	1310
2792	1310
2792	1611
2792	1431
2792	2443
2792	2684
2792	375
2792	1282
2792	631
2792	375
2792	2176
2792	484
2792	375
2792	2446
2792	392
2792	1603
2792	2443
2792	354
2792	354
2792	2026
2792	1840
2792	1981
2792	552
2792	2443
2792	2755
2792	336
2792	326
2792	2054
2792	1112
2792	336
2792	53
2792	2288
2792	2211
2792	2785
2792	375
2792	326
2792	1814
2793	1255
2792	1236
2793	1594
2792	1654
2792	2176
2792	336
2792	2368
2792	2479
2792	1603
2792	326
2792	964
2793	1255
2792	2523
2793	2600
2793	1526
2792	2747
2792	628
2792	1589
2792	281
2792	695
2792	2807
2792	2213
2792	136
2792	655
2792	2513
2793	1739
2793	1739
2793	974
2792	878
2792	2147
2792	233
2792	233
2792	2808
2792	1355
2792	2768
2793	2219
2792	1229
2792	2741
2792	1271
2792	156
2792	2809
2793	1448
2792	1745
2792	2133
2792	1271
2792	627
2792	1567
2792	2027
2792	2395
2792	1450
2793	1459
2792	6
2792	2307
2792	1887
2793	347
2792	1887
2793	1692
2792	2461
2792	392
2792	1887
2792	2461
2792	2443
2792	2211
2792	881
2792	1587
2792	1271
2793	1146
2792	2076
2792	1640
2792	1051
2792	673
2792	1809
2792	1286
2792	809
2793	1692
2792	1985
2792	2809
2792	2133
2792	1738
2792	1967
2792	673
2792	136
2792	879
2792	1038
2792	1192
2792	229
2793	1128
2792	1966
2792	1966
2792	2443
2792	1966
2792	1271
2792	380
2792	748
2792	380
2792	1966
2792	380
2792	1339
2792	1271
2792	748
2793	1444
2792	748
2793	2600
2792	380
2792	1576
2793	470
2792	2586
2792	748
2792	2036
2792	1653
2793	1103
2792	2485
2792	1825
2793	269
2792	1985
2793	2530
2793	632
2793	2794
2792	2213
2792	237
2792	748
2792	1576
2793	2530
2792	673
2792	326
2792	1985
2792	1566
2793	567
2793	2333
2792	510
2792	2159
2793	1726
2792	758
2792	2288
2793	567
2793	2333
2793	1713
2793	2611
2792	2683
2792	1653
2792	336
2792	619
2792	1020
2793	1362
2792	1431
2792	77
2792	484
2792	1567
2793	1128
2793	200
2792	1108
2792	1118
2792	832
2792	896
2792	2507
2792	1903
2792	2620
2793	567
2793	2132
2793	757
2792	832
2792	1681
2792	667
2792	301
2792	2443
2793	857
2792	652
2792	2568
2793	2477
2792	1654
2792	2512
2793	347
2793	2795
2793	1986
2793	15
2793	1334
2792	2401
2792	910
2792	904
2792	2159
2792	508
2792	2562
2792	2806
2792	1706
2792	2633
2792	1240
2792	2340
2792	131
2792	1802
2792	2443
2793	567
2793	1618
2792	380
2793	1925
2793	2439
2792	2651
2793	632
2793	470
2792	1603
2792	2098
2792	1802
2792	1652
2793	585
2792	1352
2792	1725
2792	6
2792	1352
2792	2772
2792	1587
2793	2426
2793	2186
2792	148
2792	2675
2792	1152
2792	1096
2792	1352
2793	890
2792	1608
2792	1981
2792	1652
2792	2427
2792	1104
2792	2562
2792	625
2793	2482
2792	987
2793	857
2793	1367
2792	1147
2793	1103
2792	987
2792	1147
2792	987
2793	528
2792	1725
2792	1147
2792	987
2792	2330
2792	987
2792	1147
2792	2633
2793	1819
2792	704
2792	1185
2792	508
2792	1027
2793	800
2792	917
2793	2722
2793	1061
2793	1103
2792	1427
2793	2722
2792	1498
2792	1671
2792	354
2792	625
2792	1424
2792	704
2792	22
2792	964
2792	619
2792	1671
2793	41
2793	2490
2793	857
2792	381
2792	1634
2792	1104
2792	2461
2792	1855
2792	1424
2792	1424
2792	1859
2792	1570
2792	335
2792	1790
2793	2024
2792	1240
2792	2810
2792	1979
2793	2215
2793	2490
2792	2121
2792	987
2792	2528
2793	2744
2793	2531
2792	2241
2792	1449
2792	970
2792	2088
2793	698
2792	1381
2793	1297
2793	567
2792	1449
2793	2573
2792	962
2792	381
2792	962
2792	683
2792	1104
2792	2036
2792	1971
2792	1168
2792	1807
2792	2036
2792	1631
2792	2810
2792	1235
2792	1038
2792	1318
2792	2565
2793	1637
2792	1840
2792	2565
2792	2036
2793	1819
2793	1345
2792	2811
2793	698
2793	1103
2792	2224
2793	1636
2792	2616
2792	1971
2792	2562
2792	1288
2792	719
2793	1294
2792	2050
2792	2120
2792	1020
2793	567
2793	295
2793	1367
2792	987
2792	23
2792	970
2793	2
2793	295
2792	1979
2793	345
2792	679
2793	614
2793	2215
2792	1814
2792	1187
2793	1527
2792	2635
2792	600
2793	1764
2793	1764
2792	377
2793	632
2792	2632
2792	2281
2793	786
2792	2081
2793	2
2793	2381
2792	1026
2792	315
2792	352
2792	1894
2792	1480
2792	1427
2792	609
2793	2783
2792	2764
2792	655
2792	935
2793	2160
2792	284
2793	1750
2793	305
2793	2215
2792	315
2792	597
2793	2209
2792	335
2792	315
2792	2091
2792	1152
2792	951
2792	1807
2792	1488
2792	2675
2792	1971
2792	1271
2792	2288
2792	864
2792	2028
2792	1488
2792	2068
2792	2260
2792	2091
2792	285
2792	2741
2792	755
2792	951
2792	2675
2792	2068
2792	755
2792	1026
2792	1110
2792	1033
2792	1646
2792	1968
2792	748
2792	1033
2792	1016
2792	789
2792	1033
2792	2716
2792	2726
2792	34
2792	115
2792	2727
2792	1807
2792	1348
2792	315
2793	1949
2793	2442
2793	175
2792	2013
2792	1915
2792	1104
2792	808
2792	1033
2792	2754
2792	2015
2792	1971
2792	1271
2792	1152
2793	294
2793	2248
2792	943
2793	2370
2792	789
2792	1348
2797	2681
2793	2158
2792	1802
2792	2596
2792	683
2792	1180
2792	2596
2792	2716
2792	2754
2792	413
2792	889
2792	2737
2793	1387
2793	1387
2792	2051
2792	1271
2793	1526
2792	2510
2793	1527
2792	1033
2793	2444
2797	730
2793	2160
2792	1168
2792	484
2792	2054
2792	1020
2793	1764
2792	1881
2792	89
2793	2488
2792	1809
2792	732
2793	2789
2792	2051
2792	758
2792	2728
2792	284
2792	2185
2792	488
2792	1852
2792	2308
2797	2681
2792	1939
2792	2551
2793	1747
2792	2724
2792	1785
2792	1157
2793	1747
2792	2551
2793	265
2792	2668
2792	721
2792	1271
2792	2772
2793	2390
2792	669
2793	1481
2793	425
2792	2724
2793	425
2792	1157
2792	401
2792	2389
2793	857
2792	2389
2792	2767
2792	1525
2792	1887
2792	1507
2792	1881
2793	348
2792	1768
2792	2688
2792	504
2792	924
2792	1875
2793	183
2793	857
2792	1335
2792	2103
2792	1513
2792	2003
2793	175
2792	2300
2793	1113
2793	1300
2793	1699
2792	1170
2793	2594
2797	1664
2793	1126
2792	1971
2797	141
2792	2562
2793	1113
2793	2594
2793	1126
2792	587
2793	2504
2793	810
2797	960
2792	50
2793	310
2792	1881
2792	1912
2793	58
2797	2093
2792	1715
2792	975
2792	1715
2792	2349
2792	1405
2792	2341
2793	185
2793	1559
2793	450
2792	1579
2793	104
2793	2776
2792	1230
2793	1113
2792	1579
2792	2772
2792	394
2793	468
2792	2624
2792	2710
2792	394
2792	1271
2792	2764
2792	1421
2792	394
2792	2710
2797	960
2792	2376
2793	1481
2792	1148
2793	614
2792	870
2793	612
2792	708
2792	972
2792	1208
2792	1303
2792	2054
2792	648
2792	2538
2793	46
2793	1103
2792	1892
2792	1
2797	137
2792	1985
2792	2809
2793	38
2793	38
2792	1136
2793	39
2793	1386
2797	391
2792	2271
2797	391
2792	1947
2792	1136
2793	2798
2792	1028
2793	2139
2793	590
2792	2422
2792	2422
2792	171
2793	585
2792	1615
2792	106
2792	1892
2792	1773
2792	1281
2793	1656
2792	1892
2792	1281
2797	1793
2793	1851
2793	333
2793	2653
2793	1826
2793	793
2793	2254
2793	1289
2792	1892
2792	961
2793	1851
2792	2300
2793	677
2793	2162
2792	2285
2793	2751
2792	1615
2792	1773
2793	1851
2792	1718
2793	1289
2792	1030
2792	1352
2793	1636
2793	1439
2793	798
2793	1439
2792	2324
2793	1439
2797	1306
2793	2047
2793	245
2792	2340
2792	1727
2792	1773
2792	255
2792	1502
2792	395
2793	2692
2792	1875
2792	1768
2792	2625
2792	1815
2792	1724
2793	366
2793	1344
2792	833
2792	303
2793	2385
2793	1452
2792	1985
2792	1278
2793	945
2793	2520
2792	1278
2793	2323
2797	2093
2797	1306
2793	1377
2792	1271
2793	1377
2793	2812
2793	542
2792	609
2793	871
2792	2663
2792	1085
2793	1418
2793	871
2792	791
2792	1760
2793	2162
2793	868
2793	1778
2793	1371
2793	868
2792	1166
2793	2653
2793	2411
2793	218
2793	1928
2792	1166
2793	834
2792	3
2793	928
2792	2771
2792	1584
2793	2813
2793	68
2793	1928
2793	928
2792	2771
2792	2732
2793	186
2793	2636
2792	1167
2792	1724
2793	2520
2792	1167
2793	2037
2792	2732
2792	2377
2792	1581
2793	2590
2793	2472
2793	1969
2792	1216
2797	754
2793	1969
2793	2700
2792	1216
2793	2037
2792	2642
2793	2472
2793	2265
2793	1273
2793	570
2793	2255
2793	133
2793	2773
2793	44
2793	1906
2793	2255
2793	570
2792	1412
2792	1346
2792	451
2793	2265
2793	2636
2793	1273
2793	407
2792	2743
2792	451
2792	1041
2793	670
2792	593
2793	44
2792	1412
2792	2539
2792	1167
2793	2740
2792	762
2793	670
2793	2265
2793	287
2792	1143
2792	817
2793	570
2793	439
2793	408
2792	1412
2792	1393
2793	1273
2792	105
2793	2117
2793	2652
2793	1289
2792	690
2792	812
2792	1877
2792	1167
2792	2624
2792	1985
2792	1412
2792	1772
2793	2162
2792	321
2797	2018
2792	1978
2792	2111
2793	1748
2792	1167
2793	2611
2792	1028
2792	1540
2792	2357
2792	2111
2793	2590
2793	279
2792	1496
2792	2421
2792	2104
2793	279
2792	973
2793	2594
2793	2814
2793	2814
2793	658
2797	1586
2792	2672
2792	833
2792	1743
2792	2382
2792	973
2797	1586
2792	2392
2792	1432
2792	1584
2792	997
2793	407
2792	2382
2792	1981
2793	585
2792	1310
2792	1985
2792	1568
2797	815
2793	2115
2793	2275
2792	1961
2792	1502
2792	276
2792	2382
2792	2586
2792	60
2793	1764
2792	1961
2793	1092
2797	1788
2792	1378
2793	793
2793	2815
2793	415
2792	2382
2797	1333
2797	2475
2793	1126
2792	43
2792	273
2792	2266
2797	1845
2792	2217
2797	723
2797	2163
2797	1630
2797	130
2792	1820
2797	1394
2793	2748
2792	961
2792	832
2797	2517
2793	366
2793	2815
2792	1310
2793	366
2792	2008
2792	1570
2793	11
2793	1869
2792	107
2792	1631
2793	2703
2793	173
2793	11
2793	544
2792	1378
2793	544
2797	2163
2792	2771
2797	845
2792	34
2792	2086
2793	408
2792	496
2792	1147
2792	166
2792	534
2793	2236
2793	647
2793	183
2793	183
2793	2816
2793	2817
2793	737
2793	1909
2797	1428
2797	1428
2793	1360
2793	1287
2792	1804
2792	1339
2792	2640
2792	668
2793	1699
2792	194
2793	2151
2793	613
2793	2116
2793	2594
2793	264
2793	2263
2792	332
2793	264
2793	642
2793	1826
2792	2546
2797	2125
2793	102
2792	962
2792	1502
2792	1673
2792	332
2792	910
2792	964
2792	1589
2792	1397
2792	553
2792	924
2792	2761
2792	1768
2792	2777
2793	102
2793	642
2792	2761
2797	1791
2792	2422
2797	1522
2797	47
2797	1791
2797	47
2797	1791
2792	2777
2792	114
2792	1870
2792	1346
2792	1870
2792	2185
2792	748
2792	397
2792	166
2793	2047
2793	793
2792	198
2797	830
2792	1870
2797	830
2792	114
2792	1393
2797	2038
2792	1615
2793	1171
2792	397
2797	507
2792	646
2797	1952
2792	2818
2793	44
2792	2153
2793	102
2793	2116
2797	830
2792	2421
2792	2746
2797	47
2797	2447
2792	166
2792	2298
2792	1368
2792	804
2793	2452
2797	820
2793	2657
2793	186
2797	820
2792	2185
2793	1329
2797	999
2792	2185
2797	266
2797	47
2797	1101
2792	2217
2792	965
2793	1448
2797	999
2792	2338
2792	605
2797	493
2792	166
2793	2748
2797	1541
2797	2212
2797	2437
2797	132
2797	1865
2797	777
2792	628
2792	1901
2797	2110
2793	922
2793	2289
2792	909
2797	1669
2793	2615
2792	720
2797	1680
2797	1680
2797	1005
2797	2234
2792	1810
2792	2537
2793	2615
2797	271
2793	644
2793	977
2797	903
2793	644
2792	207
2797	141
2792	1446
2797	903
2797	1865
2792	1194
2792	1958
2793	2556
2792	2613
2792	2034
2793	2289
2793	977
2792	2746
2797	1598
2797	903
2797	482
2797	2819
2797	777
2792	557
2797	2511
2797	2617
2792	994
2793	2619
2792	557
2797	532
2792	2095
2792	797
2793	977
2792	2034
2792	2537
2792	684
2792	526
2793	1559
2793	2238
2792	801
2793	2820
2792	994
2797	2249
2792	1985
2793	885
2792	1770
2793	701
2793	907
2792	306
2792	684
2793	2423
2792	1397
2793	439
2792	426
2797	532
2793	805
2793	2544
2793	805
2793	886
2793	2247
2797	1886
2792	149
2792	79
2792	1890
2793	882
2797	222
2792	207
2797	1871
2797	903
2797	830
2793	890
2792	1689
2792	628
2792	708
2792	402
2792	364
2792	1133
2793	2821
2793	1953
2792	267
2793	1953
2797	2489
2793	480
2797	482
2793	885
2792	1296
2792	668
2797	830
2797	1680
2797	1669
2793	882
2793	363
2792	364
2797	840
2792	397
2797	980
2797	250
2792	1141
2793	290
2792	2070
2792	1727
2797	2045
2793	2477
2797	840
2797	1794
2792	1611
2793	1766
2792	2312
2797	2249
2792	1191
2792	2243
2793	885
2797	1225
2797	903
2792	1985
2793	1126
2792	1796
2793	2320
2792	1397
2793	818
2793	2473
2792	2702
2792	1531
2792	119
2792	762
2792	2324
2792	2698
2797	1005
2792	2185
2792	547
2792	2637
2793	415
2792	2637
2792	994
2797	1366
2792	986
2792	212
2793	1872
2792	166
2793	2556
2792	1072
2792	609
2792	1985
2793	1763
2792	124
2792	1023
2793	2477
2792	1532
2792	824
2793	1245
2797	271
2792	1899
2793	1082
2792	683
2793	11
2792	1424
2792	606
2792	110
2792	1900
1323	2792
1142	2792
1208	2792
2626	2792
49	2792
2485	2792
2682	2792
2799	2792
2161	2792
2800	2792
553	2792
2626	2792
49	2792
2800	2792
796	2792
2161	2792
1639	2792
1979	2792
1286	2792
144	2792
2114	2792
2574	2792
2035	2792
2302	2792
2546	2792
443	2792
2302	2792
1355	2792
2604	2792
822	2792
2690	2792
1336	2792
864	2792
2705	2792
2705	2792
2288	2792
285	2792
285	2792
1470	2792
1470	2792
2035	2792
2645	2792
2645	2792
2288	2792
2645	2792
2645	2792
2513	2792
1039	2792
1039	2792
2660	2792
1039	2792
2493	2792
1165	2792
2799	2792
2799	2792
285	2792
1470	2792
1821	2792
285	2792
2546	2792
1165	2792
2660	2792
2114	2792
864	2792
2639	2792
2639	2792
2485	2792
1821	2792
2616	2792
1537	2792
2616	2792
2575	2792
828	2792
1192	2792
2090	2792
1985	2792
2712	2792
1985	2792
1825	2792
1985	2792
663	2792
7	2792
1056	2792
2205	2792
2478	2792
1286	2792
2494	2792
228	2792
1985	2792
257	2792
2535	2792
1825	2792
2645	2792
459	2792
2755	2792
1076	2792
1286	2792
1985	2792
2747	2792
1202	2792
758	2792
1803	2792
1878	2792
52	2792
1728	2792
1455	2792
459	2792
1013	2792
2224	2792
2801	2792
1191	2792
2224	2792
2801	2792
2346	2792
2036	2792
2224	2792
2500	2792
2193	2792
80	2792
2091	2792
2222	2792
1873	2792
22	2792
2260	2792
2193	2792
2260	2792
1873	2792
1803	2792
392	2792
2260	2792
1286	2792
49	2792
1336	2792
2213	2792
429	2792
1940	2792
2802	2792
2803	2792
2801	2792
2512	2792
1977	2792
1151	2792
2057	2792
240	2792
1903	2792
2054	2792
2054	2792
790	2792
1979	2792
662	2792
2054	2792
790	2792
40	2792
40	2792
1577	2792
1903	2792
1746	2792
2091	2792
1152	2792
1979	2792
1024	2792
1653	2792
1045	2792
1979	2792
2494	2792
1653	2792
2068	2792
2648	2792
1024	2792
420	2792
1829	2792
790	2792
705	2792
298	2792
1829	2792
1967	2792
2608	2792
2041	2792
492	2792
1829	2792
964	2792
2262	2792
970	2792
1783	2792
2804	2792
1449	2792
1475	2792
538	2792
1475	2792
1449	2792
2805	2792
1783	2792
420	2792
1020	2792
2804	2792
1449	2792
1020	2792
1020	2792
1024	2792
524	2792
242	2792
816	2792
1984	2792
2121	2792
2446	2792
2331	2792
1611	2792
1611	2792
1985	2792
1979	2792
1388	2792
1611	2792
155	2792
1896	2792
1027	2792
301	2792
1240	2792
301	2792
416	2792
301	2792
1027	2792
2168	2792
970	2792
1896	2792
2801	2792
301	2792
281	2792
719	2792
2036	2792
497	2792
2806	2792
22	2792
1020	2792
1027	2792
747	2792
747	2792
538	2792
2197	2792
2512	2792
2806	2792
275	2792
298	2792
2168	2792
747	2792
2765	2792
2604	2792
2288	2792
1825	2792
758	2792
796	2792
2546	2792
1814	2792
2571	2792
902	2792
902	2792
686	2792
1689	2792
2207	2792
667	2792
280	2792
301	2792
606	2792
1286	2792
1566	2792
943	2792
1603	2792
1318	2792
1017	2792
1749	2792
606	2792
2443	2792
2443	2792
2443	2792
484	2792
110	2792
1152	2792
755	2792
1240	2792
1310	2792
1310	2792
1611	2792
1431	2792
2443	2792
2684	2792
375	2792
1282	2792
631	2792
375	2792
2176	2792
484	2792
375	2792
2446	2792
392	2792
1603	2792
2443	2792
354	2792
354	2792
2026	2792
1840	2792
1981	2792
552	2792
2443	2792
2755	2792
336	2792
326	2792
2054	2792
1112	2792
336	2792
53	2792
2288	2792
2211	2792
2785	2792
375	2792
326	2792
1814	2792
1255	2793
1236	2792
1594	2793
1654	2792
2176	2792
336	2792
2368	2792
2479	2792
1603	2792
326	2792
964	2792
1255	2793
2523	2792
2600	2793
1526	2793
2747	2792
628	2792
1589	2792
281	2792
695	2792
2807	2792
2213	2792
136	2792
655	2792
2513	2792
1739	2793
1739	2793
974	2793
878	2792
2147	2792
233	2792
233	2792
2808	2792
1355	2792
2768	2792
2219	2793
1229	2792
2741	2792
1271	2792
156	2792
2809	2792
1448	2793
1745	2792
2133	2792
1271	2792
627	2792
1567	2792
2027	2792
2395	2792
1450	2792
1459	2793
6	2792
2307	2792
1887	2792
347	2793
1887	2792
1692	2793
2461	2792
392	2792
1887	2792
2461	2792
2443	2792
2211	2792
881	2792
1587	2792
1271	2792
1146	2793
2076	2792
1640	2792
1051	2792
673	2792
1809	2792
1286	2792
809	2792
1692	2793
1985	2792
2809	2792
2133	2792
1738	2792
1967	2792
673	2792
136	2792
879	2792
1038	2792
1192	2792
229	2792
1128	2793
1966	2792
1966	2792
2443	2792
1966	2792
1271	2792
380	2792
748	2792
380	2792
1966	2792
380	2792
1339	2792
1271	2792
748	2792
1444	2793
748	2792
2600	2793
380	2792
1576	2792
470	2793
2586	2792
748	2792
2036	2792
1653	2792
1103	2793
2485	2792
1825	2792
269	2793
1985	2792
2530	2793
632	2793
2794	2793
2213	2792
237	2792
748	2792
1576	2792
2530	2793
673	2792
326	2792
1985	2792
1566	2792
567	2793
2333	2793
510	2792
2159	2792
1726	2793
758	2792
2288	2792
567	2793
2333	2793
1713	2793
2611	2793
2683	2792
1653	2792
336	2792
619	2792
1020	2792
1362	2793
1431	2792
77	2792
484	2792
1567	2792
1128	2793
200	2793
1108	2792
1118	2792
832	2792
896	2792
2507	2792
1903	2792
2620	2792
567	2793
2132	2793
757	2793
832	2792
1681	2792
667	2792
301	2792
2443	2792
857	2793
652	2792
2568	2792
2477	2793
1654	2792
2512	2792
347	2793
2795	2793
1986	2793
15	2793
1334	2793
2401	2792
910	2792
904	2792
2159	2792
508	2792
2562	2792
2806	2792
1706	2792
2633	2792
1240	2792
2340	2792
131	2792
1802	2792
2443	2792
567	2793
1618	2793
380	2792
1925	2793
2439	2793
2651	2792
632	2793
470	2793
1603	2792
2098	2792
1802	2792
1652	2792
585	2793
1352	2792
1725	2792
6	2792
1352	2792
2772	2792
1587	2792
2426	2793
2186	2793
148	2792
2675	2792
1152	2792
1096	2792
1352	2792
890	2793
1608	2792
1981	2792
1652	2792
2427	2792
1104	2792
2562	2792
625	2792
2482	2793
987	2792
857	2793
1367	2793
1147	2792
1103	2793
987	2792
1147	2792
987	2792
528	2793
1725	2792
1147	2792
987	2792
2330	2792
987	2792
1147	2792
2633	2792
1819	2793
704	2792
1185	2792
508	2792
1027	2792
800	2793
917	2792
2722	2793
1061	2793
1103	2793
1427	2792
2722	2793
1498	2792
1671	2792
354	2792
625	2792
1424	2792
704	2792
22	2792
964	2792
619	2792
1671	2792
41	2793
2490	2793
857	2793
381	2792
1634	2792
1104	2792
2461	2792
1855	2792
1424	2792
1424	2792
1859	2792
1570	2792
335	2792
1790	2792
2024	2793
1240	2792
2810	2792
1979	2792
2215	2793
2490	2793
2121	2792
987	2792
2528	2792
2744	2793
2531	2793
2241	2792
1449	2792
970	2792
2088	2792
698	2793
1381	2792
1297	2793
567	2793
1449	2792
2573	2793
962	2792
381	2792
962	2792
683	2792
1104	2792
2036	2792
1971	2792
1168	2792
1807	2792
2036	2792
1631	2792
2810	2792
1235	2792
1038	2792
1318	2792
2565	2792
1637	2793
1840	2792
2565	2792
2036	2792
1819	2793
1345	2793
2811	2792
698	2793
1103	2793
2224	2792
1636	2793
2616	2792
1971	2792
2562	2792
1288	2792
719	2792
1294	2793
2050	2792
2120	2792
1020	2792
567	2793
295	2793
1367	2793
987	2792
23	2792
970	2792
2	2793
295	2793
1979	2792
345	2793
679	2792
614	2793
2215	2793
1814	2792
1187	2792
1527	2793
2635	2792
600	2792
1764	2793
1764	2793
377	2792
632	2793
2632	2792
2281	2792
786	2793
2081	2792
2	2793
2381	2793
1026	2792
315	2792
352	2792
1894	2792
1480	2792
1427	2792
609	2792
2783	2793
2764	2792
655	2792
935	2792
2160	2793
284	2792
1750	2793
305	2793
2215	2793
315	2792
597	2792
2209	2793
335	2792
315	2792
2091	2792
1152	2792
951	2792
1807	2792
1488	2792
2675	2792
1971	2792
1271	2792
2288	2792
864	2792
2028	2792
1488	2792
2068	2792
2260	2792
2091	2792
285	2792
2741	2792
755	2792
951	2792
2675	2792
2068	2792
755	2792
1026	2792
1110	2792
1033	2792
1646	2792
1968	2792
748	2792
1033	2792
1016	2792
789	2792
1033	2792
2716	2792
2726	2792
34	2792
115	2792
2727	2792
1807	2792
1348	2792
315	2792
1949	2793
2442	2793
175	2793
2013	2792
1915	2792
1104	2792
808	2792
1033	2792
2754	2792
2015	2792
1971	2792
1271	2792
1152	2792
294	2793
2248	2793
943	2792
2370	2793
789	2792
1348	2792
2681	2797
2158	2793
1802	2792
2596	2792
683	2792
1180	2792
2596	2792
2716	2792
2754	2792
413	2792
889	2792
2737	2792
1387	2793
1387	2793
2051	2792
1271	2792
1526	2793
2510	2792
1527	2793
1033	2792
2444	2793
730	2797
2160	2793
1168	2792
484	2792
2054	2792
1020	2792
1764	2793
1881	2792
89	2792
2488	2793
1809	2792
732	2792
2789	2793
2051	2792
758	2792
2728	2792
284	2792
2185	2792
488	2792
1852	2792
2308	2792
2681	2797
1939	2792
2551	2792
1747	2793
2724	2792
1785	2792
1157	2792
1747	2793
2551	2792
265	2793
2668	2792
721	2792
1271	2792
2772	2792
2390	2793
669	2792
1481	2793
425	2793
2724	2792
425	2793
1157	2792
401	2792
2389	2792
857	2793
2389	2792
2767	2792
1525	2792
1887	2792
1507	2792
1881	2792
348	2793
1768	2792
2688	2792
504	2792
924	2792
1875	2792
183	2793
857	2793
1335	2792
2103	2792
1513	2792
2003	2792
175	2793
2300	2792
1113	2793
1300	2793
1699	2793
1170	2792
2594	2793
1664	2797
1126	2793
1971	2792
141	2797
2562	2792
1113	2793
2594	2793
1126	2793
587	2792
2504	2793
810	2793
960	2797
50	2792
310	2793
1881	2792
1912	2792
58	2793
2093	2797
1715	2792
975	2792
1715	2792
2349	2792
1405	2792
2341	2792
185	2793
1559	2793
450	2793
1579	2792
104	2793
2776	2793
1230	2792
1113	2793
1579	2792
2772	2792
394	2792
468	2793
2624	2792
2710	2792
394	2792
1271	2792
2764	2792
1421	2792
394	2792
2710	2792
960	2797
2376	2792
1481	2793
1148	2792
614	2793
870	2792
612	2793
708	2792
972	2792
1208	2792
1303	2792
2054	2792
648	2792
2538	2792
46	2793
1103	2793
1892	2792
1	2792
137	2797
1985	2792
2809	2792
38	2793
38	2793
1136	2792
39	2793
1386	2793
391	2797
2271	2792
391	2797
1947	2792
1136	2792
2798	2793
1028	2792
2139	2793
590	2793
2422	2792
2422	2792
171	2792
585	2793
1615	2792
106	2792
1892	2792
1773	2792
1281	2792
1656	2793
1892	2792
1281	2792
1793	2797
1851	2793
333	2793
2653	2793
1826	2793
793	2793
2254	2793
1289	2793
1892	2792
961	2792
1851	2793
2300	2792
677	2793
2162	2793
2285	2792
2751	2793
1615	2792
1773	2792
1851	2793
1718	2792
1289	2793
1030	2792
1352	2792
1636	2793
1439	2793
798	2793
1439	2793
2324	2792
1439	2793
1306	2797
2047	2793
245	2793
2340	2792
1727	2792
1773	2792
255	2792
1502	2792
395	2792
2692	2793
1875	2792
1768	2792
2625	2792
1815	2792
1724	2792
366	2793
1344	2793
833	2792
303	2792
2385	2793
1452	2793
1985	2792
1278	2792
945	2793
2520	2793
1278	2792
2323	2793
2093	2797
1306	2797
1377	2793
1271	2792
1377	2793
2812	2793
542	2793
609	2792
871	2793
2663	2792
1085	2792
1418	2793
871	2793
791	2792
1760	2792
2162	2793
868	2793
1778	2793
1371	2793
868	2793
1166	2792
2653	2793
2411	2793
218	2793
1928	2793
1166	2792
834	2793
3	2792
928	2793
2771	2792
1584	2792
2813	2793
68	2793
1928	2793
928	2793
2771	2792
2732	2792
186	2793
2636	2793
1167	2792
1724	2792
2520	2793
1167	2792
2037	2793
2732	2792
2377	2792
1581	2792
2590	2793
2472	2793
1969	2793
1216	2792
754	2797
1969	2793
2700	2793
1216	2792
2037	2793
2642	2792
2472	2793
2265	2793
1273	2793
570	2793
2255	2793
133	2793
2773	2793
44	2793
1906	2793
2255	2793
570	2793
1412	2792
1346	2792
451	2792
2265	2793
2636	2793
1273	2793
407	2793
2743	2792
451	2792
1041	2792
670	2793
593	2792
44	2793
1412	2792
2539	2792
1167	2792
2740	2793
762	2792
670	2793
2265	2793
287	2793
1143	2792
817	2792
570	2793
439	2793
408	2793
1412	2792
1393	2792
1273	2793
105	2792
2117	2793
2652	2793
1289	2793
690	2792
812	2792
1877	2792
1167	2792
2624	2792
1985	2792
1412	2792
1772	2792
2162	2793
321	2792
2018	2797
1978	2792
2111	2792
1748	2793
1167	2792
2611	2793
1028	2792
1540	2792
2357	2792
2111	2792
2590	2793
279	2793
1496	2792
2421	2792
2104	2792
279	2793
973	2792
2594	2793
2814	2793
2814	2793
658	2793
1586	2797
2672	2792
833	2792
1743	2792
2382	2792
973	2792
1586	2797
2392	2792
1432	2792
1584	2792
997	2792
407	2793
2382	2792
1981	2792
585	2793
1310	2792
1985	2792
1568	2792
815	2797
2115	2793
2275	2793
1961	2792
1502	2792
276	2792
2382	2792
2586	2792
60	2792
1764	2793
1961	2792
1092	2793
1788	2797
1378	2792
793	2793
2815	2793
415	2793
2382	2792
1333	2797
2475	2797
1126	2793
43	2792
273	2792
2266	2792
1845	2797
2217	2792
723	2797
2163	2797
1630	2797
130	2797
1820	2792
1394	2797
2748	2793
961	2792
832	2792
2517	2797
366	2793
2815	2793
1310	2792
366	2793
2008	2792
1570	2792
11	2793
1869	2793
107	2792
1631	2792
2703	2793
173	2793
11	2793
544	2793
1378	2792
544	2793
2163	2797
2771	2792
845	2797
34	2792
2086	2792
408	2793
496	2792
1147	2792
166	2792
534	2792
2236	2793
647	2793
183	2793
183	2793
2816	2793
2817	2793
737	2793
1909	2793
1428	2797
1428	2797
1360	2793
1287	2793
1804	2792
1339	2792
2640	2792
668	2792
1699	2793
194	2792
2151	2793
613	2793
2116	2793
2594	2793
264	2793
2263	2793
332	2792
264	2793
642	2793
1826	2793
2546	2792
2125	2797
102	2793
962	2792
1502	2792
1673	2792
332	2792
910	2792
964	2792
1589	2792
1397	2792
553	2792
924	2792
2761	2792
1768	2792
2777	2792
102	2793
642	2793
2761	2792
1791	2797
2422	2792
1522	2797
47	2797
1791	2797
47	2797
1791	2797
2777	2792
114	2792
1870	2792
1346	2792
1870	2792
2185	2792
748	2792
397	2792
166	2792
2047	2793
793	2793
198	2792
830	2797
1870	2792
830	2797
114	2792
1393	2792
2038	2797
1615	2792
1171	2793
397	2792
507	2797
646	2792
1952	2797
2818	2792
44	2793
2153	2792
102	2793
2116	2793
830	2797
2421	2792
2746	2792
47	2797
2447	2797
166	2792
2298	2792
1368	2792
804	2792
2452	2793
820	2797
2657	2793
186	2793
820	2797
2185	2792
1329	2793
999	2797
2185	2792
266	2797
47	2797
1101	2797
2217	2792
965	2792
1448	2793
999	2797
2338	2792
605	2792
493	2797
166	2792
2748	2793
1541	2797
2212	2797
2437	2797
132	2797
1865	2797
777	2797
628	2792
1901	2792
2110	2797
922	2793
2289	2793
909	2792
1669	2797
2615	2793
720	2792
1680	2797
1680	2797
1005	2797
2234	2797
1810	2792
2537	2792
2615	2793
271	2797
644	2793
977	2793
903	2797
644	2793
207	2792
141	2797
1446	2792
903	2797
1865	2797
1194	2792
1958	2792
2556	2793
2613	2792
2034	2792
2289	2793
977	2793
2746	2792
1598	2797
903	2797
482	2797
2819	2797
777	2797
557	2792
2511	2797
2617	2797
994	2792
2619	2793
557	2792
532	2797
2095	2792
797	2792
977	2793
2034	2792
2537	2792
684	2792
526	2792
1559	2793
2238	2793
801	2792
2820	2793
994	2792
2249	2797
1985	2792
885	2793
1770	2792
701	2793
907	2793
306	2792
684	2792
2423	2793
1397	2792
439	2793
426	2792
532	2797
805	2793
2544	2793
805	2793
886	2793
2247	2793
1886	2797
149	2792
79	2792
1890	2792
882	2793
222	2797
207	2792
1871	2797
903	2797
830	2797
890	2793
1689	2792
628	2792
708	2792
402	2792
364	2792
1133	2792
2821	2793
1953	2793
267	2792
1953	2793
2489	2797
480	2793
482	2797
885	2793
1296	2792
668	2792
830	2797
1680	2797
1669	2797
882	2793
363	2793
364	2792
840	2797
397	2792
980	2797
250	2797
1141	2792
290	2793
2070	2792
1727	2792
2045	2797
2477	2793
840	2797
1794	2797
1611	2792
1766	2793
2312	2792
2249	2797
1191	2792
2243	2792
885	2793
1225	2797
903	2797
1985	2792
1126	2793
1796	2792
2320	2793
1397	2792
818	2793
2473	2793
2702	2792
1531	2792
119	2792
762	2792
2324	2792
2698	2792
1005	2797
2185	2792
547	2792
2637	2792
415	2793
2637	2792
994	2792
1366	2797
986	2792
212	2792
1872	2793
166	2792
2556	2793
1072	2792
609	2792
1985	2792
1763	2793
124	2792
1023	2792
2477	2793
1532	2792
824	2792
1245	2793
271	2797
1899	2792
1082	2793
683	2792
11	2793
1424	2792
606	2792
110	2792
1900	2792
2792	1602
2792	2515
2792	898
2792	2074
2792	469
2792	1267
2792	1732
2792	630
2792	2554
2792	529
2792	286
2792	1291
2792	1626
2792	1359
2792	2587
2792	169
2792	1828
2792	821
2792	1204
2792	1262
2792	1474
2792	1120
2792	2005
2792	742
2792	1307
2792	679
2792	2465
2792	1471
2792	884
2792	1789
2792	1509
2792	718
2792	2281
2792	971
2792	1198
2792	1929
2792	2281
2792	2281
2792	679
2792	60
2792	2202
2792	781
2792	300
2792	2791
2792	2189
2792	853
2792	330
2792	469
2792	2466
2792	853
2792	1657
2792	330
2792	1013
2792	1045
2792	1743
2792	710
2792	499
2792	896
2792	2456
2792	2387
2792	1074
2792	896
2792	95
2792	2790
2792	2416
2792	2456
2792	787
2792	2790
2792	211
2792	2484
2792	1164
2792	2643
2792	1398
2792	703
2792	2506
2792	926
2792	1186
2792	129
2792	2190
2792	784
2792	2083
2792	1272
2792	2758
2792	896
2792	2083
2792	1272
2792	2190
2792	2643
2792	639
2792	2332
2792	784
2792	990
2792	1776
2792	2083
2792	2643
2792	1776
2792	859
2792	1164
2792	1805
2792	1530
2792	755
2792	948
2792	948
2792	784
2792	2188
2792	571
2792	263
2792	1602
2792	368
2792	784
2792	667
2792	2395
2792	667
2792	964
2792	667
2792	1743
2792	1212
2792	1850
2792	2709
2792	1721
2792	2245
2792	1716
2792	667
2792	2245
2792	27
2792	983
2792	1212
2792	1850
2792	2709
2792	1924
2792	2113
2792	964
2792	649
2792	2643
2792	211
2792	990
2792	2503
2792	2577
2792	755
2792	615
2792	6
2792	2245
2792	948
2792	615
2792	2628
2792	162
2792	1463
2792	1262
2792	1530
2792	2684
2792	2577
2792	1797
2792	49
2792	497
2792	2004
2792	2304
2792	2008
2792	49
2792	6
2792	1797
2792	6
2792	615
2792	1994
2792	1994
2792	773
2792	571
2792	2058
2792	615
2792	948
2792	2245
2792	2506
2792	2643
2792	710
2792	51
2792	1262
2792	257
2792	2058
2792	964
2792	773
2792	2643
2792	257
2792	1617
2792	2484
2792	1509
2792	1099
2792	782
2792	49
2792	1530
2792	2493
2792	257
2792	1979
2792	1994
2792	1979
2792	1099
2792	1302
2792	2791
2792	1979
2792	948
2792	773
2792	691
2792	2493
2792	1302
2792	1493
2792	1359
2792	1291
2792	1120
2792	1641
2792	1670
2792	969
2792	2066
2792	2138
2792	1728
2792	2245
2792	257
2792	2755
2792	2197
2792	884
2792	76
2792	57
2792	2755
2792	858
2792	1728
2792	970
2792	464
2792	970
2792	2408
2792	858
2792	2686
2792	129
2792	1204
2792	1687
2792	1728
2792	2044
2792	858
2792	2197
2792	571
2792	1500
2792	296
2792	169
2792	1779
2792	2200
2792	898
2792	2686
2792	1099
2792	3
2792	1179
2792	1885
2792	1524
2792	37
2792	1286
2792	1286
2792	2785
2792	2479
2792	1286
2792	162
2792	286
2792	1700
2792	948
2792	1186
2792	2270
2792	2785
2792	1286
2792	1537
2792	2755
2792	948
2792	1500
2792	2697
2792	37
2792	1099
2792	2387
2792	964
2792	2577
2792	2485
2792	571
2792	821
2792	2493
2792	572
2792	939
2792	76
2792	884
2792	599
2792	2188
2792	1530
2792	1776
2792	2758
2792	438
2792	1420
2792	263
2792	1602
2792	1500
2792	529
2792	1616
2792	2707
2792	145
2792	1509
2792	2203
2792	679
2792	1779
2792	1002
2792	340
2792	2465
2792	2200
2792	898
2792	667
2792	1286
2792	1843
2792	1013
2792	2189
2792	971
2792	2240
2792	1557
2792	2515
2792	956
2792	1834
2792	1700
2792	1003
2792	314
2792	847
2792	2008
2792	2058
2792	1537
2792	54
2792	2304
2792	2785
2792	1537
2792	1494
2792	2686
2792	1537
2792	2485
2792	964
2792	2026
2792	1537
2792	2697
2792	52
2792	195
2792	49
2792	615
2792	2245
2792	2026
2792	52
2792	195
2792	2026
2792	1028
2792	1028
2792	1923
2792	2632
2792	195
2792	2026
2792	195
2792	2632
2792	1400
2792	1400
2792	1286
2792	2485
2792	948
2792	257
2792	667
2792	858
2792	2493
2792	884
2792	764
2792	679
2792	2205
2792	2755
2792	2090
2792	1400
2792	195
2792	2026
2792	2175
2792	23
2792	2791
2792	1537
2792	964
2792	2632
2792	23
2792	2175
2792	615
2792	49
2792	821
2792	529
2792	1616
2792	1779
2792	792
2792	2632
2792	23
2792	1728
2792	844
2792	969
2792	782
2792	964
2792	2190
2792	54
2792	112
2792	2758
2792	129
2792	2075
2792	1743
2792	1062
2792	781
2792	2529
2792	463
2792	1929
2792	1474
2792	1779
2792	2005
2792	814
2792	2598
2792	2175
2792	2485
2792	2785
2792	2755
2792	2189
2792	773
2792	601
2792	814
2792	311
2792	601
2792	814
2792	783
2792	1979
2792	2363
2792	640
2792	844
2792	1183
2792	640
2792	2363
2792	637
2792	783
2792	844
2792	52
2792	1286
2792	2197
2792	311
2792	640
2792	783
2792	2395
2792	2466
2792	956
2792	2485
2792	1728
2792	2036
2792	640
2792	1602
2792	640
2792	2036
2792	1099
2792	2304
2792	1262
2792	2755
2792	1743
2792	1474
2792	813
2792	296
2792	1834
2792	969
2792	2036
2792	937
2792	640
2792	783
2792	2766
2792	738
2792	1047
2792	524
2792	1047
2792	524
2792	2485
2792	2276
2792	2150
2792	2616
2792	656
2792	297
2792	297
2792	418
2792	1047
2792	524
2792	2712
2792	1182
2792	1989
2792	18
2792	656
2792	1099
2792	2119
2792	901
2792	2113
2792	2395
2792	1343
2792	2682
2792	1989
2792	970
2792	2626
2792	2119
2792	503
2792	697
2792	2549
2792	1369
2792	1322
2792	208
2792	1159
2792	1723
2792	7
2792	2460
2792	2467
2792	7
2792	2460
2792	227
2792	553
2792	2467
2792	1022
2792	2676
2792	814
2792	2598
2792	1376
2792	1376
2792	205
2792	1880
2792	7
2792	2546
2792	601
2792	1397
2792	631
2792	2129
2792	2759
2792	1997
2792	244
2792	1578
2792	235
2792	2082
2792	2712
2792	1142
2792	1142
2792	713
2792	1234
2792	910
2792	1997
2792	2358
2792	1665
2792	2208
2792	2574
2792	1727
2792	796
2792	235
2792	796
2792	990
2792	1923
2792	1665
2792	2626
2792	1920
2792	2574
2792	524
2792	49
2792	165
2792	2682
2792	1047
2792	2058
2792	2161
2792	2161
2792	1727
2792	1048
2792	964
2792	205
2792	2466
2792	2759
2792	2161
2792	2574
2792	2282
2792	1920
2792	1727
2792	2632
2792	2697
2792	715
2792	1557
2792	314
2792	969
2792	1861
2792	2074
2792	822
2792	1099
2792	1776
2792	2460
2792	821
2792	1262
2792	1463
2792	1165
2792	1003
2792	314
2792	51
2792	1641
2792	2066
2792	775
2792	7
2792	2208
2792	1665
2792	1088
2792	1142
2792	444
2792	551
2792	195
2792	1728
2792	858
2792	970
2792	2197
2792	1099
2792	964
2792	323
2792	2755
2792	2697
2792	2026
2792	2175
2792	2686
2792	52
2792	755
2792	2036
2792	2577
2792	814
2792	1537
2792	2758
2792	211
2792	1500
2792	813
2792	286
2792	2205
2792	764
2792	970
2792	858
2792	23
2792	1400
2792	195
2792	2026
2792	464
2792	1920
2792	1142
2792	2574
2792	814
2792	844
2792	162
2792	1920
2792	2574
2792	796
2792	1727
2792	1400
2792	2175
2792	2161
2792	2035
2792	938
2792	1878
2792	2302
2792	938
2792	323
2792	2036
2792	2175
2792	1355
2792	1537
2792	2682
2792	443
2792	1755
2792	2574
2792	1355
2792	2302
2792	2035
2792	1878
2792	938
2792	1565
2792	443
2792	2574
2792	1920
2792	796
2792	1727
2792	784
2792	23
2792	1099
2792	1657
2792	49
2792	2175
2792	2755
2792	667
2792	1979
2792	822
2792	1336
2792	2546
2792	2288
2792	2682
2792	1979
2792	2175
2792	2643
2792	948
2792	983
2792	1728
2792	23
2792	2485
2792	858
2792	2270
2792	764
2792	1120
2792	2705
2792	2705
2792	2741
2792	2189
2792	2161
2792	2705
2792	1204
2792	2288
2792	864
2792	2288
2792	814
2792	2741
2792	796
2792	2739
2792	2085
2792	2739
2792	2085
2792	1803
2792	1470
2792	1048
2792	881
2792	719
2792	1039
2792	2513
2792	864
2792	285
2792	2028
2792	2288
2792	1979
2792	615
2792	755
2792	2113
2792	1165
2792	2513
2792	2739
2792	1821
2792	2739
2792	1821
2792	2577
2792	7
2792	2387
2792	679
2792	1779
2792	2682
2792	1397
2792	2739
2792	2245
2792	2791
2792	1039
2792	1286
2792	327
2792	2485
2792	2395
2792	764
2792	601
2792	1039
2792	719
2792	2755
2792	1470
2792	2513
2792	662
2792	2639
2792	2346
2792	2639
2792	23
2792	1165
2792	2085
2792	1397
2792	2175
2792	1776
2792	2312
2792	1809
2792	1809
2792	1286
2792	758
2792	2575
2792	1825
2792	1985
2792	2491
2792	948
2792	1985
2792	2098
2792	1809
2792	2312
2792	2739
2792	1821
2792	37
2792	1056
2792	2478
2792	758
2792	1825
2792	459
2792	228
2792	2394
2792	551
2792	1809
2792	758
2792	2412
2792	2478
2792	2412
2792	57
2792	662
2792	49
2792	1985
2792	2682
2792	884
2792	459
2792	1809
2792	2113
2792	2213
2792	2098
2792	1985
2792	16
2792	1076
2792	2682
2792	228
2792	2175
2792	1076
2792	2747
2792	278
2792	1458
2792	758
2792	1825
2792	2276
2792	2312
2792	844
2792	1728
2792	758
2792	1825
2792	1056
2792	278
2792	228
2792	1056
2792	2705
2792	3
2792	2682
2792	2175
2792	1458
2792	758
2792	1825
2792	2098
2792	2485
2792	2785
2792	858
2792	6
2792	2494
2792	1142
2792	3
2792	2547
2792	459
2792	2705
2792	1202
2792	1821
2792	2193
2792	822
2792	1088
2792	2036
2792	2485
2792	858
2792	464
2792	2747
2792	2224
2792	2547
2792	1821
2792	2500
2792	1053
2792	1191
2792	2142
2792	2091
2792	1053
2792	1235
2792	1873
2792	2222
2792	964
2792	2091
2792	1873
2792	57
2792	2260
2792	392
2792	2260
2792	392
2792	1474
2792	814
2792	1053
2792	1397
2792	211
2792	758
2792	896
2792	1825
2792	1235
2792	2822
2792	1099
2792	1318
2792	409
2792	1706
2792	2363
2792	1706
2792	2626
2792	1743
2792	1706
2792	1984
2792	2739
2792	1053
2792	2626
2792	1796
2792	2512
2792	1984
2792	1706
2792	2059
2792	392
2792	2222
2792	409
2792	1977
2792	1318
2792	1151
2792	844
2792	2785
2792	297
2792	2574
2792	864
2792	1809
2792	1780
2792	119
2792	816
2792	2513
2792	662
2792	2394
2792	814
2792	937
2792	1286
2792	37
2792	1903
2792	2057
2792	459
2792	2822
2792	1318
2792	409
2792	1235
2792	2478
2792	2639
2792	2044
2792	970
2792	2512
2792	1706
2792	1984
2792	392
2792	2222
2792	2059
2792	2213
2792	240
2792	2054
2792	2054
2792	790
2792	2240
2792	2675
2792	2059
2792	2494
2792	2785
2792	790
2792	240
2792	2054
2792	2379
2792	1504
2792	1336
2792	2546
2792	1504
2792	40
2792	2379
2792	2058
2792	2054
2792	1809
2792	2513
2792	1286
2792	2036
2792	40
2792	2705
2792	1504
2792	7
2792	624
2792	195
2792	1400
2792	1537
2792	2785
2792	2755
2792	205
2792	1702
2792	119
2792	816
2792	2512
2792	2633
2792	1374
2792	2662
2792	1290
2792	2190
2792	129
2792	2091
2792	246
2792	1979
2792	492
2792	492
2792	2068
2792	1152
2792	1653
2792	1504
2792	2675
2792	769
2792	816
2792	1151
2792	1515
2792	2288
2792	2494
2792	2574
2792	1045
2792	1488
2792	1979
2792	719
2792	1803
2792	1336
2792	23
2792	970
2792	2001
2792	1653
2792	1515
2792	2068
2792	119
2792	2648
2792	822
2792	420
2792	705
2792	2578
2792	98
2792	298
2792	2083
2792	2129
2792	964
2792	1985
2792	1825
2792	2575
2792	758
2792	1515
2792	1653
2792	2068
2792	298
2792	2675
2792	2057
2792	705
2792	2608
2792	1504
2792	2041
2792	705
2792	240
2792	2578
2792	2495
2792	731
2792	839
2792	1269
2792	153
2792	2148
2792	2029
2792	178
2792	203
2792	633
2792	365
2792	2262
2792	1175
2792	1991
2792	1644
2792	1475
2792	220
2792	2720
2792	1144
2792	98
2792	2036
2792	2720
2792	1475
2792	1991
2792	1644
2792	365
2792	2029
2792	153
2792	203
2792	1175
2792	633
2792	178
2792	246
2792	2632
2792	22
2792	1376
2792	2739
2792	796
2792	640
2792	195
2792	1537
2792	2785
2792	2686
2792	2720
2792	2633
2792	1831
2792	1825
2792	2755
2792	1985
2792	2790
2792	1783
2792	2058
2792	2412
2792	1809
2792	2091
2792	1449
2792	416
2792	2633
2792	705
2792	416
2792	1821
2792	1024
2792	220
2792	957
2792	2041
2792	621
2792	705
2792	1783
2792	1020
2792	1783
2792	1873
2792	1020
2792	957
2792	242
2792	242
2792	1979
2792	2546
2792	816
2792	2253
2792	1240
2792	1663
2792	2121
2792	259
2792	1411
2792	1046
2792	236
2792	275
2792	1328
2792	1169
2792	1388
2792	2446
2792	695
2792	2331
2792	2463
2792	393
2792	2675
2792	1783
2792	420
2792	2253
2792	1240
2792	2121
2792	236
2792	259
2792	275
2792	695
2792	2331
2792	1611
2792	2446
2792	1328
2792	2301
2792	2495
2792	1825
2792	281
2792	1611
2792	1246
2792	1240
2792	203
2792	1979
2792	2175
2792	1024
2792	2020
2792	761
2792	308
2792	213
2792	1702
2792	1189
2792	1025
2792	1056
2792	272
2792	28
2792	1055
2792	2546
2792	624
2792	297
2792	1246
2792	1175
2792	1246
2792	1611
2792	1985
2792	2494
2792	155
2792	259
2792	1663
2792	1240
2792	259
2792	1046
2792	1903
2792	2057
2792	2091
2792	1208
2792	790
2792	773
2792	2463
2792	1246
2792	1076
2792	1458
2792	758
2792	2494
2792	2485
2792	2739
2792	2512
2792	1027
2792	155
2792	110
2792	1611
2792	1142
2792	2632
2792	6
2792	615
2792	501
2792	2790
2792	1896
2792	1803
2792	2675
2792	1488
2792	1611
2792	416
2792	235
2792	1611
2792	2168
2792	970
2792	957
2792	110
2792	301
2792	2121
2792	2494
2792	790
2792	2168
2792	1663
2792	1510
2792	561
2792	1040
2792	2036
2792	2168
2792	561
2792	1040
2792	2023
2792	497
2792	2113
2792	2575
2792	2023
2792	2091
2792	2224
2792	155
2792	2559
2792	2023
2792	2168
2792	2091
2792	2260
2792	13
2792	2559
2792	2023
2792	1611
2792	1144
2792	667
2792	1896
2792	634
2792	948
2792	2058
2792	2755
2792	1984
2792	898
2792	2395
2792	1302
2792	2575
2792	2091
2792	2222
2792	1825
2792	2416
2792	1683
2792	2023
2792	1714
2792	1985
2792	1240
2792	2739
2792	1728
2792	275
2792	298
2792	52
2792	538
2792	1449
2792	914
2792	1411
2792	1784
2792	896
2792	2720
2792	2098
2792	2500
2792	2224
2792	2028
2792	2741
2792	864
2792	2114
2792	52
2792	2765
2792	1784
2792	2446
2792	1825
2792	758
2792	2168
2792	1611
2792	1318
2792	2368
2792	52
2792	13
2792	242
2792	1814
2792	914
2792	2559
2792	1611
2792	2632
2792	501
2792	2571
2792	2765
2792	631
2792	1397
2792	902
2792	816
2792	1873
2792	1286
2792	902
2792	1814
2792	2675
2792	2326
2792	1078
2792	416
2792	914
2792	119
2792	1039
2792	747
2792	40
2792	2765
2792	1689
2792	902
2792	2739
2792	1358
2792	755
2792	501
2792	119
2792	2675
2792	1896
2792	280
2792	1078
2792	409
2792	1318
2792	96
2792	1114
2792	606
2792	285
2792	1286
2792	606
2792	1611
2792	1611
2792	1566
2792	1566
2792	459
2792	2129
2792	244
2792	1997
2792	1397
2792	631
2792	2460
2792	7
2792	943
2792	1566
2792	2518
2792	1749
2792	73
2792	516
2792	201
2792	1017
2792	2672
2792	1611
2792	2288
2792	2518
2792	1028
2792	695
2792	1620
2792	1320
2792	1620
2792	1320
2792	1589
2792	2121
2792	1603
2792	1320
2792	1611
2792	1603
2792	1566
2792	1548
2792	1240
2792	1663
2792	914
2792	1320
2792	1603
2792	1388
2792	1431
2792	215
2792	77
2792	920
2792	484
2792	2770
2792	2443
2792	2076
2792	1647
2792	2224
2792	758
2792	1825
2792	2494
2792	1431
2792	1814
2792	2459
2792	2443
2792	1640
2792	982
2792	1320
2792	1611
2792	844
2792	2766
2792	792
2792	2632
2792	2785
2792	501
2792	1291
2792	858
2792	1548
2792	2365
2792	2375
2792	1512
2792	1518
2792	484
2792	2222
2792	2443
2792	1320
2792	1611
2792	403
2792	2575
2792	2365
2792	984
2792	1240
2792	796
2792	1142
2792	1603
2792	2222
2792	1302
2792	1727
2792	1920
2792	1458
2792	958
2792	1834
2792	1537
2792	912
2792	1231
2792	1320
2792	1896
2792	1611
2792	2059
2792	2416
2792	1286
2792	1611
2792	2512
2792	2368
2792	2059
2792	80
2792	1458
2792	2478
2792	1606
2792	1400
2792	1099
2792	2822
2792	2764
2792	2307
2792	2365
2792	1611
2792	129
2792	1310
2792	275
2792	2675
2792	1488
2792	2028
2792	2741
2792	864
2792	2288
2792	1142
2792	1286
2792	858
2792	1979
2792	615
2792	667
2792	2755
2792	2443
2792	1449
2792	3
2792	1742
2792	2058
2792	2632
2792	410
2792	375
2792	484
2792	2179
2792	375
2792	1930
2793	982
2793	215
2793	606
2793	1261
2793	1775
2793	110
2793	1027
2793	259
2793	1411
2792	375
2792	1781
2792	993
2792	2739
2792	2494
2792	7
2792	1045
2792	1611
2792	1781
2792	993
2792	672
2793	1320
2792	416
2792	1781
2792	1930
2793	1640
2792	1568
2792	780
2792	2443
2793	1825
2793	758
2792	986
2792	2294
2792	1317
2792	1890
2792	1282
2792	2645
2793	1568
2793	1775
2793	1449
2793	790
2793	240
2793	1903
2793	119
2793	2091
2793	2747
2793	758
2793	2575
2793	1825
2793	16
2793	2786
2793	2485
2793	2001
2792	2443
2792	1118
2792	10
2793	2443
2792	375
2792	2549
2792	1568
2792	1568
2793	2705
2793	758
2793	1825
2793	719
2793	2036
2793	1286
2793	758
2793	2705
2792	2055
2792	514
2792	1317
2792	2285
2792	1231
2792	240
2792	697
2792	780
2792	575
2792	1320
2792	55
2792	2060
2792	1655
2792	10
2792	962
2792	355
2793	1013
2792	1320
2793	1320
2792	2785
2792	1723
2792	2626
2792	640
2792	2546
2792	1207
2792	429
2793	1640
2793	672
2793	1240
2792	382
2793	1611
2793	1603
2793	1566
2793	22
2793	1320
2793	1727
2793	355
2793	914
2793	2682
2793	1400
2793	195
2793	497
2792	1282
2792	259
2792	1131
2792	98
2793	2028
2793	1565
2793	1611
2793	119
2793	2764
2793	1985
2793	2747
2793	1131
2793	10
2793	962
2793	2222
2793	2055
2793	2675
2793	1488
2793	285
2793	2741
2793	864
2793	1979
2793	615
2793	755
2793	257
2793	1302
2793	858
2793	719
2793	962
2793	2375
2793	2365
2793	1512
2793	1017
2793	2672
2793	516
2793	1028
2793	201
2792	1131
2793	1144
2793	501
2792	1603
2792	962
2793	758
2793	1825
2793	1984
2793	275
2792	354
2793	354
2792	1604
2792	1981
2792	2523
2793	2498
2792	1654
2792	213
2792	2224
2793	1566
2792	1654
2793	1825
2792	1654
2793	267
2793	2764
2793	1566
2792	2764
2793	2523
2793	1603
2793	215
2793	1261
2793	1775
2793	1240
2793	1663
2793	1169
2793	2463
2793	203
2793	2041
2793	1706
2793	1967
2793	416
2793	1821
2793	229
2793	503
2793	1537
2793	920
2793	2559
2793	301
2793	1449
2793	914
2793	2522
2793	790
2793	2059
2793	2222
2793	55
2793	1977
2793	2575
2793	1809
2793	1985
2793	858
2793	948
2793	672
2793	1926
2793	2485
2793	898
2793	54
2793	1743
2793	6
2793	1013
2792	1566
2793	355
2793	2443
2793	2121
2793	40
2792	267
2793	244
2793	1451
2792	1320
2793	1568
2793	2662
2793	1654
2793	1840
2793	1781
2793	375
2792	2443
2792	1991
2792	552
2793	2307
2793	2443
2793	1397
2793	2060
2792	1920
2792	1400
2792	2026
2792	195
2792	2485
2792	2044
2792	858
2792	1027
2793	1940
2793	1840
2792	1611
2793	336
2792	336
2793	136
2792	136
2792	2081
2792	2343
2792	2443
2792	136
2792	301
2792	2523
2793	2747
2792	2443
2792	326
2792	2033
2792	326
2792	2755
2793	326
2792	136
2792	878
2792	1451
2793	1013
2793	1611
2792	336
2793	1246
2793	1985
2793	787
2792	878
2793	2358
2793	2691
2793	2616
2793	964
2793	2203
2793	2720
2793	1644
2793	1991
2793	1475
2793	365
2793	524
2793	1047
2792	667
2792	326
2792	2055
2793	2055
2793	336
2792	2507
2793	1237
2793	326
2793	1809
2793	1920
2793	1112
2792	206
2792	1112
2792	1112
2793	1603
2793	1112
2793	215
2793	672
2793	1611
2792	2731
2793	2733
2793	2626
2792	336
2792	119
2793	962
2792	1320
2792	1237
2793	406
2793	1237
2793	705
2793	443
2793	57
2792	878
2793	2785
2793	1840
2793	962
2793	375
2793	703
2792	326
2792	1320
2792	298
2792	1246
2792	1255
2792	1706
2792	914
2792	2175
2793	1255
2792	943
2793	571
2792	1236
2793	1594
2792	1594
2793	1320
2793	2697
2793	326
2793	2755
2793	664
2793	1654
2793	2466
2793	1647
2793	2443
2792	1603
2792	326
2792	2176
2793	2523
2793	1255
2793	2559
2792	962
2793	354
2792	609
2793	1840
2793	667
2793	1165
2793	2036
2793	816
2793	2626
2793	695
2793	2769
2793	575
2793	2443
2792	259
2793	974
2793	1781
2793	822
2793	336
2793	1169
2793	2648
2793	22
2793	2142
2793	1025
2793	2500
2793	887
2793	2109
2793	2633
2793	1320
2793	663
2793	195
2793	2044
2793	2026
2793	1400
2793	1984
2793	962
2793	1603
2793	1689
2793	2224
2793	2491
2793	1246
2793	2179
2793	215
2793	896
2793	1896
2793	555
2793	157
2793	672
2793	2443
2793	2081
2793	2059
2793	2747
2793	1825
2793	758
2793	326
2793	355
2793	2443
2792	2731
2793	326
2793	492
2793	1784
2793	974
2793	1183
2793	1118
2792	1023
2792	229
2793	301
2793	1611
2792	555
2793	96
2793	609
2793	136
2793	301
2793	2175
2793	969
2793	2260
2793	2608
2793	1825
2793	758
2793	283
2793	912
2792	822
2793	1589
2793	964
2792	1183
2793	2443
2793	354
2793	609
2793	1255
2793	1594
2793	2785
2793	2363
2793	1169
2792	2704
2792	1796
2793	2747
2793	629
2793	25
2793	2764
2793	2059
2793	2600
2793	1320
2793	409
2793	1255
2793	2600
2792	2293
2793	1568
2793	420
2793	119
2792	910
2792	1397
2792	1114
2792	2600
2793	839
2793	2660
2793	990
2793	1526
2792	1852
2792	2211
2792	1526
2792	553
2792	2379
2792	1796
2792	2704
2792	469
2793	2600
2793	213
2793	758
2793	1825
2792	1706
2793	1255
2793	1873
2792	1526
2792	275
2793	1240
2793	1852
2793	2764
2793	1118
2793	2307
2793	1548
2793	1237
2793	429
2793	1191
2793	553
2793	2055
2793	1236
2793	1449
2793	204
2793	25
2793	761
2793	2020
2793	1455
2793	2312
2793	2739
2793	1470
2793	1589
2793	943
2793	416
2793	2035
2793	2302
2793	2682
2793	1628
2793	2500
2793	336
2793	1611
2792	2293
2793	354
2793	1985
2793	1840
2793	2785
2793	1260
2793	1255
2793	816
2793	1318
2793	236
2793	2121
2792	2293
2793	2443
2793	1183
2793	1526
2793	703
2793	1825
2793	758
2793	2575
2793	1286
2792	1589
2793	575
2793	2059
2793	2676
2793	1449
2792	655
2792	1030
2792	2523
2792	1240
2793	1566
2793	2363
2793	2224
2793	2755
2793	667
2793	718
2793	1657
2793	211
2793	615
2793	1979
2793	1728
2793	970
2793	2485
2793	1286
2793	1028
2793	52
2793	2175
2793	2036
2793	323
2793	1142
2793	1727
2793	2645
2793	1920
2793	864
2793	285
2793	2513
2793	2747
2793	1310
2793	2822
2793	2512
2793	2057
2793	1749
2793	2765
2793	516
2793	2600
2793	1030
2793	878
2793	2443
2793	1852
2793	1706
2793	2412
2793	1389
2793	901
2793	942
2793	795
2793	2730
2793	3
2792	2600
2792	2600
2792	28
2793	2574
2793	2443
2793	822
2793	661
2793	2600
2793	1880
2793	1882
2793	1517
2793	1880
2793	326
2793	267
2793	1604
2793	136
2793	1840
2793	1320
2793	2036
2793	1852
2793	1526
2793	2459
2793	2675
2793	1979
2793	864
2793	2741
2793	1488
2793	2028
2793	1152
2793	1286
2793	257
2793	416
2793	2307
2793	2523
2793	228
2793	1053
2793	1458
2793	1727
2793	1047
2793	524
2793	22
2793	169
2793	948
2793	1797
2793	1099
2793	814
2793	2068
2793	1142
2793	2574
2793	1078
2793	119
2793	153
2793	1020
2793	1749
2793	1131
2793	970
2793	758
2793	301
2793	1112
2793	1240
2793	275
2793	912
2793	1208
2793	2686
2793	2314
2793	2575
2793	1683
2793	629
2793	1427
2793	655
2792	2060
2793	2443
2793	1611
2793	2121
2793	1985
2793	2513
2793	2175
2793	1035
2793	1320
2793	2224
2793	974
2793	2600
2793	2129
2793	1427
2793	2165
2792	1706
2792	2026
2792	1400
2792	195
2792	816
2792	1984
2792	1566
2792	758
2792	1825
2793	1526
2793	54
2793	1743
2792	555
2792	206
2792	1568
2792	1985
2793	1035
2793	1611
2793	2660
2793	672
2793	795
2793	1206
2793	661
2793	878
2793	157
2792	758
2793	664
2793	993
2793	575
2793	1114
2793	2098
2793	1994
2793	2113
2793	2395
2793	773
2793	1320
2793	2059
2793	758
2793	1825
2793	1286
2793	2189
2793	1165
2793	2616
2792	2260
2792	2224
2792	1455
2793	1320
2793	1647
2793	1809
2793	656
2793	2546
2793	624
2793	640
2793	1537
2793	464
2793	2755
2793	27
2793	691
2793	1267
2793	1558
2793	1641
2793	2066
2793	2200
2793	2764
2793	1240
2793	2085
2793	1427
2793	2363
2793	1229
2793	96
2793	703
2793	2456
2793	1114
2793	2076
2793	1427
2793	1800
2793	2546
2792	912
2792	2523
2793	962
2793	1781
2793	2575
2793	54
2793	1053
2793	382
2793	2768
2793	609
2793	1985
2792	1286
2792	2319
2792	655
2792	705
2792	2175
2792	49
2792	1926
2793	1047
2793	2219
2792	2768
2793	83
2793	619
2793	2219
2793	878
2793	1611
2793	2633
2793	1427
2792	343
2793	2559
2793	382
2793	2113
2793	747
2792	1271
2793	1930
2793	1328
2793	7
2793	1047
2792	343
2793	2764
2793	1903
2793	1272
2792	1271
2793	410
2793	1611
2793	1255
2793	672
2793	1566
2793	896
2792	661
2793	1663
2793	1035
2793	2764
2793	1449
2793	1448
2793	964
2793	1981
2793	1389
2792	1271
2793	1840
2793	2133
2793	1271
2792	609
2793	2764
2793	1397
2793	822
2793	2494
2793	1449
2792	1237
2793	2133
2793	1355
2793	1825
2792	1271
2793	1449
2792	1131
2792	2731
2792	2600
2792	575
2793	902
2793	1142
2793	392
2793	224
2792	1594
2792	2081
2792	2331
2792	2446
2792	492
2792	1567
2792	1030
2793	2395
2793	2113
2793	2632
2792	2027
2793	619
2793	1320
2793	844
2793	2675
2793	796
2793	1981
2793	343
2793	2443
2793	1611
2792	478
2793	1199
2793	1840
2792	1450
2793	2288
2793	2720
2793	2416
2793	52
2793	1449
2793	516
2792	1146
2792	1459
2793	962
2793	1146
2793	1112
2793	1286
2793	1027
2793	796
2793	514
2792	2058
2793	1427
2793	1840
2793	484
2793	2068
2793	157
2793	2822
2793	1056
2793	758
2793	1825
2793	311
2793	1557
2792	1887
2792	2081
2792	2343
2792	267
2792	1604
2792	1981
2793	1112
2793	2307
2793	1246
2792	1887
2793	2600
2793	1427
2793	1146
2792	1611
2792	1985
2792	347
2793	2027
2793	2133
2793	1427
2793	1459
2793	336
2793	2600
2793	347
2793	2133
2792	1512
2793	347
2793	1692
2792	1567
2792	1271
2792	1692
2792	347
2793	1692
2793	2461
2793	142
2792	1271
2793	1766
2793	1255
2793	1840
2793	347
2793	2575
2793	878
2793	2113
2793	347
2793	1030
2793	259
2793	1449
2793	881
2793	1766
2792	1692
2793	233
2793	1146
2793	1692
2793	1051
2792	2307
2792	1206
2793	2557
2793	155
2793	1271
2793	1893
2793	478
2793	878
2793	943
2793	1397
2793	631
2793	2523
2793	1840
2792	355
2792	1689
2792	604
2792	1040
2793	382
2793	1589
2793	1449
2793	1742
2793	1537
2793	246
2793	343
2793	673
2792	1051
2793	1558
2793	1051
2793	1766
2793	1611
2793	2443
2793	1051
2793	1271
2792	242
2792	1809
2792	1985
2792	1286
2792	2059
2792	1449
2792	110
2792	1728
2793	984
2793	336
2793	572
2793	492
2793	878
2793	275
2793	236
2793	2121
2793	679
2793	1397
2792	809
2792	2564
2792	563
2792	2576
2792	1973
2792	1738
2793	1286
2793	2461
2793	1587
2793	2398
2793	2557
2793	1692
2792	1973
2792	1738
2793	1459
2793	1051
2793	2461
2793	2557
2793	534
2792	1427
2793	962
2793	1231
2793	1903
2793	2059
2793	2260
2793	2091
2793	2222
2793	1920
2793	2036
2793	844
2793	809
2793	1800
2793	83
2792	2547
2793	136
2792	2494
2793	1128
2793	2395
2793	664
2793	879
2793	1192
2793	1775
2793	1040
2793	2578
2793	98
2793	420
2793	1903
2793	1706
2793	1235
2793	1039
2793	2513
2793	2755
2793	2224
2793	745
2793	2068
2793	609
2792	1966
2793	1966
2793	2133
2792	1450
2792	1966
2793	1611
2793	1967
2792	2586
2793	1966
2792	2087
2792	736
2792	1339
2792	1288
2792	708
2792	2308
2792	1804
2792	972
2792	2568
2792	1576
2792	2376
2792	842
2792	2711
2792	875
2792	343
2792	1339
2792	708
2792	1288
2792	2087
2792	875
2792	972
2792	1128
2793	1804
2793	655
2793	1738
2793	1576
2793	822
2793	478
2792	2068
2792	1985
2792	804
2793	804
2793	912
2792	382
2792	1966
2792	2070
2792	380
2792	991
2793	991
2793	1051
2793	1576
2793	1924
2793	553
2793	2739
2792	933
2793	1271
2793	748
2793	2523
2793	1742
2793	1385
2793	1290
2793	2017
2793	380
2793	1271
2793	2568
2793	1576
2793	748
2793	1184
2793	1973
2793	1339
2793	2568
2793	1288
2793	347
2793	380
2793	748
2793	933
2793	423
2793	804
2793	912
2793	991
2793	2087
2793	2070
2793	748
2793	1385
2792	2070
2792	1339
2793	933
2793	748
2793	355
2793	839
2793	40
2793	672
2793	306
2792	1112
2792	804
2792	655
2792	306
2793	1692
2793	736
2793	1745
2793	343
2792	453
2793	2568
2793	1576
2793	972
2793	2711
2793	1288
2793	2369
2793	1237
2793	748
2793	2257
2793	747
2793	705
2793	2308
2793	2586
2793	470
2793	1271
2793	269
2793	2530
2793	1288
2792	1103
2793	991
2793	1103
2793	1450
2793	2530
2792	2271
2793	2070
2793	804
2793	758
2793	2271
2793	306
2793	1035
2793	2070
2793	804
2793	2268
2793	2217
2793	1103
2793	200
2793	453
2793	2017
2793	748
2793	1800
2793	1427
2793	1450
2793	1653
2793	1339
2793	708
2793	1288
2793	1804
2793	2376
2793	1985
2793	933
2792	2271
2793	470
2793	1088
2793	2217
2792	1103
2793	2007
2793	8
2793	2224
2793	1966
2793	2523
2792	619
2792	1611
2792	2224
2792	2363
2792	2785
2792	842
2793	748
2793	2268
2793	1653
2793	2601
2793	2271
2793	306
2793	8
2792	575
2793	1023
2793	832
2792	478
2793	2217
2792	2058
2792	1864
2793	1146
2793	748
2793	673
2793	1864
2792	968
2792	2683
2793	2683
2792	2217
2792	2268
2793	1567
2793	1427
2793	1611
2793	2217
2793	2268
2792	968
2793	343
2793	1282
2793	2507
2793	832
2793	14
2792	2271
2792	2268
2792	2217
2793	1320
2793	2414
2792	181
2793	1985
2793	2217
2793	1618
2793	1565
2793	1271
2793	470
2793	1146
2793	1459
2793	2133
2793	1526
2793	1169
2793	1529
2793	2142
2793	640
2793	844
2793	2598
2792	632
2792	2105
2792	1321
2792	2414
2792	968
2792	2683
2792	1618
2792	2601
2792	748
2792	2017
2793	2257
2793	181
2793	2414
2793	1568
2793	2675
2793	1488
2793	2105
2793	2601
2793	301
2793	1240
2793	1603
2793	964
2793	2443
2793	2288
2793	1611
2793	2683
2793	968
2793	627
2793	478
2793	2261
2793	1548
2793	943
2793	1589
2793	571
2793	2203
2793	2707
2793	1575
2793	368
2793	1779
2793	1002
2793	2587
2793	867
2793	2576
2793	809
2793	2760
2792	2446
2793	181
2793	1604
2793	619
2793	22
2793	416
2793	246
2793	1746
2793	1376
2793	2463
2793	1967
2793	858
2793	2268
2793	2217
2793	1131
2793	968
2793	563
2793	2287
2792	1697
2793	748
2793	1062
2793	336
2793	1611
2793	478
2792	2611
2793	240
2792	1450
2792	632
2792	326
2792	2060
2793	203
2793	632
2793	2105
2792	2227
2793	2217
2793	2268
2792	1045
2793	1568
2793	2416
2793	2307
2793	2764
2793	2513
2793	2175
2793	1926
2793	609
2793	1825
2793	567
2793	2070
2793	686
2792	1697
2792	2009
2792	2611
2792	2333
2792	2227
2792	567
2792	237
2793	354
2793	2227
2793	2611
2792	1320
2793	726
2793	2268
2793	567
2793	181
2793	2414
2793	2530
2792	2333
2793	237
2793	2307
2792	2227
2793	1726
2793	832
2792	2683
2793	269
2793	8
2793	1829
2793	673
2793	1568
2793	2764
2793	1555
2793	1401
2793	1681
2793	1618
2793	1576
2793	2571
2793	2412
2793	2611
2792	1467
2793	1467
2793	2535
2792	1697
2793	2683
2793	875
2793	726
2793	2414
2793	575
2793	1131
2793	1726
2793	1713
2793	336
2792	1611
2793	181
2793	2683
2793	1576
2793	2568
2793	1766
2792	1401
2792	1681
2792	1555
2792	1745
2793	181
2793	2268
2792	1020
2793	2333
2792	1431
2793	938
2792	484
2793	2113
2793	2227
2793	2458
2793	615
2793	1255
2792	1108
2793	110
2793	2785
2793	1108
2793	1932
2792	1375
2793	804
2793	968
2793	2683
2793	609
2793	1653
2793	1375
2793	1108
2793	968
2792	131
2793	832
2793	1023
2793	1524
2793	57
2793	2133
2793	748
2792	131
2793	757
2793	757
2793	748
2793	416
2793	2129
2792	757
2793	2307
2793	2494
2793	2308
2793	235
2793	2132
2793	1681
2793	1467
2793	326
2793	1728
2793	757
2793	863
2793	2601
2793	2675
2793	2132
2793	757
2793	2568
2793	2593
2793	832
2793	2477
2793	8
2793	748
2793	2785
2792	816
2793	1681
2793	1985
2793	1286
2792	2513
2792	719
2793	2477
2792	857
2793	567
2792	857
2793	857
2792	100
2793	609
2793	2611
2793	2611
2793	609
2793	1179
2793	2564
2793	555
2793	384
2793	2477
2792	100
2793	1986
2792	2268
2792	672
2792	15
2793	2363
2792	15
2793	2288
2793	1238
2793	1334
2793	2227
2793	261
2793	2651
2792	748
2793	2760
2792	904
2792	2651
2792	1697
2792	2562
2793	508
2793	2443
2793	2340
2793	380
2793	673
2793	2620
2793	2581
2793	2060
2793	2378
2793	470
2793	2547
2793	1397
2793	1047
2793	2087
2793	673
2793	347
2793	224
2793	2333
2793	181
2792	652
2793	306
2793	4
2793	4
2793	575
2793	100
2793	501
2793	1339
2793	875
2793	2711
2793	1051
2793	1526
2793	283
2793	553
2792	293
2793	2439
2793	1756
2793	127
2793	857
2793	2477
2793	863
2793	757
2793	1932
2793	1077
2793	1966
2793	2167
2793	2683
2793	594
2793	131
2793	21
2793	306
2793	406
2793	2439
2792	4
2793	4
2793	1183
2792	2167
2792	1749
2793	2378
2793	673
2793	2340
2793	416
2793	2443
2793	1966
2793	1334
2793	2783
2793	2132
2793	2512
2793	2783
2793	2439
2793	4
2793	1925
2793	748
2793	2133
2792	2167
2793	2186
2793	1334
2792	508
2792	968
2793	215
2793	1385
2793	948
2793	2439
2793	1458
2793	2245
2793	594
2793	131
2793	2611
2792	594
2793	2651
2793	632
2793	2105
2793	470
2793	2133
2793	1566
2793	2098
2792	2167
2793	1603
2793	459
2792	2439
2793	2167
2793	347
2792	2783
2792	600
2792	2167
2792	2591
2792	594
2792	2241
2792	2477
2793	773
2793	2416
2793	54
2793	347
2793	609
2793	1449
2793	719
2792	1802
2793	1802
2792	1096
2792	1652
2792	1352
2793	1096
2793	4
2793	1271
2792	1652
2792	1352
2793	1352
2792	1725
2793	1725
2792	2224
2793	585
2793	2772
2793	1352
2793	2133
2792	2772
2792	585
2792	1652
2792	1096
2793	1725
2793	1352
2793	1681
2793	1713
2793	864
2793	2055
2793	585
2793	2081
2793	2343
2793	267
2793	1604
2793	1981
2793	1809
2793	1318
2793	1903
2793	1310
2793	609
2793	790
2793	2175
2793	1706
2793	898
2792	2772
2792	1725
2792	2167
2792	708
2792	736
2792	1576
2792	673
2792	1887
2793	1652
2793	585
2793	1726
2793	1725
2793	335
2793	4
2793	1238
2793	863
2792	2076
2793	1896
2793	1096
2793	8
2793	652
2793	2764
2793	1246
2793	2363
2793	2340
2793	464
2793	336
2793	2058
2793	672
2793	748
2793	2224
2793	758
2793	1187
2793	2755
2793	382
2793	2426
2793	2217
2793	2268
2793	416
2793	2068
2793	2459
2793	1131
2793	1271
2793	2675
2793	2091
2793	1152
2793	609
2792	2663
2792	2663
2792	148
2793	148
2792	917
2792	1187
2793	2340
2793	1320
2793	1352
2793	1096
2793	131
2793	1310
2793	2822
2793	1292
2793	2632
2793	890
2793	1608
2793	2426
2792	2675
2792	1488
2792	615
2792	1608
2793	1984
2793	392
2793	2222
2793	816
2793	609
2793	1728
2793	1512
2793	1238
2792	1292
2793	1334
2793	1292
2793	2081
2793	2343
2793	267
2793	1604
2793	1981
2793	1706
2793	1608
2793	609
2793	1450
2793	298
2793	1903
2793	1318
2792	2252
2793	1145
2793	148
2792	2427
2793	2468
2793	290
2792	2482
2792	2426
2792	585
2793	682
2792	682
2793	625
2792	2468
2793	1187
2793	1145
2793	2783
2793	1367
2793	2468
2792	1559
2793	215
2793	280
2793	625
2792	562
2792	987
2792	1264
2792	1559
2792	450
2792	1927
2793	1147
2792	2562
2792	1147
2793	711
2793	1896
2792	1172
2792	519
2793	290
2793	1836
2793	2611
2793	1728
2792	1819
2792	987
2793	970
2792	2772
2793	562
2793	1488
2793	2675
2793	1725
2793	2288
2793	45
2793	1725
2793	1352
2793	1096
2793	1770
2793	682
2793	2772
2793	2576
2793	2564
2793	355
2792	1264
2793	987
2793	347
2793	609
2793	1568
2793	508
2793	748
2793	127
2793	1147
2793	2186
2793	1352
2793	45
2793	2378
2793	1770
2793	1932
2793	2683
2793	2523
2792	612
2793	1262
2793	691
2793	639
2793	2426
2792	2675
2793	625
2793	1770
2793	1889
2793	1559
2793	2167
2792	987
2793	987
2793	1147
2793	2512
2793	1967
2793	312
2792	612
2792	312
2792	1770
2793	987
2792	1819
2793	2633
2792	191
2793	704
2793	1196
2793	2091
2793	1770
2793	1271
2793	562
2792	772
2792	612
2792	586
2792	126
2793	772
2792	1367
2792	45
2792	1836
2792	1819
2793	1570
2793	1334
2793	586
2793	1427
2793	608
2793	259
2793	800
2793	1914
2793	1271
2792	1819
2793	336
2793	1510
2793	1199
2793	2651
2793	181
2793	1443
2793	224
2793	2091
2793	2650
2793	2531
2792	1069
2792	1498
2792	1185
2792	2531
2793	788
2793	2330
2793	1061
2793	1427
2792	788
2792	1061
2793	2722
2793	987
2793	1819
2793	1196
2793	1985
2793	2285
2792	100
2793	2722
2792	1570
2792	2528
2793	41
2793	1941
2793	800
2793	1300
2793	2650
2792	2722
2793	2528
2793	1410
2793	1914
2793	449
2793	1313
2793	126
2793	2450
2793	317
2793	2181
2793	680
2793	1819
2793	1836
2793	290
2793	2468
2793	711
2792	1427
2793	1069
2793	1061
2792	378
2793	2722
2793	2443
2793	612
2792	1671
2793	1671
2793	800
2793	586
2792	625
2792	1938
2793	2722
2793	1069
2792	1424
2793	832
2793	429
2793	1184
2793	1023
2793	806
2793	2090
2793	1424
2793	857
2792	2446
2793	1300
2793	800
2793	2722
2793	1069
2793	1424
2793	711
2793	2468
2793	1926
2793	2490
2793	615
2793	1132
2793	1165
2792	2682
2793	1069
2792	987
2793	2722
2793	2105
2793	2419
2793	1634
2793	704
2793	790
2793	377
2793	1480
2792	1132
2792	2555
2792	2217
2792	2268
2793	381
2793	2032
2793	933
2793	1132
2793	1088
2792	800
2793	748
2792	1414
2792	1837
2792	2032
2792	1132
2792	1634
2793	1611
2793	2722
2793	1500
2793	964
2793	857
2792	947
2793	1634
2793	1859
2793	1352
2793	1096
2793	947
2793	1498
2793	8
2793	2252
2793	917
2793	1967
2793	993
2793	1172
2793	294
2792	1819
2793	2574
2792	1424
2792	987
2792	2482
2792	1608
2792	450
2792	1264
2793	450
2793	41
2793	947
2793	857
2793	832
2793	2268
2793	382
2793	695
2793	2477
2793	2121
2793	2150
2793	1629
2793	1056
2793	1088
2793	2783
2793	608
2793	7
2793	2547
2793	912
2793	1288
2793	1852
2793	2293
2793	1271
2793	863
2793	224
2793	41
2793	2135
2793	23
2793	1889
2793	1836
2793	625
2793	1802
2793	4
2793	1300
2793	2307
2793	2340
2793	2217
2793	2268
2793	380
2793	1966
2793	267
2793	1604
2793	1981
2793	275
2793	236
2793	131
2793	567
2793	2611
2793	2029
2793	1829
2793	1803
2793	285
2793	796
2793	2682
2793	1152
2793	612
2792	947
2793	2772
2793	1770
2793	1375
2793	1108
2793	1271
2793	285
2793	1567
2793	858
2793	2575
2793	1568
2793	1512
2793	2450
2793	1914
2793	1410
2793	1104
2793	6
2793	2307
2793	1855
2793	1725
2793	901
2793	1776
2793	2
2793	1213
2792	1790
2792	2024
2792	1180
2792	989
2792	823
2793	2024
2793	1240
2793	1213
2793	293
2793	2531
2793	1948
2793	2158
2793	1180
2793	2555
2793	2752
2793	2135
2793	863
2792	2215
2793	2663
2793	2490
2793	984
2793	1310
2792	688
2793	2752
2793	485
2793	2282
2793	866
2793	151
2793	1946
2793	1069
2792	1424
2793	492
2793	989
2793	1255
2793	2215
2793	2739
2793	1013
2792	1859
2792	378
2792	1941
2792	704
2792	191
2792	1570
2793	2121
2793	2215
2793	1725
2793	1971
2793	1271
2793	864
2793	1165
2793	2135
2793	285
2793	2528
2793	1727
2793	1099
2793	2307
2793	748
2793	767
2793	206
2793	1653
2793	2744
2793	1807
2792	2744
2793	698
2793	795
2793	1397
2793	631
2793	459
2793	697
2793	524
2793	1047
2793	964
2793	705
2793	1611
2793	1647
2793	215
2793	1458
2793	1840
2793	719
2793	1566
2792	396
2793	2722
2793	1642
2792	698
2792	1642
2793	2531
2793	1132
2793	989
2793	1168
2793	2268
2793	1427
2793	2744
2793	1642
2793	1807
2793	1168
2793	63
2792	63
2793	294
2793	2215
2793	2088
2793	1855
2793	306
2793	2744
2793	63
2793	902
2793	148
2792	2744
2793	1449
2793	2764
2793	45
2793	2135
2793	1480
2793	1966
2793	686
2793	294
2793	970
2793	1637
2793	1590
2792	1381
2793	989
2793	1168
2793	683
2793	1180
2793	2367
2793	1634
2793	1938
2793	1498
2793	682
2793	1889
2793	2772
2793	1637
2793	823
2793	2215
2793	1966
2793	63
2793	698
2793	2744
2793	1986
2793	1756
2793	306
2793	2443
2792	870
2793	272
2793	1985
2793	484
2792	870
2792	2088
2792	1637
2792	1381
2792	1642
2792	2744
2792	1807
2792	396
2792	698
2792	962
2793	1300
2793	2781
2793	191
2793	2744
2793	748
2793	28
2793	1367
2793	1480
2793	1320
2792	719
2793	2088
2793	2468
2793	2439
2793	1020
2793	758
2793	1825
2793	734
2793	2252
2793	2340
2793	2461
2792	1631
2792	2744
2793	704
2793	1770
2793	2482
2793	2459
2793	2036
2793	2059
2793	1985
2793	2468
2793	1966
2793	1320
2793	2222
2793	970
2793	2755
2792	1631
2793	1770
2793	748
2793	2367
2793	1985
2793	788
2793	246
2793	1855
2792	1631
2793	464
2793	1286
2793	242
2793	2639
2793	1424
2793	1185
2793	1802
2793	1488
2793	773
2793	155
2793	2574
2793	796
2793	719
2793	1727
2793	2036
2792	1631
2793	1770
2793	492
2793	312
2793	1611
2793	796
2793	1142
2793	2426
2793	2744
2793	2340
2793	943
2793	1164
2793	832
2793	745
2793	989
2793	1318
2793	2468
2793	1819
2793	45
2793	748
2793	2150
2792	261
2792	870
2793	233
2793	989
2793	2135
2793	2
2793	317
2793	2439
2793	508
2793	1238
2793	2380
2793	704
2792	1631
2793	1096
2793	2565
2793	682
2793	683
2793	1168
2793	1488
2792	2612
2792	2565
2793	1240
2793	4
2793	2612
2793	1631
2793	870
2793	485
2793	2024
2793	2158
2793	2722
2793	1069
2793	1300
2793	800
2793	1889
2793	987
2793	688
2793	294
2793	2368
2793	800
2793	1132
2793	2461
2793	2055
2793	604
2793	259
2793	1984
2793	758
2793	1986
2793	2565
2793	1427
2793	215
2793	816
2793	796
2793	1727
2793	2485
2793	1286
2793	2755
2793	1099
2793	49
2793	6
2793	667
2793	2304
2793	2001
2793	1426
2792	1206
2792	553
2792	524
2792	1825
2793	1240
2793	2158
2792	41
2792	1629
2793	2675
2792	1770
2792	857
2793	2433
2793	1427
2793	748
2793	609
2793	1180
2793	683
2793	1313
2793	126
2793	2450
2793	317
2793	285
2793	864
2793	1286
2793	1728
2793	2426
2793	1321
2793	2105
2793	2601
2792	2050
2793	790
2793	63
2793	736
2793	1576
2793	1804
2793	972
2793	2568
2793	2376
2793	842
2793	968
2793	2683
2793	870
2793	1971
2793	2562
2792	2050
2793	748
2793	1790
2793	2101
2792	1960
2792	2709
2792	2785
2792	1850
2793	2565
2793	1896
2793	987
2793	177
2793	767
2793	2722
2793	2562
2792	294
2792	800
2793	1427
2793	2340
2793	2101
2793	2120
2793	987
2793	1966
2793	585
2793	2105
2792	989
2792	609
2792	2697
2792	1537
2792	2416
2793	1949
2793	2135
2793	1819
2793	1984
2793	1559
2793	837
2793	917
2793	131
2793	1131
2793	237
2793	1966
2792	837
2793	1367
2793	1172
2793	1271
2793	987
2793	2224
2793	1286
2793	1537
2793	853
2793	2791
2793	719
2793	667
2793	611
2793	2490
2793	2443
2793	2741
2793	345
2793	1631
2793	508
2793	2380
2793	1352
2793	1271
2793	2091
2793	1427
2793	1290
2793	294
2793	679
2793	614
2793	1423
2793	1009
2793	2443
2793	2494
2793	2565
2793	295
2793	345
2793	2120
2793	2722
2793	586
2793	704
2793	519
2793	562
2793	2426
2793	2783
2793	2167
2793	870
2793	63
2793	2744
2793	2158
2793	1790
2793	2555
2793	1480
2793	2215
2792	614
2792	1423
2792	1068
2792	345
2792	115
2792	295
2793	1985
2793	786
2793	748
2793	2611
2793	673
2793	295
2793	2215
2793	917
2793	131
2793	987
2792	115
2793	1842
2793	2776
2793	2439
2793	948
2793	1423
2793	2426
2793	1842
2793	2776
2793	1527
2793	2055
2793	864
2793	2741
2793	2036
2793	1465
2792	1764
2793	2252
2793	1764
2793	2744
2793	2158
2793	1979
2793	755
2793	347
2793	285
2793	2288
2793	1321
2793	2764
2793	1764
2793	2442
2793	2776
2793	1069
2793	1423
2792	2632
2793	989
2793	800
2793	786
2792	1764
2793	863
2793	1925
2793	1069
2793	2308
2793	235
2793	947
2793	2307
2793	2133
2793	951
2792	2612
2793	1480
2793	1069
2793	632
2793	1240
2793	567
2793	34
2793	115
2793	2545
2793	295
2793	2442
2793	786
2793	2612
2793	987
2793	1131
2793	816
2793	758
2793	1825
2793	2575
2793	2491
2793	575
2793	2722
2793	142
2793	191
2793	1894
2793	1288
2793	2101
2793	295
2793	1132
2793	1894
2793	989
2792	1320
2793	575
2793	2318
2793	2502
2793	2186
2793	837
2793	2783
2793	41
2793	2
2793	381
2793	2032
2792	1894
2793	680
2793	2181
2793	748
2793	1035
2793	41
2793	1096
2793	2133
2793	2741
2793	2485
2793	1026
2793	2531
2793	1034
2793	1894
2793	987
2793	1034
2793	1908
2793	2102
2793	471
2793	666
2793	2483
2793	774
2793	1228
2793	1452
2793	1075
2793	352
2793	911
2793	2629
2793	531
2793	2545
2793	305
2793	1611
2793	1449
2793	2783
2793	2764
2793	935
2793	111
2792	86
2792	1215
2792	404
2792	2039
2792	1348
2792	1908
2792	2102
2792	170
2792	2154
2792	911
2793	86
2792	1750
2793	295
2792	1868
2793	1138
2793	315
2793	951
2793	2726
2793	34
2793	115
2793	1527
2793	2776
2793	2727
2793	1294
2793	1807
2793	1971
2793	1168
2793	683
2793	1180
2793	989
2793	2367
2793	1634
2793	2032
2793	381
2792	1764
2792	2160
2793	2260
2792	616
2793	305
2793	1348
2793	870
2793	2722
2793	1069
2793	2154
2793	951
2793	382
2793	2068
2793	295
2793	2101
2793	188
2793	1009
2793	951
2793	315
2793	235
2792	115
2793	2744
2793	1868
2792	1424
2793	2215
2793	625
2793	2557
2793	2629
2793	1790
2793	2340
2793	2241
2793	594
2793	478
2793	664
2793	993
2793	1930
2793	767
2793	298
2793	2288
2793	2209
2793	2160
2793	987
2792	597
2793	2722
2793	1069
2793	612
2792	295
2792	832
2793	988
2793	597
2793	547
2793	2398
2793	1348
2793	404
2793	1215
2793	86
2793	2160
2793	888
2793	1544
2793	2209
2793	1987
2793	1661
2793	1631
2793	625
2793	611
2793	1949
2793	295
2793	2380
2793	261
2793	1867
2793	2252
2793	1867
2793	2071
2793	2755
2793	115
2793	575
2793	1172
2793	284
2793	2039
2793	1868
2793	521
2793	597
2793	988
2793	547
2793	1867
2793	1960
2793	521
2793	597
2793	547
2793	988
2793	2461
2793	625
2792	284
2792	125
2793	125
2797	1033
2797	1867
2792	1215
2793	125
2793	1033
2793	521
2797	547
2797	988
2797	597
2797	521
2793	1580
2793	1223
2792	1223
2792	1033
2792	1646
2792	1580
2792	1968
2792	2521
2792	2716
2793	2469
2792	1868
2793	1646
2793	2521
2792	1016
2793	1033
2793	2224
2793	1223
2793	1968
2793	1896
2793	2494
2793	42
2793	1646
2792	789
2792	1704
2792	1762
2792	1016
2792	1658
2792	1646
2792	125
2792	1033
2792	1867
2792	2097
2792	2370
2797	789
2797	1580
2797	1646
2797	125
2797	2370
2797	611
2797	616
2797	175
2797	1110
2797	352
2797	305
2797	2101
2793	115
2793	1889
2793	2772
2793	2367
2793	989
2793	1180
2793	2727
2793	290
2793	680
2793	1819
2793	2181
2793	317
2793	45
2792	1968
2797	1033
2797	1223
2792	2370
2792	643
2793	789
2793	1642
2797	2716
2797	2101
2793	2036
2793	34
2793	682
2793	2772
2797	1867
2797	1345
2797	2469
2797	786
2797	1949
2797	2128
2797	1642
2793	1842
2797	175
2792	1922
2792	889
2793	294
2792	2013
2793	600
2792	1542
2793	609
2792	1915
2792	1956
2792	2013
2793	1956
2793	2639
2797	1915
2793	522
2793	1922
2797	947
2797	522
2792	522
2793	2822
2793	857
2793	1542
2797	2009
2797	2754
2793	2754
2797	864
2797	1725
2793	2370
2793	2716
2793	1915
2797	2128
2792	522
2792	2051
2792	767
2793	1915
2797	748
2793	42
2793	857
2797	522
2797	2482
2797	269
2797	1400
2797	1033
2797	993
2797	2051
2797	2681
2797	1915
2797	2443
2797	964
2793	2248
2793	837
2793	1451
2797	405
2797	2596
2797	175
2792	547
2792	2482
2797	1894
2797	2241
2793	305
2793	2731
2793	1566
2793	2507
2797	1802
2797	1271
2792	413
2793	2521
2792	2596
2797	2154
2792	1631
2793	1424
2797	1646
2797	2051
2797	889
2797	1168
2792	413
2793	405
2792	2154
2797	1867
2792	198
2797	616
2793	857
2797	198
2797	1019
2793	2158
2793	1387
2793	1867
2793	2154
2793	2248
2793	1956
2793	1704
2793	1762
2793	1908
2793	1503
2793	42
2793	471
2797	83
2793	2444
2792	2444
2797	1387
2793	1894
2793	2596
2793	2737
2797	2394
2792	1526
2797	616
2793	1345
2792	2039
2797	730
2797	608
2797	2160
2797	2154
2792	2737
2792	2513
2793	1414
2793	2051
2797	2546
2792	89
2793	2461
2793	808
2793	2294
2793	2770
2793	1431
2793	767
2793	326
2793	2054
2793	2675
2793	1020
2793	2596
2793	2013
2793	1764
2792	1881
2797	305
2792	1320
2797	732
2792	1110
2792	521
2792	1785
2792	2668
2792	1067
2792	2096
2792	1495
2792	770
2792	1722
2792	587
2792	2778
2792	727
2792	500
2792	741
2792	2386
2792	1560
2792	1536
2792	732
2792	2625
2793	2443
2792	2789
2793	2789
2797	864
2797	2741
2797	2128
2797	1949
2797	2727
2797	2101
2797	148
2797	2772
2793	2561
2792	2789
2797	2051
2792	1536
2792	1696
2792	2625
2793	2728
2793	2510
2793	2128
2793	2154
2793	2101
2797	1427
2792	2185
2792	2625
2793	1164
2793	1694
2792	721
2792	329
2792	2274
2792	584
2792	2403
2792	2424
2792	950
2792	1253
2792	1685
2792	488
2797	2185
2797	800
2793	309
2793	1571
2793	1737
2793	2317
2793	721
2793	329
2793	2274
2793	584
2793	2403
2793	950
2793	2424
2793	1685
2793	1253
2793	1696
2793	2696
2793	2434
2793	370
2793	2789
2793	1440
2793	732
2793	1560
2793	1536
2793	2386
2793	2778
2793	727
2793	500
2793	587
2793	741
2793	1722
2793	770
2793	1495
2793	2096
2793	1785
2793	1067
2793	2668
2793	2488
2793	1881
2793	1943
2793	89
2793	730
2793	1342
2793	2420
2793	115
2792	1678
2792	30
2792	1678
2793	1694
2793	2681
2793	2789
2793	2386
2793	727
2793	2488
2793	89
2793	2390
2797	233
2792	1293
2797	1293
2792	329
2792	2274
2792	721
2792	2403
2792	584
2792	950
2792	2424
2792	1685
2792	1253
2792	363
2797	2390
2792	363
2792	1737
2792	309
2792	329
2792	2403
2792	2184
2792	1707
2792	2185
2792	1253
2792	1868
2797	1293
2792	2223
2792	1884
2792	283
2792	1348
2793	2596
2793	1293
2793	396
2793	2716
2793	34
2793	2726
2793	2727
2797	1387
2797	1250
2793	1939
2792	1250
2797	2488
2793	2724
2793	789
2793	1642
2792	2278
2797	1785
2793	954
2797	2252
2797	1764
2797	1831
2797	2439
2792	1250
2792	30
2797	822
2797	1088
2792	2724
2792	1740
2797	1429
2797	1915
2797	832
2797	664
2797	1250
2797	1504
2792	669
2793	669
2797	934
2792	504
2793	1686
2797	1271
2797	857
2797	2737
2792	2737
2792	1686
2792	401
2797	2145
2792	2476
2792	2389
2793	1152
2793	2015
2793	315
2793	951
2792	2767
2792	1525
2792	2145
2792	1000
2793	2776
2792	833
2793	1938
2792	2767
2793	833
2793	148
2793	2223
2793	2752
2793	348
2793	1132
2793	757
2793	2531
2792	1768
2792	1875
2793	1000
2797	2342
2793	1208
2792	1768
2792	1875
2792	1481
2793	1255
2792	1367
2792	1292
2792	1618
2793	1937
2793	2496
2797	1768
2793	1218
2792	2688
2792	1768
2792	1193
2793	1250
2792	2145
2792	924
2793	2688
2792	183
2792	2204
2792	924
2792	2103
2797	1193
2797	1382
2792	2103
2797	188
2793	2103
2792	1564
2792	1782
2792	1686
2792	934
2792	1226
2792	1465
2792	2158
2792	586
2792	2241
2792	594
2792	131
2792	933
2792	183
2793	2145
2793	1939
2792	1947
2797	2749
2797	1947
2797	2103
2797	924
2797	833
2797	2767
2797	504
2797	669
2797	1740
2797	1293
2797	1678
2797	488
2797	2185
2797	2625
2797	1542
2797	1922
2797	789
2797	889
2797	2521
2797	1580
2797	1223
2797	1567
2797	206
2797	1450
2797	1108
2797	131
2792	1335
2792	1703
2792	1513
2792	748
2793	45
2792	1309
2797	2692
2792	2692
2797	2342
2793	425
2793	1567
2792	2103
2797	1309
2797	309
2792	502
2792	1382
2792	2767
2797	306
2797	10
2793	1768
2793	1875
2792	2300
2797	1126
2792	1126
2793	869
2793	2279
2792	2486
2793	2103
2793	24
2793	1895
2792	1895
2793	1507
2793	148
2793	2017
2793	2340
2793	2032
2793	381
2793	2419
2793	237
2793	748
2793	8
2793	1966
2792	24
2793	1126
2797	2192
2797	1957
2792	2589
2797	337
2793	2667
2797	2667
2797	2589
2792	1126
2792	2396
2792	2335
2792	2300
2792	1957
2792	1902
2792	2692
2792	2749
2792	2655
2792	771
2792	1243
2792	2144
2792	1158
2792	1021
2792	2667
2792	337
2792	2279
2792	1340
2797	1513
2797	24
2797	1254
2793	2486
2792	1667
2792	660
2792	2410
2792	1547
2792	2492
2792	117
2792	1947
2792	833
2792	1815
2792	2418
2792	729
2797	2410
2792	2641
2792	2204
2792	1513
2792	2774
2792	1875
2792	2389
2793	2641
2793	2492
2792	1699
2792	1170
2797	1170
2792	1309
2792	771
2797	2667
2792	1113
2793	1357
2797	1357
2793	1126
2797	1126
2793	981
2792	1126
2797	1902
2792	1170
2792	1699
2792	2022
2792	1357
2792	880
2792	981
2793	1782
2797	800
2797	705
2792	1768
2792	1875
2797	1126
2793	2486
2797	1170
2797	1699
2797	1686
2797	2
2797	1941
2797	704
2797	45
2797	1559
2797	450
2797	2789
2797	1264
2793	1206
2793	1721
2793	1924
2793	1363
2797	181
2797	8
2797	673
2797	2092
2797	237
2797	2461
2792	371
2793	1097
2793	38
2797	1357
2797	1785
2797	2070
2797	587
2797	741
2793	1191
2793	1507
2797	1352
2797	20
2797	131
2797	1745
2792	2569
2792	810
2792	2273
2792	1595
2792	1651
2792	2118
2792	371
2792	38
2792	2385
2792	1097
2792	1113
2792	565
2793	2313
2793	906
2792	2313
2797	1250
2793	2410
2792	2667
2792	1340
2792	1170
2792	2022
2792	906
2792	2492
2792	2589
2792	2396
2797	1170
2793	726
2793	1367
2792	1126
2797	1126
2793	758
2793	1126
2793	2604
2793	2103
2797	2641
2792	2103
2792	771
2792	502
2792	1947
2792	924
2792	833
2792	2767
2792	504
2792	669
2792	1740
2792	1293
2792	1678
2792	488
2792	2625
2792	2185
2792	1542
2792	1922
2792	889
2792	789
2792	2521
2792	1580
2792	1223
2792	1646
2792	1968
2792	125
2792	1026
2792	396
2792	1424
2792	1671
2792	519
2792	772
2792	2427
2792	1147
2792	2663
2792	917
2792	1375
2792	131
2792	1450
2792	1108
2792	1567
2792	206
2792	1654
2792	1131
2792	780
2792	410
2792	1231
2792	1310
2792	1518
2792	984
2792	2518
2792	1620
2792	606
2792	1814
2792	110
2792	242
2792	1653
2792	2057
2792	409
2792	2822
2792	1318
2792	1235
2792	2639
2792	2044
2797	1595
2793	1893
2797	2051
2793	2103
2793	1097
2793	1113
2797	1528
2792	2594
2793	2644
2793	2594
2797	1650
2797	1664
2793	1664
2793	1699
2797	1170
2792	1664
2792	1126
2792	611
2793	2728
2793	1123
2793	2154
2797	337
2793	2273
2797	1667
2797	117
2797	1158
2792	771
2792	1057
2792	2300
2792	502
2792	1947
2792	2103
2792	2767
2792	2476
2792	2389
2792	401
2792	504
2792	669
2792	1740
2792	1157
2792	2551
2792	1293
2792	1571
2792	1737
2792	2317
2792	309
2792	488
2792	721
2792	413
2792	2596
2793	1180
2797	1113
2797	1699
2792	2492
2792	371
2792	183
2797	857
2797	1103
2797	40
2797	2682
2797	1123
2797	2443
2797	1997
2797	1309
2793	527
2793	1528
2793	2171
2793	2118
2793	810
2793	1595
2793	1651
2793	2569
2797	125
2797	2389
2797	401
2797	1157
2797	1151
2797	198
2797	2419
2793	1126
2793	1097
2792	1664
2792	2171
2793	1664
2797	2313
2797	181
2797	2335
2797	2612
2797	527
2797	63
2793	1032
2797	1032
2797	1057
2797	337
2792	2103
2793	2385
2793	1126
2793	771
2793	2562
2793	2644
2793	2486
2793	2594
2793	2468
2793	680
2793	183
2793	1699
2793	2022
2793	1703
2792	626
2797	1126
2793	1743
2792	351
2793	1618
2793	1226
2792	1113
2792	1912
2793	2605
2793	1912
2793	2103
2797	1170
2793	2594
2793	1699
2797	2415
2797	2605
2797	2279
2797	906
2797	246
2797	1664
2797	1056
2793	15
2793	38
2797	382
2793	2192
2793	1902
2793	1957
2793	1947
2793	1513
2793	1193
2793	1937
2797	587
2792	1220
2793	313
2793	58
2792	1912
2797	1526
2797	810
2797	2171
2797	626
2797	2134
2797	2273
2797	2504
2797	934
2797	2267
2797	1226
2793	2728
2793	1891
2793	2420
2793	1342
2793	522
2793	2510
2793	2415
2793	1679
2793	2763
2793	2605
2793	892
2793	1097
2793	164
2793	648
2793	2538
2793	1902
2793	1957
2793	2192
2793	1648
2793	1848
2793	1121
2793	1513
2793	1335
2793	2688
2793	1019
2793	198
2793	2046
2793	2754
2793	2013
2793	1033
2793	284
2793	2039
2793	58
2793	313
2793	2594
2793	371
2793	2022
2793	1699
2793	502
2793	193
2793	1703
2793	183
2793	1507
2793	2385
2793	1912
2797	565
2793	2267
2792	1168
2792	683
2792	313
2797	1915
2797	2134
2797	626
2793	1832
2792	1832
2797	2492
2797	1764
2793	2594
2793	565
2797	58
2793	2134
2793	626
2793	313
2793	1057
2792	38
2792	58
2793	1679
2793	2740
2797	1170
2792	1057
2792	771
2792	371
2792	1832
2792	2492
2792	1427
2793	1264
2792	2404
2792	302
2793	2740
2793	302
2792	2273
2792	565
2793	50
2793	1860
2792	395
2792	297
2793	395
2793	282
2793	1832
2797	1768
2793	2473
2792	1912
2797	2404
2797	2667
2797	1743
2792	975
2797	2093
2792	1715
2792	2349
2792	338
2792	1833
2792	310
2792	395
2797	1499
2797	1856
2797	295
2793	1283
2793	1579
2793	1899
2793	1405
2793	826
2793	1724
2793	2155
2792	1283
2793	24
2793	1833
2793	1455
2793	224
2793	395
2797	2155
2793	1715
2793	2349
2793	468
2793	1283
2792	2349
2792	1715
2792	1833
2792	468
2793	2644
2793	1664
2792	1757
2793	2587
2793	1833
2793	2764
2793	698
2793	904
2792	1298
2792	1283
2797	89
2793	1757
2793	1856
2793	1113
2793	24
2797	1488
2793	2675
2792	1396
2792	185
2797	913
2797	2404
2792	2341
2797	2279
2797	869
2797	1830
2797	1594
2793	1524
2797	1856
2793	2341
2793	185
2793	1899
2793	1579
2793	104
2793	673
2793	2192
2793	1957
2793	1902
2793	1848
2797	2134
2797	626
2797	1528
2797	579
2792	2341
2792	1298
2792	302
2792	1832
2792	1220
2792	1912
2792	2476
2792	2551
2792	1757
2792	2666
2792	913
2792	579
2792	1230
2792	1283
2792	2155
2792	1833
2792	1499
2792	2740
2792	2404
2792	58
2792	313
2792	2134
2792	2179
2792	2650
2793	1283
2792	185
2793	1113
2793	1223
2792	468
2797	1096
2797	579
2793	185
2793	1396
2797	2492
2797	1328
2792	394
2792	1283
2792	2341
2792	1832
2792	1298
2793	913
2793	1164
2793	2624
2797	565
2793	2022
2792	2710
2792	1283
2797	2666
2793	1396
2793	2409
2793	720
2793	2486
2793	2134
2793	1912
2793	924
2797	394
2797	2764
2797	1421
2792	2445
2797	2352
2797	879
2797	1930
2793	2740
2793	394
2793	2710
2793	1559
2797	2378
2797	2376
2792	2445
2792	1148
2792	2409
2792	1421
2793	1489
2797	2409
2797	2445
2792	9
2793	1715
2793	2349
2793	338
2797	1421
2797	904
2792	1148
2792	1421
2793	1611
2793	2566
2792	2566
2793	2445
2793	9
2797	1069
2797	2764
2797	708
2797	2744
2797	9
2793	528
2797	612
2792	2337
2792	2637
2792	725
2792	1303
2797	1397
2793	2637
2793	725
2793	1303
2797	1985
2797	2337
2793	1499
2797	2338
2797	187
2797	2585
2793	9
2793	2666
2793	837
2792	39
2797	2185
2797	374
2797	2415
2797	2596
2797	2338
2797	1664
2793	91
2793	39
2797	1887
2797	727
2792	685
2792	1244
2792	1806
2792	1211
2792	373
2792	2717
2792	1612
2792	106
2792	46
2792	2480
2792	1330
2792	2338
2792	2637
2793	1240
2793	336
2793	187
2797	685
2792	74
2792	1754
2797	2589
2793	802
2793	2661
2793	1656
2792	1656
2792	2661
2792	802
2792	318
2792	1593
2792	137
2797	137
2797	1656
2797	74
2792	137
2792	1747
2792	74
2797	2443
2797	1264
2797	748
2793	1
2792	1579
2793	1853
2797	374
2793	1303
2793	725
2793	2637
2793	192
2793	486
2792	2337
2792	1892
2797	1656
2797	2661
2797	802
2797	318
2797	1853
2797	2329
2797	39
2793	137
2793	2594
2792	486
2792	39
2792	1136
2792	2407
2797	350
2793	192
2793	1396
2797	1656
2793	1427
2793	2661
2793	802
2793	1656
2797	2661
2797	391
2797	350
2797	116
2793	391
2793	350
2793	116
2793	1136
2793	1892
2793	137
2793	1611
2793	24
2793	748
2797	2329
2797	1113
2797	880
2797	2473
2797	2390
2797	2622
2797	2442
2792	824
2792	1218
2797	1611
2792	192
2797	116
2792	31
2792	276
2797	1678
2797	1887
2792	516
2792	350
2792	993
2792	2798
2792	2798
2792	192
2792	1754
2792	657
2792	81
2793	1104
2793	793
2793	9
2793	2624
2792	9
2792	1136
2797	2565
2793	31
2793	116
2793	590
2792	2431
2792	590
2792	276
2797	1191
2792	1028
2792	2672
2792	1772
2792	1484
2792	2399
2792	2637
2792	31
2797	590
2792	1760
2793	1760
2797	192
2797	1760
2797	793
2797	1421
2797	2058
2797	2443
2793	31
2793	473
2793	2158
2793	224
2797	857
2793	869
2797	20
2793	1773
2792	1773
2797	1760
2797	1773
2792	1250
2797	1872
2797	438
2797	571
2797	1002
2797	2758
2797	1779
2797	1397
2797	943
2797	2443
2797	1589
2797	631
2797	1790
2797	382
2792	802
2793	2764
2797	1330
2793	116
2797	106
2792	1760
2792	2162
2792	2162
2797	1386
2797	1525
2797	627
2797	1656
2793	714
2793	2232
2793	2162
2792	714
2792	677
2792	1826
2792	333
2793	2653
2792	31
2793	2688
2793	1891
2792	1849
2792	124
2793	369
2792	1456
2792	2508
2792	2701
2792	2464
2792	434
2792	2232
2793	1782
2793	352
2797	1289
2792	434
2792	1719
2797	802
2797	704
2797	1892
2793	1892
2797	1899
2797	2653
2793	124
2793	2637
2793	369
2793	2653
2793	333
2793	2162
2793	677
2792	1892
2792	2254
2792	793
2792	192
2792	2431
2792	2665
2797	124
2797	369
2797	1826
2797	1615
2797	590
2797	2285
2793	2329
2793	2666
2793	1711
2793	1330
2793	2407
2793	1018
2792	961
2792	1456
2792	2508
2792	2701
2792	2464
2792	1849
2792	124
2792	1737
2792	1571
2792	2317
2792	309
2792	721
2792	329
2792	2274
2792	584
2792	950
2792	2403
2792	2424
2792	1253
2792	1685
2792	1696
2792	2696
2792	370
2792	2434
2792	732
2792	1536
2792	1560
2792	727
2792	500
2792	2386
2792	741
2792	587
2792	2778
2792	1722
2792	1067
2792	770
2792	1495
2792	2096
2792	1785
2792	2668
2792	2252
2792	1718
2793	1892
2797	1289
2797	1872
2797	2224
2792	2254
2792	1778
2793	195
2792	2751
2797	124
2797	677
2797	720
2797	1894
2797	2783
2797	1889
2792	1718
2793	1778
2797	2220
2797	1030
2797	31
2797	2158
2797	2722
2797	2783
2797	2162
2792	1286
2792	2156
2792	2614
2797	746
2797	2443
2797	1892
2797	2042
2797	1820
2797	209
2797	1361
2797	457
2793	1718
2797	1386
2793	1950
2792	1950
2797	1611
2797	746
2793	1439
2792	1502
2793	24
2797	415
2797	964
2792	2220
2792	1449
2793	1439
2792	2324
2797	748
2797	2324
2793	746
2792	9
2792	1701
2792	2140
2793	2324
2793	1055
2793	28
2797	1785
2793	1950
2793	2751
2793	1778
2792	255
2792	187
2793	1256
2792	2324
2793	245
2792	1256
2792	245
2792	743
2797	913
2797	1701
2792	105
2797	677
2797	563
2797	2363
2797	162
2797	395
2797	1935
2797	1427
2797	2001
2797	813
2793	413
2793	290
2792	1502
2792	1256
2797	748
2797	1286
2797	758
2797	58
2792	2429
2793	1293
2793	1678
2793	488
2793	2185
2793	2625
2797	2764
2793	1899
2792	1344
2792	400
2793	255
2792	295
2797	31
2792	1092
2792	2323
2793	2323
2793	1314
2797	1310
2793	366
2797	2323
2797	2443
2792	366
2792	1344
2792	1054
2792	31
2797	1768
2797	2633
2797	1697
2793	945
2792	303
2793	366
2797	964
2797	1602
2792	603
2797	352
2792	1658
2793	1826
2793	1278
2793	1278
2792	1278
2793	255
2793	320
2792	24
2792	2443
2792	1397
2797	2288
2797	2340
2797	131
2797	567
2797	329
2797	1685
2792	1284
2792	1584
2792	1432
2792	2732
2792	303
2792	1054
2797	1987
2793	1284
2793	1284
2797	1289
2793	1377
2793	1314
2793	255
2793	320
2792	1284
2792	1584
2792	1432
2792	2732
2797	1439
2797	320
2797	415
2797	1725
2797	369
2797	192
2797	802
2793	320
2793	1482
2792	1482
2797	2546
2792	2561
2792	1600
2792	2473
2797	2103
2797	144
2797	2162
2792	1404
2793	400
2793	871
2792	897
2792	415
2792	1245
2792	2047
2792	2327
2792	1086
2792	798
2792	1241
2792	1447
2792	2695
2792	2417
2792	2391
2792	1316
2797	9
2797	39
2797	2022
2793	1418
2797	2663
2792	791
2792	1773
2792	1418
2792	791
2797	2102
2797	2160
2793	2732
2797	1187
2797	1764
2797	347
2797	1892
2797	2520
2792	152
2797	748
2792	1892
2797	2789
2793	936
2797	1085
2797	1418
2797	369
2797	205
2797	1935
2797	521
2797	1837
2797	1439
2797	2591
2797	2575
2793	1371
2792	1371
2792	1166
2792	2651
2792	804
2792	2411
2792	68
2792	1928
2793	2411
2793	68
2792	218
2792	657
2793	1283
2793	218
2793	321
2793	1166
2793	868
2792	2475
2793	2771
2792	2771
2792	834
2793	2411
2793	68
2793	1928
2793	2031
2797	3
2792	928
2793	2475
2793	871
2793	945
2797	68
2797	321
2797	928
2793	928
2792	681
2793	681
2793	834
2797	295
2797	834
2797	2411
2797	68
2797	1928
2793	2771
2797	1027
2797	1275
2793	1799
2793	1153
2793	1801
2793	2411
2793	1012
2793	186
2793	1082
2793	642
2793	1999
2793	1275
2793	681
2793	2636
2793	2590
2793	1280
2792	2590
2797	2637
2797	2636
2797	1082
2792	186
2793	1012
2793	1999
2793	186
2793	2636
2792	2294
2792	986
2792	1890
2792	1317
2792	1431
2792	77
2792	2770
2792	920
2792	408
2797	295
2797	1314
2793	408
2792	2636
2792	2590
2793	2064
2793	2798
2793	1600
2793	408
2793	2488
2793	2469
2792	1167
2792	1160
2797	454
2797	766
2792	1280
2792	905
2793	2064
2793	1167
2793	1167
2797	1167
2793	1177
2793	408
2793	218
2797	1892
2792	1502
2792	135
2792	1874
2792	2324
2793	1748
2792	125
2797	408
2793	1177
2797	1748
2797	1167
2792	1581
2792	2377
2792	2173
2797	31
2797	408
2797	905
2797	1600
2797	1584
2797	1432
2797	2732
2797	1278
2797	897
2797	415
2797	1245
2797	2047
2797	2327
2797	1086
2797	798
2797	1241
2797	1447
2797	2695
2797	2417
2797	2391
2797	1316
2797	2449
2793	1755
2793	2561
2797	989
2797	2064
2797	2636
2797	2590
2797	1082
2797	642
2797	1999
2797	1275
2797	1427
2793	1877
2797	2350
2793	1167
2797	346
2797	1421
2793	2472
2797	2472
2797	2666
2797	2024
2797	748
2797	1271
2797	2055
2797	1427
2792	2472
2792	1969
2793	1969
2793	1566
2793	1084
2797	1084
2792	1962
2792	218
2793	1962
2792	2501
2792	1877
2792	1581
2792	408
2792	135
2792	186
2792	642
2792	1373
2792	607
2793	1216
2793	176
2793	1084
2793	2472
2792	176
2793	1969
2793	2472
2793	1727
2793	1877
2792	176
2792	2501
2792	2642
2792	1725
2793	1892
2792	1273
2793	2222
2797	698
2797	884
2793	2265
2792	2265
2797	1877
2792	217
2793	217
2793	2255
2793	44
2792	44
2792	2773
2792	2255
2792	1906
2792	1733
2793	570
2792	176
2793	2265
2792	451
2793	1346
2793	638
2793	400
2793	2324
2793	1281
2793	391
2792	1718
2792	2636
2792	217
2797	133
2793	2472
2793	487
2797	217
2792	665
2792	919
2792	670
2797	1439
2797	407
2793	670
2792	2539
2792	134
2797	1442
2797	670
2793	2485
2793	1819
2797	1346
2797	1932
2792	670
2793	1653
2793	1985
2793	394
2793	1724
2792	487
2793	1278
2793	2710
2793	392
2793	141
2793	796
2793	2168
2793	2304
2793	2574
2793	2013
2793	1749
2793	131
2793	2445
2793	2341
2793	1298
2793	302
2793	1832
2793	1220
2793	1912
2797	1894
2793	690
2793	803
2797	803
2793	762
2797	487
2793	2740
2797	176
2797	408
2797	105
2793	287
2793	2353
2793	1505
2797	690
2797	812
2797	1877
2797	1167
2797	2624
2797	1505
2797	1875
2793	1649
2792	1505
2792	2117
2792	1951
2797	408
2797	1092
2797	2653
2797	1801
2797	320
2792	1906
2793	849
2792	545
2792	1461
2792	1461
2792	515
2792	2647
2792	696
2792	2149
2792	1668
2797	2592
2793	2592
2793	474
2792	487
2792	474
2792	1588
2792	1978
2797	1588
2793	59
2792	2111
2792	967
2797	2353
2793	748
2793	1985
2793	2559
2793	2647
2793	545
2793	2775
2793	967
2797	746
2797	1126
2797	1309
2797	1631
2797	698
2792	24
2792	1540
2792	2357
2792	1319
2792	799
2792	2296
2792	602
2792	70
2792	1496
2792	530
2792	996
2797	670
2797	1969
2793	1574
2792	1574
2797	2592
2793	2524
2792	439
2797	2421
2793	1540
2797	1315
2793	1574
2793	2357
2793	1496
2792	1315
2792	1574
2797	638
2792	1008
2792	973
2793	1008
2792	996
2792	586
2792	2158
2797	1768
2793	865
2797	973
2797	424
2797	2163
2792	424
2792	1720
2797	1209
2792	1209
2793	865
2793	2337
2792	472
2792	2421
2793	973
2797	973
2793	472
2793	1303
2793	725
2793	1387
2792	1143
2792	973
2793	424
2792	1008
2792	134
2792	451
2792	2642
2792	2163
2792	424
2793	658
2793	1315
2792	658
2792	1591
2792	2123
2792	1931
2792	2481
2793	2382
2792	2392
2792	997
2792	2597
2792	1304
2797	2545
2792	2382
2797	1346
2792	1965
2792	2230
2792	831
2792	1972
2797	812
2793	1284
2792	1931
2797	815
2792	831
2792	1972
2792	1222
2792	2115
2792	2019
2792	1972
2792	831
2792	475
2792	1222
2792	1965
2792	2230
2792	1753
2792	1392
2792	997
2792	815
2793	2275
2793	2130
2797	1764
2797	988
2792	1961
2792	2130
2797	1502
2793	276
2792	857
2797	2382
2793	2115
2793	277
2793	1972
2793	831
2793	1222
2793	475
2793	1965
2793	2230
2797	2772
2797	1611
2797	800
2797	2764
2797	989
2797	1961
2793	1961
2793	2275
2797	2390
2797	2561
2797	658
2792	1378
2793	2067
2797	2134
2797	130
2797	1352
2792	1961
2793	251
2793	1592
2792	1760
2797	2123
2792	2067
2792	1811
2792	273
2797	1126
2792	678
2793	1809
2793	1664
2793	640
2793	1718
2793	1456
2793	2701
2793	1568
2792	43
2792	2179
2797	1346
2797	2007
2792	1845
2792	273
2792	266
2792	455
2792	1333
2793	717
2793	2266
2792	2266
2792	717
2792	2382
2792	1689
2797	989
2797	717
2797	2443
2797	455
2797	1845
2797	2584
2797	1280
2792	2748
2792	1329
2797	1394
2797	2517
2797	1710
2797	1816
2792	1409
2792	2719
2792	389
2792	1777
2792	2603
2792	498
2793	1816
2793	2517
2793	1816
2797	658
2793	717
2793	2266
2793	2217
2793	2268
2793	1611
2793	416
2793	2368
2797	1706
2792	498
2797	1773
2797	1126
2793	1406
2792	1988
2793	1754
2797	1988
2797	2436
2792	2540
2793	2355
2793	670
2793	2436
2793	1306
2797	975
2793	11
2797	1753
2797	2008
2797	2066
2793	1276
2793	2355
2793	43
2793	1276
2793	2009
2793	2508
2793	2464
2793	1849
2793	124
2792	487
2792	843
2797	318
2797	2158
2793	843
2792	389
2797	1574
2797	1240
2792	1869
2792	843
2792	107
2793	1869
2793	2517
2793	2700
2792	1353
2797	1538
2792	1538
2792	2110
2792	907
2792	173
2797	907
2793	173
2792	1490
2792	173
2792	907
2793	2703
2792	2703
2792	2110
2792	11
2792	765
2793	544
2792	544
2792	1421
2792	395
2792	2363
2792	2083
2792	2186
2792	347
2792	528
2792	640
2797	2625
2797	907
2797	1892
2792	843
2792	568
2792	2451
2792	71
2797	2232
2797	642
2797	1155
2797	2110
2797	2425
2797	765
2797	1788
2797	2425
2792	1892
2792	173
2792	1591
2792	1812
2797	815
2797	71
2797	1985
2797	1825
2797	758
2797	1727
2793	173
2793	907
2797	266
2793	2116
2792	2116
2797	2436
2793	2773
2793	2472
2793	2255
2793	1906
2793	44
2793	1869
2797	748
2797	1286
2797	1271
2797	964
2797	2310
2797	2443
2797	1155
2797	215
2793	424
2797	845
2792	2136
2792	2116
2793	517
2793	517
2797	843
2797	2116
2792	2086
2797	424
2797	2086
2793	2136
2792	2136
2797	1155
2792	2086
2792	1812
2792	1353
2792	1988
2792	678
2792	1378
2792	1931
2792	2123
2792	996
2792	530
2792	1978
2792	1951
2792	134
2792	2539
2792	919
2792	665
2792	451
2792	2642
2792	1962
2792	2173
2792	2377
2792	1581
2792	1482
2792	303
2792	1054
2792	743
2792	1256
2792	1701
2792	2140
2792	2156
2792	2614
2792	2665
2792	1719
2792	434
2792	2445
2792	2710
2792	394
2792	2341
2792	1298
2792	1832
2792	1220
2792	1912
2792	371
2792	771
2792	502
2792	1947
2792	2103
2792	924
2792	833
2792	2767
2792	2476
2792	504
2792	669
2792	1740
2792	2551
2792	1293
2792	1678
2792	488
2792	302
2792	2185
2792	2625
2792	1542
2792	1922
2792	889
2792	789
2792	2521
2792	1580
2792	1223
2792	1646
2797	1792
2797	43
2797	273
2797	1961
2797	815
2797	570
2797	544
2797	251
2797	1592
2797	1084
2797	1748
2792	173
2792	2110
2792	765
2793	71
2797	2355
2797	408
2797	1600
2797	1845
2797	287
2797	133
2793	496
2797	424
2792	496
2797	496
2797	1808
2797	1875
2797	517
2792	2265
2797	273
2797	517
2797	1654
2797	110
2797	312
2797	1574
2797	865
2797	897
2792	489
2792	908
2797	1531
2797	2553
2797	1329
2792	1531
2797	528
2797	767
2797	748
2797	1321
2797	2421
2792	1531
2792	489
2792	2553
2797	166
2793	489
2793	11
2797	496
2793	865
2793	1574
2793	266
2797	2679
2792	489
2792	1392
2797	166
2797	1804
2797	972
2797	875
2797	2711
2797	2376
2797	842
2797	843
2797	517
2797	1439
2797	705
2797	2055
2797	1072
2792	166
2797	2086
2797	2407
2797	1686
2797	931
2797	1286
2792	166
2797	2752
2797	2275
2797	1072
2792	1456
2792	1072
2793	931
2793	1072
2792	2436
2797	313
2797	148
2797	107
2797	2163
2792	1072
2792	1809
2797	1072
2797	931
2797	1845
2797	133
2793	1424
2793	1809
2792	1356
2793	636
2792	183
2793	1845
2793	1072
2797	2754
2797	1033
2797	2389
2792	830
2793	830
2797	2294
2797	986
2797	1890
2797	1317
2793	489
2793	1059
2792	1428
2792	183
2797	166
2793	1428
2797	1645
2797	1428
2797	2743
2797	2436
2792	1181
2792	518
2793	213
2793	887
2793	1189
2793	31
2793	455
2793	176
2793	2309
2793	28
2793	1055
2797	1845
2793	1113
2792	1072
2793	1892
2793	1428
2793	166
2793	489
2793	1531
2793	71
2793	1490
2793	1845
2793	266
2793	475
2797	1845
2797	1072
2792	518
2797	70
2797	830
2797	2086
2797	1753
2793	1763
2793	1645
2793	1874
2797	1763
2797	1059
2797	799
2797	1249
2797	419
2793	419
2793	1249
2793	1072
2797	2371
2797	1181
2797	1428
2797	1097
2792	419
2797	1559
2793	872
2793	1360
2797	830
2797	1360
2797	872
2797	1072
2797	477
2797	1066
2797	419
2793	1960
2793	2241
2793	1709
2793	1745
2793	2312
2793	2565
2793	1702
2793	2020
2792	2606
2797	1360
2797	2739
2797	1208
2793	2069
2793	613
2797	1368
2797	613
2793	1368
2792	1368
2792	668
2797	1360
2797	872
2797	668
2797	1346
2797	1892
2792	2640
2792	362
2792	1615
2792	171
2792	2763
2792	796
2797	107
2797	2017
2792	1287
2797	2125
2793	305
2793	2097
2793	2151
2793	818
2797	1134
2792	1134
2797	2086
2792	907
2797	737
2793	1134
2797	2561
2797	1249
2793	194
2797	2151
2797	1360
2797	872
2797	103
2797	668
2792	103
2797	2561
2797	197
2797	2038
2797	1134
2793	1897
2792	197
2793	1134
2797	625
2797	1072
2793	2421
2793	372
2797	1897
2793	2038
2793	1897
2797	402
2792	1897
2797	1788
2792	2823
2792	2818
2792	2824
2792	2640
2797	2675
2793	176
2793	1763
2797	2553
2797	264
2793	264
2797	973
2797	565
2793	2646
2792	264
2797	1698
2797	238
2792	166
2792	565
2797	2263
2792	2263
2797	11
2797	400
2797	746
2797	638
2797	2475
2797	2130
2792	332
2793	2263
2797	1763
2797	332
2797	652
2797	804
2797	1310
2792	1673
2792	372
2792	1897
2792	543
2797	638
2797	400
2797	102
2793	1502
2797	1673
2797	402
2797	1181
2797	2443
2797	910
2793	102
2797	2682
2797	1397
2797	553
2797	2646
2792	332
2792	922
2792	2646
2793	922
2797	2340
2793	2258
2797	2732
2797	1584
2797	1432
2797	1284
2797	1192
2797	1930
2792	985
2792	1071
2792	102
2792	332
2797	985
2792	2646
2793	32
2792	2590
2792	2077
2792	2761
2797	166
2792	2761
2797	1768
2793	2777
2792	2777
2797	593
2797	2199
2797	830
2792	102
2797	763
2797	1119
2797	2283
2797	1791
2797	1791
2797	1072
2797	1393
2793	102
2793	89
2797	2351
2792	437
2792	465
2797	1523
2797	843
2797	454
2797	2431
2797	1595
2793	1791
2797	25
2797	782
2797	1190
2793	1522
2793	1156
2797	360
2792	360
2797	2605
2793	2818
2793	47
2792	47
2793	1496
2793	1523
2797	1271
2797	748
2792	1522
2792	437
2792	2430
2797	1870
2797	1395
2792	1523
2792	818
2792	360
2793	397
2797	81
2797	336
2793	2015
2793	1807
2793	1971
2793	1152
2793	2675
2793	609
2793	2645
2793	115
2793	1488
2793	98
2793	796
2793	1727
2793	624
2793	1967
2793	705
2797	397
2797	166
2793	397
2797	360
2797	1698
2797	2440
2793	1698
2793	1402
2797	1897
2797	2682
2797	114
2797	2086
2793	2288
2793	1096
2792	397
2797	2241
2792	360
2792	646
2792	1171
2792	247
2792	1268
2792	646
2793	1171
2793	397
2797	247
2797	646
2793	332
2792	307
2792	114
2792	1350
2792	646
2797	307
2793	1464
2797	1464
2797	546
2797	965
2797	1309
2797	1072
2797	336
2797	1664
2792	1952
2792	507
2792	2258
2792	922
2792	102
2797	1537
2797	465
2797	2746
2792	2746
2792	217
2797	965
2797	30
2793	2390
2793	2746
2793	646
2793	47
2793	360
2797	2153
2792	2153
2792	2746
2792	1952
2797	102
2797	2116
2797	843
2797	658
2797	670
2797	439
2797	279
2797	2265
2797	1273
2797	1969
2797	2064
2797	2590
2797	186
2797	1280
2797	1082
2797	1999
2797	642
2797	1275
2797	834
2797	1532
2792	1532
2792	1532
2792	2298
2793	1894
2797	2411
2797	68
2797	1928
2797	793
2797	192
2797	295
2797	2636
2793	1171
2792	47
2793	1892
2793	478
2797	2298
2797	2746
2792	2656
2797	166
2797	372
2792	1350
2792	965
2793	2447
2793	2656
2793	2563
2793	1130
2797	1350
2797	1351
2793	2163
2797	804
2793	1351
2797	1933
2792	2746
2793	1933
2792	2742
2797	1470
2793	552
2792	2514
2792	820
2793	2158
2793	1869
2797	820
2797	437
2797	2437
2797	2447
2797	2656
2793	638
2793	1346
2792	1897
2793	1770
2793	248
2793	1052
2793	489
2793	477
2793	2291
2793	1569
2793	1607
2793	2584
2793	1392
2793	2272
2793	1540
2793	2357
2793	1319
2793	799
2793	2296
2793	602
2793	70
2793	1496
2793	1012
2793	1167
2793	1177
2793	1877
2793	1216
2793	1533
2793	1041
2793	1412
2793	1200
2793	812
2793	690
2793	62
2793	819
2793	1839
2793	9
2793	1329
2793	1698
2793	2366
2793	238
2793	2708
2793	2553
2793	190
2793	1490
2793	2391
2793	1976
2793	687
2793	1031
2793	1042
2793	1409
2793	2719
2793	1777
2793	389
2793	2603
2793	498
2793	2748
2793	2067
2793	231
2793	2417
2793	2695
2793	1447
2793	1241
2793	2091
2797	2563
2797	1130
2797	11
2797	945
2793	2436
2797	1263
2797	2514
2797	2210
2797	2447
2797	2656
2797	47
2797	507
2797	807
2797	907
2797	1897
2793	398
2797	398
2793	820
2793	496
2793	2210
2797	1583
2797	1492
2797	166
2797	343
2797	2293
2792	398
2792	1531
2793	1226
2797	266
2797	1320
2797	1877
2797	2130
2797	2475
2797	638
2797	400
2797	1306
2797	746
2792	1428
2793	398
2797	2656
2793	1101
2793	1263
2793	2447
2793	2656
2793	47
2793	932
2793	1349
2793	1351
2793	1130
2793	1933
2793	2563
2793	2414
2793	2268
2793	2217
2793	1977
2793	965
2797	2038
2792	2746
2792	704
2792	1859
2792	378
2792	1941
2792	1570
2792	191
2797	1315
2797	2492
2797	2698
2792	2698
2797	932
2797	1349
2797	2698
2793	398
2797	398
2797	2338
2797	2437
2797	166
2792	999
2792	398
2792	932
2792	1351
2792	1933
2793	82
2792	1439
2793	2563
2793	2153
2793	1897
2792	1866
2792	1609
2792	1675
2792	386
2792	605
2797	395
2793	2229
2793	494
2793	1422
2793	88
2793	17
2792	2229
2797	110
2797	2461
2797	398
2797	1072
2797	1649
2797	266
2797	2440
2797	1595
2793	88
2793	386
2793	605
2793	1866
2793	1188
2797	2722
2797	675
2797	1011
2797	964
2797	2739
2797	1944
2797	748
2797	2595
2792	675
2792	493
2792	576
2797	675
2792	2053
2792	197
2797	777
2797	2212
2797	2520
2797	777
2797	2212
2792	1011
2793	2212
2797	675
2797	922
2793	2537
2797	2537
2792	2537
2797	347
2793	2537
2797	1611
2793	1569
2797	1865
2792	2021
2797	2610
2797	628
2797	2537
2797	375
2797	2537
2797	398
2797	1263
2797	2445
2797	1156
2797	1300
2797	1069
2797	1395
2797	2086
2797	424
2797	1143
2797	2271
2797	762
2797	1346
2797	137
2797	1833
2797	960
2797	2093
2797	2644
2797	2486
2797	1250
2797	1894
2797	837
2797	345
2797	1855
2797	800
2797	2783
2797	1756
2797	127
2797	2683
2797	804
2797	1339
2797	708
2797	1804
2797	655
2797	672
2797	2764
2797	2307
2797	1240
2797	301
2797	1663
2797	1742
2797	935
2797	2739
2797	2660
2797	228
2797	1208
2797	637
2797	601
2797	3
2797	497
2797	1743
2797	493
2797	1123
2797	1047
2797	2290
2797	1874
2797	2431
2797	2561
2797	1915
2797	1118
2797	443
2797	2033
2797	1272
2797	2202
2797	1565
2797	1524
2793	2289
2792	2289
2793	1845
2793	2645
2793	1920
2792	1669
2792	2289
2793	2289
2793	646
2797	1422
2797	1156
2797	1663
2797	612
2793	2615
2793	2537
2792	2615
2797	1129
2797	2016
2797	1296
2797	1680
2797	2073
2797	1511
2797	301
2797	207
2792	207
2793	1680
2793	1669
2793	1511
2793	2073
2793	1486
2792	2615
2792	1659
2793	675
2793	166
2797	1366
2797	2234
2797	493
2793	2277
2793	1005
2797	1982
2793	800
2793	646
2793	2517
2793	2255
2797	1155
2797	675
2793	2537
2797	271
2797	1506
2793	573
2793	977
2793	644
2793	123
2793	2320
2797	977
2797	903
2793	1382
2793	1710
2793	1394
2797	1029
2797	573
2797	977
2797	644
2797	123
2793	123
2793	2320
2797	903
2797	2320
2797	2744
2793	2277
2793	1910
2792	166
2797	207
2797	843
2797	141
2797	1446
2797	2265
2797	1280
2793	1446
2792	573
2792	1446
2792	1881
2797	1446
2792	2550
2797	644
2797	675
2797	1932
2793	1422
2793	1446
2792	256
2792	748
2792	2137
2793	2108
2792	1129
2792	97
2792	2016
2793	1546
2797	1794
2797	977
2793	2305
2793	1511
2793	2073
2793	1005
2793	2277
2793	1680
2793	1669
2797	2305
2792	1117
2793	1194
2793	1958
2793	2746
2793	2556
2793	589
2793	1111
2793	2448
2793	1546
2792	1881
2792	2698
2792	2151
2797	398
2793	2613
2793	1194
2793	1958
2797	1958
2797	1194
2793	1492
2797	2537
2797	1111
2797	1546
2797	2034
2797	47
2797	1598
2793	197
2792	2034
2792	589
2792	2556
2797	88
2793	2034
2792	2613
2797	271
2792	2034
2797	1446
2792	2613
2797	2241
2797	1190
2797	793
2797	2448
2793	465
2797	2034
2797	2613
2797	1958
2797	1194
2797	1117
2797	977
2797	2582
2797	2698
2797	987
2793	1029
2793	2053
2793	573
2793	82
2793	778
2797	1794
2797	2297
2797	2246
2797	1692
2797	1611
2797	2034
2793	2297
2793	2034
2793	1225
2792	1225
2797	873
2797	2316
2793	873
2792	482
2792	2316
2797	2065
2797	1744
2793	2316
2797	390
2797	1225
2792	1225
2793	1446
2793	2640
2793	1561
2792	2316
2793	2630
2797	2034
2797	2537
2797	1614
2792	2630
2797	2630
2797	613
2793	243
2793	2630
2792	2617
2792	2630
2792	2316
2797	2316
2797	994
2792	994
2797	243
2797	2234
2797	31
2793	994
2797	2587
2797	2095
2797	532
2792	2095
2792	2619
2792	994
2797	2630
2792	1764
2792	1768
2792	1492
2792	1532
2792	346
2793	2619
2793	994
2797	2170
2797	1794
2797	994
2797	2228
2797	232
2793	797
2793	2021
2793	1786
2797	270
2797	2511
2797	270
2797	2537
2793	243
2793	2553
2793	1103
2792	2619
2792	684
2792	994
2797	994
2792	2511
2792	2170
2792	1794
2792	2320
2792	2234
2792	493
2792	1786
2792	2698
2797	880
2792	644
2792	2320
2792	467
2792	252
2792	2249
2797	994
2797	2249
2793	1126
2797	252
2793	885
2797	885
2792	355
2792	982
2792	2285
2792	1261
2792	1775
2792	1784
2792	1977
2792	2559
2792	914
2793	1892
2793	720
2793	2764
2793	264
2793	684
2793	2034
2793	267
2797	2619
2792	885
2797	2613
2797	207
2792	994
2797	2185
2793	2453
2792	207
2793	1610
2793	1425
2793	2542
2797	2316
2797	684
2793	2457
2793	1552
2793	248
2793	701
2792	701
2792	2457
2793	2606
2793	748
2793	1763
2793	677
2797	701
2797	873
2797	1225
2797	1101
2793	2423
2793	426
2797	931
2797	925
2792	426
2797	748
2792	2423
2792	252
2792	467
2792	2170
2792	977
2792	644
2792	885
2792	684
2792	2617
2792	2228
2797	2537
2797	2034
2797	2423
2797	1958
2793	2273
2793	1397
2793	943
2793	1589
2793	2443
2793	631
2793	2626
2793	2119
2793	2682
2793	1022
2793	1721
2793	1206
2793	1363
2793	1924
2793	1858
2793	1389
2793	2358
2793	910
2793	459
2793	713
2793	416
2793	1609
2793	1525
2793	1112
2793	1673
2793	114
2793	2399
2793	1068
2793	2783
2793	1373
2793	571
2793	83
2793	142
2793	712
2793	2287
2793	439
2793	793
2793	1280
2793	2223
2793	137
2797	238
2797	1698
2797	2583
2792	1058
2793	466
2793	1674
2793	886
2793	1083
2797	1058
2797	1083
2797	1674
2797	79
2797	615
2792	2544
2797	840
2797	1582
2792	2544
2793	840
2793	846
2793	2544
2793	1717
2792	846
2792	2610
2792	932
2792	1349
2792	2116
2793	1083
2793	946
2792	2423
2792	426
2792	2583
2797	1098
2797	1717
2797	2704
2797	2055
2797	131
2797	748
2797	1773
2797	1870
2797	2466
2797	11
2797	1896
2797	1852
2797	2722
2792	2673
2792	2405
2792	2745
2793	2218
2793	79
2793	1002
2792	2247
2797	1360
2797	2673
2792	882
2792	1241
2792	222
2793	2544
2792	1695
2793	2345
2793	271
2793	2247
2793	1333
2797	2599
2797	886
2797	1083
2797	2110
2797	873
2792	1917
2797	1098
2797	1058
2793	882
2792	2702
2792	577
2792	2226
2797	466
2792	693
2793	1691
2797	577
2797	364
2792	212
2797	1691
2793	2226
2793	222
2792	1691
2792	1141
2797	830
2797	2619
2797	255
2797	2653
2792	1871
2797	472
2797	207
2797	1753
2797	347
2792	1225
2797	994
2797	2613
2793	1328
2793	2121
2793	695
2793	1208
2793	2769
2793	2048
2793	880
2793	2473
2793	765
2793	2390
2793	2442
2792	512
2793	1024
2793	1871
2797	886
2792	964
2793	512
2793	2040
2792	2040
2797	1717
2797	2053
2793	1171
2797	1936
2793	2700
2792	2040
2792	512
2797	2544
2797	2428
2797	212
2797	2702
2797	364
2797	1597
2797	520
2797	2595
2797	212
2797	266
2792	1133
2792	1601
2797	163
2797	1953
2797	32
2797	719
2797	686
2797	2764
2792	163
2797	907
2797	276
2797	222
2792	2821
2792	1953
2792	2489
2797	953
2797	2489
2792	47
2792	212
2792	1808
2792	141
2792	1725
2792	904
2792	177
2792	2764
2797	2489
2797	748
2792	2045
2792	852
2797	79
2793	1645
2793	520
2793	846
2793	1268
2797	426
2797	273
2797	1148
2797	1170
2797	1000
2797	2724
2792	520
2792	885
2797	2249
2797	398
2797	830
2793	1837
2797	830
2797	1066
2793	2746
2793	1870
2793	2777
2793	953
2793	1759
2793	882
2797	1759
2797	2661
2793	363
2793	2248
2793	2209
2793	170
2797	1162
2797	2290
2797	1936
2797	166
2797	573
2797	88
2797	494
2797	1130
2797	1052
2797	496
2797	2436
2797	2130
2797	1306
2797	1656
2797	802
2797	1330
2797	638
2797	478
2797	840
2797	2457
2797	2045
2793	989
2797	2517
2797	1710
2797	2821
2797	326
2797	1424
2797	1930
2797	47
2797	2656
2797	606
2792	1771
2797	1201
2793	1717
2793	2544
2797	2630
2797	1727
2797	886
2797	2247
2797	1764
2797	2619
2797	1669
2797	886
2797	1083
2797	946
2797	1674
2797	426
2797	1609
2793	2443
2797	1126
2797	28
2797	701
2793	1133
2793	2226
2797	2646
2797	2243
2797	717
2797	181
2797	207
2793	11
2793	2563
2793	1130
2793	88
2793	17
2793	2452
2793	1933
2793	494
2793	1422
2793	2229
2792	2745
2797	2500
2797	1346
2797	2583
2797	885
2793	1126
2793	994
2792	1633
2793	141
2792	2316
2797	1632
2792	885
2797	2316
2792	805
2797	1194
2797	47
2797	1568
2797	1985
2797	2745
2797	2619
2797	2630
2797	903
2797	830
2797	542
2797	295
2797	485
2797	2053
2797	398
2797	1966
2797	1809
2797	1072
2797	271
2793	1869
2797	2382
2797	1972
2797	677
2797	1546
2797	2619
2797	2443
2797	882
2797	2745
2797	1117
2797	2742
2797	820
2797	709
2797	1523
2797	1909
2797	11
2797	1753
2797	472
2797	169
2797	1002
2793	1695
2797	2500
2793	1801
2797	2045
2797	1428
2797	1352
2797	1427
2797	163
2797	2544
2797	931
2797	1625
2797	2653
2797	1809
2797	1768
2797	1286
2797	758
2797	166
2797	1601
2797	247
2797	397
2793	748
2797	1526
2793	1126
2793	1809
2793	1320
2793	1664
2793	640
2793	2226
2797	818
2797	616
2797	2473
2792	2821
2792	47
2792	1132
2792	1664
2793	2785
2797	271
2793	1633
2793	2702
2797	2544
2797	520
2797	252
2792	390
2792	873
2792	1225
2793	2247
2792	1645
2797	658
2797	295
2797	2636
2797	994
2797	1669
2797	1833
2797	2247
2797	346
2793	372
2792	1532
2797	802
2797	1522
2797	2430
2797	1845
2797	632
2797	640
2797	2291
2797	1392
2797	2272
2797	1200
2797	1216
2797	905
2797	1180
2797	989
2797	682
2797	1611
2797	2544
2797	1909
2797	519
2797	49
2797	1566
2797	1027
2797	298
2797	28
2797	231
2793	47
2797	1612
2797	1286
2797	1592
2793	1763
2793	2682
2797	2532
2797	1900
2797	1810
2797	874
2797	1073
2797	1090
2797	782
2797	499
2793	266
2793	2475
2793	1961
2797	1303
2797	79
2793	1909
2793	846
2797	1523
2797	1611
2797	186
2797	44
2797	2472
2797	450
2797	133
2797	1303
2797	2544
2797	2423
2797	1659
2797	1011
2797	39
2797	2254
2797	1881
2797	2612
2797	1770
2797	857
2797	567
2797	1103
2797	1738
2797	809
2797	40
2797	2129
2797	524
2797	1047
2797	1797
2792	1611
2792	2058
2792	2443
2792	1979
2792	1286
2792	2546
2792	667
2792	1039
2792	748
2792	1020
2792	1892
2792	2785
2792	1271
2792	2091
2792	2682
2792	758
2792	964
2792	2755
2792	994
2792	2260
2797	1310
2797	1653
2797	2822
2797	398
2793	797
2797	2666
2797	2443
2797	1892
2797	8
2797	748
2797	1966
2792	1052
2797	166
2797	177
2797	857
2797	812
2797	905
2797	478
2797	231
2793	2619
2797	2175
2793	207
2793	1296
2793	802
2793	1899
2797	953
2797	79
2797	2606
2797	1999
2797	557
2797	1771
2797	2443
2797	1658
2793	360
2793	1611
2793	994
2793	1958
2793	2537
2793	2452
2793	989
2792	1058
2792	2617
2792	2316
2792	2053
2793	1654
2793	606
2793	110
2793	1903
2793	1728
2797	1897
2797	1902
2797	20
2797	2459
2797	169
2797	2651
2793	1194
2793	17
2793	2743
2797	1899
2797	1611
2797	797
2797	2170
2797	1422
2797	1897
2797	1845
2797	2743
2797	133
2797	2093
2797	904
2793	2538
2793	2728
2793	1891
2793	2510
2797	701
2797	63
2797	1179
2797	2229
2797	494
2797	17
2797	88
2797	2053
2797	1668
2797	746
2797	1330
2797	1211
2797	1806
2797	2666
2793	169
2797	1209
2797	1532
2793	163
2797	1387
2797	294
2797	1840
2797	2485
2797	2058
2797	797
2797	2637
2793	1424
2797	805
2797	313
2797	2415
2797	1679
2797	1985
2797	1363
2797	1614
2793	2409
2793	1614
2793	1427
2793	758
2793	1825
2793	1985
2793	719
2793	323
2793	1286
2793	2197
2793	2755
2797	2821
2797	1754
2793	2606
2793	1031
2793	2415
2793	1679
2793	2605
2793	648
2793	1699
2793	1507
2793	1819
2793	1375
2793	1568
2793	1985
2793	2185
2792	1694
2797	1972
2797	1915
2797	235
2797	186
2797	1201
2797	2184
2797	1192
2797	2397
2797	1901
2797	2211
2797	384
2797	25
2797	2516
2797	1260
2797	879
2797	2125
2797	1754
2797	593
2797	909
2797	229
2797	503
2797	2277
2797	336
2797	2436
2793	2563
2797	1808
2797	977
2797	398
2797	2058
2797	758
2797	1985
2793	271
2793	2666
2793	1855
2793	1246
2793	1686
2797	207
2797	520
2797	1284
2797	1584
2797	1432
2797	2732
2797	1002
2797	271
2797	489
2797	2612
2797	2666
2792	2203
2797	1082
2793	2277
2793	360
2797	1892
2797	419
2793	2644
2797	409
2797	271
2797	2490
2792	2008
2792	742
2792	314
2792	956
2792	1575
2792	1343
2792	969
2792	377
2792	956
2792	1262
2792	2138
2792	14
2792	1120
2792	956
2792	1732
2792	169
2792	368
2792	1558
2792	99
2792	1509
2792	2138
2792	145
2792	2587
2792	368
2792	156
1602	2792
2515	2792
898	2792
2074	2792
469	2792
1267	2792
1732	2792
630	2792
2554	2792
529	2792
286	2792
1291	2792
1626	2792
1359	2792
2587	2792
169	2792
1828	2792
821	2792
1204	2792
1262	2792
1474	2792
1120	2792
2005	2792
742	2792
1307	2792
679	2792
2465	2792
1471	2792
884	2792
1789	2792
1509	2792
718	2792
2281	2792
971	2792
1198	2792
1929	2792
2281	2792
2281	2792
679	2792
60	2792
2202	2792
781	2792
300	2792
2791	2792
2189	2792
853	2792
330	2792
469	2792
2466	2792
853	2792
1657	2792
330	2792
1013	2792
1045	2792
1743	2792
710	2792
499	2792
896	2792
2456	2792
2387	2792
1074	2792
896	2792
95	2792
2790	2792
2416	2792
2456	2792
787	2792
2790	2792
211	2792
2484	2792
1164	2792
2643	2792
1398	2792
703	2792
2506	2792
926	2792
1186	2792
129	2792
2190	2792
784	2792
2083	2792
1272	2792
2758	2792
896	2792
2083	2792
1272	2792
2190	2792
2643	2792
639	2792
2332	2792
784	2792
990	2792
1776	2792
2083	2792
2643	2792
1776	2792
859	2792
1164	2792
1805	2792
1530	2792
755	2792
948	2792
948	2792
784	2792
2188	2792
571	2792
263	2792
1602	2792
368	2792
784	2792
667	2792
2395	2792
667	2792
964	2792
667	2792
1743	2792
1212	2792
1850	2792
2709	2792
1721	2792
2245	2792
1716	2792
667	2792
2245	2792
27	2792
983	2792
1212	2792
1850	2792
2709	2792
1924	2792
2113	2792
964	2792
649	2792
2643	2792
211	2792
990	2792
2503	2792
2577	2792
755	2792
615	2792
6	2792
2245	2792
948	2792
615	2792
2628	2792
162	2792
1463	2792
1262	2792
1530	2792
2684	2792
2577	2792
1797	2792
49	2792
497	2792
2004	2792
2304	2792
2008	2792
49	2792
6	2792
1797	2792
6	2792
615	2792
1994	2792
1994	2792
773	2792
571	2792
2058	2792
615	2792
948	2792
2245	2792
2506	2792
2643	2792
710	2792
51	2792
1262	2792
257	2792
2058	2792
964	2792
773	2792
2643	2792
257	2792
1617	2792
2484	2792
1509	2792
1099	2792
782	2792
49	2792
1530	2792
2493	2792
257	2792
1979	2792
1994	2792
1979	2792
1099	2792
1302	2792
2791	2792
1979	2792
948	2792
773	2792
691	2792
2493	2792
1302	2792
1493	2792
1359	2792
1291	2792
1120	2792
1641	2792
1670	2792
969	2792
2066	2792
2138	2792
1728	2792
2245	2792
257	2792
2755	2792
2197	2792
884	2792
76	2792
57	2792
2755	2792
858	2792
1728	2792
970	2792
464	2792
970	2792
2408	2792
858	2792
2686	2792
129	2792
1204	2792
1687	2792
1728	2792
2044	2792
858	2792
2197	2792
571	2792
1500	2792
296	2792
169	2792
1779	2792
2200	2792
898	2792
2686	2792
1099	2792
3	2792
1179	2792
1885	2792
1524	2792
37	2792
1286	2792
1286	2792
2785	2792
2479	2792
1286	2792
162	2792
286	2792
1700	2792
948	2792
1186	2792
2270	2792
2785	2792
1286	2792
1537	2792
2755	2792
948	2792
1500	2792
2697	2792
37	2792
1099	2792
2387	2792
964	2792
2577	2792
2485	2792
571	2792
821	2792
2493	2792
572	2792
939	2792
76	2792
884	2792
599	2792
2188	2792
1530	2792
1776	2792
2758	2792
438	2792
1420	2792
263	2792
1602	2792
1500	2792
529	2792
1616	2792
2707	2792
145	2792
1509	2792
2203	2792
679	2792
1779	2792
1002	2792
340	2792
2465	2792
2200	2792
898	2792
667	2792
1286	2792
1843	2792
1013	2792
2189	2792
971	2792
2240	2792
1557	2792
2515	2792
956	2792
1834	2792
1700	2792
1003	2792
314	2792
847	2792
2008	2792
2058	2792
1537	2792
54	2792
2304	2792
2785	2792
1537	2792
1494	2792
2686	2792
1537	2792
2485	2792
964	2792
2026	2792
1537	2792
2697	2792
52	2792
195	2792
49	2792
615	2792
2245	2792
2026	2792
52	2792
195	2792
2026	2792
1028	2792
1028	2792
1923	2792
2632	2792
195	2792
2026	2792
195	2792
2632	2792
1400	2792
1400	2792
1286	2792
2485	2792
948	2792
257	2792
667	2792
858	2792
2493	2792
884	2792
764	2792
679	2792
2205	2792
2755	2792
2090	2792
1400	2792
195	2792
2026	2792
2175	2792
23	2792
2791	2792
1537	2792
964	2792
2632	2792
23	2792
2175	2792
615	2792
49	2792
821	2792
529	2792
1616	2792
1779	2792
792	2792
2632	2792
23	2792
1728	2792
844	2792
969	2792
782	2792
964	2792
2190	2792
54	2792
112	2792
2758	2792
129	2792
2075	2792
1743	2792
1062	2792
781	2792
2529	2792
463	2792
1929	2792
1474	2792
1779	2792
2005	2792
814	2792
2598	2792
2175	2792
2485	2792
2785	2792
2755	2792
2189	2792
773	2792
601	2792
814	2792
311	2792
601	2792
814	2792
783	2792
1979	2792
2363	2792
640	2792
844	2792
1183	2792
640	2792
2363	2792
637	2792
783	2792
844	2792
52	2792
1286	2792
2197	2792
311	2792
640	2792
783	2792
2395	2792
2466	2792
956	2792
2485	2792
1728	2792
2036	2792
640	2792
1602	2792
640	2792
2036	2792
1099	2792
2304	2792
1262	2792
2755	2792
1743	2792
1474	2792
813	2792
296	2792
1834	2792
969	2792
2036	2792
937	2792
640	2792
783	2792
2766	2792
738	2792
1047	2792
524	2792
1047	2792
524	2792
2485	2792
2276	2792
2150	2792
2616	2792
656	2792
297	2792
297	2792
418	2792
1047	2792
524	2792
2712	2792
1182	2792
1989	2792
18	2792
656	2792
1099	2792
2119	2792
901	2792
2113	2792
2395	2792
1343	2792
2682	2792
1989	2792
970	2792
2626	2792
2119	2792
503	2792
697	2792
2549	2792
1369	2792
1322	2792
208	2792
1159	2792
1723	2792
7	2792
2460	2792
2467	2792
7	2792
2460	2792
227	2792
553	2792
2467	2792
1022	2792
2676	2792
814	2792
2598	2792
1376	2792
1376	2792
205	2792
1880	2792
7	2792
2546	2792
601	2792
1397	2792
631	2792
2129	2792
2759	2792
1997	2792
244	2792
1578	2792
235	2792
2082	2792
2712	2792
1142	2792
1142	2792
713	2792
1234	2792
910	2792
1997	2792
2358	2792
1665	2792
2208	2792
2574	2792
1727	2792
796	2792
235	2792
796	2792
990	2792
1923	2792
1665	2792
2626	2792
1920	2792
2574	2792
524	2792
49	2792
165	2792
2682	2792
1047	2792
2058	2792
2161	2792
2161	2792
1727	2792
1048	2792
964	2792
205	2792
2466	2792
2759	2792
2161	2792
2574	2792
2282	2792
1920	2792
1727	2792
2632	2792
2697	2792
715	2792
1557	2792
314	2792
969	2792
1861	2792
2074	2792
822	2792
1099	2792
1776	2792
2460	2792
821	2792
1262	2792
1463	2792
1165	2792
1003	2792
314	2792
51	2792
1641	2792
2066	2792
775	2792
7	2792
2208	2792
1665	2792
1088	2792
1142	2792
444	2792
551	2792
195	2792
1728	2792
858	2792
970	2792
2197	2792
1099	2792
964	2792
323	2792
2755	2792
2697	2792
2026	2792
2175	2792
2686	2792
52	2792
755	2792
2036	2792
2577	2792
814	2792
1537	2792
2758	2792
211	2792
1500	2792
813	2792
286	2792
2205	2792
764	2792
970	2792
858	2792
23	2792
1400	2792
195	2792
2026	2792
464	2792
1920	2792
1142	2792
2574	2792
814	2792
844	2792
162	2792
1920	2792
2574	2792
796	2792
1727	2792
1400	2792
2175	2792
2161	2792
2035	2792
938	2792
1878	2792
2302	2792
938	2792
323	2792
2036	2792
2175	2792
1355	2792
1537	2792
2682	2792
443	2792
1755	2792
2574	2792
1355	2792
2302	2792
2035	2792
1878	2792
938	2792
1565	2792
443	2792
2574	2792
1920	2792
796	2792
1727	2792
784	2792
23	2792
1099	2792
1657	2792
49	2792
2175	2792
2755	2792
667	2792
1979	2792
822	2792
1336	2792
2546	2792
2288	2792
2682	2792
1979	2792
2175	2792
2643	2792
948	2792
983	2792
1728	2792
23	2792
2485	2792
858	2792
2270	2792
764	2792
1120	2792
2705	2792
2705	2792
2741	2792
2189	2792
2161	2792
2705	2792
1204	2792
2288	2792
864	2792
2288	2792
814	2792
2741	2792
796	2792
2739	2792
2085	2792
2739	2792
2085	2792
1803	2792
1470	2792
1048	2792
881	2792
719	2792
1039	2792
2513	2792
864	2792
285	2792
2028	2792
2288	2792
1979	2792
615	2792
755	2792
2113	2792
1165	2792
2513	2792
2739	2792
1821	2792
2739	2792
1821	2792
2577	2792
7	2792
2387	2792
679	2792
1779	2792
2682	2792
1397	2792
2739	2792
2245	2792
2791	2792
1039	2792
1286	2792
327	2792
2485	2792
2395	2792
764	2792
601	2792
1039	2792
719	2792
2755	2792
1470	2792
2513	2792
662	2792
2639	2792
2346	2792
2639	2792
23	2792
1165	2792
2085	2792
1397	2792
2175	2792
1776	2792
2312	2792
1809	2792
1809	2792
1286	2792
758	2792
2575	2792
1825	2792
1985	2792
2491	2792
948	2792
1985	2792
2098	2792
1809	2792
2312	2792
2739	2792
1821	2792
37	2792
1056	2792
2478	2792
758	2792
1825	2792
459	2792
228	2792
2394	2792
551	2792
1809	2792
758	2792
2412	2792
2478	2792
2412	2792
57	2792
662	2792
49	2792
1985	2792
2682	2792
884	2792
459	2792
1809	2792
2113	2792
2213	2792
2098	2792
1985	2792
16	2792
1076	2792
2682	2792
228	2792
2175	2792
1076	2792
2747	2792
278	2792
1458	2792
758	2792
1825	2792
2276	2792
2312	2792
844	2792
1728	2792
758	2792
1825	2792
1056	2792
278	2792
228	2792
1056	2792
2705	2792
3	2792
2682	2792
2175	2792
1458	2792
758	2792
1825	2792
2098	2792
2485	2792
2785	2792
858	2792
6	2792
2494	2792
1142	2792
3	2792
2547	2792
459	2792
2705	2792
1202	2792
1821	2792
2193	2792
822	2792
1088	2792
2036	2792
2485	2792
858	2792
464	2792
2747	2792
2224	2792
2547	2792
1821	2792
2500	2792
1053	2792
1191	2792
2142	2792
2091	2792
1053	2792
1235	2792
1873	2792
2222	2792
964	2792
2091	2792
1873	2792
57	2792
2260	2792
392	2792
2260	2792
392	2792
1474	2792
814	2792
1053	2792
1397	2792
211	2792
758	2792
896	2792
1825	2792
1235	2792
2822	2792
1099	2792
1318	2792
409	2792
1706	2792
2363	2792
1706	2792
2626	2792
1743	2792
1706	2792
1984	2792
2739	2792
1053	2792
2626	2792
1796	2792
2512	2792
1984	2792
1706	2792
2059	2792
392	2792
2222	2792
409	2792
1977	2792
1318	2792
1151	2792
844	2792
2785	2792
297	2792
2574	2792
864	2792
1809	2792
1780	2792
119	2792
816	2792
2513	2792
662	2792
2394	2792
814	2792
937	2792
1286	2792
37	2792
1903	2792
2057	2792
459	2792
2822	2792
1318	2792
409	2792
1235	2792
2478	2792
2639	2792
2044	2792
970	2792
2512	2792
1706	2792
1984	2792
392	2792
2222	2792
2059	2792
2213	2792
240	2792
2054	2792
2054	2792
790	2792
2240	2792
2675	2792
2059	2792
2494	2792
2785	2792
790	2792
240	2792
2054	2792
2379	2792
1504	2792
1336	2792
2546	2792
1504	2792
40	2792
2379	2792
2058	2792
2054	2792
1809	2792
2513	2792
1286	2792
2036	2792
40	2792
2705	2792
1504	2792
7	2792
624	2792
195	2792
1400	2792
1537	2792
2785	2792
2755	2792
205	2792
1702	2792
119	2792
816	2792
2512	2792
2633	2792
1374	2792
2662	2792
1290	2792
2190	2792
129	2792
2091	2792
246	2792
1979	2792
492	2792
492	2792
2068	2792
1152	2792
1653	2792
1504	2792
2675	2792
769	2792
816	2792
1151	2792
1515	2792
2288	2792
2494	2792
2574	2792
1045	2792
1488	2792
1979	2792
719	2792
1803	2792
1336	2792
23	2792
970	2792
2001	2792
1653	2792
1515	2792
2068	2792
119	2792
2648	2792
822	2792
420	2792
705	2792
2578	2792
98	2792
298	2792
2083	2792
2129	2792
964	2792
1985	2792
1825	2792
2575	2792
758	2792
1515	2792
1653	2792
2068	2792
298	2792
2675	2792
2057	2792
705	2792
2608	2792
1504	2792
2041	2792
705	2792
240	2792
2578	2792
2495	2792
731	2792
839	2792
1269	2792
153	2792
2148	2792
2029	2792
178	2792
203	2792
633	2792
365	2792
2262	2792
1175	2792
1991	2792
1644	2792
1475	2792
220	2792
2720	2792
1144	2792
98	2792
2036	2792
2720	2792
1475	2792
1991	2792
1644	2792
365	2792
2029	2792
153	2792
203	2792
1175	2792
633	2792
178	2792
246	2792
2632	2792
22	2792
1376	2792
2739	2792
796	2792
640	2792
195	2792
1537	2792
2785	2792
2686	2792
2720	2792
2633	2792
1831	2792
1825	2792
2755	2792
1985	2792
2790	2792
1783	2792
2058	2792
2412	2792
1809	2792
2091	2792
1449	2792
416	2792
2633	2792
705	2792
416	2792
1821	2792
1024	2792
220	2792
957	2792
2041	2792
621	2792
705	2792
1783	2792
1020	2792
1783	2792
1873	2792
1020	2792
957	2792
242	2792
242	2792
1979	2792
2546	2792
816	2792
2253	2792
1240	2792
1663	2792
2121	2792
259	2792
1411	2792
1046	2792
236	2792
275	2792
1328	2792
1169	2792
1388	2792
2446	2792
695	2792
2331	2792
2463	2792
393	2792
2675	2792
1783	2792
420	2792
2253	2792
1240	2792
2121	2792
236	2792
259	2792
275	2792
695	2792
2331	2792
1611	2792
2446	2792
1328	2792
2301	2792
2495	2792
1825	2792
281	2792
1611	2792
1246	2792
1240	2792
203	2792
1979	2792
2175	2792
1024	2792
2020	2792
761	2792
308	2792
213	2792
1702	2792
1189	2792
1025	2792
1056	2792
272	2792
28	2792
1055	2792
2546	2792
624	2792
297	2792
1246	2792
1175	2792
1246	2792
1611	2792
1985	2792
2494	2792
155	2792
259	2792
1663	2792
1240	2792
259	2792
1046	2792
1903	2792
2057	2792
2091	2792
1208	2792
790	2792
773	2792
2463	2792
1246	2792
1076	2792
1458	2792
758	2792
2494	2792
2485	2792
2739	2792
2512	2792
1027	2792
155	2792
110	2792
1611	2792
1142	2792
2632	2792
6	2792
615	2792
501	2792
2790	2792
1896	2792
1803	2792
2675	2792
1488	2792
1611	2792
416	2792
235	2792
1611	2792
2168	2792
970	2792
957	2792
110	2792
301	2792
2121	2792
2494	2792
790	2792
2168	2792
1663	2792
1510	2792
561	2792
1040	2792
2036	2792
2168	2792
561	2792
1040	2792
2023	2792
497	2792
2113	2792
2575	2792
2023	2792
2091	2792
2224	2792
155	2792
2559	2792
2023	2792
2168	2792
2091	2792
2260	2792
13	2792
2559	2792
2023	2792
1611	2792
1144	2792
667	2792
1896	2792
634	2792
948	2792
2058	2792
2755	2792
1984	2792
898	2792
2395	2792
1302	2792
2575	2792
2091	2792
2222	2792
1825	2792
2416	2792
1683	2792
2023	2792
1714	2792
1985	2792
1240	2792
2739	2792
1728	2792
275	2792
298	2792
52	2792
538	2792
1449	2792
914	2792
1411	2792
1784	2792
896	2792
2720	2792
2098	2792
2500	2792
2224	2792
2028	2792
2741	2792
864	2792
2114	2792
52	2792
2765	2792
1784	2792
2446	2792
1825	2792
758	2792
2168	2792
1611	2792
1318	2792
2368	2792
52	2792
13	2792
242	2792
1814	2792
914	2792
2559	2792
1611	2792
2632	2792
501	2792
2571	2792
2765	2792
631	2792
1397	2792
902	2792
816	2792
1873	2792
1286	2792
902	2792
1814	2792
2675	2792
2326	2792
1078	2792
416	2792
914	2792
119	2792
1039	2792
747	2792
40	2792
2765	2792
1689	2792
902	2792
2739	2792
1358	2792
755	2792
501	2792
119	2792
2675	2792
1896	2792
280	2792
1078	2792
409	2792
1318	2792
96	2792
1114	2792
606	2792
285	2792
1286	2792
606	2792
1611	2792
1611	2792
1566	2792
1566	2792
459	2792
2129	2792
244	2792
1997	2792
1397	2792
631	2792
2460	2792
7	2792
943	2792
1566	2792
2518	2792
1749	2792
73	2792
516	2792
201	2792
1017	2792
2672	2792
1611	2792
2288	2792
2518	2792
1028	2792
695	2792
1620	2792
1320	2792
1620	2792
1320	2792
1589	2792
2121	2792
1603	2792
1320	2792
1611	2792
1603	2792
1566	2792
1548	2792
1240	2792
1663	2792
914	2792
1320	2792
1603	2792
1388	2792
1431	2792
215	2792
77	2792
920	2792
484	2792
2770	2792
2443	2792
2076	2792
1647	2792
2224	2792
758	2792
1825	2792
2494	2792
1431	2792
1814	2792
2459	2792
2443	2792
1640	2792
982	2792
1320	2792
1611	2792
844	2792
2766	2792
792	2792
2632	2792
2785	2792
501	2792
1291	2792
858	2792
1548	2792
2365	2792
2375	2792
1512	2792
1518	2792
484	2792
2222	2792
2443	2792
1320	2792
1611	2792
403	2792
2575	2792
2365	2792
984	2792
1240	2792
796	2792
1142	2792
1603	2792
2222	2792
1302	2792
1727	2792
1920	2792
1458	2792
958	2792
1834	2792
1537	2792
912	2792
1231	2792
1320	2792
1896	2792
1611	2792
2059	2792
2416	2792
1286	2792
1611	2792
2512	2792
2368	2792
2059	2792
80	2792
1458	2792
2478	2792
1606	2792
1400	2792
1099	2792
2822	2792
2764	2792
2307	2792
2365	2792
1611	2792
129	2792
1310	2792
275	2792
2675	2792
1488	2792
2028	2792
2741	2792
864	2792
2288	2792
1142	2792
1286	2792
858	2792
1979	2792
615	2792
667	2792
2755	2792
2443	2792
1449	2792
3	2792
1742	2792
2058	2792
2632	2792
410	2792
375	2792
484	2792
2179	2792
375	2792
1930	2792
982	2793
215	2793
606	2793
1261	2793
1775	2793
110	2793
1027	2793
259	2793
1411	2793
375	2792
1781	2792
993	2792
2739	2792
2494	2792
7	2792
1045	2792
1611	2792
1781	2792
993	2792
672	2792
1320	2793
416	2792
1781	2792
1930	2792
1640	2793
1568	2792
780	2792
2443	2792
1825	2793
758	2793
986	2792
2294	2792
1317	2792
1890	2792
1282	2792
2645	2792
1568	2793
1775	2793
1449	2793
790	2793
240	2793
1903	2793
119	2793
2091	2793
2747	2793
758	2793
2575	2793
1825	2793
16	2793
2786	2793
2485	2793
2001	2793
2443	2792
1118	2792
10	2792
2443	2793
375	2792
2549	2792
1568	2792
1568	2792
2705	2793
758	2793
1825	2793
719	2793
2036	2793
1286	2793
758	2793
2705	2793
2055	2792
514	2792
1317	2792
2285	2792
1231	2792
240	2792
697	2792
780	2792
575	2792
1320	2792
55	2792
2060	2792
1655	2792
10	2792
962	2792
355	2792
1013	2793
1320	2792
1320	2793
2785	2792
1723	2792
2626	2792
640	2792
2546	2792
1207	2792
429	2792
1640	2793
672	2793
1240	2793
382	2792
1611	2793
1603	2793
1566	2793
22	2793
1320	2793
1727	2793
355	2793
914	2793
2682	2793
1400	2793
195	2793
497	2793
1282	2792
259	2792
1131	2792
98	2792
2028	2793
1565	2793
1611	2793
119	2793
2764	2793
1985	2793
2747	2793
1131	2793
10	2793
962	2793
2222	2793
2055	2793
2675	2793
1488	2793
285	2793
2741	2793
864	2793
1979	2793
615	2793
755	2793
257	2793
1302	2793
858	2793
719	2793
962	2793
2375	2793
2365	2793
1512	2793
1017	2793
2672	2793
516	2793
1028	2793
201	2793
1131	2792
1144	2793
501	2793
1603	2792
962	2792
758	2793
1825	2793
1984	2793
275	2793
354	2792
354	2793
1604	2792
1981	2792
2523	2792
2498	2793
1654	2792
213	2792
2224	2792
1566	2793
1654	2792
1825	2793
1654	2792
267	2793
2764	2793
1566	2793
2764	2792
2523	2793
1603	2793
215	2793
1261	2793
1775	2793
1240	2793
1663	2793
1169	2793
2463	2793
203	2793
2041	2793
1706	2793
1967	2793
416	2793
1821	2793
229	2793
503	2793
1537	2793
920	2793
2559	2793
301	2793
1449	2793
914	2793
2522	2793
790	2793
2059	2793
2222	2793
55	2793
1977	2793
2575	2793
1809	2793
1985	2793
858	2793
948	2793
672	2793
1926	2793
2485	2793
898	2793
54	2793
1743	2793
6	2793
1013	2793
1566	2792
355	2793
2443	2793
2121	2793
40	2793
267	2792
244	2793
1451	2793
1320	2792
1568	2793
2662	2793
1654	2793
1840	2793
1781	2793
375	2793
2443	2792
1991	2792
552	2792
2307	2793
2443	2793
1397	2793
2060	2793
1920	2792
1400	2792
2026	2792
195	2792
2485	2792
2044	2792
858	2792
1027	2792
1940	2793
1840	2793
1611	2792
336	2793
336	2792
136	2793
136	2792
2081	2792
2343	2792
2443	2792
136	2792
301	2792
2523	2792
2747	2793
2443	2792
326	2792
2033	2792
326	2792
2755	2792
326	2793
136	2792
878	2792
1451	2792
1013	2793
1611	2793
336	2792
1246	2793
1985	2793
787	2793
878	2792
2358	2793
2691	2793
2616	2793
964	2793
2203	2793
2720	2793
1644	2793
1991	2793
1475	2793
365	2793
524	2793
1047	2793
667	2792
326	2792
2055	2792
2055	2793
336	2793
2507	2792
1237	2793
326	2793
1809	2793
1920	2793
1112	2793
206	2792
1112	2792
1112	2792
1603	2793
1112	2793
215	2793
672	2793
1611	2793
2731	2792
2733	2793
2626	2793
336	2792
119	2792
962	2793
1320	2792
1237	2792
406	2793
1237	2793
705	2793
443	2793
57	2793
878	2792
2785	2793
1840	2793
962	2793
375	2793
703	2793
326	2792
1320	2792
298	2792
1246	2792
1255	2792
1706	2792
914	2792
2175	2792
1255	2793
943	2792
571	2793
1236	2792
1594	2793
1594	2792
1320	2793
2697	2793
326	2793
2755	2793
664	2793
1654	2793
2466	2793
1647	2793
2443	2793
1603	2792
326	2792
2176	2792
2523	2793
1255	2793
2559	2793
962	2792
354	2793
609	2792
1840	2793
667	2793
1165	2793
2036	2793
816	2793
2626	2793
695	2793
2769	2793
575	2793
2443	2793
259	2792
974	2793
1781	2793
822	2793
336	2793
1169	2793
2648	2793
22	2793
2142	2793
1025	2793
2500	2793
887	2793
2109	2793
2633	2793
1320	2793
663	2793
195	2793
2044	2793
2026	2793
1400	2793
1984	2793
962	2793
1603	2793
1689	2793
2224	2793
2491	2793
1246	2793
2179	2793
215	2793
896	2793
1896	2793
555	2793
157	2793
672	2793
2443	2793
2081	2793
2059	2793
2747	2793
1825	2793
758	2793
326	2793
355	2793
2443	2793
2731	2792
326	2793
492	2793
1784	2793
974	2793
1183	2793
1118	2793
1023	2792
229	2792
301	2793
1611	2793
555	2792
96	2793
609	2793
136	2793
301	2793
2175	2793
969	2793
2260	2793
2608	2793
1825	2793
758	2793
283	2793
912	2793
822	2792
1589	2793
964	2793
1183	2792
2443	2793
354	2793
609	2793
1255	2793
1594	2793
2785	2793
2363	2793
1169	2793
2704	2792
1796	2792
2747	2793
629	2793
25	2793
2764	2793
2059	2793
2600	2793
1320	2793
409	2793
1255	2793
2600	2793
2293	2792
1568	2793
420	2793
119	2793
910	2792
1397	2792
1114	2792
2600	2792
839	2793
2660	2793
990	2793
1526	2793
1852	2792
2211	2792
1526	2792
553	2792
2379	2792
1796	2792
2704	2792
469	2792
2600	2793
213	2793
758	2793
1825	2793
1706	2792
1255	2793
1873	2793
1526	2792
275	2792
1240	2793
1852	2793
2764	2793
1118	2793
2307	2793
1548	2793
1237	2793
429	2793
1191	2793
553	2793
2055	2793
1236	2793
1449	2793
204	2793
25	2793
761	2793
2020	2793
1455	2793
2312	2793
2739	2793
1470	2793
1589	2793
943	2793
416	2793
2035	2793
2302	2793
2682	2793
1628	2793
2500	2793
336	2793
1611	2793
2293	2792
354	2793
1985	2793
1840	2793
2785	2793
1260	2793
1255	2793
816	2793
1318	2793
236	2793
2121	2793
2293	2792
2443	2793
1183	2793
1526	2793
703	2793
1825	2793
758	2793
2575	2793
1286	2793
1589	2792
575	2793
2059	2793
2676	2793
1449	2793
655	2792
1030	2792
2523	2792
1240	2792
1566	2793
2363	2793
2224	2793
2755	2793
667	2793
718	2793
1657	2793
211	2793
615	2793
1979	2793
1728	2793
970	2793
2485	2793
1286	2793
1028	2793
52	2793
2175	2793
2036	2793
323	2793
1142	2793
1727	2793
2645	2793
1920	2793
864	2793
285	2793
2513	2793
2747	2793
1310	2793
2822	2793
2512	2793
2057	2793
1749	2793
2765	2793
516	2793
2600	2793
1030	2793
878	2793
2443	2793
1852	2793
1706	2793
2412	2793
1389	2793
901	2793
942	2793
795	2793
2730	2793
3	2793
2600	2792
2600	2792
28	2792
2574	2793
2443	2793
822	2793
661	2793
2600	2793
1880	2793
1882	2793
1517	2793
1880	2793
326	2793
267	2793
1604	2793
136	2793
1840	2793
1320	2793
2036	2793
1852	2793
1526	2793
2459	2793
2675	2793
1979	2793
864	2793
2741	2793
1488	2793
2028	2793
1152	2793
1286	2793
257	2793
416	2793
2307	2793
2523	2793
228	2793
1053	2793
1458	2793
1727	2793
1047	2793
524	2793
22	2793
169	2793
948	2793
1797	2793
1099	2793
814	2793
2068	2793
1142	2793
2574	2793
1078	2793
119	2793
153	2793
1020	2793
1749	2793
1131	2793
970	2793
758	2793
301	2793
1112	2793
1240	2793
275	2793
912	2793
1208	2793
2686	2793
2314	2793
2575	2793
1683	2793
629	2793
1427	2793
655	2793
2060	2792
2443	2793
1611	2793
2121	2793
1985	2793
2513	2793
2175	2793
1035	2793
1320	2793
2224	2793
974	2793
2600	2793
2129	2793
1427	2793
2165	2793
1706	2792
2026	2792
1400	2792
195	2792
816	2792
1984	2792
1566	2792
758	2792
1825	2792
1526	2793
54	2793
1743	2793
555	2792
206	2792
1568	2792
1985	2792
1035	2793
1611	2793
2660	2793
672	2793
795	2793
1206	2793
661	2793
878	2793
157	2793
758	2792
664	2793
993	2793
575	2793
1114	2793
2098	2793
1994	2793
2113	2793
2395	2793
773	2793
1320	2793
2059	2793
758	2793
1825	2793
1286	2793
2189	2793
1165	2793
2616	2793
2260	2792
2224	2792
1455	2792
1320	2793
1647	2793
1809	2793
656	2793
2546	2793
624	2793
640	2793
1537	2793
464	2793
2755	2793
27	2793
691	2793
1267	2793
1558	2793
1641	2793
2066	2793
2200	2793
2764	2793
1240	2793
2085	2793
1427	2793
2363	2793
1229	2793
96	2793
703	2793
2456	2793
1114	2793
2076	2793
1427	2793
1800	2793
2546	2793
912	2792
2523	2792
962	2793
1781	2793
2575	2793
54	2793
1053	2793
382	2793
2768	2793
609	2793
1985	2793
1286	2792
2319	2792
655	2792
705	2792
2175	2792
49	2792
1926	2792
1047	2793
2219	2793
2768	2792
83	2793
619	2793
2219	2793
878	2793
1611	2793
2633	2793
1427	2793
343	2792
2559	2793
382	2793
2113	2793
747	2793
1271	2792
1930	2793
1328	2793
7	2793
1047	2793
343	2792
2764	2793
1903	2793
1272	2793
1271	2792
410	2793
1611	2793
1255	2793
672	2793
1566	2793
896	2793
661	2792
1663	2793
1035	2793
2764	2793
1449	2793
1448	2793
964	2793
1981	2793
1389	2793
1271	2792
1840	2793
2133	2793
1271	2793
609	2792
2764	2793
1397	2793
822	2793
2494	2793
1449	2793
1237	2792
2133	2793
1355	2793
1825	2793
1271	2792
1449	2793
1131	2792
2731	2792
2600	2792
575	2792
902	2793
1142	2793
392	2793
224	2793
1594	2792
2081	2792
2331	2792
2446	2792
492	2792
1567	2792
1030	2792
2395	2793
2113	2793
2632	2793
2027	2792
619	2793
1320	2793
844	2793
2675	2793
796	2793
1981	2793
343	2793
2443	2793
1611	2793
478	2792
1199	2793
1840	2793
1450	2792
2288	2793
2720	2793
2416	2793
52	2793
1449	2793
516	2793
1146	2792
1459	2792
962	2793
1146	2793
1112	2793
1286	2793
1027	2793
796	2793
514	2793
2058	2792
1427	2793
1840	2793
484	2793
2068	2793
157	2793
2822	2793
1056	2793
758	2793
1825	2793
311	2793
1557	2793
1887	2792
2081	2792
2343	2792
267	2792
1604	2792
1981	2792
1112	2793
2307	2793
1246	2793
1887	2792
2600	2793
1427	2793
1146	2793
1611	2792
1985	2792
347	2792
2027	2793
2133	2793
1427	2793
1459	2793
336	2793
2600	2793
347	2793
2133	2793
1512	2792
347	2793
1692	2793
1567	2792
1271	2792
1692	2792
347	2792
1692	2793
2461	2793
142	2793
1271	2792
1766	2793
1255	2793
1840	2793
347	2793
2575	2793
878	2793
2113	2793
347	2793
1030	2793
259	2793
1449	2793
881	2793
1766	2793
1692	2792
233	2793
1146	2793
1692	2793
1051	2793
2307	2792
1206	2792
2557	2793
155	2793
1271	2793
1893	2793
478	2793
878	2793
943	2793
1397	2793
631	2793
2523	2793
1840	2793
355	2792
1689	2792
604	2792
1040	2792
382	2793
1589	2793
1449	2793
1742	2793
1537	2793
246	2793
343	2793
673	2793
1051	2792
1558	2793
1051	2793
1766	2793
1611	2793
2443	2793
1051	2793
1271	2793
242	2792
1809	2792
1985	2792
1286	2792
2059	2792
1449	2792
110	2792
1728	2792
984	2793
336	2793
572	2793
492	2793
878	2793
275	2793
236	2793
2121	2793
679	2793
1397	2793
809	2792
2564	2792
563	2792
2576	2792
1973	2792
1738	2792
1286	2793
2461	2793
1587	2793
2398	2793
2557	2793
1692	2793
1973	2792
1738	2792
1459	2793
1051	2793
2461	2793
2557	2793
534	2793
1427	2792
962	2793
1231	2793
1903	2793
2059	2793
2260	2793
2091	2793
2222	2793
1920	2793
2036	2793
844	2793
809	2793
1800	2793
83	2793
2547	2792
136	2793
2494	2792
1128	2793
2395	2793
664	2793
879	2793
1192	2793
1775	2793
1040	2793
2578	2793
98	2793
420	2793
1903	2793
1706	2793
1235	2793
1039	2793
2513	2793
2755	2793
2224	2793
745	2793
2068	2793
609	2793
1966	2792
1966	2793
2133	2793
1450	2792
1966	2792
1611	2793
1967	2793
2586	2792
1966	2793
2087	2792
736	2792
1339	2792
1288	2792
708	2792
2308	2792
1804	2792
972	2792
2568	2792
1576	2792
2376	2792
842	2792
2711	2792
875	2792
343	2792
1339	2792
708	2792
1288	2792
2087	2792
875	2792
972	2792
1128	2792
1804	2793
655	2793
1738	2793
1576	2793
822	2793
478	2793
2068	2792
1985	2792
804	2792
804	2793
912	2793
382	2792
1966	2792
2070	2792
380	2792
991	2792
991	2793
1051	2793
1576	2793
1924	2793
553	2793
2739	2793
933	2792
1271	2793
748	2793
2523	2793
1742	2793
1385	2793
1290	2793
2017	2793
380	2793
1271	2793
2568	2793
1576	2793
748	2793
1184	2793
1973	2793
1339	2793
2568	2793
1288	2793
347	2793
380	2793
748	2793
933	2793
423	2793
804	2793
912	2793
991	2793
2087	2793
2070	2793
748	2793
1385	2793
2070	2792
1339	2792
933	2793
748	2793
355	2793
839	2793
40	2793
672	2793
306	2793
1112	2792
804	2792
655	2792
306	2792
1692	2793
736	2793
1745	2793
343	2793
453	2792
2568	2793
1576	2793
972	2793
2711	2793
1288	2793
2369	2793
1237	2793
748	2793
2257	2793
747	2793
705	2793
2308	2793
2586	2793
470	2793
1271	2793
269	2793
2530	2793
1288	2793
1103	2792
991	2793
1103	2793
1450	2793
2530	2793
2271	2792
2070	2793
804	2793
758	2793
2271	2793
306	2793
1035	2793
2070	2793
804	2793
2268	2793
2217	2793
1103	2793
200	2793
453	2793
2017	2793
748	2793
1800	2793
1427	2793
1450	2793
1653	2793
1339	2793
708	2793
1288	2793
1804	2793
2376	2793
1985	2793
933	2793
2271	2792
470	2793
1088	2793
2217	2793
1103	2792
2007	2793
8	2793
2224	2793
1966	2793
2523	2793
619	2792
1611	2792
2224	2792
2363	2792
2785	2792
842	2792
748	2793
2268	2793
1653	2793
2601	2793
2271	2793
306	2793
8	2793
575	2792
1023	2793
832	2793
478	2792
2217	2793
2058	2792
1864	2792
1146	2793
748	2793
673	2793
1864	2793
968	2792
2683	2792
2683	2793
2217	2792
2268	2792
1567	2793
1427	2793
1611	2793
2217	2793
2268	2793
968	2792
343	2793
1282	2793
2507	2793
832	2793
14	2793
2271	2792
2268	2792
2217	2792
1320	2793
2414	2793
181	2792
1985	2793
2217	2793
1618	2793
1565	2793
1271	2793
470	2793
1146	2793
1459	2793
2133	2793
1526	2793
1169	2793
1529	2793
2142	2793
640	2793
844	2793
2598	2793
632	2792
2105	2792
1321	2792
2414	2792
968	2792
2683	2792
1618	2792
2601	2792
748	2792
2017	2792
2257	2793
181	2793
2414	2793
1568	2793
2675	2793
1488	2793
2105	2793
2601	2793
301	2793
1240	2793
1603	2793
964	2793
2443	2793
2288	2793
1611	2793
2683	2793
968	2793
627	2793
478	2793
2261	2793
1548	2793
943	2793
1589	2793
571	2793
2203	2793
2707	2793
1575	2793
368	2793
1779	2793
1002	2793
2587	2793
867	2793
2576	2793
809	2793
2760	2793
2446	2792
181	2793
1604	2793
619	2793
22	2793
416	2793
246	2793
1746	2793
1376	2793
2463	2793
1967	2793
858	2793
2268	2793
2217	2793
1131	2793
968	2793
563	2793
2287	2793
1697	2792
748	2793
1062	2793
336	2793
1611	2793
478	2793
2611	2792
240	2793
1450	2792
632	2792
326	2792
2060	2792
203	2793
632	2793
2105	2793
2227	2792
2217	2793
2268	2793
1045	2792
1568	2793
2416	2793
2307	2793
2764	2793
2513	2793
2175	2793
1926	2793
609	2793
1825	2793
567	2793
2070	2793
686	2793
1697	2792
2009	2792
2611	2792
2333	2792
2227	2792
567	2792
237	2792
354	2793
2227	2793
2611	2793
1320	2792
726	2793
2268	2793
567	2793
181	2793
2414	2793
2530	2793
2333	2792
237	2793
2307	2793
2227	2792
1726	2793
832	2793
2683	2792
269	2793
8	2793
1829	2793
673	2793
1568	2793
2764	2793
1555	2793
1401	2793
1681	2793
1618	2793
1576	2793
2571	2793
2412	2793
2611	2793
1467	2792
1467	2793
2535	2793
1697	2792
2683	2793
875	2793
726	2793
2414	2793
575	2793
1131	2793
1726	2793
1713	2793
336	2793
1611	2792
181	2793
2683	2793
1576	2793
2568	2793
1766	2793
1401	2792
1681	2792
1555	2792
1745	2792
181	2793
2268	2793
1020	2792
2333	2793
1431	2792
938	2793
484	2792
2113	2793
2227	2793
2458	2793
615	2793
1255	2793
1108	2792
110	2793
2785	2793
1108	2793
1932	2793
1375	2792
804	2793
968	2793
2683	2793
609	2793
1653	2793
1375	2793
1108	2793
968	2793
131	2792
832	2793
1023	2793
1524	2793
57	2793
2133	2793
748	2793
131	2792
757	2793
757	2793
748	2793
416	2793
2129	2793
757	2792
2307	2793
2494	2793
2308	2793
235	2793
2132	2793
1681	2793
1467	2793
326	2793
1728	2793
757	2793
863	2793
2601	2793
2675	2793
2132	2793
757	2793
2568	2793
2593	2793
832	2793
2477	2793
8	2793
748	2793
2785	2793
816	2792
1681	2793
1985	2793
1286	2793
2513	2792
719	2792
2477	2793
857	2792
567	2793
857	2792
857	2793
100	2792
609	2793
2611	2793
2611	2793
609	2793
1179	2793
2564	2793
555	2793
384	2793
2477	2793
100	2792
1986	2793
2268	2792
672	2792
15	2792
2363	2793
15	2792
2288	2793
1238	2793
1334	2793
2227	2793
261	2793
2651	2793
748	2792
2760	2793
904	2792
2651	2792
1697	2792
2562	2792
508	2793
2443	2793
2340	2793
380	2793
673	2793
2620	2793
2581	2793
2060	2793
2378	2793
470	2793
2547	2793
1397	2793
1047	2793
2087	2793
673	2793
347	2793
224	2793
2333	2793
181	2793
652	2792
306	2793
4	2793
4	2793
575	2793
100	2793
501	2793
1339	2793
875	2793
2711	2793
1051	2793
1526	2793
283	2793
553	2793
293	2792
2439	2793
1756	2793
127	2793
857	2793
2477	2793
863	2793
757	2793
1932	2793
1077	2793
1966	2793
2167	2793
2683	2793
594	2793
131	2793
21	2793
306	2793
406	2793
2439	2793
4	2792
4	2793
1183	2793
2167	2792
1749	2792
2378	2793
673	2793
2340	2793
416	2793
2443	2793
1966	2793
1334	2793
2783	2793
2132	2793
2512	2793
2783	2793
2439	2793
4	2793
1925	2793
748	2793
2133	2793
2167	2792
2186	2793
1334	2793
508	2792
968	2792
215	2793
1385	2793
948	2793
2439	2793
1458	2793
2245	2793
594	2793
131	2793
2611	2793
594	2792
2651	2793
632	2793
2105	2793
470	2793
2133	2793
1566	2793
2098	2793
2167	2792
1603	2793
459	2793
2439	2792
2167	2793
347	2793
2783	2792
600	2792
2167	2792
2591	2792
594	2792
2241	2792
2477	2792
773	2793
2416	2793
54	2793
347	2793
609	2793
1449	2793
719	2793
1802	2792
1802	2793
1096	2792
1652	2792
1352	2792
1096	2793
4	2793
1271	2793
1652	2792
1352	2792
1352	2793
1725	2792
1725	2793
2224	2792
585	2793
2772	2793
1352	2793
2133	2793
2772	2792
585	2792
1652	2792
1096	2792
1725	2793
1352	2793
1681	2793
1713	2793
864	2793
2055	2793
585	2793
2081	2793
2343	2793
267	2793
1604	2793
1981	2793
1809	2793
1318	2793
1903	2793
1310	2793
609	2793
790	2793
2175	2793
1706	2793
898	2793
2772	2792
1725	2792
2167	2792
708	2792
736	2792
1576	2792
673	2792
1887	2792
1652	2793
585	2793
1726	2793
1725	2793
335	2793
4	2793
1238	2793
863	2793
2076	2792
1896	2793
1096	2793
8	2793
652	2793
2764	2793
1246	2793
2363	2793
2340	2793
464	2793
336	2793
2058	2793
672	2793
748	2793
2224	2793
758	2793
1187	2793
2755	2793
382	2793
2426	2793
2217	2793
2268	2793
416	2793
2068	2793
2459	2793
1131	2793
1271	2793
2675	2793
2091	2793
1152	2793
609	2793
2663	2792
2663	2792
148	2792
148	2793
917	2792
1187	2792
2340	2793
1320	2793
1352	2793
1096	2793
131	2793
1310	2793
2822	2793
1292	2793
2632	2793
890	2793
1608	2793
2426	2793
2675	2792
1488	2792
615	2792
1608	2792
1984	2793
392	2793
2222	2793
816	2793
609	2793
1728	2793
1512	2793
1238	2793
1292	2792
1334	2793
1292	2793
2081	2793
2343	2793
267	2793
1604	2793
1981	2793
1706	2793
1608	2793
609	2793
1450	2793
298	2793
1903	2793
1318	2793
2252	2792
1145	2793
148	2793
2427	2792
2468	2793
290	2793
2482	2792
2426	2792
585	2792
682	2793
682	2792
625	2793
2468	2792
1187	2793
1145	2793
2783	2793
1367	2793
2468	2793
1559	2792
215	2793
280	2793
625	2793
562	2792
987	2792
1264	2792
1559	2792
450	2792
1927	2792
1147	2793
2562	2792
1147	2792
711	2793
1896	2793
1172	2792
519	2792
290	2793
1836	2793
2611	2793
1728	2793
1819	2792
987	2792
970	2793
2772	2792
562	2793
1488	2793
2675	2793
1725	2793
2288	2793
45	2793
1725	2793
1352	2793
1096	2793
1770	2793
682	2793
2772	2793
2576	2793
2564	2793
355	2793
1264	2792
987	2793
347	2793
609	2793
1568	2793
508	2793
748	2793
127	2793
1147	2793
2186	2793
1352	2793
45	2793
2378	2793
1770	2793
1932	2793
2683	2793
2523	2793
612	2792
1262	2793
691	2793
639	2793
2426	2793
2675	2792
625	2793
1770	2793
1889	2793
1559	2793
2167	2793
987	2792
987	2793
1147	2793
2512	2793
1967	2793
312	2793
612	2792
312	2792
1770	2792
987	2793
1819	2792
2633	2793
191	2792
704	2793
1196	2793
2091	2793
1770	2793
1271	2793
562	2793
772	2792
612	2792
586	2792
126	2792
772	2793
1367	2792
45	2792
1836	2792
1819	2792
1570	2793
1334	2793
586	2793
1427	2793
608	2793
259	2793
800	2793
1914	2793
1271	2793
1819	2792
336	2793
1510	2793
1199	2793
2651	2793
181	2793
1443	2793
224	2793
2091	2793
2650	2793
2531	2793
1069	2792
1498	2792
1185	2792
2531	2792
788	2793
2330	2793
1061	2793
1427	2793
788	2792
1061	2792
2722	2793
987	2793
1819	2793
1196	2793
1985	2793
2285	2793
100	2792
2722	2793
1570	2792
2528	2792
41	2793
1941	2793
800	2793
1300	2793
2650	2793
2722	2792
2528	2793
1410	2793
1914	2793
449	2793
1313	2793
126	2793
2450	2793
317	2793
2181	2793
680	2793
1819	2793
1836	2793
290	2793
2468	2793
711	2793
1427	2792
1069	2793
1061	2793
378	2792
2722	2793
2443	2793
612	2793
1671	2792
1671	2793
800	2793
586	2793
625	2792
1938	2792
2722	2793
1069	2793
1424	2792
832	2793
429	2793
1184	2793
1023	2793
806	2793
2090	2793
1424	2793
857	2793
2446	2792
1300	2793
800	2793
2722	2793
1069	2793
1424	2793
711	2793
2468	2793
1926	2793
2490	2793
615	2793
1132	2793
1165	2793
2682	2792
1069	2793
987	2792
2722	2793
2105	2793
2419	2793
1634	2793
704	2793
790	2793
377	2793
1480	2793
1132	2792
2555	2792
2217	2792
2268	2792
381	2793
2032	2793
933	2793
1132	2793
1088	2793
800	2792
748	2793
1414	2792
1837	2792
2032	2792
1132	2792
1634	2792
1611	2793
2722	2793
1500	2793
964	2793
857	2793
947	2792
1634	2793
1859	2793
1352	2793
1096	2793
947	2793
1498	2793
8	2793
2252	2793
917	2793
1967	2793
993	2793
1172	2793
294	2793
1819	2792
2574	2793
1424	2792
987	2792
2482	2792
1608	2792
450	2792
1264	2792
450	2793
41	2793
947	2793
857	2793
832	2793
2268	2793
382	2793
695	2793
2477	2793
2121	2793
2150	2793
1629	2793
1056	2793
1088	2793
2783	2793
608	2793
7	2793
2547	2793
912	2793
1288	2793
1852	2793
2293	2793
1271	2793
863	2793
224	2793
41	2793
2135	2793
23	2793
1889	2793
1836	2793
625	2793
1802	2793
4	2793
1300	2793
2307	2793
2340	2793
2217	2793
2268	2793
380	2793
1966	2793
267	2793
1604	2793
1981	2793
275	2793
236	2793
131	2793
567	2793
2611	2793
2029	2793
1829	2793
1803	2793
285	2793
796	2793
2682	2793
1152	2793
612	2793
947	2792
2772	2793
1770	2793
1375	2793
1108	2793
1271	2793
285	2793
1567	2793
858	2793
2575	2793
1568	2793
1512	2793
2450	2793
1914	2793
1410	2793
1104	2793
6	2793
2307	2793
1855	2793
1725	2793
901	2793
1776	2793
2	2793
1213	2793
1790	2792
2024	2792
1180	2792
989	2792
823	2792
2024	2793
1240	2793
1213	2793
293	2793
2531	2793
1948	2793
2158	2793
1180	2793
2555	2793
2752	2793
2135	2793
863	2793
2215	2792
2663	2793
2490	2793
984	2793
1310	2793
688	2792
2752	2793
485	2793
2282	2793
866	2793
151	2793
1946	2793
1069	2793
1424	2792
492	2793
989	2793
1255	2793
2215	2793
2739	2793
1013	2793
1859	2792
378	2792
1941	2792
704	2792
191	2792
1570	2792
2121	2793
2215	2793
1725	2793
1971	2793
1271	2793
864	2793
1165	2793
2135	2793
285	2793
2528	2793
1727	2793
1099	2793
2307	2793
748	2793
767	2793
206	2793
1653	2793
2744	2793
1807	2793
2744	2792
698	2793
795	2793
1397	2793
631	2793
459	2793
697	2793
524	2793
1047	2793
964	2793
705	2793
1611	2793
1647	2793
215	2793
1458	2793
1840	2793
719	2793
1566	2793
396	2792
2722	2793
1642	2793
698	2792
1642	2792
2531	2793
1132	2793
989	2793
1168	2793
2268	2793
1427	2793
2744	2793
1642	2793
1807	2793
1168	2793
63	2793
63	2792
294	2793
2215	2793
2088	2793
1855	2793
306	2793
2744	2793
63	2793
902	2793
148	2793
2744	2792
1449	2793
2764	2793
45	2793
2135	2793
1480	2793
1966	2793
686	2793
294	2793
970	2793
1637	2793
1590	2793
1381	2792
989	2793
1168	2793
683	2793
1180	2793
2367	2793
1634	2793
1938	2793
1498	2793
682	2793
1889	2793
2772	2793
1637	2793
823	2793
2215	2793
1966	2793
63	2793
698	2793
2744	2793
1986	2793
1756	2793
306	2793
2443	2793
870	2792
272	2793
1985	2793
484	2793
870	2792
2088	2792
1637	2792
1381	2792
1642	2792
2744	2792
1807	2792
396	2792
698	2792
962	2792
1300	2793
2781	2793
191	2793
2744	2793
748	2793
28	2793
1367	2793
1480	2793
1320	2793
719	2792
2088	2793
2468	2793
2439	2793
1020	2793
758	2793
1825	2793
734	2793
2252	2793
2340	2793
2461	2793
1631	2792
2744	2792
704	2793
1770	2793
2482	2793
2459	2793
2036	2793
2059	2793
1985	2793
2468	2793
1966	2793
1320	2793
2222	2793
970	2793
2755	2793
1631	2792
1770	2793
748	2793
2367	2793
1985	2793
788	2793
246	2793
1855	2793
1631	2792
464	2793
1286	2793
242	2793
2639	2793
1424	2793
1185	2793
1802	2793
1488	2793
773	2793
155	2793
2574	2793
796	2793
719	2793
1727	2793
2036	2793
1631	2792
1770	2793
492	2793
312	2793
1611	2793
796	2793
1142	2793
2426	2793
2744	2793
2340	2793
943	2793
1164	2793
832	2793
745	2793
989	2793
1318	2793
2468	2793
1819	2793
45	2793
748	2793
2150	2793
261	2792
870	2792
233	2793
989	2793
2135	2793
2	2793
317	2793
2439	2793
508	2793
1238	2793
2380	2793
704	2793
1631	2792
1096	2793
2565	2793
682	2793
683	2793
1168	2793
1488	2793
2612	2792
2565	2792
1240	2793
4	2793
2612	2793
1631	2793
870	2793
485	2793
2024	2793
2158	2793
2722	2793
1069	2793
1300	2793
800	2793
1889	2793
987	2793
688	2793
294	2793
2368	2793
800	2793
1132	2793
2461	2793
2055	2793
604	2793
259	2793
1984	2793
758	2793
1986	2793
2565	2793
1427	2793
215	2793
816	2793
796	2793
1727	2793
2485	2793
1286	2793
2755	2793
1099	2793
49	2793
6	2793
667	2793
2304	2793
2001	2793
1426	2793
1206	2792
553	2792
524	2792
1825	2792
1240	2793
2158	2793
41	2792
1629	2792
2675	2793
1770	2792
857	2792
2433	2793
1427	2793
748	2793
609	2793
1180	2793
683	2793
1313	2793
126	2793
2450	2793
317	2793
285	2793
864	2793
1286	2793
1728	2793
2426	2793
1321	2793
2105	2793
2601	2793
2050	2792
790	2793
63	2793
736	2793
1576	2793
1804	2793
972	2793
2568	2793
2376	2793
842	2793
968	2793
2683	2793
870	2793
1971	2793
2562	2793
2050	2792
748	2793
1790	2793
2101	2793
1960	2792
2709	2792
2785	2792
1850	2792
2565	2793
1896	2793
987	2793
177	2793
767	2793
2722	2793
2562	2793
294	2792
800	2792
1427	2793
2340	2793
2101	2793
2120	2793
987	2793
1966	2793
585	2793
2105	2793
989	2792
609	2792
2697	2792
1537	2792
2416	2792
1949	2793
2135	2793
1819	2793
1984	2793
1559	2793
837	2793
917	2793
131	2793
1131	2793
237	2793
1966	2793
837	2792
1367	2793
1172	2793
1271	2793
987	2793
2224	2793
1286	2793
1537	2793
853	2793
2791	2793
719	2793
667	2793
611	2793
2490	2793
2443	2793
2741	2793
345	2793
1631	2793
508	2793
2380	2793
1352	2793
1271	2793
2091	2793
1427	2793
1290	2793
294	2793
679	2793
614	2793
1423	2793
1009	2793
2443	2793
2494	2793
2565	2793
295	2793
345	2793
2120	2793
2722	2793
586	2793
704	2793
519	2793
562	2793
2426	2793
2783	2793
2167	2793
870	2793
63	2793
2744	2793
2158	2793
1790	2793
2555	2793
1480	2793
2215	2793
614	2792
1423	2792
1068	2792
345	2792
115	2792
295	2792
1985	2793
786	2793
748	2793
2611	2793
673	2793
295	2793
2215	2793
917	2793
131	2793
987	2793
115	2792
1842	2793
2776	2793
2439	2793
948	2793
1423	2793
2426	2793
1842	2793
2776	2793
1527	2793
2055	2793
864	2793
2741	2793
2036	2793
1465	2793
1764	2792
2252	2793
1764	2793
2744	2793
2158	2793
1979	2793
755	2793
347	2793
285	2793
2288	2793
1321	2793
2764	2793
1764	2793
2442	2793
2776	2793
1069	2793
1423	2793
2632	2792
989	2793
800	2793
786	2793
1764	2792
863	2793
1925	2793
1069	2793
2308	2793
235	2793
947	2793
2307	2793
2133	2793
951	2793
2612	2792
1480	2793
1069	2793
632	2793
1240	2793
567	2793
34	2793
115	2793
2545	2793
295	2793
2442	2793
786	2793
2612	2793
987	2793
1131	2793
816	2793
758	2793
1825	2793
2575	2793
2491	2793
575	2793
2722	2793
142	2793
191	2793
1894	2793
1288	2793
2101	2793
295	2793
1132	2793
1894	2793
989	2793
1320	2792
575	2793
2318	2793
2502	2793
2186	2793
837	2793
2783	2793
41	2793
2	2793
381	2793
2032	2793
1894	2792
680	2793
2181	2793
748	2793
1035	2793
41	2793
1096	2793
2133	2793
2741	2793
2485	2793
1026	2793
2531	2793
1034	2793
1894	2793
987	2793
1034	2793
1908	2793
2102	2793
471	2793
666	2793
2483	2793
774	2793
1228	2793
1452	2793
1075	2793
352	2793
911	2793
2629	2793
531	2793
2545	2793
305	2793
1611	2793
1449	2793
2783	2793
2764	2793
935	2793
111	2793
86	2792
1215	2792
404	2792
2039	2792
1348	2792
1908	2792
2102	2792
170	2792
2154	2792
911	2792
86	2793
1750	2792
295	2793
1868	2792
1138	2793
315	2793
951	2793
2726	2793
34	2793
115	2793
1527	2793
2776	2793
2727	2793
1294	2793
1807	2793
1971	2793
1168	2793
683	2793
1180	2793
989	2793
2367	2793
1634	2793
2032	2793
381	2793
1764	2792
2160	2792
2260	2793
616	2792
305	2793
1348	2793
870	2793
2722	2793
1069	2793
2154	2793
951	2793
382	2793
2068	2793
295	2793
2101	2793
188	2793
1009	2793
951	2793
315	2793
235	2793
115	2792
2744	2793
1868	2793
1424	2792
2215	2793
625	2793
2557	2793
2629	2793
1790	2793
2340	2793
2241	2793
594	2793
478	2793
664	2793
993	2793
1930	2793
767	2793
298	2793
2288	2793
2209	2793
2160	2793
987	2793
597	2792
2722	2793
1069	2793
612	2793
295	2792
832	2792
988	2793
597	2793
547	2793
2398	2793
1348	2793
404	2793
1215	2793
86	2793
2160	2793
888	2793
1544	2793
2209	2793
1987	2793
1661	2793
1631	2793
625	2793
611	2793
1949	2793
295	2793
2380	2793
261	2793
1867	2793
2252	2793
1867	2793
2071	2793
2755	2793
115	2793
575	2793
1172	2793
284	2793
2039	2793
1868	2793
521	2793
597	2793
988	2793
547	2793
1867	2793
1960	2793
521	2793
597	2793
547	2793
988	2793
2461	2793
625	2793
284	2792
125	2792
125	2793
1033	2797
1867	2797
1215	2792
125	2793
1033	2793
521	2793
547	2797
988	2797
597	2797
521	2797
1580	2793
1223	2793
1223	2792
1033	2792
1646	2792
1580	2792
1968	2792
2521	2792
2716	2792
2469	2793
1868	2792
1646	2793
2521	2793
1016	2792
1033	2793
2224	2793
1223	2793
1968	2793
1896	2793
2494	2793
42	2793
1646	2793
789	2792
1704	2792
1762	2792
1016	2792
1658	2792
1646	2792
125	2792
1033	2792
1867	2792
2097	2792
2370	2792
789	2797
1580	2797
1646	2797
125	2797
2370	2797
611	2797
616	2797
175	2797
1110	2797
352	2797
305	2797
2101	2797
115	2793
1889	2793
2772	2793
2367	2793
989	2793
1180	2793
2727	2793
290	2793
680	2793
1819	2793
2181	2793
317	2793
45	2793
1968	2792
1033	2797
1223	2797
2370	2792
643	2792
789	2793
1642	2793
2716	2797
2101	2797
2036	2793
34	2793
682	2793
2772	2793
1867	2797
1345	2797
2469	2797
786	2797
1949	2797
2128	2797
1642	2797
1842	2793
175	2797
1922	2792
889	2792
294	2793
2013	2792
600	2793
1542	2792
609	2793
1915	2792
1956	2792
2013	2792
1956	2793
2639	2793
1915	2797
522	2793
1922	2793
947	2797
522	2797
522	2792
2822	2793
857	2793
1542	2793
2009	2797
2754	2797
2754	2793
864	2797
1725	2797
2370	2793
2716	2793
1915	2793
2128	2797
522	2792
2051	2792
767	2792
1915	2793
748	2797
42	2793
857	2793
522	2797
2482	2797
269	2797
1400	2797
1033	2797
993	2797
2051	2797
2681	2797
1915	2797
2443	2797
964	2797
2248	2793
837	2793
1451	2793
405	2797
2596	2797
175	2797
547	2792
2482	2792
1894	2797
2241	2797
305	2793
2731	2793
1566	2793
2507	2793
1802	2797
1271	2797
413	2792
2521	2793
2596	2792
2154	2797
1631	2792
1424	2793
1646	2797
2051	2797
889	2797
1168	2797
413	2792
405	2793
2154	2792
1867	2797
198	2792
616	2797
857	2793
198	2797
1019	2797
2158	2793
1387	2793
1867	2793
2154	2793
2248	2793
1956	2793
1704	2793
1762	2793
1908	2793
1503	2793
42	2793
471	2793
83	2797
2444	2793
2444	2792
1387	2797
1894	2793
2596	2793
2737	2793
2394	2797
1526	2792
616	2797
1345	2793
2039	2792
730	2797
608	2797
2160	2797
2154	2797
2737	2792
2513	2792
1414	2793
2051	2793
2546	2797
89	2792
2461	2793
808	2793
2294	2793
2770	2793
1431	2793
767	2793
326	2793
2054	2793
2675	2793
1020	2793
2596	2793
2013	2793
1764	2793
1881	2792
305	2797
1320	2792
732	2797
1110	2792
521	2792
1785	2792
2668	2792
1067	2792
2096	2792
1495	2792
770	2792
1722	2792
587	2792
2778	2792
727	2792
500	2792
741	2792
2386	2792
1560	2792
1536	2792
732	2792
2625	2792
2443	2793
2789	2792
2789	2793
864	2797
2741	2797
2128	2797
1949	2797
2727	2797
2101	2797
148	2797
2772	2797
2561	2793
2789	2792
2051	2797
1536	2792
1696	2792
2625	2792
2728	2793
2510	2793
2128	2793
2154	2793
2101	2793
1427	2797
2185	2792
2625	2792
1164	2793
1694	2793
721	2792
329	2792
2274	2792
584	2792
2403	2792
2424	2792
950	2792
1253	2792
1685	2792
488	2792
2185	2797
800	2797
309	2793
1571	2793
1737	2793
2317	2793
721	2793
329	2793
2274	2793
584	2793
2403	2793
950	2793
2424	2793
1685	2793
1253	2793
1696	2793
2696	2793
2434	2793
370	2793
2789	2793
1440	2793
732	2793
1560	2793
1536	2793
2386	2793
2778	2793
727	2793
500	2793
587	2793
741	2793
1722	2793
770	2793
1495	2793
2096	2793
1785	2793
1067	2793
2668	2793
2488	2793
1881	2793
1943	2793
89	2793
730	2793
1342	2793
2420	2793
115	2793
1678	2792
30	2792
1678	2792
1694	2793
2681	2793
2789	2793
2386	2793
727	2793
2488	2793
89	2793
2390	2793
233	2797
1293	2792
1293	2797
329	2792
2274	2792
721	2792
2403	2792
584	2792
950	2792
2424	2792
1685	2792
1253	2792
363	2792
2390	2797
363	2792
1737	2792
309	2792
329	2792
2403	2792
2184	2792
1707	2792
2185	2792
1253	2792
1868	2792
1293	2797
2223	2792
1884	2792
283	2792
1348	2792
2596	2793
1293	2793
396	2793
2716	2793
34	2793
2726	2793
2727	2793
1387	2797
1250	2797
1939	2793
1250	2792
2488	2797
2724	2793
789	2793
1642	2793
2278	2792
1785	2797
954	2793
2252	2797
1764	2797
1831	2797
2439	2797
1250	2792
30	2792
822	2797
1088	2797
2724	2792
1740	2792
1429	2797
1915	2797
832	2797
664	2797
1250	2797
1504	2797
669	2792
669	2793
934	2797
504	2792
1686	2793
1271	2797
857	2797
2737	2797
2737	2792
1686	2792
401	2792
2145	2797
2476	2792
2389	2792
1152	2793
2015	2793
315	2793
951	2793
2767	2792
1525	2792
2145	2792
1000	2792
2776	2793
833	2792
1938	2793
2767	2792
833	2793
148	2793
2223	2793
2752	2793
348	2793
1132	2793
757	2793
2531	2793
1768	2792
1875	2792
1000	2793
2342	2797
1208	2793
1768	2792
1875	2792
1481	2792
1255	2793
1367	2792
1292	2792
1618	2792
1937	2793
2496	2793
1768	2797
1218	2793
2688	2792
1768	2792
1193	2792
1250	2793
2145	2792
924	2792
2688	2793
183	2792
2204	2792
924	2792
2103	2792
1193	2797
1382	2797
2103	2792
188	2797
2103	2793
1564	2792
1782	2792
1686	2792
934	2792
1226	2792
1465	2792
2158	2792
586	2792
2241	2792
594	2792
131	2792
933	2792
183	2792
2145	2793
1939	2793
1947	2792
2749	2797
1947	2797
2103	2797
924	2797
833	2797
2767	2797
504	2797
669	2797
1740	2797
1293	2797
1678	2797
488	2797
2185	2797
2625	2797
1542	2797
1922	2797
789	2797
889	2797
2521	2797
1580	2797
1223	2797
1567	2797
206	2797
1450	2797
1108	2797
131	2797
1335	2792
1703	2792
1513	2792
748	2792
45	2793
1309	2792
2692	2797
2692	2792
2342	2797
425	2793
1567	2793
2103	2792
1309	2797
309	2797
502	2792
1382	2792
2767	2792
306	2797
10	2797
1768	2793
1875	2793
2300	2792
1126	2797
1126	2792
869	2793
2279	2793
2486	2792
2103	2793
24	2793
1895	2793
1895	2792
1507	2793
148	2793
2017	2793
2340	2793
2032	2793
381	2793
2419	2793
237	2793
748	2793
8	2793
1966	2793
24	2792
1126	2793
2192	2797
1957	2797
2589	2792
337	2797
2667	2793
2667	2797
2589	2797
1126	2792
2396	2792
2335	2792
2300	2792
1957	2792
1902	2792
2692	2792
2749	2792
2655	2792
771	2792
1243	2792
2144	2792
1158	2792
1021	2792
2667	2792
337	2792
2279	2792
1340	2792
1513	2797
24	2797
1254	2797
2486	2793
1667	2792
660	2792
2410	2792
1547	2792
2492	2792
117	2792
1947	2792
833	2792
1815	2792
2418	2792
729	2792
2410	2797
2641	2792
2204	2792
1513	2792
2774	2792
1875	2792
2389	2792
2641	2793
2492	2793
1699	2792
1170	2792
1170	2797
1309	2792
771	2792
2667	2797
1113	2792
1357	2793
1357	2797
1126	2793
1126	2797
981	2793
1126	2792
1902	2797
1170	2792
1699	2792
2022	2792
1357	2792
880	2792
981	2792
1782	2793
800	2797
705	2797
1768	2792
1875	2792
1126	2797
2486	2793
1170	2797
1699	2797
1686	2797
2	2797
1941	2797
704	2797
45	2797
1559	2797
450	2797
2789	2797
1264	2797
1206	2793
1721	2793
1924	2793
1363	2793
181	2797
8	2797
673	2797
2092	2797
237	2797
2461	2797
371	2792
1097	2793
38	2793
1357	2797
1785	2797
2070	2797
587	2797
741	2797
1191	2793
1507	2793
1352	2797
20	2797
131	2797
1745	2797
2569	2792
810	2792
2273	2792
1595	2792
1651	2792
2118	2792
371	2792
38	2792
2385	2792
1097	2792
1113	2792
565	2792
2313	2793
906	2793
2313	2792
1250	2797
2410	2793
2667	2792
1340	2792
1170	2792
2022	2792
906	2792
2492	2792
2589	2792
2396	2792
1170	2797
726	2793
1367	2793
1126	2792
1126	2797
758	2793
1126	2793
2604	2793
2103	2793
2641	2797
2103	2792
771	2792
502	2792
1947	2792
924	2792
833	2792
2767	2792
504	2792
669	2792
1740	2792
1293	2792
1678	2792
488	2792
2625	2792
2185	2792
1542	2792
1922	2792
889	2792
789	2792
2521	2792
1580	2792
1223	2792
1646	2792
1968	2792
125	2792
1026	2792
396	2792
1424	2792
1671	2792
519	2792
772	2792
2427	2792
1147	2792
2663	2792
917	2792
1375	2792
131	2792
1450	2792
1108	2792
1567	2792
206	2792
1654	2792
1131	2792
780	2792
410	2792
1231	2792
1310	2792
1518	2792
984	2792
2518	2792
1620	2792
606	2792
1814	2792
110	2792
242	2792
1653	2792
2057	2792
409	2792
2822	2792
1318	2792
1235	2792
2639	2792
2044	2792
1595	2797
1893	2793
2051	2797
2103	2793
1097	2793
1113	2793
1528	2797
2594	2792
2644	2793
2594	2793
1650	2797
1664	2797
1664	2793
1699	2793
1170	2797
1664	2792
1126	2792
611	2792
2728	2793
1123	2793
2154	2793
337	2797
2273	2793
1667	2797
117	2797
1158	2797
771	2792
1057	2792
2300	2792
502	2792
1947	2792
2103	2792
2767	2792
2476	2792
2389	2792
401	2792
504	2792
669	2792
1740	2792
1157	2792
2551	2792
1293	2792
1571	2792
1737	2792
2317	2792
309	2792
488	2792
721	2792
413	2792
2596	2792
1180	2793
1113	2797
1699	2797
2492	2792
371	2792
183	2792
857	2797
1103	2797
40	2797
2682	2797
1123	2797
2443	2797
1997	2797
1309	2797
527	2793
1528	2793
2171	2793
2118	2793
810	2793
1595	2793
1651	2793
2569	2793
125	2797
2389	2797
401	2797
1157	2797
1151	2797
198	2797
2419	2797
1126	2793
1097	2793
1664	2792
2171	2792
1664	2793
2313	2797
181	2797
2335	2797
2612	2797
527	2797
63	2797
1032	2793
1032	2797
1057	2797
337	2797
2103	2792
2385	2793
1126	2793
771	2793
2562	2793
2644	2793
2486	2793
2594	2793
2468	2793
680	2793
183	2793
1699	2793
2022	2793
1703	2793
626	2792
1126	2797
1743	2793
351	2792
1618	2793
1226	2793
1113	2792
1912	2792
2605	2793
1912	2793
2103	2793
1170	2797
2594	2793
1699	2793
2415	2797
2605	2797
2279	2797
906	2797
246	2797
1664	2797
1056	2797
15	2793
38	2793
382	2797
2192	2793
1902	2793
1957	2793
1947	2793
1513	2793
1193	2793
1937	2793
587	2797
1220	2792
313	2793
58	2793
1912	2792
1526	2797
810	2797
2171	2797
626	2797
2134	2797
2273	2797
2504	2797
934	2797
2267	2797
1226	2797
2728	2793
1891	2793
2420	2793
1342	2793
522	2793
2510	2793
2415	2793
1679	2793
2763	2793
2605	2793
892	2793
1097	2793
164	2793
648	2793
2538	2793
1902	2793
1957	2793
2192	2793
1648	2793
1848	2793
1121	2793
1513	2793
1335	2793
2688	2793
1019	2793
198	2793
2046	2793
2754	2793
2013	2793
1033	2793
284	2793
2039	2793
58	2793
313	2793
2594	2793
371	2793
2022	2793
1699	2793
502	2793
193	2793
1703	2793
183	2793
1507	2793
2385	2793
1912	2793
565	2797
2267	2793
1168	2792
683	2792
313	2792
1915	2797
2134	2797
626	2797
1832	2793
1832	2792
2492	2797
1764	2797
2594	2793
565	2793
58	2797
2134	2793
626	2793
313	2793
1057	2793
38	2792
58	2792
1679	2793
2740	2793
1170	2797
1057	2792
771	2792
371	2792
1832	2792
2492	2792
1427	2792
1264	2793
2404	2792
302	2792
2740	2793
302	2793
2273	2792
565	2792
50	2793
1860	2793
395	2792
297	2792
395	2793
282	2793
1832	2793
1768	2797
2473	2793
1912	2792
2404	2797
2667	2797
1743	2797
975	2792
2093	2797
1715	2792
2349	2792
338	2792
1833	2792
310	2792
395	2792
1499	2797
1856	2797
295	2797
1283	2793
1579	2793
1899	2793
1405	2793
826	2793
1724	2793
2155	2793
1283	2792
24	2793
1833	2793
1455	2793
224	2793
395	2793
2155	2797
1715	2793
2349	2793
468	2793
1283	2793
2349	2792
1715	2792
1833	2792
468	2792
2644	2793
1664	2793
1757	2792
2587	2793
1833	2793
2764	2793
698	2793
904	2793
1298	2792
1283	2792
89	2797
1757	2793
1856	2793
1113	2793
24	2793
1488	2797
2675	2793
1396	2792
185	2792
913	2797
2404	2797
2341	2792
2279	2797
869	2797
1830	2797
1594	2797
1524	2793
1856	2797
2341	2793
185	2793
1899	2793
1579	2793
104	2793
673	2793
2192	2793
1957	2793
1902	2793
1848	2793
2134	2797
626	2797
1528	2797
579	2797
2341	2792
1298	2792
302	2792
1832	2792
1220	2792
1912	2792
2476	2792
2551	2792
1757	2792
2666	2792
913	2792
579	2792
1230	2792
1283	2792
2155	2792
1833	2792
1499	2792
2740	2792
2404	2792
58	2792
313	2792
2134	2792
2179	2792
2650	2792
1283	2793
185	2792
1113	2793
1223	2793
468	2792
1096	2797
579	2797
185	2793
1396	2793
2492	2797
1328	2797
394	2792
1283	2792
2341	2792
1832	2792
1298	2792
913	2793
1164	2793
2624	2793
565	2797
2022	2793
2710	2792
1283	2792
2666	2797
1396	2793
2409	2793
720	2793
2486	2793
2134	2793
1912	2793
924	2793
394	2797
2764	2797
1421	2797
2445	2792
2352	2797
879	2797
1930	2797
2740	2793
394	2793
2710	2793
1559	2793
2378	2797
2376	2797
2445	2792
1148	2792
2409	2792
1421	2792
1489	2793
2409	2797
2445	2797
9	2792
1715	2793
2349	2793
338	2793
1421	2797
904	2797
1148	2792
1421	2792
1611	2793
2566	2793
2566	2792
2445	2793
9	2793
1069	2797
2764	2797
708	2797
2744	2797
9	2797
528	2793
612	2797
2337	2792
2637	2792
725	2792
1303	2792
1397	2797
2637	2793
725	2793
1303	2793
1985	2797
2337	2797
1499	2793
2338	2797
187	2797
2585	2797
9	2793
2666	2793
837	2793
39	2792
2185	2797
374	2797
2415	2797
2596	2797
2338	2797
1664	2797
91	2793
39	2793
1887	2797
727	2797
685	2792
1244	2792
1806	2792
1211	2792
373	2792
2717	2792
1612	2792
106	2792
46	2792
2480	2792
1330	2792
2338	2792
2637	2792
1240	2793
336	2793
187	2793
685	2797
74	2792
1754	2792
2589	2797
802	2793
2661	2793
1656	2793
1656	2792
2661	2792
802	2792
318	2792
1593	2792
137	2792
137	2797
1656	2797
74	2797
137	2792
1747	2792
74	2792
2443	2797
1264	2797
748	2797
1	2793
1579	2792
1853	2793
374	2797
1303	2793
725	2793
2637	2793
192	2793
486	2793
2337	2792
1892	2792
1656	2797
2661	2797
802	2797
318	2797
1853	2797
2329	2797
39	2797
137	2793
2594	2793
486	2792
39	2792
1136	2792
2407	2792
350	2797
192	2793
1396	2793
1656	2797
1427	2793
2661	2793
802	2793
1656	2793
2661	2797
391	2797
350	2797
116	2797
391	2793
350	2793
116	2793
1136	2793
1892	2793
137	2793
1611	2793
24	2793
748	2793
2329	2797
1113	2797
880	2797
2473	2797
2390	2797
2622	2797
2442	2797
824	2792
1218	2792
1611	2797
192	2792
116	2797
31	2792
276	2792
1678	2797
1887	2797
516	2792
350	2792
993	2792
2798	2792
2798	2792
192	2792
1754	2792
657	2792
81	2792
1104	2793
793	2793
9	2793
2624	2793
9	2792
1136	2792
2565	2797
31	2793
116	2793
590	2793
2431	2792
590	2792
276	2792
1191	2797
1028	2792
2672	2792
1772	2792
1484	2792
2399	2792
2637	2792
31	2792
590	2797
1760	2792
1760	2793
192	2797
1760	2797
793	2797
1421	2797
2058	2797
2443	2797
31	2793
473	2793
2158	2793
224	2793
857	2797
869	2793
20	2797
1773	2793
1773	2792
1760	2797
1773	2797
1250	2792
1872	2797
438	2797
571	2797
1002	2797
2758	2797
1779	2797
1397	2797
943	2797
2443	2797
1589	2797
631	2797
1790	2797
382	2797
802	2792
2764	2793
1330	2797
116	2793
106	2797
1760	2792
2162	2792
2162	2792
1386	2797
1525	2797
627	2797
1656	2797
714	2793
2232	2793
2162	2793
714	2792
677	2792
1826	2792
333	2792
2653	2793
31	2792
2688	2793
1891	2793
1849	2792
124	2792
369	2793
1456	2792
2508	2792
2701	2792
2464	2792
434	2792
2232	2792
1782	2793
352	2793
1289	2797
434	2792
1719	2792
802	2797
704	2797
1892	2797
1892	2793
1899	2797
2653	2797
124	2793
2637	2793
369	2793
2653	2793
333	2793
2162	2793
677	2793
1892	2792
2254	2792
793	2792
192	2792
2431	2792
2665	2792
124	2797
369	2797
1826	2797
1615	2797
590	2797
2285	2797
2329	2793
2666	2793
1711	2793
1330	2793
2407	2793
1018	2793
961	2792
1456	2792
2508	2792
2701	2792
2464	2792
1849	2792
124	2792
1737	2792
1571	2792
2317	2792
309	2792
721	2792
329	2792
2274	2792
584	2792
950	2792
2403	2792
2424	2792
1253	2792
1685	2792
1696	2792
2696	2792
370	2792
2434	2792
732	2792
1536	2792
1560	2792
727	2792
500	2792
2386	2792
741	2792
587	2792
2778	2792
1722	2792
1067	2792
770	2792
1495	2792
2096	2792
1785	2792
2668	2792
2252	2792
1718	2792
1892	2793
1289	2797
1872	2797
2224	2797
2254	2792
1778	2792
195	2793
2751	2792
124	2797
677	2797
720	2797
1894	2797
2783	2797
1889	2797
1718	2792
1778	2793
2220	2797
1030	2797
31	2797
2158	2797
2722	2797
2783	2797
2162	2797
1286	2792
2156	2792
2614	2792
746	2797
2443	2797
1892	2797
2042	2797
1820	2797
209	2797
1361	2797
457	2797
1718	2793
1386	2797
1950	2793
1950	2792
1611	2797
746	2797
1439	2793
1502	2792
24	2793
415	2797
964	2797
2220	2792
1449	2792
1439	2793
2324	2792
748	2797
2324	2797
746	2793
9	2792
1701	2792
2140	2792
2324	2793
1055	2793
28	2793
1785	2797
1950	2793
2751	2793
1778	2793
255	2792
187	2792
1256	2793
2324	2792
245	2793
1256	2792
245	2792
743	2792
913	2797
1701	2797
105	2792
677	2797
563	2797
2363	2797
162	2797
395	2797
1935	2797
1427	2797
2001	2797
813	2797
413	2793
290	2793
1502	2792
1256	2792
748	2797
1286	2797
758	2797
58	2797
2429	2792
1293	2793
1678	2793
488	2793
2185	2793
2625	2793
2764	2797
1899	2793
1344	2792
400	2792
255	2793
295	2792
31	2797
1092	2792
2323	2792
2323	2793
1314	2793
1310	2797
366	2793
2323	2797
2443	2797
366	2792
1344	2792
1054	2792
31	2792
1768	2797
2633	2797
1697	2797
945	2793
303	2792
366	2793
964	2797
1602	2797
603	2792
352	2797
1658	2792
1826	2793
1278	2793
1278	2793
1278	2792
255	2793
320	2793
24	2792
2443	2792
1397	2792
2288	2797
2340	2797
131	2797
567	2797
329	2797
1685	2797
1284	2792
1584	2792
1432	2792
2732	2792
303	2792
1054	2792
1987	2797
1284	2793
1284	2793
1289	2797
1377	2793
1314	2793
255	2793
320	2793
1284	2792
1584	2792
1432	2792
2732	2792
1439	2797
320	2797
415	2797
1725	2797
369	2797
192	2797
802	2797
320	2793
1482	2793
1482	2792
2546	2797
2561	2792
1600	2792
2473	2792
2103	2797
144	2797
2162	2797
1404	2792
400	2793
871	2793
897	2792
415	2792
1245	2792
2047	2792
2327	2792
1086	2792
798	2792
1241	2792
1447	2792
2695	2792
2417	2792
2391	2792
1316	2792
9	2797
39	2797
2022	2797
1418	2793
2663	2797
791	2792
1773	2792
1418	2792
791	2792
2102	2797
2160	2797
2732	2793
1187	2797
1764	2797
347	2797
1892	2797
2520	2797
152	2792
748	2797
1892	2792
2789	2797
936	2793
1085	2797
1418	2797
369	2797
205	2797
1935	2797
521	2797
1837	2797
1439	2797
2591	2797
2575	2797
1371	2793
1371	2792
1166	2792
2651	2792
804	2792
2411	2792
68	2792
1928	2792
2411	2793
68	2793
218	2792
657	2792
1283	2793
218	2793
321	2793
1166	2793
868	2793
2475	2792
2771	2793
2771	2792
834	2792
2411	2793
68	2793
1928	2793
2031	2793
3	2797
928	2792
2475	2793
871	2793
945	2793
68	2797
321	2797
928	2797
928	2793
681	2792
681	2793
834	2793
295	2797
834	2797
2411	2797
68	2797
1928	2797
2771	2793
1027	2797
1275	2797
1799	2793
1153	2793
1801	2793
2411	2793
1012	2793
186	2793
1082	2793
642	2793
1999	2793
1275	2793
681	2793
2636	2793
2590	2793
1280	2793
2590	2792
2637	2797
2636	2797
1082	2797
186	2792
1012	2793
1999	2793
186	2793
2636	2793
2294	2792
986	2792
1890	2792
1317	2792
1431	2792
77	2792
2770	2792
920	2792
408	2792
295	2797
1314	2797
408	2793
2636	2792
2590	2792
2064	2793
2798	2793
1600	2793
408	2793
2488	2793
2469	2793
1167	2792
1160	2792
454	2797
766	2797
1280	2792
905	2792
2064	2793
1167	2793
1167	2793
1167	2797
1177	2793
408	2793
218	2793
1892	2797
1502	2792
135	2792
1874	2792
2324	2792
1748	2793
125	2792
408	2797
1177	2793
1748	2797
1167	2797
1581	2792
2377	2792
2173	2792
31	2797
408	2797
905	2797
1600	2797
1584	2797
1432	2797
2732	2797
1278	2797
897	2797
415	2797
1245	2797
2047	2797
2327	2797
1086	2797
798	2797
1241	2797
1447	2797
2695	2797
2417	2797
2391	2797
1316	2797
2449	2797
1755	2793
2561	2793
989	2797
2064	2797
2636	2797
2590	2797
1082	2797
642	2797
1999	2797
1275	2797
1427	2797
1877	2793
2350	2797
1167	2793
346	2797
1421	2797
2472	2793
2472	2797
2666	2797
2024	2797
748	2797
1271	2797
2055	2797
1427	2797
2472	2792
1969	2792
1969	2793
1566	2793
1084	2793
1084	2797
1962	2792
218	2792
1962	2793
2501	2792
1877	2792
1581	2792
408	2792
135	2792
186	2792
642	2792
1373	2792
607	2792
1216	2793
176	2793
1084	2793
2472	2793
176	2792
1969	2793
2472	2793
1727	2793
1877	2793
176	2792
2501	2792
2642	2792
1725	2792
1892	2793
1273	2792
2222	2793
698	2797
884	2797
2265	2793
2265	2792
1877	2797
217	2792
217	2793
2255	2793
44	2793
44	2792
2773	2792
2255	2792
1906	2792
1733	2792
570	2793
176	2792
2265	2793
451	2792
1346	2793
638	2793
400	2793
2324	2793
1281	2793
391	2793
1718	2792
2636	2792
217	2792
133	2797
2472	2793
487	2793
217	2797
665	2792
919	2792
670	2792
1439	2797
407	2797
670	2793
2539	2792
134	2792
1442	2797
670	2797
2485	2793
1819	2793
1346	2797
1932	2797
670	2792
1653	2793
1985	2793
394	2793
1724	2793
487	2792
1278	2793
2710	2793
392	2793
141	2793
796	2793
2168	2793
2304	2793
2574	2793
2013	2793
1749	2793
131	2793
2445	2793
2341	2793
1298	2793
302	2793
1832	2793
1220	2793
1912	2793
1894	2797
690	2793
803	2793
803	2797
762	2793
487	2797
2740	2793
176	2797
408	2797
105	2797
287	2793
2353	2793
1505	2793
690	2797
812	2797
1877	2797
1167	2797
2624	2797
1505	2797
1875	2797
1649	2793
1505	2792
2117	2792
1951	2792
408	2797
1092	2797
2653	2797
1801	2797
320	2797
1906	2792
849	2793
545	2792
1461	2792
1461	2792
515	2792
2647	2792
696	2792
2149	2792
1668	2792
2592	2797
2592	2793
474	2793
487	2792
474	2792
1588	2792
1978	2792
1588	2797
59	2793
2111	2792
967	2792
2353	2797
748	2793
1985	2793
2559	2793
2647	2793
545	2793
2775	2793
967	2793
746	2797
1126	2797
1309	2797
1631	2797
698	2797
24	2792
1540	2792
2357	2792
1319	2792
799	2792
2296	2792
602	2792
70	2792
1496	2792
530	2792
996	2792
670	2797
1969	2797
1574	2793
1574	2792
2592	2797
2524	2793
439	2792
2421	2797
1540	2793
1315	2797
1574	2793
2357	2793
1496	2793
1315	2792
1574	2792
638	2797
1008	2792
973	2792
1008	2793
996	2792
586	2792
2158	2792
1768	2797
865	2793
973	2797
424	2797
2163	2797
424	2792
1720	2792
1209	2797
1209	2792
865	2793
2337	2793
472	2792
2421	2792
973	2793
973	2797
472	2793
1303	2793
725	2793
1387	2793
1143	2792
973	2792
424	2793
1008	2792
134	2792
451	2792
2642	2792
2163	2792
424	2792
658	2793
1315	2793
658	2792
1591	2792
2123	2792
1931	2792
2481	2792
2382	2793
2392	2792
997	2792
2597	2792
1304	2792
2545	2797
2382	2792
1346	2797
1965	2792
2230	2792
831	2792
1972	2792
812	2797
1284	2793
1931	2792
815	2797
831	2792
1972	2792
1222	2792
2115	2792
2019	2792
1972	2792
831	2792
475	2792
1222	2792
1965	2792
2230	2792
1753	2792
1392	2792
997	2792
815	2792
2275	2793
2130	2793
1764	2797
988	2797
1961	2792
2130	2792
1502	2797
276	2793
857	2792
2382	2797
2115	2793
277	2793
1972	2793
831	2793
1222	2793
475	2793
1965	2793
2230	2793
2772	2797
1611	2797
800	2797
2764	2797
989	2797
1961	2797
1961	2793
2275	2793
2390	2797
2561	2797
658	2797
1378	2792
2067	2793
2134	2797
130	2797
1352	2797
1961	2792
251	2793
1592	2793
1760	2792
2123	2797
2067	2792
1811	2792
273	2792
1126	2797
678	2792
1809	2793
1664	2793
640	2793
1718	2793
1456	2793
2701	2793
1568	2793
43	2792
2179	2792
1346	2797
2007	2797
1845	2792
273	2792
266	2792
455	2792
1333	2792
717	2793
2266	2793
2266	2792
717	2792
2382	2792
1689	2792
989	2797
717	2797
2443	2797
455	2797
1845	2797
2584	2797
1280	2797
2748	2792
1329	2792
1394	2797
2517	2797
1710	2797
1816	2797
1409	2792
2719	2792
389	2792
1777	2792
2603	2792
498	2792
1816	2793
2517	2793
1816	2793
658	2797
717	2793
2266	2793
2217	2793
2268	2793
1611	2793
416	2793
2368	2793
1706	2797
498	2792
1773	2797
1126	2797
1406	2793
1988	2792
1754	2793
1988	2797
2436	2797
2540	2792
2355	2793
670	2793
2436	2793
1306	2793
975	2797
11	2793
1753	2797
2008	2797
2066	2797
1276	2793
2355	2793
43	2793
1276	2793
2009	2793
2508	2793
2464	2793
1849	2793
124	2793
487	2792
843	2792
318	2797
2158	2797
843	2793
389	2792
1574	2797
1240	2797
1869	2792
843	2792
107	2792
1869	2793
2517	2793
2700	2793
1353	2792
1538	2797
1538	2792
2110	2792
907	2792
173	2792
907	2797
173	2793
1490	2792
173	2792
907	2792
2703	2793
2703	2792
2110	2792
11	2792
765	2792
544	2793
544	2792
1421	2792
395	2792
2363	2792
2083	2792
2186	2792
347	2792
528	2792
640	2792
2625	2797
907	2797
1892	2797
843	2792
568	2792
2451	2792
71	2792
2232	2797
642	2797
1155	2797
2110	2797
2425	2797
765	2797
1788	2797
2425	2797
1892	2792
173	2792
1591	2792
1812	2792
815	2797
71	2797
1985	2797
1825	2797
758	2797
1727	2797
173	2793
907	2793
266	2797
2116	2793
2116	2792
2436	2797
2773	2793
2472	2793
2255	2793
1906	2793
44	2793
1869	2793
748	2797
1286	2797
1271	2797
964	2797
2310	2797
2443	2797
1155	2797
215	2797
424	2793
845	2797
2136	2792
2116	2792
517	2793
517	2793
843	2797
2116	2797
2086	2792
424	2797
2086	2797
2136	2793
2136	2792
1155	2797
2086	2792
1812	2792
1353	2792
1988	2792
678	2792
1378	2792
1931	2792
2123	2792
996	2792
530	2792
1978	2792
1951	2792
134	2792
2539	2792
919	2792
665	2792
451	2792
2642	2792
1962	2792
2173	2792
2377	2792
1581	2792
1482	2792
303	2792
1054	2792
743	2792
1256	2792
1701	2792
2140	2792
2156	2792
2614	2792
2665	2792
1719	2792
434	2792
2445	2792
2710	2792
394	2792
2341	2792
1298	2792
1832	2792
1220	2792
1912	2792
371	2792
771	2792
502	2792
1947	2792
2103	2792
924	2792
833	2792
2767	2792
2476	2792
504	2792
669	2792
1740	2792
2551	2792
1293	2792
1678	2792
488	2792
302	2792
2185	2792
2625	2792
1542	2792
1922	2792
889	2792
789	2792
2521	2792
1580	2792
1223	2792
1646	2792
1792	2797
43	2797
273	2797
1961	2797
815	2797
570	2797
544	2797
251	2797
1592	2797
1084	2797
1748	2797
173	2792
2110	2792
765	2792
71	2793
2355	2797
408	2797
1600	2797
1845	2797
287	2797
133	2797
496	2793
424	2797
496	2792
496	2797
1808	2797
1875	2797
517	2797
2265	2792
273	2797
517	2797
1654	2797
110	2797
312	2797
1574	2797
865	2797
897	2797
489	2792
908	2792
1531	2797
2553	2797
1329	2797
1531	2792
528	2797
767	2797
748	2797
1321	2797
2421	2797
1531	2792
489	2792
2553	2792
166	2797
489	2793
11	2793
496	2797
865	2793
1574	2793
266	2793
2679	2797
489	2792
1392	2792
166	2797
1804	2797
972	2797
875	2797
2711	2797
2376	2797
842	2797
843	2797
517	2797
1439	2797
705	2797
2055	2797
1072	2797
166	2792
2086	2797
2407	2797
1686	2797
931	2797
1286	2797
166	2792
2752	2797
2275	2797
1072	2797
1456	2792
1072	2792
931	2793
1072	2793
2436	2792
313	2797
148	2797
107	2797
2163	2797
1072	2792
1809	2792
1072	2797
931	2797
1845	2797
133	2797
1424	2793
1809	2793
1356	2792
636	2793
183	2792
1845	2793
1072	2793
2754	2797
1033	2797
2389	2797
830	2792
830	2793
2294	2797
986	2797
1890	2797
1317	2797
489	2793
1059	2793
1428	2792
183	2792
166	2797
1428	2793
1645	2797
1428	2797
2743	2797
2436	2797
1181	2792
518	2792
213	2793
887	2793
1189	2793
31	2793
455	2793
176	2793
2309	2793
28	2793
1055	2793
1845	2797
1113	2793
1072	2792
1892	2793
1428	2793
166	2793
489	2793
1531	2793
71	2793
1490	2793
1845	2793
266	2793
475	2793
1845	2797
1072	2797
518	2792
70	2797
830	2797
2086	2797
1753	2797
1763	2793
1645	2793
1874	2793
1763	2797
1059	2797
799	2797
1249	2797
419	2797
419	2793
1249	2793
1072	2793
2371	2797
1181	2797
1428	2797
1097	2797
419	2792
1559	2797
872	2793
1360	2793
830	2797
1360	2797
872	2797
1072	2797
477	2797
1066	2797
419	2797
1960	2793
2241	2793
1709	2793
1745	2793
2312	2793
2565	2793
1702	2793
2020	2793
2606	2792
1360	2797
2739	2797
1208	2797
2069	2793
613	2793
1368	2797
613	2797
1368	2793
1368	2792
668	2792
1360	2797
872	2797
668	2797
1346	2797
1892	2797
2640	2792
362	2792
1615	2792
171	2792
2763	2792
796	2792
107	2797
2017	2797
1287	2792
2125	2797
305	2793
2097	2793
2151	2793
818	2793
1134	2797
1134	2792
2086	2797
907	2792
737	2797
1134	2793
2561	2797
1249	2797
194	2793
2151	2797
1360	2797
872	2797
103	2797
668	2797
103	2792
2561	2797
197	2797
2038	2797
1134	2797
1897	2793
197	2792
1134	2793
625	2797
1072	2797
2421	2793
372	2793
1897	2797
2038	2793
1897	2793
402	2797
1897	2792
1788	2797
2823	2792
2818	2792
2824	2792
2640	2792
2675	2797
176	2793
1763	2793
2553	2797
264	2797
264	2793
973	2797
565	2797
2646	2793
264	2792
1698	2797
238	2797
166	2792
565	2792
2263	2797
2263	2792
11	2797
400	2797
746	2797
638	2797
2475	2797
2130	2797
332	2792
2263	2793
1763	2797
332	2797
652	2797
804	2797
1310	2797
1673	2792
372	2792
1897	2792
543	2792
638	2797
400	2797
102	2797
1502	2793
1673	2797
402	2797
1181	2797
2443	2797
910	2797
102	2793
2682	2797
1397	2797
553	2797
2646	2797
332	2792
922	2792
2646	2792
922	2793
2340	2797
2258	2793
2732	2797
1584	2797
1432	2797
1284	2797
1192	2797
1930	2797
985	2792
1071	2792
102	2792
332	2792
985	2797
2646	2792
32	2793
2590	2792
2077	2792
2761	2792
166	2797
2761	2792
1768	2797
2777	2793
2777	2792
593	2797
2199	2797
830	2797
102	2792
763	2797
1119	2797
2283	2797
1791	2797
1791	2797
1072	2797
1393	2797
102	2793
89	2793
2351	2797
437	2792
465	2792
1523	2797
843	2797
454	2797
2431	2797
1595	2797
1791	2793
25	2797
782	2797
1190	2797
1522	2793
1156	2793
360	2797
360	2792
2605	2797
2818	2793
47	2793
47	2792
1496	2793
1523	2793
1271	2797
748	2797
1522	2792
437	2792
2430	2792
1870	2797
1395	2797
1523	2792
818	2792
360	2792
397	2793
81	2797
336	2797
2015	2793
1807	2793
1971	2793
1152	2793
2675	2793
609	2793
2645	2793
115	2793
1488	2793
98	2793
796	2793
1727	2793
624	2793
1967	2793
705	2793
397	2797
166	2797
397	2793
360	2797
1698	2797
2440	2797
1698	2793
1402	2793
1897	2797
2682	2797
114	2797
2086	2797
2288	2793
1096	2793
397	2792
2241	2797
360	2792
646	2792
1171	2792
247	2792
1268	2792
646	2792
1171	2793
397	2793
247	2797
646	2797
332	2793
307	2792
114	2792
1350	2792
646	2792
307	2797
1464	2793
1464	2797
546	2797
965	2797
1309	2797
1072	2797
336	2797
1664	2797
1952	2792
507	2792
2258	2792
922	2792
102	2792
1537	2797
465	2797
2746	2797
2746	2792
217	2792
965	2797
30	2797
2390	2793
2746	2793
646	2793
47	2793
360	2793
2153	2797
2153	2792
2746	2792
1952	2792
102	2797
2116	2797
843	2797
658	2797
670	2797
439	2797
279	2797
2265	2797
1273	2797
1969	2797
2064	2797
2590	2797
186	2797
1280	2797
1082	2797
1999	2797
642	2797
1275	2797
834	2797
1532	2797
1532	2792
1532	2792
2298	2792
1894	2793
2411	2797
68	2797
1928	2797
793	2797
192	2797
295	2797
2636	2797
1171	2793
47	2792
1892	2793
478	2793
2298	2797
2746	2797
2656	2792
166	2797
372	2797
1350	2792
965	2792
2447	2793
2656	2793
2563	2793
1130	2793
1350	2797
1351	2797
2163	2793
804	2797
1351	2793
1933	2797
2746	2792
1933	2793
2742	2792
1470	2797
552	2793
2514	2792
820	2792
2158	2793
1869	2793
820	2797
437	2797
2437	2797
2447	2797
2656	2797
638	2793
1346	2793
1897	2792
1770	2793
248	2793
1052	2793
489	2793
477	2793
2291	2793
1569	2793
1607	2793
2584	2793
1392	2793
2272	2793
1540	2793
2357	2793
1319	2793
799	2793
2296	2793
602	2793
70	2793
1496	2793
1012	2793
1167	2793
1177	2793
1877	2793
1216	2793
1533	2793
1041	2793
1412	2793
1200	2793
812	2793
690	2793
62	2793
819	2793
1839	2793
9	2793
1329	2793
1698	2793
2366	2793
238	2793
2708	2793
2553	2793
190	2793
1490	2793
2391	2793
1976	2793
687	2793
1031	2793
1042	2793
1409	2793
2719	2793
1777	2793
389	2793
2603	2793
498	2793
2748	2793
2067	2793
231	2793
2417	2793
2695	2793
1447	2793
1241	2793
2091	2793
2563	2797
1130	2797
11	2797
945	2797
2436	2793
1263	2797
2514	2797
2210	2797
2447	2797
2656	2797
47	2797
507	2797
807	2797
907	2797
1897	2797
398	2793
398	2797
820	2793
496	2793
2210	2793
1583	2797
1492	2797
166	2797
343	2797
2293	2797
398	2792
1531	2792
1226	2793
266	2797
1320	2797
1877	2797
2130	2797
2475	2797
638	2797
400	2797
1306	2797
746	2797
1428	2792
398	2793
2656	2797
1101	2793
1263	2793
2447	2793
2656	2793
47	2793
932	2793
1349	2793
1351	2793
1130	2793
1933	2793
2563	2793
2414	2793
2268	2793
2217	2793
1977	2793
965	2793
2038	2797
2746	2792
704	2792
1859	2792
378	2792
1941	2792
1570	2792
191	2792
1315	2797
2492	2797
2698	2797
2698	2792
932	2797
1349	2797
2698	2797
398	2793
398	2797
2338	2797
2437	2797
166	2797
999	2792
398	2792
932	2792
1351	2792
1933	2792
82	2793
1439	2792
2563	2793
2153	2793
1897	2793
1866	2792
1609	2792
1675	2792
386	2792
605	2792
395	2797
2229	2793
494	2793
1422	2793
88	2793
17	2793
2229	2792
110	2797
2461	2797
398	2797
1072	2797
1649	2797
266	2797
2440	2797
1595	2797
88	2793
386	2793
605	2793
1866	2793
1188	2793
2722	2797
675	2797
1011	2797
964	2797
2739	2797
1944	2797
748	2797
2595	2797
675	2792
493	2792
576	2792
675	2797
2053	2792
197	2792
777	2797
2212	2797
2520	2797
777	2797
2212	2797
1011	2792
2212	2793
675	2797
922	2797
2537	2793
2537	2797
2537	2792
347	2797
2537	2793
1611	2797
1569	2793
1865	2797
2021	2792
2610	2797
628	2797
2537	2797
375	2797
2537	2797
398	2797
1263	2797
2445	2797
1156	2797
1300	2797
1069	2797
1395	2797
2086	2797
424	2797
1143	2797
2271	2797
762	2797
1346	2797
137	2797
1833	2797
960	2797
2093	2797
2644	2797
2486	2797
1250	2797
1894	2797
837	2797
345	2797
1855	2797
800	2797
2783	2797
1756	2797
127	2797
2683	2797
804	2797
1339	2797
708	2797
1804	2797
655	2797
672	2797
2764	2797
2307	2797
1240	2797
301	2797
1663	2797
1742	2797
935	2797
2739	2797
2660	2797
228	2797
1208	2797
637	2797
601	2797
3	2797
497	2797
1743	2797
493	2797
1123	2797
1047	2797
2290	2797
1874	2797
2431	2797
2561	2797
1915	2797
1118	2797
443	2797
2033	2797
1272	2797
2202	2797
1565	2797
1524	2797
2289	2793
2289	2792
1845	2793
2645	2793
1920	2793
1669	2792
2289	2792
2289	2793
646	2793
1422	2797
1156	2797
1663	2797
612	2797
2615	2793
2537	2793
2615	2792
1129	2797
2016	2797
1296	2797
1680	2797
2073	2797
1511	2797
301	2797
207	2797
207	2792
1680	2793
1669	2793
1511	2793
2073	2793
1486	2793
2615	2792
1659	2792
675	2793
166	2793
1366	2797
2234	2797
493	2797
2277	2793
1005	2793
1982	2797
800	2793
646	2793
2517	2793
2255	2793
1155	2797
675	2797
2537	2793
271	2797
1506	2797
573	2793
977	2793
644	2793
123	2793
2320	2793
977	2797
903	2797
1382	2793
1710	2793
1394	2793
1029	2797
573	2797
977	2797
644	2797
123	2797
123	2793
2320	2793
903	2797
2320	2797
2744	2797
2277	2793
1910	2793
166	2792
207	2797
843	2797
141	2797
1446	2797
2265	2797
1280	2797
1446	2793
573	2792
1446	2792
1881	2792
1446	2797
2550	2792
644	2797
675	2797
1932	2797
1422	2793
1446	2793
256	2792
748	2792
2137	2792
2108	2793
1129	2792
97	2792
2016	2792
1546	2793
1794	2797
977	2797
2305	2793
1511	2793
2073	2793
1005	2793
2277	2793
1680	2793
1669	2793
2305	2797
1117	2792
1194	2793
1958	2793
2746	2793
2556	2793
589	2793
1111	2793
2448	2793
1546	2793
1881	2792
2698	2792
2151	2792
398	2797
2613	2793
1194	2793
1958	2793
1958	2797
1194	2797
1492	2793
2537	2797
1111	2797
1546	2797
2034	2797
47	2797
1598	2797
197	2793
2034	2792
589	2792
2556	2792
88	2797
2034	2793
2613	2792
271	2797
2034	2792
1446	2797
2613	2792
2241	2797
1190	2797
793	2797
2448	2797
465	2793
2034	2797
2613	2797
1958	2797
1194	2797
1117	2797
977	2797
2582	2797
2698	2797
987	2797
1029	2793
2053	2793
573	2793
82	2793
778	2793
1794	2797
2297	2797
2246	2797
1692	2797
1611	2797
2034	2797
2297	2793
2034	2793
1225	2793
1225	2792
873	2797
2316	2797
873	2793
482	2792
2316	2792
2065	2797
1744	2797
2316	2793
390	2797
1225	2797
1225	2792
1446	2793
2640	2793
1561	2793
2316	2792
2630	2793
2034	2797
2537	2797
1614	2797
2630	2792
2630	2797
613	2797
243	2793
2630	2793
2617	2792
2630	2792
2316	2792
2316	2797
994	2797
994	2792
243	2797
2234	2797
31	2797
994	2793
2587	2797
2095	2797
532	2797
2095	2792
2619	2792
994	2792
2630	2797
1764	2792
1768	2792
1492	2792
1532	2792
346	2792
2619	2793
994	2793
2170	2797
1794	2797
994	2797
2228	2797
232	2797
797	2793
2021	2793
1786	2793
270	2797
2511	2797
270	2797
2537	2797
243	2793
2553	2793
1103	2793
2619	2792
684	2792
994	2792
994	2797
2511	2792
2170	2792
1794	2792
2320	2792
2234	2792
493	2792
1786	2792
2698	2792
880	2797
644	2792
2320	2792
467	2792
252	2792
2249	2792
994	2797
2249	2797
1126	2793
252	2797
885	2793
885	2797
355	2792
982	2792
2285	2792
1261	2792
1775	2792
1784	2792
1977	2792
2559	2792
914	2792
1892	2793
720	2793
2764	2793
264	2793
684	2793
2034	2793
267	2793
2619	2797
885	2792
2613	2797
207	2797
994	2792
2185	2797
2453	2793
207	2792
1610	2793
1425	2793
2542	2793
2316	2797
684	2797
2457	2793
1552	2793
248	2793
701	2793
701	2792
2457	2792
2606	2793
748	2793
1763	2793
677	2793
701	2797
873	2797
1225	2797
1101	2797
2423	2793
426	2793
931	2797
925	2797
426	2792
748	2797
2423	2792
252	2792
467	2792
2170	2792
977	2792
644	2792
885	2792
684	2792
2617	2792
2228	2792
2537	2797
2034	2797
2423	2797
1958	2797
2273	2793
1397	2793
943	2793
1589	2793
2443	2793
631	2793
2626	2793
2119	2793
2682	2793
1022	2793
1721	2793
1206	2793
1363	2793
1924	2793
1858	2793
1389	2793
2358	2793
910	2793
459	2793
713	2793
416	2793
1609	2793
1525	2793
1112	2793
1673	2793
114	2793
2399	2793
1068	2793
2783	2793
1373	2793
571	2793
83	2793
142	2793
712	2793
2287	2793
439	2793
793	2793
1280	2793
2223	2793
137	2793
238	2797
1698	2797
2583	2797
1058	2792
466	2793
1674	2793
886	2793
1083	2793
1058	2797
1083	2797
1674	2797
79	2797
615	2797
2544	2792
840	2797
1582	2797
2544	2792
840	2793
846	2793
2544	2793
1717	2793
846	2792
2610	2792
932	2792
1349	2792
2116	2792
1083	2793
946	2793
2423	2792
426	2792
2583	2792
1098	2797
1717	2797
2704	2797
2055	2797
131	2797
748	2797
1773	2797
1870	2797
2466	2797
11	2797
1896	2797
1852	2797
2722	2797
2673	2792
2405	2792
2745	2792
2218	2793
79	2793
1002	2793
2247	2792
1360	2797
2673	2797
882	2792
1241	2792
222	2792
2544	2793
1695	2792
2345	2793
271	2793
2247	2793
1333	2793
2599	2797
886	2797
1083	2797
2110	2797
873	2797
1917	2792
1098	2797
1058	2797
882	2793
2702	2792
577	2792
2226	2792
466	2797
693	2792
1691	2793
577	2797
364	2797
212	2792
1691	2797
2226	2793
222	2793
1691	2792
1141	2792
830	2797
2619	2797
255	2797
2653	2797
1871	2792
472	2797
207	2797
1753	2797
347	2797
1225	2792
994	2797
2613	2797
1328	2793
2121	2793
695	2793
1208	2793
2769	2793
2048	2793
880	2793
2473	2793
765	2793
2390	2793
2442	2793
512	2792
1024	2793
1871	2793
886	2797
964	2792
512	2793
2040	2793
2040	2792
1717	2797
2053	2797
1171	2793
1936	2797
2700	2793
2040	2792
512	2792
2544	2797
2428	2797
212	2797
2702	2797
364	2797
1597	2797
520	2797
2595	2797
212	2797
266	2797
1133	2792
1601	2792
163	2797
1953	2797
32	2797
719	2797
686	2797
2764	2797
163	2792
907	2797
276	2797
222	2797
2821	2792
1953	2792
2489	2792
953	2797
2489	2797
47	2792
212	2792
1808	2792
141	2792
1725	2792
904	2792
177	2792
2764	2792
2489	2797
748	2797
2045	2792
852	2792
79	2797
1645	2793
520	2793
846	2793
1268	2793
426	2797
273	2797
1148	2797
1170	2797
1000	2797
2724	2797
520	2792
885	2792
2249	2797
398	2797
830	2797
1837	2793
830	2797
1066	2797
2746	2793
1870	2793
2777	2793
953	2793
1759	2793
882	2793
1759	2797
2661	2797
363	2793
2248	2793
2209	2793
170	2793
1162	2797
2290	2797
1936	2797
166	2797
573	2797
88	2797
494	2797
1130	2797
1052	2797
496	2797
2436	2797
2130	2797
1306	2797
1656	2797
802	2797
1330	2797
638	2797
478	2797
840	2797
2457	2797
2045	2797
989	2793
2517	2797
1710	2797
2821	2797
326	2797
1424	2797
1930	2797
47	2797
2656	2797
606	2797
1771	2792
1201	2797
1717	2793
2544	2793
2630	2797
1727	2797
886	2797
2247	2797
1764	2797
2619	2797
1669	2797
886	2797
1083	2797
946	2797
1674	2797
426	2797
1609	2797
2443	2793
1126	2797
28	2797
701	2797
1133	2793
2226	2793
2646	2797
2243	2797
717	2797
181	2797
207	2797
11	2793
2563	2793
1130	2793
88	2793
17	2793
2452	2793
1933	2793
494	2793
1422	2793
2229	2793
2745	2792
2500	2797
1346	2797
2583	2797
885	2797
1126	2793
994	2793
1633	2792
141	2793
2316	2792
1632	2797
885	2792
2316	2797
805	2792
1194	2797
47	2797
1568	2797
1985	2797
2745	2797
2619	2797
2630	2797
903	2797
830	2797
542	2797
295	2797
485	2797
2053	2797
398	2797
1966	2797
1809	2797
1072	2797
271	2797
1869	2793
2382	2797
1972	2797
677	2797
1546	2797
2619	2797
2443	2797
882	2797
2745	2797
1117	2797
2742	2797
820	2797
709	2797
1523	2797
1909	2797
11	2797
1753	2797
472	2797
169	2797
1002	2797
1695	2793
2500	2797
1801	2793
2045	2797
1428	2797
1352	2797
1427	2797
163	2797
2544	2797
931	2797
1625	2797
2653	2797
1809	2797
1768	2797
1286	2797
758	2797
166	2797
1601	2797
247	2797
397	2797
748	2793
1526	2797
1126	2793
1809	2793
1320	2793
1664	2793
640	2793
2226	2793
818	2797
616	2797
2473	2797
2821	2792
47	2792
1132	2792
1664	2792
2785	2793
271	2797
1633	2793
2702	2793
2544	2797
520	2797
252	2797
390	2792
873	2792
1225	2792
2247	2793
1645	2792
658	2797
295	2797
2636	2797
994	2797
1669	2797
1833	2797
2247	2797
346	2797
372	2793
1532	2792
802	2797
1522	2797
2430	2797
1845	2797
632	2797
640	2797
2291	2797
1392	2797
2272	2797
1200	2797
1216	2797
905	2797
1180	2797
989	2797
682	2797
1611	2797
2544	2797
1909	2797
519	2797
49	2797
1566	2797
1027	2797
298	2797
28	2797
231	2797
47	2793
1612	2797
1286	2797
1592	2797
1763	2793
2682	2793
2532	2797
1900	2797
1810	2797
874	2797
1073	2797
1090	2797
782	2797
499	2797
266	2793
2475	2793
1961	2793
1303	2797
79	2797
1909	2793
846	2793
1523	2797
1611	2797
186	2797
44	2797
2472	2797
450	2797
133	2797
1303	2797
2544	2797
2423	2797
1659	2797
1011	2797
39	2797
2254	2797
1881	2797
2612	2797
1770	2797
857	2797
567	2797
1103	2797
1738	2797
809	2797
40	2797
2129	2797
524	2797
1047	2797
1797	2797
1611	2792
2058	2792
2443	2792
1979	2792
1286	2792
2546	2792
667	2792
1039	2792
748	2792
1020	2792
1892	2792
2785	2792
1271	2792
2091	2792
2682	2792
758	2792
964	2792
2755	2792
994	2792
2260	2792
1310	2797
1653	2797
2822	2797
398	2797
797	2793
2666	2797
2443	2797
1892	2797
8	2797
748	2797
1966	2797
1052	2792
166	2797
177	2797
857	2797
812	2797
905	2797
478	2797
231	2797
2619	2793
2175	2797
207	2793
1296	2793
802	2793
1899	2793
953	2797
79	2797
2606	2797
1999	2797
557	2797
1771	2797
2443	2797
1658	2797
360	2793
1611	2793
994	2793
1958	2793
2537	2793
2452	2793
989	2793
1058	2792
2617	2792
2316	2792
2053	2792
1654	2793
606	2793
110	2793
1903	2793
1728	2793
1897	2797
1902	2797
20	2797
2459	2797
169	2797
2651	2797
1194	2793
17	2793
2743	2793
1899	2797
1611	2797
797	2797
2170	2797
1422	2797
1897	2797
1845	2797
2743	2797
133	2797
2093	2797
904	2797
2538	2793
2728	2793
1891	2793
2510	2793
701	2797
63	2797
1179	2797
2229	2797
494	2797
17	2797
88	2797
2053	2797
1668	2797
746	2797
1330	2797
1211	2797
1806	2797
2666	2797
169	2793
1209	2797
1532	2797
163	2793
1387	2797
294	2797
1840	2797
2485	2797
2058	2797
797	2797
2637	2797
1424	2793
805	2797
313	2797
2415	2797
1679	2797
1985	2797
1363	2797
1614	2797
2409	2793
1614	2793
1427	2793
758	2793
1825	2793
1985	2793
719	2793
323	2793
1286	2793
2197	2793
2755	2793
2821	2797
1754	2797
2606	2793
1031	2793
2415	2793
1679	2793
2605	2793
648	2793
1699	2793
1507	2793
1819	2793
1375	2793
1568	2793
1985	2793
2185	2793
1694	2792
1972	2797
1915	2797
235	2797
186	2797
1201	2797
2184	2797
1192	2797
2397	2797
1901	2797
2211	2797
384	2797
25	2797
2516	2797
1260	2797
879	2797
2125	2797
1754	2797
593	2797
909	2797
229	2797
503	2797
2277	2797
336	2797
2436	2797
2563	2793
1808	2797
977	2797
398	2797
2058	2797
758	2797
1985	2797
271	2793
2666	2793
1855	2793
1246	2793
1686	2793
207	2797
520	2797
1284	2797
1584	2797
1432	2797
2732	2797
1002	2797
271	2797
489	2797
2612	2797
2666	2797
2203	2792
1082	2797
2277	2793
360	2793
1892	2797
419	2797
2644	2793
409	2797
271	2797
2490	2797
2008	2792
742	2792
314	2792
956	2792
1575	2792
1343	2792
969	2792
377	2792
956	2792
1262	2792
2138	2792
14	2792
1120	2792
956	2792
1732	2792
169	2792
368	2792
1558	2792
99	2792
1509	2792
2138	2792
145	2792
2587	2792
368	2792
156	2792
2825	2792
2825	2793
2825	2797
2792	2825
2793	2825
2797	2825
2826	2825
2825	2826
2827	2828
2829	2828
2830	2828
2831	2832
2833	2832
2834	2835
2836	2837
2838	2837
2839	2828
2840	2837
2841	2842
2843	2844
2845	2844
2846	2847
2848	2844
2849	2850
2851	2844
2852	2837
2853	2850
2854	2842
2855	2844
2856	2844
2857	2847
2858	2859
2860	2859
2861	2835
2862	2847
2863	2844
2864	2844
2865	2837
2866	2844
2867	2837
2868	2844
2869	2870
2871	2859
2872	2859
2873	2842
2874	2850
2875	2850
2876	2844
2877	2842
2878	2842
2879	2844
2880	2842
2881	2844
2882	2835
2883	2884
2885	2835
2886	2887
2888	2850
2889	2850
2890	2828
2891	2835
2892	2844
2893	2842
2894	2887
2895	2842
2896	2828
2897	2898
2899	2850
2900	2842
2901	2835
2902	2835
2903	2837
2904	2905
2906	2905
2907	2835
2908	2847
2909	2842
2910	2859
2911	2837
2912	2913
2914	2850
2915	2850
2916	2917
2918	2842
2919	2847
2920	2835
2921	2844
2922	2835
2923	2844
2924	2844
2925	2850
2926	2835
2927	2842
2928	2842
2929	2842
2930	2850
2931	2898
2932	2842
2933	2837
2934	2898
2935	2850
2936	2847
2937	2835
2938	2835
2939	2842
2940	2850
2941	2850
2942	2850
2943	2842
2944	2850
2945	2946
2947	2898
2948	2847
2949	2828
2950	2844
2951	2828
2952	2844
2953	2887
2954	2828
2955	2844
2956	2887
2957	2844
2958	2847
2959	2828
2960	2844
2961	2844
2962	2898
2963	2887
2964	2946
2965	2966
2967	2835
2968	2887
2969	2946
2970	2850
2971	2859
2972	2844
2973	2974
2975	2832
2976	2844
2977	2828
2978	2847
2979	2828
2980	2844
2981	2828
2982	2844
2983	2844
2984	2847
2985	2835
2986	2905
2987	2905
2988	2832
2989	2835
2990	2835
2991	2835
2992	2850
2993	2844
2994	2828
2995	2844
2996	2828
2997	2837
2998	2842
2999	2859
3000	2946
3001	2842
3002	2917
3003	2842
3004	2835
3005	2835
3006	2835
3007	2835
3008	2842
3009	3010
3011	2898
3012	2844
3013	2842
3014	2835
3015	3016
3017	2844
3018	2898
3019	2898
3020	2898
3021	2835
3022	2835
3023	3024
3025	2835
3026	2898
3027	2835
3028	2828
3029	2837
3030	2837
3031	2837
3032	2859
3033	2832
3034	2842
3035	2842
3036	2835
3037	2842
3038	2842
3039	2870
3040	2842
3041	2859
3042	2898
3043	2842
3044	2842
3045	2898
3046	2898
3047	2917
3048	2850
3049	2832
3050	2859
3051	2835
3052	2847
3053	2837
3054	2974
3055	2905
3056	2832
3057	2828
3058	3010
3059	2844
3060	2832
3061	2898
3062	2847
3063	2898
3064	2844
3065	2842
3066	2898
3067	2844
3068	2835
3069	3010
3070	3010
3071	2832
3072	2898
3073	3010
3074	2847
3075	2859
3076	2966
3077	2850
3078	2974
3079	2974
3080	2850
3081	2850
3082	2974
3083	2850
3084	2850
3085	2850
3086	2850
3087	2850
3088	3089
3090	3091
3092	2974
3093	2850
3094	2974
3095	3091
3096	2850
3097	3091
3098	2974
3099	2850
3100	2974
3101	3091
3102	3091
3103	2850
3104	2898
3105	3089
3106	3091
3107	2850
3108	2946
3109	2850
3110	2850
3111	2850
3112	2850
3113	2850
3114	2917
3115	2850
3116	2974
3117	2917
3118	2850
3119	2850
3120	2974
3121	2917
3122	2850
3123	2850
3124	3089
3125	3091
3126	2974
3127	3091
3128	2905
3129	2835
3130	2905
3131	2898
3132	2842
3133	3134
3135	2898
3136	3137
3138	3134
3139	2898
3140	3137
3141	2847
3142	2898
3143	3134
3144	3137
3145	2842
3146	3147
3148	2913
3149	2828
3150	2905
3151	2905
3152	2917
3153	2844
3154	2837
3155	3137
3156	2884
3157	2842
3158	2842
3159	2828
3160	2898
3161	2842
3162	3010
3163	3010
3164	3165
3166	2844
3167	2842
3168	2898
3169	2842
3170	2835
3171	2966
3172	2844
3173	2847
3174	2844
3175	2835
3176	2847
3177	2850
3178	2842
3179	2898
3180	2898
3181	2859
3182	3024
3183	3010
3184	2842
3185	2850
3186	2832
3187	3010
3188	2859
3189	2835
3190	2847
3191	2859
3192	2898
3193	2850
3194	2974
3195	2946
3196	3091
3197	2870
3198	2842
3199	3089
3200	3089
3201	3010
3202	3024
3203	3024
3204	3134
3205	2898
3206	2870
3207	2828
3208	2870
3209	2844
3210	3089
3211	3089
3212	2842
3213	2842
3214	2842
3215	2832
3216	2898
3217	2842
3218	3089
3219	2850
3220	2887
3221	2887
3222	2887
3223	2887
3224	2917
3225	2887
3226	2844
3227	2974
3228	2850
3229	2917
3230	2974
3231	2850
3232	2850
3233	2850
3234	2844
3235	2859
3236	2844
3237	2837
3238	3137
3239	2966
3240	2966
3241	2837
3242	2898
3243	2898
3244	2887
3245	2870
3246	2837
3247	3089
3248	3089
3249	2842
3250	2946
3251	3089
3252	2844
3253	3010
3254	2859
3255	3016
3256	2946
3257	2835
3258	2850
3259	3089
3260	2898
3261	3010
3262	2859
3263	2832
3264	2844
3265	2887
3266	2887
3267	2887
3268	2842
3269	2842
3270	3024
3271	2917
3272	2905
3273	2842
3274	2850
3275	2835
3276	2835
3277	2859
3278	2850
3279	2850
3280	2844
3281	2850
3282	2835
3283	2850
3284	2842
3285	2850
3286	2850
3287	2842
3288	2859
3289	2842
3290	2842
3291	2832
3292	2847
3293	2847
3294	2898
3295	3134
3296	2832
3297	2966
3298	3137
3299	2870
3300	3089
3301	3089
3302	2898
3303	2847
3304	3010
3305	2898
3306	2832
3307	3010
3308	2898
3309	3024
3310	2828
3311	2844
3312	3313
3314	2847
3315	2832
3316	2847
3317	2847
3318	2847
3319	2898
3320	2837
3321	2859
3322	3137
3323	2884
3324	2884
3325	2898
3326	2898
3327	2828
3328	2847
3329	2832
3330	2850
3331	2898
3332	2898
3333	2884
3334	2835
3335	2847
3336	2847
3337	2884
3338	2847
3339	2828
3340	2832
3341	3010
3342	2842
3343	2898
3344	2847
3345	3024
3346	3016
3347	2842
3348	2887
3349	2850
3350	2898
3351	3024
3352	3024
3353	3089
3354	3147
3355	3147
3356	2859
3357	2946
3358	2898
3359	2870
3360	2837
3361	2837
3362	2884
3363	2913
3364	2913
3365	3024
3366	2847
3367	2844
3368	2844
3369	3010
3370	2847
3371	2966
3372	2898
3373	2898
3374	2850
3375	2898
3376	2844
3377	2835
3378	2835
3379	3024
3380	3024
3381	3024
3382	2844
3383	2859
3384	2898
3385	2946
3386	2946
3387	3137
3388	3089
3389	2898
3390	2966
3391	2898
3392	3393
3394	3024
3395	3024
3396	3024
3397	2842
3398	3024
3399	3147
3400	2898
3401	2847
3402	3010
3403	3010
3404	3137
3405	3024
3406	2898
3407	2898
3408	2898
3409	2898
3410	3010
3411	3010
3412	2898
3413	3010
3414	3089
3415	3089
3416	2898
3417	2850
3418	2847
3419	2917
3420	2859
3421	2850
3422	2850
3423	3089
3424	2832
3425	2870
3426	3024
3427	2832
3428	2847
3429	3089
3430	2832
3431	2835
3432	3089
3433	2898
3434	2898
3435	2850
3436	2850
3437	2946
3438	2946
3439	2946
3440	2946
3441	2847
3442	2859
3443	2832
3444	2832
3445	2905
3446	2844
3447	3010
3448	2847
3449	2835
3450	3024
3451	3024
3452	3134
3453	2837
3454	2842
3455	2898
3456	2898
3457	2884
3458	2847
3459	2842
3460	3137
3461	3137
3462	3137
3463	2898
3464	2859
3465	2859
3466	2884
3467	2884
3468	2898
3469	2898
3470	3010
3471	2966
3472	3024
3473	3024
3474	3010
3475	3089
3476	3089
3477	3024
3478	2870
3479	2828
3480	3016
3481	3024
3482	2946
3483	2946
3484	2870
3485	3147
3486	2870
3487	2842
3488	3089
3489	3089
3490	3010
3491	3089
3492	2898
3493	2847
3494	2887
3495	2844
3496	3137
3497	2898
3498	2842
3499	2850
3500	2835
3501	2884
3502	2884
3503	2837
3504	2898
3505	2847
3506	2842
3507	2898
3508	3024
3509	3024
3510	3010
3511	2850
3512	2884
3513	2884
3514	2870
3515	2898
3516	3517
3518	2837
3519	2837
3520	2837
3521	2842
3522	2844
3523	3010
3524	2844
3525	2946
3526	2946
3527	2974
3528	2850
3529	2850
3530	2850
3531	2850
3532	2850
3533	2850
3534	2946
3535	2946
3536	2850
3537	2850
3538	3091
3539	3091
3540	3091
3541	3091
3542	3091
3543	2850
3544	2850
3545	2850
3546	3091
3547	3091
3548	2946
3549	2946
3550	2850
3551	2917
3552	3517
3553	3517
3554	3089
3555	3024
3556	2913
3557	2837
3558	2870
3559	2837
3560	2859
3561	3089
3562	2887
3563	2898
3564	3010
3565	2898
3566	2884
3567	3089
3568	3091
3569	3091
3570	2974
3571	3091
3572	2946
3573	2946
3574	2946
3575	2850
3576	2850
3577	2887
3578	2842
3579	3580
3581	2844
3582	2859
3583	2859
3584	2898
3585	3010
3586	2870
3587	2835
3588	2835
3589	2913
3590	2966
3591	2884
3592	2842
3593	3024
3594	2913
3595	2842
3596	2842
3597	3024
3598	2898
3599	3010
3600	3089
3601	2850
3602	2898
3603	2870
3604	2847
3605	2835
3606	2844
3607	2844
3608	2850
3609	3091
3610	2828
3611	3089
3612	2850
3613	3517
3614	3517
3615	2847
3616	2898
3617	2898
3618	2832
3619	2842
3620	2842
3621	2887
3622	2832
3623	2842
3624	2850
3625	2946
3626	3147
3627	3091
3628	2887
3629	2884
3630	3091
3631	2842
3632	3010
3633	2842
3634	3089
3635	3016
3636	3016
3637	2850
3638	2850
2828	2827
2828	2829
2828	2830
2832	2831
2832	2833
2835	2834
2837	2836
2837	2838
2828	2839
2837	2840
2842	2841
2844	2843
2844	2845
2847	2846
2844	2848
2850	2849
2844	2851
2837	2852
2850	2853
2842	2854
2844	2855
2844	2856
2847	2857
2859	2858
2859	2860
2835	2861
2847	2862
2844	2863
2844	2864
2837	2865
2844	2866
2837	2867
2844	2868
2870	2869
2859	2871
2859	2872
2842	2873
2850	2874
2850	2875
2844	2876
2842	2877
2842	2878
2844	2879
2842	2880
2844	2881
2835	2882
2884	2883
2835	2885
2887	2886
2850	2888
2850	2889
2828	2890
2835	2891
2844	2892
2842	2893
2887	2894
2842	2895
2828	2896
2898	2897
2850	2899
2842	2900
2835	2901
2835	2902
2837	2903
2905	2904
2905	2906
2835	2907
2847	2908
2842	2909
2859	2910
2837	2911
2913	2912
2850	2914
2850	2915
2917	2916
2842	2918
2847	2919
2835	2920
2844	2921
2835	2922
2844	2923
2844	2924
2850	2925
2835	2926
2842	2927
2842	2928
2842	2929
2850	2930
2898	2931
2842	2932
2837	2933
2898	2934
2850	2935
2847	2936
2835	2937
2835	2938
2842	2939
2850	2940
2850	2941
2850	2942
2842	2943
2850	2944
2946	2945
2898	2947
2847	2948
2828	2949
2844	2950
2828	2951
2844	2952
2887	2953
2828	2954
2844	2955
2887	2956
2844	2957
2847	2958
2828	2959
2844	2960
2844	2961
2898	2962
2887	2963
2946	2964
2966	2965
2835	2967
2887	2968
2946	2969
2850	2970
2859	2971
2844	2972
2974	2973
2832	2975
2844	2976
2828	2977
2847	2978
2828	2979
2844	2980
2828	2981
2844	2982
2844	2983
2847	2984
2835	2985
2905	2986
2905	2987
2832	2988
2835	2989
2835	2990
2835	2991
2850	2992
2844	2993
2828	2994
2844	2995
2828	2996
2837	2997
2842	2998
2859	2999
2946	3000
2842	3001
2917	3002
2842	3003
2835	3004
2835	3005
2835	3006
2835	3007
2842	3008
3010	3009
2898	3011
2844	3012
2842	3013
2835	3014
3016	3015
2844	3017
2898	3018
2898	3019
2898	3020
2835	3021
2835	3022
3024	3023
2835	3025
2898	3026
2835	3027
2828	3028
2837	3029
2837	3030
2837	3031
2859	3032
2832	3033
2842	3034
2842	3035
2835	3036
2842	3037
2842	3038
2870	3039
2842	3040
2859	3041
2898	3042
2842	3043
2842	3044
2898	3045
2898	3046
2917	3047
2850	3048
2832	3049
2859	3050
2835	3051
2847	3052
2837	3053
2974	3054
2905	3055
2832	3056
2828	3057
3010	3058
2844	3059
2832	3060
2898	3061
2847	3062
2898	3063
2844	3064
2842	3065
2898	3066
2844	3067
2835	3068
3010	3069
3010	3070
2832	3071
2898	3072
3010	3073
2847	3074
2859	3075
2966	3076
2850	3077
2974	3078
2974	3079
2850	3080
2850	3081
2974	3082
2850	3083
2850	3084
2850	3085
2850	3086
2850	3087
3089	3088
3091	3090
2974	3092
2850	3093
2974	3094
3091	3095
2850	3096
3091	3097
2974	3098
2850	3099
2974	3100
3091	3101
3091	3102
2850	3103
2898	3104
3089	3105
3091	3106
2850	3107
2946	3108
2850	3109
2850	3110
2850	3111
2850	3112
2850	3113
2917	3114
2850	3115
2974	3116
2917	3117
2850	3118
2850	3119
2974	3120
2917	3121
2850	3122
2850	3123
3089	3124
3091	3125
2974	3126
3091	3127
2905	3128
2835	3129
2905	3130
2898	3131
2842	3132
3134	3133
2898	3135
3137	3136
3134	3138
2898	3139
3137	3140
2847	3141
2898	3142
3134	3143
3137	3144
2842	3145
3147	3146
2913	3148
2828	3149
2905	3150
2905	3151
2917	3152
2844	3153
2837	3154
3137	3155
2884	3156
2842	3157
2842	3158
2828	3159
2898	3160
2842	3161
3010	3162
3010	3163
3165	3164
2844	3166
2842	3167
2898	3168
2842	3169
2835	3170
2966	3171
2844	3172
2847	3173
2844	3174
2835	3175
2847	3176
2850	3177
2842	3178
2898	3179
2898	3180
2859	3181
3024	3182
3010	3183
2842	3184
2850	3185
2832	3186
3010	3187
2859	3188
2835	3189
2847	3190
2859	3191
2898	3192
2850	3193
2974	3194
2946	3195
3091	3196
2870	3197
2842	3198
3089	3199
3089	3200
3010	3201
3024	3202
3024	3203
3134	3204
2898	3205
2870	3206
2828	3207
2870	3208
2844	3209
3089	3210
3089	3211
2842	3212
2842	3213
2842	3214
2832	3215
2898	3216
2842	3217
3089	3218
2850	3219
2887	3220
2887	3221
2887	3222
2887	3223
2917	3224
2887	3225
2844	3226
2974	3227
2850	3228
2917	3229
2974	3230
2850	3231
2850	3232
2850	3233
2844	3234
2859	3235
2844	3236
2837	3237
3137	3238
2966	3239
2966	3240
2837	3241
2898	3242
2898	3243
2887	3244
2870	3245
2837	3246
3089	3247
3089	3248
2842	3249
2946	3250
3089	3251
2844	3252
3010	3253
2859	3254
3016	3255
2946	3256
2835	3257
2850	3258
3089	3259
2898	3260
3010	3261
2859	3262
2832	3263
2844	3264
2887	3265
2887	3266
2887	3267
2842	3268
2842	3269
3024	3270
2917	3271
2905	3272
2842	3273
2850	3274
2835	3275
2835	3276
2859	3277
2850	3278
2850	3279
2844	3280
2850	3281
2835	3282
2850	3283
2842	3284
2850	3285
2850	3286
2842	3287
2859	3288
2842	3289
2842	3290
2832	3291
2847	3292
2847	3293
2898	3294
3134	3295
2832	3296
2966	3297
3137	3298
2870	3299
3089	3300
3089	3301
2898	3302
2847	3303
3010	3304
2898	3305
2832	3306
3010	3307
2898	3308
3024	3309
2828	3310
2844	3311
3313	3312
2847	3314
2832	3315
2847	3316
2847	3317
2847	3318
2898	3319
2837	3320
2859	3321
3137	3322
2884	3323
2884	3324
2898	3325
2898	3326
2828	3327
2847	3328
2832	3329
2850	3330
2898	3331
2898	3332
2884	3333
2835	3334
2847	3335
2847	3336
2884	3337
2847	3338
2828	3339
2832	3340
3010	3341
2842	3342
2898	3343
2847	3344
3024	3345
3016	3346
2842	3347
2887	3348
2850	3349
2898	3350
3024	3351
3024	3352
3089	3353
3147	3354
3147	3355
2859	3356
2946	3357
2898	3358
2870	3359
2837	3360
2837	3361
2884	3362
2913	3363
2913	3364
3024	3365
2847	3366
2844	3367
2844	3368
3010	3369
2847	3370
2966	3371
2898	3372
2898	3373
2850	3374
2898	3375
2844	3376
2835	3377
2835	3378
3024	3379
3024	3380
3024	3381
2844	3382
2859	3383
2898	3384
2946	3385
2946	3386
3137	3387
3089	3388
2898	3389
2966	3390
2898	3391
3393	3392
3024	3394
3024	3395
3024	3396
2842	3397
3024	3398
3147	3399
2898	3400
2847	3401
3010	3402
3010	3403
3137	3404
3024	3405
2898	3406
2898	3407
2898	3408
2898	3409
3010	3410
3010	3411
2898	3412
3010	3413
3089	3414
3089	3415
2898	3416
2850	3417
2847	3418
2917	3419
2859	3420
2850	3421
2850	3422
3089	3423
2832	3424
2870	3425
3024	3426
2832	3427
2847	3428
3089	3429
2832	3430
2835	3431
3089	3432
2898	3433
2898	3434
2850	3435
2850	3436
2946	3437
2946	3438
2946	3439
2946	3440
2847	3441
2859	3442
2832	3443
2832	3444
2905	3445
2844	3446
3010	3447
2847	3448
2835	3449
3024	3450
3024	3451
3134	3452
2837	3453
2842	3454
2898	3455
2898	3456
2884	3457
2847	3458
2842	3459
3137	3460
3137	3461
3137	3462
2898	3463
2859	3464
2859	3465
2884	3466
2884	3467
2898	3468
2898	3469
3010	3470
2966	3471
3024	3472
3024	3473
3010	3474
3089	3475
3089	3476
3024	3477
2870	3478
2828	3479
3016	3480
3024	3481
2946	3482
2946	3483
2870	3484
3147	3485
2870	3486
2842	3487
3089	3488
3089	3489
3010	3490
3089	3491
2898	3492
2847	3493
2887	3494
2844	3495
3137	3496
2898	3497
2842	3498
2850	3499
2835	3500
2884	3501
2884	3502
2837	3503
2898	3504
2847	3505
2842	3506
2898	3507
3024	3508
3024	3509
3010	3510
2850	3511
2884	3512
2884	3513
2870	3514
2898	3515
3517	3516
2837	3518
2837	3519
2837	3520
2842	3521
2844	3522
3010	3523
2844	3524
2946	3525
2946	3526
2974	3527
2850	3528
2850	3529
2850	3530
2850	3531
2850	3532
2850	3533
2946	3534
2946	3535
2850	3536
2850	3537
3091	3538
3091	3539
3091	3540
3091	3541
3091	3542
2850	3543
2850	3544
2850	3545
3091	3546
3091	3547
2946	3548
2946	3549
2850	3550
2917	3551
3517	3552
3517	3553
3089	3554
3024	3555
2913	3556
2837	3557
2870	3558
2837	3559
2859	3560
3089	3561
2887	3562
2898	3563
3010	3564
2898	3565
2884	3566
3089	3567
3091	3568
3091	3569
2974	3570
3091	3571
2946	3572
2946	3573
2946	3574
2850	3575
2850	3576
2887	3577
2842	3578
3580	3579
2844	3581
2859	3582
2859	3583
2898	3584
3010	3585
2870	3586
2835	3587
2835	3588
2913	3589
2966	3590
2884	3591
2842	3592
3024	3593
2913	3594
2842	3595
2842	3596
3024	3597
2898	3598
3010	3599
3089	3600
2850	3601
2898	3602
2870	3603
2847	3604
2835	3605
2844	3606
2844	3607
2850	3608
3091	3609
2828	3610
3089	3611
2850	3612
3517	3613
3517	3614
2847	3615
2898	3616
2898	3617
2832	3618
2842	3619
2842	3620
2887	3621
2832	3622
2842	3623
2850	3624
2946	3625
3147	3626
3091	3627
2887	3628
2884	3629
3091	3630
2842	3631
3010	3632
2842	3633
3089	3634
3016	3635
3016	3636
2850	3637
2850	3638
3639	2828
3639	2832
3639	2835
3639	2837
3639	2842
3639	2844
3639	2847
3639	2850
3639	2859
3639	2870
3639	2884
3639	2887
3639	2898
3639	2905
3639	2913
3639	2917
3639	2946
3639	2966
3639	2974
3639	3010
3639	3016
3639	3024
3639	3089
3639	3091
3639	3134
3639	3137
3639	3147
3639	3165
3639	3313
3639	3393
3639	3517
3639	3580
2828	3639
2832	3639
2835	3639
2837	3639
2842	3639
2844	3639
2847	3639
2850	3639
2859	3639
2870	3639
2884	3639
2887	3639
2898	3639
2905	3639
2913	3639
2917	3639
2946	3639
2966	3639
2974	3639
3010	3639
3016	3639
3024	3639
3089	3639
3091	3639
3134	3639
3137	3639
3147	3639
3165	3639
3313	3639
3393	3639
3517	3639
3580	3639
2826	3639
3639	2826
230	2827
230	2829
230	2830
230	2831
230	2833
781	2834
781	2836
781	2838
781	2839
781	2827
781	2840
781	2841
781	2843
781	2845
781	2846
781	2848
781	2849
781	2851
781	2852
781	2853
781	2854
781	2855
781	2856
781	2857
781	2858
781	2860
781	2861
781	2862
781	2863
781	2864
781	2865
781	2866
781	2867
781	2868
781	2869
781	2871
781	2872
781	2873
781	2874
781	2875
781	2876
781	2877
781	2878
781	2879
781	2880
781	2881
781	2882
781	2883
781	2885
781	2886
781	2829
781	2888
781	2889
781	2890
781	2891
781	2892
781	2893
781	2894
781	2895
781	2896
781	2897
781	2899
781	2900
781	2901
781	2902
781	2903
781	2904
781	2906
781	2907
781	2908
781	2909
781	2910
781	2911
781	2912
781	2914
781	2915
781	2916
781	2918
781	2919
781	2920
781	2921
781	2922
781	2923
781	2924
781	2925
781	2926
781	2927
781	2928
781	2929
781	2930
781	2931
781	2932
781	2933
781	2934
781	2935
781	2936
781	2937
781	2938
781	2939
781	2940
781	2941
781	2942
781	2943
781	2944
781	2945
2416	2947
2416	2948
2416	2827
2416	2839
2416	2949
2416	2866
2416	2950
2416	2829
2416	2855
2416	2951
2416	2848
2416	2952
2416	2868
2416	2856
2416	2953
2416	2954
2416	2955
2416	2956
2416	2957
2416	2958
2416	2892
2416	2959
2416	2960
2416	2890
2416	2843
2416	2961
2416	2962
2416	2838
2416	2963
2416	2964
2416	2925
2416	2889
2416	2965
2416	2880
2416	2967
2416	2968
2416	2858
2416	2969
2416	2970
2416	2971
2416	2972
2416	2973
2416	2975
2416	2881
2416	2900
3640	2976
3640	2856
3640	2959
3640	2864
3640	2977
3640	2978
3640	2890
3640	2829
3640	2960
3640	2979
3640	2954
3640	2866
3640	2980
3640	2839
3640	2868
3640	2981
3640	2846
3640	2827
3640	2862
1270	2954
1270	2979
1270	2960
1270	2866
1270	2839
1270	2829
1270	2868
1270	2856
1270	2827
1270	2976
1270	2846
1270	2862
1270	2890
1270	2978
1270	2864
1270	2977
1270	2959
1270	2980
1013	2958
1013	2839
1013	2948
1013	2856
1013	2982
1013	2954
1013	2827
1013	2841
1013	2868
1013	2863
1013	2983
2466	2901
2466	2984
2466	2957
2466	2863
2466	2881
2466	2855
2466	2856
2466	2985
2466	2986
2466	2987
2466	2958
2466	2866
2466	2988
2466	2962
2466	2848
2466	2908
2466	2989
2466	2903
2466	2924
2466	2864
2466	2902
2466	2990
2466	2991
2790	2992
2790	2993
2790	2951
2790	2827
2790	2896
2790	2864
2790	2994
2790	2890
2790	2995
2790	2996
2790	2892
2790	2960
2790	2997
2790	2851
2790	2998
2790	2879
2790	2999
2790	2829
2790	2876
2790	2855
2790	2894
2790	2839
2790	2959
2790	3000
2790	2881
2790	2983
2790	2868
2790	3001
2790	2865
2790	2889
2790	2853
2790	2941
2790	2949
2790	3002
2790	2834
2790	2957
2790	2856
2567	2829
2628	2829
1942	2876
1942	3003
1942	2843
1942	2910
1942	2994
1942	2863
1942	2841
1942	3004
1942	2892
1942	2983
1942	2879
1805	2863
1805	2855
1805	2895
1805	2866
1805	2856
1805	2843
1805	2838
1805	2865
1805	2851
1805	3005
1805	3006
1805	2864
1805	2910
1805	3007
1805	3008
1805	3009
1805	2857
1805	3011
1805	2867
1805	2829
1805	2827
1805	2839
1805	2885
1805	2848
1805	2924
739	2910
739	2843
739	2836
739	2855
739	2863
739	2856
739	2867
739	2829
739	2864
739	2890
739	2827
739	2983
739	2879
739	3012
739	2891
739	3013
739	2960
739	3014
739	2866
739	3004
739	2933
739	3015
739	2865
739	2926
739	2981
739	2857
739	3017
739	2858
739	3018
739	3019
739	3020
2304	2846
2304	2936
2304	3021
2304	2994
2304	2981
2304	3022
2304	2983
2304	2843
2304	3023
2304	2829
2304	3025
2304	3026
2304	3027
2304	2863
2304	3012
2304	2891
755	2872
755	3028
755	3029
755	2848
755	2866
755	2856
755	2958
755	2933
755	2865
755	3030
755	2967
755	3031
755	3032
755	3033
755	2891
755	3034
755	3035
755	3036
755	2829
755	2998
755	2971
755	2855
755	2845
755	2900
755	2903
755	2924
755	2963
755	3005
755	3037
755	2910
755	2929
755	2895
755	3038
755	3039
755	3040
755	2908
755	2881
755	2961
755	2867
755	2863
755	2857
755	2851
755	3041
755	2879
755	2882
755	3042
755	2864
755	3043
755	2843
755	3007
755	3044
755	3045
755	3046
755	2853
755	3047
755	3048
755	3025
755	2834
755	3049
755	3022
755	2861
755	3008
755	2827
755	3050
755	2893
755	2991
755	2990
755	3006
755	2920
755	3051
755	2922
1212	2856
1212	2865
1212	2926
1212	2843
1212	2827
1212	2863
1212	2836
1212	2851
1212	2876
1212	2879
1212	2866
1212	2958
615	2856
615	2851
615	3021
615	3022
615	2879
615	2938
615	2895
615	2855
615	2866
615	2867
615	2900
615	2961
615	3017
615	2903
615	2863
615	3001
615	3043
615	3007
615	2998
615	3032
615	3052
615	2927
615	2843
615	2877
615	2890
615	2827
615	2836
615	2881
615	3053
615	2904
615	3054
615	3055
615	2845
615	3056
615	2858
615	2860
615	2958
615	2983
2684	3057
2684	2896
2684	2863
2684	2827
2684	2881
2684	2839
2684	2900
2684	3058
2684	2856
2684	2836
2684	2843
2684	3013
2684	2954
2684	2890
2684	2838
2684	2981
2684	2879
2684	2857
2684	2961
2684	2891
2684	2848
2684	3036
2684	2904
2684	2882
2684	3055
773	2908
773	3059
773	2936
773	2855
773	2848
773	3060
773	2843
773	3022
773	3021
773	2827
773	2983
773	2994
773	2953
773	2863
773	3012
773	2829
773	3023
773	2954
773	2891
773	2938
773	2925
773	3025
773	3027
773	3049
773	3061
773	3026
1979	2891
1979	2925
1979	3032
1979	2857
1979	2836
1979	2860
1979	2843
1979	2890
1979	2856
1979	3040
1979	2867
1979	3043
1979	2858
1979	2848
1979	3030
1979	2866
1979	2865
1979	2953
1979	2904
1979	2924
1979	2838
1979	2877
1979	2863
1979	2903
1979	2845
1979	2855
1979	2881
1979	2958
1979	2920
1979	2922
1979	2829
1979	3013
1979	2982
1979	3036
1979	2876
1979	2879
1979	3062
1979	2971
1979	3008
1979	3001
1979	3055
1979	2967
2755	2855
2755	2866
2755	2836
2755	2856
2755	3036
2755	2877
2755	2863
2755	2867
2755	2900
2755	2843
2755	2954
2755	2890
2755	2903
2755	2895
2755	2881
2755	2961
2755	2885
2755	2857
2755	2838
2755	2910
2755	3032
2755	2926
2755	2882
2755	3042
2755	2864
2755	2983
2755	2920
2755	3045
2755	2858
2755	2848
2755	2904
2755	3030
2755	2891
2755	3055
2755	3063
2755	2907
2755	3064
2755	3065
2755	3066
2755	2938
2755	3058
2755	2851
2755	3013
2755	3043
464	3067
464	2960
464	2856
464	2952
464	3068
464	2868
464	3012
464	2882
464	3069
464	3070
464	3071
464	3072
464	3020
464	2885
464	2865
464	2971
464	2866
464	3073
464	2982
464	2864
464	2879
464	2983
464	2829
464	3031
464	2902
464	2843
464	2845
464	2863
464	2855
464	3049
464	2877
464	2839
464	2867
464	2881
464	3013
464	2890
464	3043
464	2858
464	3032
464	2860
464	2857
464	2846
464	3074
464	2900
464	2903
464	2838
464	2938
464	3075
464	2998
464	3076
1183	2973
1183	3077
1183	3078
1183	2942
1183	3079
1183	3080
1183	2889
1183	3081
1183	3082
1183	2940
1183	2874
1183	3047
1183	3083
1183	2941
1183	3084
1183	3085
1183	2853
1183	3086
1183	3087
1183	2992
1183	3088
1183	3090
1183	3092
1183	3093
1183	3094
1183	3095
1183	3096
1183	3097
1183	3098
1183	3099
1183	3100
1183	3101
1183	3102
1183	3048
1183	2875
1183	2935
1183	3103
1183	3104
1183	3105
1183	3106
3	3094
3	2889
3	3079
3	2973
3	3107
3	2941
3	2888
3	3108
3	3109
3	3048
3	3110
3	3111
3	3112
3	3077
3	3113
3	3114
3	3115
3	3078
3	3116
3	2940
3	3083
3	3087
3	2853
3	3085
3	3117
3	2874
3	2992
3	3118
3	3080
3	3119
3	3120
3	3121
3	3122
3	3123
3	2916
3	3093
3	3084
3	3092
3	3124
3	3125
3	3081
3	3126
3	3127
3	3097
1358	3036
1358	2843
1358	2881
1358	2848
1358	2961
1358	2855
1358	2954
1358	2827
1358	2856
1358	2892
1358	3017
1358	2960
1358	2868
1358	2900
1358	2866
1358	3058
1358	2891
1358	2864
1358	2867
1358	2845
1358	3128
1358	2879
1358	2839
1358	3129
1358	2904
1358	2857
1358	3130
1358	2860
1358	2863
1358	3043
1358	3055
1358	2882
1358	3032
1358	3044
2485	2926
2485	2934
2485	2885
2485	3131
2485	3132
2485	3046
2485	3045
2485	3133
2485	2904
2485	2906
2485	3030
2485	2866
2485	2856
2485	3135
2485	2967
2485	3009
2485	3136
2485	2827
2485	2903
2485	2872
2485	2863
2485	2867
2485	2829
2485	2843
2485	2855
2485	3138
2485	2836
2485	2839
2485	2900
2485	3139
2485	2938
2485	3036
2485	2860
2485	3043
2485	2922
2485	2920
2485	2877
2485	2890
2485	3140
2485	3141
2485	2881
2485	2851
2485	3008
2485	2998
2485	2865
2485	3061
2485	3142
2485	2961
2485	3143
2485	3144
2485	3034
2485	3145
2485	2857
2485	2858
2485	3032
2485	2846
1028	3032
1028	3057
1028	2856
1028	2866
1028	2851
1028	3021
1028	3022
1028	2879
1028	2867
1028	2843
1028	2890
1028	2855
1028	2958
1028	2981
1028	3052
1028	2877
1028	2903
1028	2863
1028	2827
1028	2858
1028	2983
1028	2864
1028	2836
1028	2865
1028	2938
1028	3011
1028	2961
1028	2857
1028	2900
1028	2845
1028	3146
1028	2924
1028	3043
1028	3062
1028	2908
1028	3005
1028	2920
1028	2902
1028	2922
1028	2901
1028	3008
1028	3006
1028	2848
2632	2827
2632	2971
2632	2904
2632	2906
2632	3023
2632	2856
2632	2848
2632	2855
2632	2843
2632	2851
2632	2863
2632	2881
2632	3012
2632	2958
2632	2908
2632	2889
2632	3084
2632	3148
2632	2890
2632	2954
2632	3149
2632	2994
2632	2903
2632	3150
2632	3151
2632	2857
2632	2846
2632	2862
2632	3152
937	3133
937	2867
937	2879
937	3043
937	2891
937	2866
937	3009
937	2924
937	2858
937	2856
937	3032
937	2860
937	3153
937	2863
937	2855
937	2848
937	2843
937	2895
937	2904
937	3055
937	2829
937	2836
937	2881
937	2827
937	3154
937	2865
937	3003
937	3013
937	2921
937	3061
937	3155
937	2893
937	2841
937	3017
937	2903
2036	2827
2036	2863
2036	2829
2036	2856
2036	2851
2036	2866
2036	2843
2036	2836
2036	2860
2036	2848
2036	2867
2036	3053
2036	2864
2036	2983
2036	2855
2036	3011
2036	2908
2036	3052
2036	2900
2036	3156
2036	3012
2036	2857
2036	3032
2036	2901
2036	3045
2036	3046
2036	2948
2036	2846
2036	2891
2036	2889
2036	2963
2036	3149
2036	3030
2036	2895
2036	3157
1142	2881
1142	2866
1142	2848
1142	2855
1142	2839
1142	2867
1142	2983
1142	2836
1142	3158
1142	2843
1142	3013
1142	2890
1142	2961
1142	3043
1142	2856
1142	2863
1142	2900
1142	2879
1142	2864
1142	3032
1142	2908
1142	2872
1142	2954
1142	2885
1142	2860
1142	2938
1142	3045
1142	2910
1142	3046
1142	3075
1142	2982
2494	2949
2494	2839
2494	2896
2494	2827
2494	2829
2494	2903
2494	2865
2494	2963
2494	2885
2494	2882
2494	2908
2494	2960
2494	2952
2494	2864
2494	2904
2494	2906
2494	2879
2494	2948
2494	2848
2494	2953
2494	2961
2494	2843
2494	2851
2494	2862
2494	2959
2494	3159
2494	2856
2494	3160
2494	2841
2494	2909
2494	2863
2494	2866
2494	2958
2494	2834
2494	2998
2494	3066
2494	2992
2494	3161
2494	3051
2494	3036
2494	3061
2494	2967
2494	3069
2494	3015
2288	2876
2288	2856
2288	2879
2288	2903
2288	2865
2288	3062
2288	2961
2288	3055
2288	2904
2288	2877
2288	2863
2288	2895
2288	3045
2288	3046
2288	2836
2288	3149
2288	2845
2288	3036
2288	2890
2288	3063
2288	2841
2288	3001
2288	2998
2288	2857
2288	2866
2288	2867
2288	2963
2288	2967
2288	2900
2288	3013
2288	2958
2288	3034
2288	3133
2288	3030
2288	3031
2288	3037
2288	3006
2288	3005
2288	2920
2288	2922
2288	2855
2288	2924
2288	2864
2288	2953
2288	2925
2288	2891
2288	2851
2288	3032
2288	2843
2288	2860
2288	3040
864	2891
864	2860
864	2843
864	2862
864	3052
864	2856
864	2867
864	2851
864	3064
864	2958
864	2890
864	2863
864	3012
864	2881
864	2938
864	2866
864	2983
864	2961
864	2864
864	2895
864	3029
864	2827
864	2922
864	3032
864	2920
864	2900
864	2857
864	2836
864	2845
864	3030
864	2903
864	3036
864	2865
864	2879
864	3021
864	3022
864	3044
864	3046
864	3008
864	3162
864	2934
864	3031
864	2967
864	3062
864	3045
864	2989
864	3035
1206	2967
1206	3163
1206	2962
1206	3164
1206	2950
1206	3011
1206	2851
1206	2843
1206	2958
1206	2903
1206	2863
1206	2900
1206	2866
1206	2856
1206	2864
1206	2952
1206	2924
1206	2933
1206	3032
1206	2848
1206	2860
1206	2902
1206	3035
1206	2901
1206	3036
1206	2908
1206	2865
1206	3034
1206	3026
1206	3054
2438	2848
2438	2856
2438	2855
2438	2881
2438	2863
2438	3057
2438	2857
2438	2873
2438	3166
2438	2876
2438	3043
2438	2879
2438	2880
2438	2889
2438	2891
2438	2865
2438	2963
2438	2960
2438	2866
2438	2903
2438	3167
2438	2843
2438	3168
2438	2836
2438	3028
2438	2864
2438	2851
2438	2967
2438	2897
2438	2988
2438	3031
2438	3133
2438	2868
2438	3001
2438	2895
2438	2961
2438	2922
2438	2920
2741	2938
2741	2856
2741	2855
2741	2843
2741	2890
2741	2867
2741	2851
2741	2958
2741	2839
2741	2903
2741	3032
2741	3036
2741	2866
2741	3035
2741	2857
2741	2836
2741	2900
2741	2845
2741	2827
2741	2863
2741	2864
2741	3021
2741	2879
2741	3022
2741	2853
2741	2983
2741	2877
2741	3169
2741	2961
2741	2998
2741	3001
2741	3046
2741	3045
2741	2865
2741	2948
2741	2891
2741	2967
2741	3043
2741	2882
2741	2926
2741	3034
2741	3008
2741	3015
2741	2934
285	3021
285	2851
285	2856
285	2879
285	2938
285	3022
285	2866
285	2863
285	2881
285	2908
285	2961
285	2855
285	2843
285	2936
285	2846
285	2877
285	2867
285	2903
285	2865
285	2845
285	2836
285	3008
285	3003
285	2962
285	2827
285	2857
285	2958
285	2890
285	2983
285	2864
285	2848
285	3032
285	3037
285	2860
285	2895
285	2922
285	3051
285	2882
285	2926
285	3043
285	3034
285	3044
285	2872
285	2907
285	2920
285	3046
285	3045
285	3012
285	3170
3641	2891
3641	3011
3641	2827
3641	2866
3641	2856
3641	2855
3641	2958
3641	2903
3641	2845
3641	2836
3641	2863
3641	3043
3641	2851
3641	2890
3641	2843
3641	2848
3641	2900
3641	2857
3641	2829
3641	2867
3641	2921
3641	2860
3641	2872
3641	2864
3641	3046
3641	2961
3641	3012
3641	3032
3641	3008
3641	2971
3641	3045
3641	2865
3641	2910
3641	2881
3641	2983
3641	2938
3641	2877
3641	2839
3641	3171
3641	3050
3641	3061
3641	2879
3641	3017
3641	2876
3641	2924
3641	2830
3641	3031
3641	3026
3641	2967
3641	2988
2028	3008
2028	2860
2028	2958
2028	2851
2028	2867
2028	2848
2028	2903
2028	2881
2028	2827
2028	2836
2028	2900
2028	2856
2028	2845
2028	3052
2028	2855
2028	2864
2028	2843
2028	2890
2028	2841
2028	2863
2028	2983
2028	2854
2028	2895
2028	3032
2028	2877
2028	2866
2028	3046
2028	3043
2028	2857
2028	2961
2028	2858
2028	2891
2028	2922
2028	2920
2028	3045
1809	3172
1809	3173
1809	2846
1809	2994
1809	2868
1809	2856
1809	2921
1809	2864
1809	2908
1809	2948
1809	2958
1809	2872
1809	2851
1809	2848
1809	2961
1809	2863
1809	2866
1809	2855
1809	2971
1809	3032
1809	3174
1809	2857
1809	2845
1809	2881
1809	3030
1809	2860
1809	3011
1809	3046
1809	3045
1809	3049
1809	3001
1809	2839
1809	2867
1809	2998
1809	2865
1809	2841
1809	2843
1809	2827
1809	3013
1809	3007
1809	3175
1809	3006
1809	3017
1809	2972
1809	2938
1809	2876
1809	2924
1809	2877
1809	2858
1809	2983
1809	2960
1985	2856
1985	2877
1985	2843
1985	2866
1985	3030
1985	2836
1985	2865
1985	2903
1985	2827
1985	3053
1985	2867
1985	2855
1985	2864
1985	2938
1985	2961
1985	3013
1985	2891
1985	2998
1985	3001
1985	2900
1985	2890
1985	2863
1985	2983
1985	2860
1985	2857
1985	3032
1985	3075
1985	2895
1985	3036
1985	2971
1985	2831
1985	3064
1985	3164
1825	2851
1825	2856
1825	2843
1825	2881
1825	2936
1825	2827
1825	2846
1825	2839
1825	2867
1825	3049
1825	3013
1825	2855
1825	2900
1825	2865
1825	3030
1825	2879
1825	2877
1825	3023
1825	2890
1825	2836
1825	2983
1825	2864
1825	2938
1825	2971
1825	2866
1825	3017
1825	2924
1825	2858
1825	3031
1825	3176
1825	2958
1825	3032
1825	2953
1825	3177
758	2881
758	2829
758	2856
758	2827
758	2839
758	2867
758	3049
758	2903
758	2891
758	2843
758	3013
758	2855
758	2865
758	2900
758	3030
758	2877
758	3023
758	2890
758	2836
758	2851
758	2938
758	2864
758	2983
758	2971
758	2866
758	3017
758	2924
758	2879
758	2858
758	2863
758	2953
758	3177
2575	2856
2575	2866
2575	3036
2575	2863
2575	2827
2575	2867
2575	2903
2575	2843
2575	2961
2575	2864
2575	2860
2575	2891
2575	3032
2575	2885
2575	3009
2575	2855
2575	3053
2575	3055
2575	2904
2575	2865
2575	2890
2575	2858
2575	3148
2575	3061
1458	2856
1458	2863
1458	2881
1458	2983
1458	2839
1458	2866
1458	2900
1458	2963
1458	2843
1458	2829
1458	2841
1458	2953
1458	2925
1458	2836
1458	3013
1458	3003
1458	2895
1458	2855
1458	2827
1458	2851
1458	2961
1458	2857
1458	2865
1458	2867
1458	3178
1458	3043
1458	2860
1458	2891
2747	2867
2747	2856
2747	2857
2747	2864
2747	2924
2747	2900
2747	2851
2747	2983
2747	2879
2747	2855
2747	2881
2747	2961
2747	2866
2747	3003
2747	2841
2747	2843
2747	2848
2747	3037
2747	2863
2747	3007
2747	2829
2747	3053
2747	2865
2747	3013
2747	2967
1488	2856
1488	2863
1488	2881
1488	2836
1488	2890
1488	3003
1488	3008
1488	2857
1488	2845
1488	2839
1488	2855
1488	2867
1488	2877
1488	2843
1488	2864
1488	2848
1488	3045
1488	2938
1488	2851
1488	2860
1488	3032
1488	2910
1488	2961
1488	2895
1488	2903
1488	3036
1488	3052
1488	2904
1488	2906
1488	2958
1488	3012
1488	3046
1488	2983
1488	3009
1488	3043
1488	3042
1488	2858
1488	3179
1488	2866
1488	3131
2224	2995
2224	2856
2224	2993
2224	2851
2224	2961
2224	2960
2224	2896
2224	2839
2224	2954
2224	2829
2224	2953
2224	3110
2224	2899
2224	3054
2224	3121
2224	2890
2224	2827
2224	3180
2224	2855
2224	2836
2224	3012
2224	2885
2224	2959
2224	3181
2224	2864
2224	2879
2224	2992
2224	3027
2224	2841
2224	3003
2224	2932
2224	2863
2224	3030
2224	3182
2224	2867
2224	2843
2224	2834
2224	3029
2224	3129
2224	3183
2224	2857
2224	3184
2224	3185
2224	3008
2224	2926
2224	3186
2224	2861
2224	3025
2224	3187
2224	2914
2091	2872
2091	3051
2091	2856
2091	2845
2091	3008
2091	2864
2091	2900
2091	2860
2091	2867
2091	2836
2091	2863
2091	2827
2091	3032
2091	2903
2091	2865
2091	2866
2091	2843
2091	2855
2091	2896
2091	2857
2091	3055
2091	2904
2091	3053
2091	2877
2091	3188
2091	2851
2091	2938
2091	3041
2091	3189
2091	3037
2091	2957
2091	2909
2091	2891
2091	3031
2260	2881
2260	2864
2260	2845
2260	2867
2260	3190
2260	2855
2260	2938
2260	3041
2260	2863
2260	3032
2260	2843
2260	2860
2260	2856
2260	2857
2260	3012
2260	3158
2260	3191
2260	2921
2260	2961
2260	2948
2260	2954
2260	2829
2260	3051
2260	2866
2260	3145
2260	2865
2260	2890
2260	2994
2260	2836
2260	2900
2260	2922
2260	2920
2260	3008
2260	2839
2260	3006
2260	3005
2260	3026
2260	3056
2675	2863
2675	2856
2675	2843
2675	2855
2675	2848
2675	2839
2675	2841
2675	3003
2675	3037
2675	2827
2675	3013
2675	2845
2675	3008
2675	2857
2675	3053
2675	2851
2675	2879
2675	3032
2675	2890
2675	2867
2675	2836
2675	2838
2675	2881
2675	2860
2675	2971
2675	2962
2675	2877
2675	2895
2675	2864
2675	2983
2675	2967
2675	3171
2675	2961
2675	3045
2675	3046
2675	2938
2675	3043
2675	3041
2675	2921
2379	2967
2379	3026
2379	2916
2379	3054
2379	2901
2379	2856
2379	3032
2379	3044
2379	2960
2379	3017
2379	2892
2379	2868
2379	2827
2379	2881
2379	2843
2379	2867
2379	2845
2379	2855
2379	2890
2379	3128
2379	2848
2379	2836
2379	2839
2379	2921
2379	2903
2379	2866
2379	3036
2379	3192
2379	3130
2379	3008
2379	3009
2379	2858
2379	2863
2379	2864
2379	2983
2379	2891
1742	3193
1742	3109
1742	2925
1742	3081
1742	2992
1742	3194
1742	2889
1742	2875
1742	3097
1742	3195
1742	3196
1742	3077
1742	2851
1742	2961
1742	2910
1742	3174
1742	2848
1742	3145
1742	2866
1742	2924
1742	3042
1742	2862
1742	2901
1742	2902
1742	3197
1742	3198
1742	2846
1742	3026
1742	3199
1742	3200
1742	3177
1742	2856
1742	2855
1653	2856
1653	2863
1653	2881
1653	2843
1653	2829
1653	2827
1653	2839
1653	2836
1653	2866
1653	2865
1653	3158
1653	3008
1653	2900
1653	3058
1653	2851
1653	2848
1653	2877
1653	2904
1653	3055
1653	3053
1653	2867
1653	2864
1653	2983
1653	2938
1653	3032
1653	2921
1653	2855
1653	3011
1653	3135
1653	2860
1653	2937
1653	2879
1653	3022
1653	2838
1653	2857
1653	2858
1653	3012
1653	2891
2578	2866
2578	3011
2578	2856
2578	2863
2578	2881
2578	2961
2578	2865
2578	2877
2578	2890
2578	2864
2578	3036
2578	2836
2578	2867
2578	2829
2578	3201
2578	3013
2578	2879
2578	2855
2578	2848
2578	2910
2578	3032
2578	2922
2578	2920
2578	2885
2578	2933
2578	2891
2578	3034
2578	2948
2578	2903
2578	3030
2578	3043
2578	2938
2578	2857
2578	2921
2578	2858
2578	2902
2578	2924
2578	3045
2578	2843
2578	2904
2578	2906
2578	2860
2578	3046
2578	2827
2578	3053
2578	2851
2578	2895
2578	3054
2578	3145
2578	3003
98	2867
98	2864
98	2983
98	2863
98	2938
98	2856
98	2866
98	3011
98	2846
98	2936
98	2890
98	3003
98	2843
98	3013
98	3075
98	2855
98	2860
98	3037
98	2953
98	3031
98	3032
98	3149
1449	2891
1449	2864
1449	3032
1449	2865
1449	3202
1449	2960
1449	2953
1449	2894
1449	2925
1449	2957
1449	2839
1449	3203
1449	2829
1449	2827
1449	2896
1449	2984
1449	2855
1449	2848
1449	2856
1449	2866
1449	3029
1449	3204
1449	2993
1449	3159
1449	2951
1449	2868
1449	3205
1449	3206
1449	2903
1449	2877
1449	3207
1449	2961
1449	2843
1449	2982
1449	2863
1449	2876
1449	2892
1449	2923
1449	3061
1449	3164
1449	3026
1449	2967
1449	2963
1449	3104
1449	2934
1449	2867
1449	2971
1449	2924
1449	3017
1449	2879
1449	2881
1449	3181
1449	2959
1449	2838
1449	2972
1449	2851
1449	2860
1449	3208
1449	2857
1449	2955
1449	3209
1449	3177
1449	3210
1449	3211
767	2881
767	2831
767	2866
767	2856
767	3212
767	3037
767	3213
767	3161
767	3034
767	2891
767	3214
767	3005
767	3006
767	3013
767	3049
767	2843
767	2938
767	2885
767	2970
767	3036
767	3215
767	2890
767	2829
767	2985
767	2863
767	2855
767	2922
767	2834
767	2928
767	3044
767	3007
767	3216
767	3217
767	3144
767	3045
767	3046
767	3032
767	3142
767	3008
767	3073
767	3136
767	3022
767	3218
1114	3219
1114	2853
1114	3220
1114	2950
1114	3221
1114	3159
1114	2977
1114	3222
1114	3223
1114	2959
1114	2948
1114	2894
1114	2951
1114	2956
1114	2851
1114	2843
1114	2957
1114	2856
1114	2889
1114	3115
1114	3121
1114	3194
1114	3224
1114	2876
1114	2960
1114	2855
1114	3100
1114	2994
1114	2953
1114	2925
1114	2863
1114	2839
1114	3149
1114	2949
1114	3225
1114	3077
1114	2827
1114	2968
1114	2896
1114	2963
1114	3226
1114	2829
1114	2952
1114	2848
1114	2992
1114	3227
1114	3228
1114	3047
1114	2916
1114	3229
1114	3230
1114	3048
1114	3231
1114	3120
1114	3079
1114	3082
1114	3092
1114	2874
1114	3126
1114	3097
1114	2973
1114	3116
1114	2940
1114	3080
1114	3098
1114	2935
1114	3232
1114	3114
1114	3152
1114	3107
1114	3113
1114	3233
1114	2888
1114	3105
1114	2972
1114	3085
1114	2892
1114	3059
1114	3234
1114	2881
1114	2864
1566	2879
1566	3131
1566	2971
1566	2845
1566	2851
1566	2856
1566	2829
1566	2866
1566	3030
1566	2855
1566	2863
1566	2836
1566	2892
1566	2891
1566	2923
1566	2877
1566	2922
1566	2827
1566	2924
1566	2920
1566	2864
575	2853
575	3197
575	2926
575	3235
575	2993
575	2960
575	3032
575	2958
575	2864
575	2950
575	2866
575	3161
575	3213
575	3036
575	2848
575	3029
575	2868
575	2855
575	2967
575	3131
575	3031
575	3045
575	3046
575	2851
575	2829
575	3236
575	2856
201	3044
201	3036
201	3032
201	2866
201	2863
201	2867
201	2856
201	3003
201	2895
201	2851
201	2855
201	2881
201	2983
201	2864
201	3075
201	2890
201	2839
201	3049
201	2841
201	2904
201	2958
201	2900
201	2857
201	3034
201	2858
201	2843
201	2836
201	2971
201	2936
201	2872
201	2938
201	3046
201	3045
201	3055
201	3008
201	3011
201	3126
2672	3046
2672	3032
2672	2958
2672	2843
2672	2848
2672	2867
2672	3044
2672	2856
2672	2855
2672	2961
2672	3049
2672	2881
2672	2863
2672	2857
2672	3013
2672	2866
2672	3036
2672	2839
2672	2830
2672	3057
2672	3011
2672	2829
2672	3135
2672	2864
2672	2983
2672	3052
2672	3034
2672	2938
2672	2836
2672	3045
2672	3169
2672	2910
2672	3131
516	3032
516	3034
516	3043
516	2866
516	3030
516	2855
516	2856
516	2843
516	2829
516	2961
516	2836
516	2863
516	2876
516	2960
516	2867
516	2851
516	2890
516	2958
516	2827
516	2998
516	2848
516	2895
516	3190
516	3053
516	3011
516	3052
516	2860
516	2864
516	2938
516	2908
516	3062
516	3046
516	3045
516	3001
516	3050
516	2865
516	3040
516	2872
516	3132
516	3013
516	3042
516	3169
1017	3045
1017	2867
1017	2864
1017	2866
1017	2958
1017	3043
1017	2856
1017	3237
1017	2881
1017	2908
1017	2953
1017	2890
1017	2863
1017	2848
1017	2855
1017	3013
1017	2860
1017	2843
1017	3057
1017	3011
1017	2865
1017	3146
1017	2967
1017	2851
1017	3044
1017	3032
1017	3060
1017	3046
1017	3238
1017	2858
1017	3034
1512	3046
1512	2867
1512	2851
1512	2863
1512	2860
1512	2855
1512	2908
1512	2881
1512	2856
1512	2866
1512	3032
1512	2983
1512	2864
1512	3153
1512	2865
1512	3011
1512	3013
1512	2827
1512	2848
1512	2829
1512	2971
1512	2838
1512	2904
1512	2858
1512	2958
1512	2938
1512	3036
1512	3045
1512	3055
1512	3035
1512	3239
1512	2962
1512	2890
1512	2843
2375	3046
2375	3032
2375	3053
2375	2851
2375	2958
2375	2848
2375	3030
2375	2856
2375	2865
2375	2921
2375	2961
2375	3034
2375	3045
2375	3052
2375	2866
2375	2896
2375	2827
2375	2829
2375	3131
2375	3011
2375	3141
2375	2872
2375	3174
2375	2924
2375	3240
2375	3009
2375	2938
2375	3036
2365	3032
2365	2872
2365	2843
2365	2866
2365	2863
2365	2867
2365	2856
2365	3003
2365	2895
2365	2881
2365	2851
2365	2848
2365	2958
2365	2855
2365	2890
2365	3049
2365	2864
2365	2983
2365	2838
2365	2920
2365	2922
2365	2836
2365	2858
2365	2857
2365	3053
2365	2961
2365	3013
2365	2900
2365	2827
2365	3050
2365	2938
2365	2971
2365	3046
2365	3045
2365	2936
2365	3036
2365	2956
2365	3241
2365	3242
2365	3145
1930	2972
1930	3206
1930	2851
1930	2877
1930	2895
1930	2855
1930	3032
1930	3001
1930	2863
1930	2998
1930	2860
1930	3044
1930	2843
1930	2856
1930	2879
1930	2885
1930	3006
1930	2902
1930	2901
1930	3005
1930	2891
1930	2876
1930	2960
1930	3051
1930	2865
1930	2961
1930	2866
1930	2864
1930	2921
1930	2845
1930	3145
1930	3012
1930	2900
1930	3211
1930	3210
1930	2983
1930	3226
1930	2829
1930	2839
1930	2959
1930	2892
1930	3161
1930	3059
1930	2957
1930	2881
1930	3003
1930	2868
1930	3213
1930	2924
1930	3179
1930	2934
1930	3061
1930	3243
1930	3037
1930	3177
672	3244
672	2843
672	2855
672	2856
672	2961
672	2827
672	2863
672	2865
672	3245
672	3021
672	2869
672	2851
672	2938
672	3246
672	2846
672	3066
672	2848
672	2900
672	2864
672	2857
672	2879
672	2910
672	3042
672	3032
672	2839
672	2871
672	2903
672	2866
672	2838
672	2971
672	2860
672	3008
672	3034
672	2891
672	2960
672	2885
672	3011
672	2967
672	3247
672	3248
993	2851
993	2843
993	2923
993	2961
993	2856
993	2866
993	2918
993	2903
993	2906
993	2904
993	3177
993	2963
993	2829
993	2848
993	2877
993	2952
993	2957
993	2925
993	3115
993	2934
993	3026
993	3080
993	3249
993	2924
993	2895
993	3145
993	3017
993	2972
993	2876
993	3043
993	3008
993	3059
993	2827
993	2896
993	3032
993	2864
993	2921
993	2998
993	2868
993	3003
993	3224
993	3108
993	3027
993	3250
993	2881
993	2855
993	2932
993	3006
993	2879
993	3036
993	3005
993	3055
993	2897
993	2967
993	3198
993	3040
993	2986
993	2987
993	3164
993	3061
993	3105
993	3251
2055	2863
2055	2827
2055	2856
2055	2851
2055	3021
2055	3022
2055	2879
2055	2938
2055	3013
2055	2843
2055	2845
2055	2961
2055	2921
2055	2848
2055	2866
2055	3212
2055	3153
2055	3003
2055	2958
2055	2903
2055	2865
2055	2877
2055	2855
2055	3140
2055	3145
2055	2967
2055	2872
2055	3032
2055	2924
2055	2867
2055	2890
2055	3075
2055	3252
2055	2929
2055	2880
2055	3009
1568	2856
1568	2863
1568	2881
1568	2839
1568	2867
1568	2843
1568	3013
1568	2855
1568	2961
1568	2864
1568	2848
1568	2998
1568	2866
1568	2865
1568	3032
1568	2857
1568	2890
1568	2900
1568	3001
1568	3145
1568	2838
1568	3126
1568	3241
1568	2895
1568	2851
1568	2983
1568	3008
1568	2938
1568	3009
1568	3036
1568	3068
1568	3014
1568	3025
1568	2885
10	2885
10	2866
10	2865
10	2848
10	3032
10	2961
10	2855
10	3241
10	2860
10	2910
10	2851
10	2856
10	2890
10	3214
10	2836
10	2829
10	2953
10	2843
10	2858
10	2839
10	2827
10	2903
10	3145
10	2908
10	3035
10	3011
962	2860
962	3032
962	2961
962	2843
962	2971
962	2866
962	2872
962	2867
962	2909
962	2890
962	2879
962	2865
962	3061
962	2863
962	2938
962	2855
962	2891
962	3013
962	2827
962	2836
962	2856
962	2881
962	2848
962	2839
962	2851
962	3036
1131	2856
1131	2839
1131	2866
1131	3032
1131	2958
1131	2961
1131	3037
1131	2863
1131	2829
1131	2865
1131	2872
1131	2855
1131	2881
1131	2903
1131	2836
1131	2890
1131	2841
1131	2851
1131	2902
1131	2901
1131	2879
1131	2860
1131	3008
1131	2845
1131	2900
1131	2938
1131	3153
1131	2877
1131	3075
1131	2998
1131	3253
1131	2924
1131	2920
1131	3001
1131	2922
1131	2864
1131	2983
1131	2867
1131	3030
1131	2827
354	3046
354	2867
354	2881
354	2860
354	2866
354	3034
354	2879
354	2851
354	2908
354	2845
354	2958
354	2856
354	3017
354	2923
354	2930
354	3012
354	2839
354	2855
354	2829
354	2999
354	2876
354	3149
354	2863
354	2904
354	3254
354	2857
354	2872
354	2971
354	2983
354	2998
354	2893
354	3045
354	3032
354	2877
354	3175
354	3011
354	2928
354	3001
354	3038
354	2924
354	2848
354	2906
354	3013
1840	2856
1840	2866
1840	2864
1840	2906
1840	2867
1840	2881
1840	2879
1840	2855
1840	3053
1840	2843
1840	2863
1840	3013
1840	2890
1840	3003
1840	2895
1840	2857
1840	3008
1840	3255
1840	3037
1840	2839
1840	2860
1840	3043
552	3036
552	3043
552	2855
552	2856
552	2839
552	2866
552	2998
552	2867
552	2851
552	2860
552	2858
552	2843
552	2863
552	2953
552	3013
552	3051
552	2881
552	2983
552	2864
552	2901
552	3075
552	2910
552	2922
552	2958
552	2920
552	3132
552	3032
552	3044
552	2925
552	3001
552	2902
552	3017
552	3066
552	2938
552	2891
552	3030
552	2895
552	2890
552	2829
552	2848
552	2830
552	2857
552	2904
552	2961
552	3135
552	2845
552	2836
552	3011
552	2906
552	3008
552	3162
552	2897
552	2967
552	3031
552	3034
552	2877
552	3053
552	2846
552	3139
552	3062
552	2924
552	2933
206	2903
206	2839
206	2881
206	2867
206	2863
206	2855
206	2866
206	3043
206	2827
206	2856
206	2843
206	3013
206	2857
206	2877
206	2921
206	2958
206	2904
206	2845
206	2879
206	3021
206	3022
206	2860
206	2838
206	3075
206	3055
206	2851
206	2983
206	2938
206	3053
206	2848
206	2908
206	3008
206	3072
2731	2948
2731	2862
2731	2896
2731	2851
2731	2848
2731	2923
2731	2829
2731	2865
2731	3141
2731	2927
2731	2856
2731	2928
2731	3032
2731	2971
2731	2958
2731	3149
2731	2866
2731	3145
2731	2891
2731	2938
2731	2903
2731	3008
2731	2908
2731	2967
2731	3034
2731	3143
2731	2881
2731	2855
2731	2839
2731	2827
2731	2953
2731	2846
2731	2954
2731	2864
2731	3173
2731	2882
664	2881
664	2960
664	2843
664	2983
664	2863
664	3051
664	2893
664	2924
664	2877
664	2856
664	2961
664	2830
664	2855
664	2922
664	2920
664	2851
664	3164
664	3040
664	2891
664	2876
664	2903
664	2866
664	2972
664	3166
664	3210
664	3211
664	2918
664	2948
664	2970
664	2888
664	2916
664	3256
664	3177
664	3005
664	3006
664	2896
664	2827
664	3257
664	3026
664	3121
664	3185
664	2967
664	2925
664	2934
664	2926
664	3258
664	2879
664	2868
664	2864
664	3132
664	3013
664	3259
609	2867
609	2864
609	2983
609	3011
609	2856
609	2938
609	2877
609	3043
609	2855
609	3053
609	2863
609	2851
609	2907
609	2866
609	2860
609	3032
609	2885
609	2858
609	2843
609	3160
609	3260
609	2961
609	3132
609	3008
609	2926
609	2900
609	2836
609	2845
609	2967
609	3026
609	3040
609	2893
609	3034
609	3036
609	2862
609	2839
609	2829
609	2827
609	3013
609	2881
609	3003
609	2908
609	2921
609	2857
609	3021
609	3075
609	2879
609	3007
609	2872
609	2987
609	2986
609	2890
609	2854
609	2920
609	2922
609	3045
609	2848
2704	2938
2704	2971
2704	2860
2704	2903
2704	2867
2704	2866
2704	2855
2704	2851
2704	2843
2704	2890
2704	3130
2704	3043
2704	2863
2704	2864
2704	2857
2704	2856
2704	2858
2704	2921
2704	2868
2704	2839
2704	2983
2704	2881
2704	2961
2704	2836
2704	3190
2704	3128
2704	2827
2704	3017
2704	2876
2704	3068
2704	2848
2704	2845
2704	2908
2704	3036
2704	3032
2704	3044
2704	3261
2704	2967
2704	3022
2704	2834
2704	2882
2704	2865
1271	2881
1271	2856
1271	2843
1271	3003
1271	3153
1271	2903
1271	2891
1271	2865
1271	2938
1271	2829
1271	2956
1271	2900
1271	2845
1271	3008
1271	2863
1271	2890
1271	2867
1271	2983
1271	2864
1271	2958
1271	2882
1271	3032
1271	2851
1271	3021
1271	2937
1271	3022
1271	2855
1271	2860
1271	2848
1271	3036
1271	2857
1271	2827
1271	3262
1271	2866
1271	2921
1271	2872
1271	3241
1271	3035
1271	2933
1271	3037
1271	3026
1271	3263
1271	2925
1271	3027
1271	2967
1271	3051
1271	3049
1271	2895
1271	3062
1271	2879
478	3264
478	2879
478	2955
478	3220
478	3077
478	2889
478	3078
478	3265
478	2924
478	2925
478	3266
478	2856
478	2888
478	2941
478	3258
478	2848
478	2960
478	2957
478	2972
478	2851
478	3221
478	3223
478	3267
478	3268
478	2855
478	2950
478	3269
478	2973
478	2841
478	2881
478	2989
478	3005
478	3006
478	3012
478	2926
478	2919
478	3202
478	2894
478	3270
478	3116
478	3092
478	2863
478	2968
478	2902
478	2901
478	3152
478	3271
478	3080
478	3194
478	3100
478	2876
478	3272
478	3121
478	3079
478	3081
478	3109
478	2942
478	3273
478	2970
478	2874
478	2843
478	2836
478	2877
478	2998
478	2993
478	3274
478	2990
478	2991
478	2857
478	2895
478	3275
478	3276
478	2868
478	2875
478	2866
478	2963
478	3233
478	3277
478	3278
478	3279
478	3280
478	3043
478	2923
478	2952
478	3129
478	3281
478	3025
478	3059
478	2893
478	3067
478	3166
478	2959
478	3282
478	3283
478	3284
478	2861
478	2885
478	3285
478	2940
478	3286
478	2853
478	2953
478	2862
478	2839
478	2904
478	2906
478	3287
478	2834
478	3288
478	3169
478	2988
478	2956
478	2897
478	2827
478	3289
478	3290
478	3291
478	3048
478	3215
478	2992
478	3066
478	3292
478	3187
478	2833
2557	2982
2557	2879
2557	2864
2557	2866
2557	2924
2557	2848
2557	2856
2557	2851
2557	3036
2557	2891
2557	3174
2557	2958
2557	3032
2557	3141
2557	2857
2557	3012
2557	2843
2557	3262
2557	2876
2557	2829
2557	2896
2557	2971
2557	3293
2557	2827
1966	3059
1966	2972
1966	2885
1966	2876
1966	2993
1966	3012
1966	3056
1966	3040
1966	2829
1966	2865
1966	2866
1966	3032
1966	3011
1966	2848
1966	2856
1966	2872
1966	2851
1966	3158
1966	2961
1966	2971
1966	3190
1966	2948
1966	2953
1966	2925
1966	2923
1966	2855
1966	2827
1966	2891
1966	2960
1966	3053
1966	3294
1966	2864
1966	2868
748	3030
748	2863
748	2855
748	2900
748	2864
748	3145
748	2994
748	2924
748	2866
748	2845
748	2857
748	3008
748	3043
748	2843
748	2938
748	3064
748	3022
748	2972
748	2856
748	2877
748	3023
748	2865
748	2868
748	2836
748	2963
748	2872
748	2876
748	2879
748	3166
748	2860
748	3209
748	3032
748	3153
748	3036
748	2851
748	2983
748	2961
748	2967
748	3059
748	2848
748	2895
748	2838
748	2960
748	2892
8	2934
8	3187
8	2967
8	2926
8	2875
8	2885
8	3009
8	3044
8	3132
8	2856
8	2882
8	3295
8	2880
8	2872
8	2963
8	2900
8	2948
8	2834
8	3073
8	3296
8	3297
1321	2892
1321	2851
1321	2856
1321	2827
1321	2864
1321	2879
1321	2829
237	2881
237	2900
237	2856
237	2866
237	3032
237	3141
237	2961
237	2921
237	2843
237	3153
237	2877
237	3053
237	2841
237	2867
237	3003
237	2863
237	2855
237	2907
237	2879
237	2938
237	2890
237	2836
237	2851
237	2865
237	3158
237	3145
237	3030
237	2864
237	2845
237	2860
237	3036
237	2891
237	3179
237	3026
237	2829
237	2827
237	2932
237	2967
237	3037
237	2848
237	2920
237	2922
237	3045
237	3046
237	3075
237	3034
237	2971
237	2858
567	2867
567	2855
567	3032
567	2864
567	2983
567	2866
567	2863
567	3053
567	3145
567	2961
567	2843
567	3046
567	2856
567	2851
567	2858
567	2879
567	2877
567	2836
567	2865
567	2938
567	2885
567	2922
567	2981
567	2860
567	2848
567	3036
567	3174
567	3034
567	3201
567	2967
567	2845
567	2932
567	3040
567	2998
567	2872
567	3131
567	3044
567	3298
567	3132
567	2900
567	2827
567	2924
567	3037
567	2896
1108	2881
1108	2827
1108	2839
1108	2829
1108	2843
1108	2836
1108	2866
1108	3058
1108	3158
1108	2851
1108	2856
1108	2845
1108	3008
1108	2900
1108	2848
1108	2867
1108	2864
1108	2983
1108	3009
1108	2863
1108	2921
1108	2958
1108	2961
1108	2876
1108	3062
1375	2881
1375	2829
1375	2827
1375	2839
1375	2843
1375	2836
1375	2866
1375	2900
1375	2856
1375	3008
1375	3058
1375	3158
1375	2851
1375	2855
1375	2867
1375	2877
1375	2863
1375	3135
1375	2961
1375	3043
1375	3032
1375	2857
1375	3040
1375	2924
1375	2983
1375	2864
1375	3011
1375	2860
1375	2938
3642	2855
3642	2863
3642	2848
3642	2851
3642	3031
3642	2903
3642	2896
3642	3174
3642	3132
3642	2858
3642	2967
3642	3149
3642	2829
3642	2865
3642	2927
3642	2827
3642	2857
3642	2875
3642	3077
3642	2963
3642	3032
3642	2953
3642	3233
3642	2885
3642	3299
3642	2971
3642	2961
3642	2860
3642	2839
3642	2841
3642	2866
3642	2924
3642	3017
3642	3042
3642	2929
3642	2856
3642	2843
3642	2877
3642	3051
3642	2895
3642	2998
3642	2986
3642	2987
3642	3058
3642	2891
3642	3044
3642	3300
3642	3301
3642	2878
3642	2900
3642	2930
3642	2864
3642	3302
3642	2928
3642	2836
3642	3007
3642	2846
3642	2902
3642	3005
3642	3043
3642	2901
3642	3006
3642	2908
3642	2910
3642	3104
131	3013
131	3037
131	2856
131	2877
131	2857
131	2863
131	2855
131	2829
131	2867
131	2851
131	2848
131	2890
131	2839
131	2860
131	2858
131	2866
131	2881
131	2983
131	2864
131	2961
131	2891
131	2843
131	3032
131	3050
131	2865
131	3008
131	2998
131	3040
131	3045
131	3046
100	2866
100	2903
100	3303
100	2933
100	3304
100	2967
100	2925
100	3032
100	2865
100	2948
100	2848
100	2964
100	2856
100	2924
100	3026
100	3031
100	2864
100	2963
100	3055
100	3042
100	2897
100	2829
100	3305
100	2827
100	2885
100	3174
100	3306
100	2992
100	2960
100	3262
100	3307
2340	3011
2340	2866
2340	2856
2340	2863
2340	2923
2340	2865
2340	2829
2340	2848
2340	2896
2340	3009
2340	3174
2340	2893
2340	3252
2340	2920
2340	3032
2340	2855
2340	2877
2340	2961
2340	2836
2340	2867
2340	2890
2340	2843
2340	2904
2340	3053
2340	2864
2340	2983
2340	3045
2340	3043
2340	2858
2340	2851
2340	2958
2340	2910
2340	3046
2340	3036
2340	2876
2340	2906
2340	2857
2340	2872
2340	2924
2340	3288
2340	3158
2340	2971
2340	3262
2591	3031
2591	3035
2591	2885
2591	2845
2591	2829
2591	3008
2591	3179
2591	2866
2591	2856
2591	3034
2591	2891
2591	2967
2591	2921
2591	2851
2591	3030
2591	2865
2591	2963
2591	2925
2591	3037
2591	3017
2591	3011
2591	3046
2591	2877
2591	2961
2591	2843
2591	3036
2591	3308
2591	3131
335	2889
335	3100
335	3077
335	2875
335	2915
335	3121
335	2940
335	2866
335	2957
335	2959
335	2961
335	2839
335	2952
335	2977
335	2868
335	3309
335	3172
335	2856
335	3310
335	2896
335	2950
335	2951
335	3159
335	2960
335	2903
335	2862
335	2855
335	3311
335	2864
335	2848
335	2885
335	2863
335	2879
335	2967
335	2829
335	3008
335	2968
335	2954
335	2949
335	2838
335	2993
335	2963
335	3207
335	3243
335	2924
335	3051
335	3306
335	3012
335	2827
335	2851
335	2843
335	3312
335	2860
335	3032
335	3185
335	3027
335	2934
4	2982
4	2952
4	2960
4	2839
4	2959
4	2951
4	2866
4	2868
4	3067
4	3314
4	3141
4	2993
2439	3175
2439	2863
2439	3166
2439	2982
2439	3315
2439	2864
2439	3064
2439	3270
2439	2856
2439	2855
2439	2845
2439	2938
2439	2851
2439	2848
1725	2881
1725	2957
1725	2876
1725	3051
1725	2864
1725	2863
1725	2921
1725	2879
1725	2924
1725	2993
1725	3017
1725	2855
1725	3012
1725	2851
1725	2848
1725	2857
1725	3260
1725	3160
1725	3263
1725	2925
1725	3027
1725	2882
1725	2891
1725	2998
1725	3032
1725	2839
1725	3023
1725	2967
1725	2897
1725	3034
1725	2885
2772	2961
2772	2843
2772	2839
2772	2863
2772	2856
2772	2903
2772	3241
2772	2867
2772	2857
2772	2904
2772	2906
2772	2938
2772	2958
2772	2829
2772	3032
2772	2866
2772	2890
2772	2881
2772	2877
2772	2851
2772	2864
2772	2983
2772	2924
2772	3011
2772	2921
2772	2848
2772	3046
2772	3064
2772	3045
2772	2860
2772	2880
2772	2960
2772	3131
2772	2892
2772	2876
2772	2989
2772	2908
2772	2854
2772	3149
2772	3012
2772	2900
2772	2885
2772	2967
2772	2838
2772	2827
2772	3144
2772	2907
2772	2855
2772	2841
148	3316
148	3317
148	3314
148	3173
148	3318
148	2994
148	2846
148	2896
148	3149
148	2839
148	3011
148	2866
148	2856
148	2829
148	2961
148	2848
148	2948
148	2963
148	2903
148	2865
148	2827
148	2967
148	3174
148	3319
148	2934
148	2889
148	3054
148	2918
148	3046
148	2924
148	2925
148	3008
148	2872
148	3045
148	2881
148	2836
148	2867
148	2890
148	2843
148	2920
148	2907
148	2863
148	2855
148	2900
148	2864
148	2983
148	2879
148	3032
148	2922
148	2971
148	2860
148	3158
148	2851
148	2960
148	2882
148	3043
148	3036
148	3037
148	2885
148	3031
148	3191
148	3020
148	2891
148	3255
2663	2867
2663	2895
2663	2876
2663	2960
2663	2854
2663	2994
2663	3053
2663	2871
2663	2856
2663	2843
2663	3043
2663	2903
2663	2865
2663	3320
2663	2997
2663	2827
2663	2851
2663	2938
2663	2885
2663	3009
2663	2890
2663	2891
2663	2904
2663	3055
2663	3153
2663	2863
2663	2860
2663	3007
2663	2900
2663	2866
2663	3032
2663	3017
2663	2857
2663	3052
2663	3113
2663	2971
2663	3045
2663	3046
2663	2879
2663	2864
2663	3173
2663	2846
2663	2881
2663	3149
2663	2959
2663	2906
2663	2922
2663	3321
2663	3041
2663	2920
2663	2836
2663	2907
2663	2838
917	2881
917	2848
917	2866
917	2890
917	3043
917	2855
917	2836
917	2829
917	2865
917	2903
917	2827
917	2867
917	2856
917	2938
917	3007
917	3003
917	2857
917	2845
917	3008
917	3040
917	3032
917	3045
917	2863
917	2843
917	3075
917	2851
917	2860
917	2864
917	2961
917	2924
917	3046
917	2910
917	2900
917	2983
917	3011
2252	3032
2252	2866
2252	2881
2252	2855
2252	2896
2252	2843
2252	2867
2252	2863
2252	3043
2252	2860
2252	2851
2252	2856
2252	2857
2252	2877
2252	2845
2252	2864
2252	3003
2252	3011
2252	2865
2252	2961
2252	2958
2252	2922
2252	2920
2252	2848
2252	2971
2252	3131
2252	2924
2252	2891
2252	3053
2252	2836
2252	3008
2252	2998
2252	3050
2252	3064
2252	2910
2252	2827
2252	2830
2252	3153
2252	2933
2252	2983
2252	3158
1104	2856
1104	3158
1104	2866
1104	3011
1104	2895
1104	2843
1104	2885
1104	2863
1104	3045
1104	3046
1104	2907
1104	3030
1104	2836
1104	2961
1104	3036
1104	2903
1104	2901
1104	2855
1104	2827
1104	2854
1104	2851
1104	2902
1104	2880
1104	2967
1104	2900
1104	2857
1104	3008
1104	2867
1104	3064
1104	2864
1104	3032
1104	2908
1104	2872
1104	2938
1104	2881
1104	3190
1104	3026
1104	2933
1104	3171
1104	3322
1104	2934
1104	2983
808	3011
808	2866
808	2856
808	3045
808	3046
808	2863
808	3131
808	3153
808	2922
808	2920
808	2854
808	2843
808	2867
808	2938
808	3132
808	3216
808	2855
808	2877
808	2864
808	2857
808	2924
808	3032
808	2858
808	2900
808	2860
808	2836
808	2848
808	3189
808	3022
808	3158
808	2961
808	3043
808	3030
808	3217
808	3012
2468	2862
2468	2855
2468	2994
2468	2836
2468	2904
2468	2906
2468	2901
2468	2902
2468	2843
2468	3005
2468	3006
2468	2863
2468	2865
2468	3066
2468	2845
2468	2848
2468	2866
2468	2851
2468	2872
2468	2971
2468	2877
2468	2983
2468	2864
2468	3323
2468	3324
2468	3074
2468	3173
2468	2924
2468	2962
2468	3052
2468	3003
2468	2938
2468	2921
2468	2839
2468	2860
2468	3013
2468	2879
2468	2856
2468	3055
2468	3325
2468	2934
2468	2890
711	2856
711	2881
711	2864
711	2851
711	3003
711	2863
711	2938
711	2921
711	2836
711	2839
711	2860
711	3013
711	2877
711	2866
711	2855
711	2843
711	2983
711	3323
711	3324
711	3074
711	3173
711	3052
711	2924
711	2845
711	2962
290	2856
290	2877
290	2866
290	2867
290	3030
290	2961
290	2827
290	2865
290	2836
290	2855
290	2890
290	2864
290	2839
290	2841
290	2938
290	3022
290	3032
290	2921
290	2924
290	2879
290	2920
290	2922
290	2971
290	3128
290	3130
290	2851
290	2858
290	2857
290	3148
290	2843
290	2848
290	2962
290	2863
290	2891
290	3141
290	2845
290	2885
290	2908
682	2866
682	2900
682	2848
682	2856
682	2881
682	2890
682	3022
682	3036
682	2865
682	2896
682	2953
682	2829
682	2925
682	2891
682	2904
682	2906
682	2867
682	2857
682	2845
682	3008
682	2843
682	3153
682	2855
682	2863
682	2877
682	2958
682	3319
682	2864
682	2983
682	2921
682	3046
682	2908
682	3236
682	2910
682	2961
682	2923
682	3045
682	2907
682	2948
682	2839
682	2903
682	2934
682	3014
682	2932
682	2882
682	3145
682	3035
682	2868
682	2924
682	3326
625	3303
625	3327
625	2827
625	2951
625	2959
625	3149
625	2984
625	2829
625	2949
625	2839
625	2896
625	2996
625	2954
625	2890
625	2960
625	2864
625	2868
625	2856
625	2994
625	2981
625	2866
625	3190
625	3288
625	2855
625	2848
625	3262
625	3292
625	2830
625	2846
625	2879
625	3223
625	3141
625	3042
625	2938
625	2841
625	2845
625	2843
625	3052
625	2867
625	3328
625	3012
625	3166
625	3003
625	2857
625	2892
625	2858
625	2863
625	3329
625	2834
625	3330
625	3014
625	2853
625	3007
625	3017
625	3314
625	2862
625	2948
625	3317
1559	3031
1559	3037
1559	2953
1559	3045
1559	3046
1559	2925
1559	2891
1559	2848
1559	2863
1559	2843
1559	2877
1559	2855
1559	2938
1559	2865
1559	2829
1559	3158
1559	2866
1559	3321
1559	2932
1559	3036
1559	2885
1559	2881
1559	2856
1559	2903
1559	2960
1559	2838
1559	3053
1559	2954
1559	2839
1559	3204
1559	2836
1559	2910
1559	2851
1559	2876
1559	2904
1559	2906
1559	3032
1559	2872
1559	3034
1559	3011
1559	3145
1559	2961
1559	3030
1559	2900
1559	3178
1559	3040
1559	3042
1559	3017
1559	2895
1559	2967
1559	2986
1559	2987
1264	2868
1264	3017
1264	2959
1264	2903
1264	2856
1264	2863
1264	2961
1264	2866
1264	2855
1264	2876
1264	2895
1264	2891
1264	3023
1264	2954
1264	2851
1264	2879
1264	3031
1264	3035
1264	2857
1264	2953
1264	2967
1264	2829
45	3040
45	2856
45	2863
45	2872
45	2829
45	2877
45	2843
45	2867
45	2839
45	2890
45	2836
45	2897
45	3013
45	2857
45	2881
45	2846
45	2855
45	2971
45	3148
45	2858
45	2924
45	2851
45	3045
45	3046
45	3007
45	2967
45	3009
45	2860
45	2864
45	3043
45	2848
45	2866
374	2856
374	2881
374	2829
374	2863
374	2843
374	2953
374	2925
374	3163
374	2839
374	2890
374	2836
374	2865
374	2855
374	2851
374	2904
374	2906
374	3013
374	3008
374	2867
374	3045
374	3046
374	2885
374	2937
374	2848
374	2923
374	3043
374	2864
374	2938
374	2967
374	3009
374	2866
374	3030
374	2910
374	2857
374	2860
374	3032
374	3144
374	2896
374	2961
374	3216
374	3026
374	3034
374	3282
374	2891
374	2908
374	2858
374	3012
374	3031
374	3011
374	3040
374	2872
374	2929
374	2827
374	2853
374	3212
374	3135
374	3075
374	2983
374	2862
374	3036
374	3052
374	3022
374	3053
374	2877
374	2900
374	3003
374	3018
374	3331
374	3055
374	3325
374	2882
374	3187
374	2924
374	2994
374	3017
374	3332
1172	2855
1172	2877
1172	2867
1172	2846
1172	2856
1172	3333
1172	3153
1172	3032
1172	3166
1172	3226
1172	2843
1172	2961
1172	3007
1172	3014
1172	3334
1172	3064
1172	2866
1172	3190
1172	3335
1172	2876
1172	3252
1172	2920
1172	3336
1172	2857
1172	2851
1172	2972
1172	2910
1172	2879
1172	2993
1172	2936
1172	2938
1172	2830
1172	2922
1172	2952
1172	2933
1172	3158
1172	3337
1172	3235
1172	2872
1172	3328
1172	2827
1172	3045
1172	3046
1172	2907
1172	2908
1172	2948
1172	3303
1172	3317
1172	2891
1172	2841
1172	3003
1172	3141
1172	2901
1172	3006
1172	2989
1172	3207
1172	3338
1172	2995
1172	2950
1172	3315
1172	3175
1172	3059
1172	3209
1172	2892
1172	2896
1172	2868
1172	2957
1172	2863
1172	2977
1172	2839
1172	2864
1172	2996
1172	3202
1172	3314
1172	3339
1819	3014
1819	2843
1819	2877
1819	2961
1819	2863
1819	2856
1819	2910
1819	2855
1819	2851
1819	2895
1819	3003
1819	2938
1819	2866
1819	2857
1819	2845
1819	2865
1819	2867
1819	2860
1819	3032
1819	2924
1819	2864
1819	2890
1819	3043
1819	2858
1819	2848
1819	3046
1819	3045
1819	2963
1819	3030
1819	2872
1819	2829
1819	3040
1819	3148
680	3014
680	2845
680	2856
680	3036
680	2843
680	2890
680	2867
680	2877
680	2961
680	2938
680	2855
680	2857
680	3032
680	2967
680	2998
680	2881
680	2990
680	2991
680	2876
680	2863
680	2983
680	2860
680	2834
680	3340
680	2882
680	3022
680	2933
680	2866
680	2885
2181	3014
2181	2845
2181	2856
2181	3036
2181	2890
2181	2843
2181	2867
2181	2877
2181	2961
2181	2938
2181	2855
2181	2857
2181	3032
2181	2967
2181	2998
2181	2881
2181	2901
2181	2902
2181	2907
2181	2851
2181	3026
2181	3341
2181	2863
2181	2983
2181	2860
2181	2834
2181	3066
2181	2885
2181	3052
1889	2881
1889	2855
1889	2864
1889	2863
1889	3003
1889	2851
1889	2836
1889	2890
1889	2927
1889	2839
1889	2845
1889	3008
1889	2904
1889	3055
1889	2856
1889	2843
1889	2938
1889	2958
1889	3046
1889	3045
1889	2867
1889	2877
1889	2906
1889	2961
1889	2848
1889	3032
1889	3075
1889	2882
1889	3027
1889	2885
1889	3158
1889	3020
1889	3051
1889	2983
1889	2857
1889	3022
1889	2866
1889	2910
1889	2860
1889	2903
1889	2872
1889	3038
1889	2895
1889	2928
1889	3005
1889	2929
1889	3145
1889	2924
1889	3006
1770	2839
1770	2856
1770	2961
1770	2827
1770	2843
1770	2851
1770	2903
1770	2863
1770	2877
1770	2865
1770	2896
1770	2848
1770	2836
1770	2904
1770	3055
1770	2890
1770	2866
1770	2829
1770	2855
1770	3009
1770	3242
1770	2860
1770	2900
1770	2857
1770	2841
1770	3003
1770	2895
1770	2867
1770	2983
1770	2864
1770	2938
1770	2958
1770	2920
1770	3053
1770	2934
1770	2845
1770	3008
1770	2908
1770	2960
1770	3032
1770	3045
1770	3046
1905	3254
1905	2881
1905	2839
1905	2994
1905	2836
1905	2829
1905	3052
1905	2953
1905	2925
1905	2885
1905	2890
1905	3027
1905	2882
1905	3051
1905	2867
1905	2866
1905	2843
1905	2855
1905	2848
1905	2856
1905	3007
1905	2864
1905	2895
1905	2961
1905	2863
1905	2860
1905	3068
1905	3296
1905	3014
2635	3040
2635	2856
2635	2961
2635	2846
2635	3173
2635	2890
2635	2962
2635	2881
2635	2855
2635	2904
2635	2953
2635	2925
2635	2829
2635	2839
2635	2843
2635	2906
2635	3013
2635	2857
2635	2998
2635	3214
2635	2867
2635	3075
2635	3032
2635	2860
2635	2900
2635	2921
2635	2863
2635	2866
2635	3031
2635	2885
2635	3051
2635	2938
2635	3034
2635	2967
2635	2858
3643	2829
1127	2829
317	2856
317	2863
317	2877
317	2836
317	2890
317	2855
317	2860
317	2851
317	2920
317	2922
317	2910
317	2864
317	3003
317	2971
317	2967
317	3061
317	2961
317	2924
317	2843
317	2865
317	3030
317	2983
317	2938
317	2858
317	3032
317	3026
317	3043
317	2904
317	2906
317	2866
317	3144
317	2848
317	3005
317	3006
317	3342
317	3022
317	2962
2450	2856
2450	2863
2450	2851
2450	3003
2450	2994
2450	2839
2450	3032
2450	2843
2450	2961
2450	2877
2450	2836
2450	2827
2450	2904
2450	2906
2450	2907
2450	2920
2450	3022
2450	3013
2450	2860
2450	3319
2450	2921
2450	2867
2450	2864
2450	2983
2450	2855
2450	2858
2450	2845
2450	2848
2450	2910
2450	3043
126	3036
126	2856
126	2865
126	3011
126	3003
126	2863
126	2851
126	2836
126	2890
126	2843
126	2845
126	2922
126	2938
126	2866
126	3032
126	2855
126	2877
126	2961
126	2981
126	2827
126	2829
126	2901
126	2907
126	2904
126	2906
126	3013
126	2857
126	2920
126	2864
126	2867
126	2885
126	2858
126	2891
126	2998
126	2900
126	2895
126	3043
126	3342
1313	2856
1313	3003
1313	2863
1313	2851
1313	2920
1313	2922
1313	2836
1313	2829
1313	2907
1313	2901
1313	2902
1313	2877
1313	3046
1313	3045
1313	2885
1313	2962
1313	3262
1313	2866
1313	2961
1313	2839
1313	3013
1313	2860
1313	3022
1313	2864
1313	2843
1313	3030
1313	3043
1313	2983
1313	2855
1313	2938
1313	2921
1313	3040
1313	2891
1313	3034
1313	3032
1313	2904
1313	2906
1313	2910
1313	2858
1313	2857
449	2856
449	2866
449	3011
449	2877
449	2863
449	2851
449	2881
449	3046
449	3045
449	2961
449	2864
449	2855
449	2910
449	3032
449	3003
449	2890
449	2836
449	2839
449	3156
449	2843
449	3319
449	3013
449	2901
449	2902
449	2960
449	2921
449	2867
449	2983
449	2938
449	3343
449	2967
3644	2856
3644	2863
3644	2895
3644	2881
3644	2900
3644	2938
3644	2829
3644	2867
3644	2836
3644	2994
3644	2903
3644	2827
3644	2961
3644	2921
3644	2866
3644	2865
3644	3008
3644	2891
3644	2855
3644	2851
3644	2843
3644	2890
3644	2877
3644	2848
3644	2958
3644	2923
3644	2841
3644	2908
3644	2858
3644	2983
3644	2924
3644	3052
3644	2857
3644	3046
3644	3032
3644	3156
3644	3011
1185	2881
1185	2855
1185	2839
1185	2843
1185	2856
1185	2865
1185	2986
1185	2987
1185	3003
1185	3008
1185	2857
1185	2829
1185	2851
1185	2890
1185	2867
1185	2877
1185	2863
1185	3075
1185	2983
1185	2864
1185	2938
1185	2961
1185	2866
1185	2848
1185	3032
1185	3045
1185	2882
1185	2926
1185	3035
1185	3046
2259	2891
1914	2856
1914	2845
1914	2877
1914	2855
1914	2836
1914	3030
1914	2865
1914	2851
1914	2863
1914	2895
1914	2900
1914	2829
1914	2981
1914	2866
1914	2885
1914	2961
1914	3036
1914	2920
1914	2922
1914	2924
1914	2848
1914	2962
1914	3032
1914	2843
1914	2901
1914	2902
1914	2890
1914	2963
1914	2864
1914	2983
1914	3043
1914	2910
1914	2921
1914	2858
1914	2857
1410	2856
1410	2845
1410	2877
1410	2855
1410	2836
1410	3030
1410	2865
1410	2851
1410	2863
1410	2895
1410	2900
1410	2829
1410	2981
1410	2866
1410	2885
1410	2961
1410	3036
1410	2920
1410	2922
1410	2848
1410	2962
1410	3032
1410	2843
1410	2901
1410	2902
1410	2924
1410	2890
1410	2963
1410	2864
1410	2983
1410	3043
1410	2910
1410	2921
1410	2858
1410	2857
800	2876
800	3344
800	2866
800	2953
800	2855
800	2863
800	2959
800	2960
800	3045
800	3046
800	2994
800	2839
800	3064
800	2856
800	2851
800	3032
800	2845
800	2907
800	3021
800	2879
800	2877
800	3037
800	2857
800	2922
800	2920
800	2836
800	3003
800	3023
800	2860
800	3174
800	2827
800	3145
800	3158
800	2924
800	2865
800	3011
800	2868
800	2843
800	2829
800	2838
800	2961
800	2900
800	3345
800	3242
800	3054
800	2957
800	3034
800	3042
800	2864
800	2869
800	3063
800	3248
800	3247
800	3346
1300	3234
1300	3153
1300	3190
1300	3174
1300	2922
1300	2920
1300	3064
1300	3347
1300	2960
1300	2855
1300	2961
1300	3158
1300	3348
1300	2848
1300	2853
1300	2992
1300	2941
1300	2885
1300	2892
1300	3246
1300	2876
1300	2851
1300	2868
1300	2829
1300	2866
1300	3003
1300	2982
1300	2863
1300	2856
1300	2845
1300	2952
1300	2838
1300	2836
1300	2827
1300	2959
1300	2919
1300	3074
1300	2860
1300	2895
1300	2843
1300	2983
1300	2924
1300	2900
1300	3145
1300	3149
1300	3032
1300	3057
1300	3206
1300	2951
1300	3349
1300	3157
1300	3321
1300	2923
1300	2864
1300	2938
1300	3350
1300	3045
1300	2879
1300	2865
1300	3242
1300	3042
1300	3046
1300	3075
1300	3040
1300	3059
1300	3351
1300	3023
1300	3124
1069	3172
1069	3234
1069	2892
1069	3248
1069	2856
1069	2868
1069	2848
1069	2864
1069	2829
1069	2866
1069	3245
1069	2924
1069	2827
1069	2839
1069	2865
1069	2939
1069	3133
1069	3029
1069	2855
1069	2836
1069	2879
1069	3242
1069	3036
1069	2956
1069	2895
1069	2961
1069	2843
1069	2960
1069	2957
1069	3032
1069	3321
1069	2948
1069	2857
1069	3158
1069	2863
1069	2867
1069	2907
1069	3045
1069	3046
1069	3043
1069	2860
1069	2900
1069	2851
1069	2994
1069	2938
1069	3042
1069	2876
1069	2959
1069	2998
1069	2881
1069	3059
1069	3174
1069	3205
1069	2902
1069	2901
1069	3017
1069	2993
1069	3037
2722	3344
2722	3145
2722	3248
2722	2863
2722	2881
2722	2961
2722	3206
2722	2876
2722	2856
2722	2957
2722	2866
2722	2872
2722	2895
2722	2960
2722	3153
2722	2843
2722	3064
2722	2864
2722	2877
2722	2848
2722	3158
2722	2857
2722	3054
2722	2959
2722	3070
2722	3160
2722	3260
2722	3035
2722	2855
2722	3046
2722	3045
2722	2938
2722	3174
2722	2827
2722	3188
2722	2839
2722	3074
2722	2904
2722	3055
2722	2921
2722	2851
2722	3352
2722	2868
2722	2829
2722	2906
2722	3280
2722	3043
2722	3032
2722	2860
2722	2879
1498	2843
1498	2863
1498	2961
1498	2866
1498	2856
1498	2903
1498	3158
1498	3241
1498	3145
1498	2865
1498	2836
1498	2900
1498	2938
1498	2829
1498	2867
1498	2855
1498	2851
1498	2891
1498	3008
1498	2890
1498	2877
1498	2958
1498	3043
1498	2858
1498	2857
1498	2908
1498	3319
1498	2860
1498	2983
1498	2864
1498	2924
1938	2863
1938	2856
1938	2866
1938	2881
1938	2872
1938	2877
1938	2855
1938	3043
1938	2843
1938	2839
1938	2836
1938	3008
1938	2845
1938	3003
1938	2857
1938	2827
1938	2896
1938	2865
1938	3242
1938	2890
1938	2867
1938	3075
1938	2983
1938	2864
1938	2938
1938	2891
1938	2923
1938	2851
1938	2910
1938	3045
1938	3032
1938	3046
1938	3073
1938	3022
1938	2860
1938	2879
104	2856
104	2885
104	2866
104	2962
104	2855
104	2863
104	2836
104	2865
104	2829
104	2922
104	2860
104	2891
104	2902
104	2901
104	2877
104	2851
104	2839
104	2890
104	2843
104	3013
104	2857
104	3006
104	2881
104	2961
104	2867
104	2864
104	2938
104	3032
104	2858
104	3014
104	3040
1044	2856
1044	2881
1044	2839
1044	2827
1044	2929
1044	3342
1044	3056
1044	2863
1044	2961
1044	2843
1044	3032
1044	2836
1044	2829
1044	2890
1044	3013
1044	3005
1044	2885
1044	3006
1044	2848
1044	2857
1044	2921
1044	2877
1044	2867
1044	2865
1044	2904
1044	3055
1044	2851
1044	2855
1044	2864
1044	2866
1044	2924
1044	2845
1044	3045
1044	2858
1044	2882
1044	2971
1044	2910
2433	2856
2433	2863
2433	2836
2433	2855
2433	2860
2433	2910
2433	2851
2433	2866
2433	3032
2433	2961
2433	2971
2433	2924
2433	3006
2433	2877
2433	2867
2433	2865
2433	2900
2433	2864
2433	2938
2433	2843
2433	3043
2433	3046
2433	2881
2433	3045
2433	2858
2433	3061
2433	3003
2419	2863
2419	2851
2419	2890
2419	2857
2419	3012
2419	2892
2419	2855
2419	2856
2419	2960
2419	2921
2419	2862
2419	2845
2419	3153
2419	2848
2419	2986
2419	2987
2419	3043
2419	2864
2419	2903
2419	3003
2419	2866
2419	2829
2419	2827
2419	2838
2419	3160
2419	3260
2419	2896
2419	2954
2419	2877
2419	3053
2419	2860
2419	2938
2419	2865
2419	3008
2419	2961
2419	3032
2419	3046
2419	3045
2419	2971
2419	3040
2419	3017
2419	2902
2419	2901
2419	3163
2419	2967
2419	2982
2419	2924
2419	2876
2419	2839
2419	2900
2419	2836
2419	3149
2419	2994
2419	2867
2419	2933
2419	2923
2419	2843
2419	2858
381	2880
381	2857
381	2836
381	2877
381	2843
381	2863
381	2838
381	3030
381	2856
381	2960
381	2855
381	2868
381	2860
381	3032
381	3149
381	2876
381	2994
381	2827
381	2903
381	2865
381	2866
381	2971
381	2885
381	2851
2032	2880
2032	2857
2032	2836
2032	2877
2032	2843
2032	2863
2032	2838
2032	3030
2032	2856
2032	2960
2032	2868
2032	2855
2032	2866
2032	3011
2032	2860
2032	3032
2032	3149
2032	2876
2032	2994
2032	2827
2032	2903
2032	2865
2032	2938
2032	2971
2032	2885
1480	2856
1480	2961
1480	2855
1480	2881
1480	2848
1480	2851
1480	2876
1480	2892
1480	2843
1480	2948
1480	2862
1480	3317
1480	3314
1480	2864
1480	3007
1480	2904
1480	3055
1480	3207
1480	2846
1480	2857
1480	3146
1480	2879
1480	2971
1480	2993
1480	2891
1480	2953
1480	2874
1480	2827
1480	2906
1480	2925
1480	3037
1480	2865
1480	2829
1480	2868
1480	2863
1480	3149
1480	2956
1480	2841
1480	3017
1480	2924
1480	3012
1480	2885
1480	3353
1634	2866
1634	2856
1634	2855
1634	2961
1634	2865
1634	3032
1634	2877
1634	2829
1634	2963
1634	2857
1634	2867
1634	2827
1634	2938
1634	3241
1634	2903
1634	2860
1634	2839
1634	3061
1634	2843
1634	2922
1634	2920
1634	2890
1634	2836
1634	2900
1634	3030
1634	2851
1634	2864
1634	2983
1634	3046
1634	3045
1634	2958
1634	2921
1634	2858
1634	3075
1634	3169
1634	3008
1634	2848
1634	3035
1634	3162
1634	2897
1855	2877
1855	2863
1855	2843
1855	2892
1855	2960
1855	2851
1855	2876
1855	2873
1855	2855
1855	2856
1855	2961
1855	2895
1855	3206
1855	2885
1855	2900
1855	2868
1855	2827
1855	2867
1855	3043
1855	2891
1855	3032
1855	2866
1855	3034
1855	2860
1855	3158
1855	3191
1855	3003
1855	3075
1855	2836
1855	2829
1855	2857
1855	2848
1855	2925
1855	3198
1855	3354
1855	3036
1855	3355
1855	3130
1855	2938
1855	2879
1855	2924
1855	3160
1855	3260
1855	2865
1855	3248
1855	3124
947	2856
947	3244
947	2957
947	3003
947	2876
947	3021
947	2903
947	2958
947	2829
947	3245
947	2920
947	2922
947	3022
947	2938
947	2843
947	3356
947	2866
947	3032
947	3045
947	3046
947	2900
947	2868
947	2857
947	2993
947	3036
947	2967
947	2855
947	2907
947	2971
947	2890
947	2848
947	2839
947	2851
947	2860
947	3063
947	3324
947	3323
947	2863
947	3247
947	3248
2367	2866
2367	2856
2367	2855
2367	2843
2367	2848
2367	2954
2367	2829
2367	2961
2367	3145
2367	3158
2367	2854
2367	2956
2367	2963
2367	2904
2367	2860
2367	2906
2367	2900
2367	3036
2367	3008
2367	2839
2367	3012
2367	2879
2367	2924
2367	2890
2367	2867
2367	2877
2367	3030
2367	2836
2367	2865
2367	2863
2367	2958
2367	2864
2367	2983
2367	2891
2367	2921
2367	3032
2367	2857
989	2843
989	2851
989	2954
989	2827
989	2961
989	2856
989	2866
989	3158
989	2836
989	2860
989	3032
989	2900
989	2865
989	2857
989	3064
989	2839
989	2953
989	3263
989	2889
989	2925
989	2891
989	3049
989	2882
989	2853
989	2904
989	3055
989	3008
989	2845
989	2903
989	3145
989	3022
989	2867
989	2890
989	2877
989	3030
989	2863
989	2958
989	2855
989	2864
989	2983
989	2924
989	2921
1790	2857
1790	2862
1790	2908
1790	3357
1790	2933
1790	2848
1790	3342
1790	3031
1790	3061
1790	3003
1790	2958
1790	2866
1790	2856
1790	2903
1790	2967
1790	2963
1790	3241
1790	3164
1790	2988
1790	2841
1790	2984
1790	2865
1790	2895
1790	2900
1790	2953
1790	2971
1790	2879
1790	2851
1790	2998
1790	3169
1790	2961
1790	2891
1790	3322
1790	2993
1790	3001
1790	2934
1790	2855
1790	2846
1790	2890
1790	2864
2024	2863
2024	2856
2024	2971
2024	2846
2024	3198
2024	3032
2024	2940
2024	3194
2024	3002
2024	2942
2024	2848
2024	3036
2024	3048
2024	2851
2024	2827
2024	3358
2024	3163
2024	2956
2024	2843
2024	3153
2024	3271
2024	3152
2024	2925
2024	3031
2024	2963
2024	3169
2024	2885
2024	2891
2024	3160
2024	3260
2024	2860
2024	3040
2024	2866
2024	3145
2024	3042
2024	3008
2024	3026
2024	3359
2024	3326
2024	3216
1180	2856
1180	2872
1180	2866
1180	2843
1180	2881
1180	2857
1180	2903
1180	2867
1180	3032
1180	2890
1180	2855
1180	2864
1180	2865
1180	2827
1180	2841
1180	2900
1180	2961
1180	2845
1180	2921
1180	2938
1180	2910
1180	3053
1180	2863
1180	2851
1180	3008
1180	2860
1180	2848
1180	3241
1180	3075
1180	2932
1180	2983
1180	3012
1180	2891
1180	2923
1180	2960
1180	3045
1180	3034
1180	3046
1180	3022
1180	2908
1180	2957
1180	3166
1180	2876
1180	3298
2158	2950
2158	2951
2158	2865
2158	2949
2158	2957
2158	2855
2158	2856
2158	2959
2158	2896
2158	2848
2158	2866
2158	2910
2158	2834
2158	2836
2158	2876
2158	2903
2158	2827
2158	2868
2158	2938
2158	3025
2158	2972
2158	2953
2158	2838
2158	2857
2158	2851
2158	3213
2158	2845
2158	3012
2158	2926
2158	2863
2158	2961
2158	3032
2158	3074
2158	2948
2158	3005
2158	2998
2158	3006
2158	2924
2158	2952
2158	2864
2158	2829
2158	2993
2158	3031
2158	3129
2158	2843
2215	2856
2215	2876
2215	2994
2215	3360
2215	2841
2215	2855
2215	2863
2215	3046
2215	3045
2215	2860
2215	2911
2215	2839
2215	2829
2215	2903
2215	2851
2215	3037
2215	3009
2215	2908
2215	2857
2215	3052
2215	3361
2215	2843
2215	2901
2215	2902
2215	3139
2215	3362
2215	2895
2215	3051
2215	3363
2215	2912
2215	2930
2215	3038
2215	2928
2215	3161
2215	3302
2215	2897
2215	2907
2215	2866
2215	3007
2215	3013
2215	3084
2215	2915
2215	2889
2215	3364
2215	2978
2215	2948
2215	2865
2215	3066
2215	3064
2215	2858
2215	3034
2215	2885
2215	3131
2215	3032
2215	3036
2215	2920
2215	2932
2215	2922
2215	2872
485	2877
485	2856
485	2843
485	2866
485	2961
485	2952
485	2868
485	2993
485	3226
485	2840
485	3030
485	2838
485	2876
485	2865
485	2994
485	2839
485	3075
485	2860
485	2857
485	3017
485	2879
485	2921
485	2855
485	3036
485	3043
485	2983
485	3023
485	3351
485	3365
485	2851
485	3042
485	2960
485	3003
485	2852
485	3366
485	3213
485	2864
485	3367
485	3368
485	2878
2380	3218
2380	3061
2380	2864
2380	2933
2380	2855
2380	2866
2380	2851
2380	2863
2380	2848
2380	2903
2380	2865
2380	2879
2380	2988
2380	3369
2380	2934
2380	3282
2380	2967
2380	3370
2380	3371
2380	3372
2380	3121
2380	2973
2380	3373
2380	2897
2380	3161
2380	3374
2380	2925
2380	3105
1168	2863
1168	2866
1168	2856
1168	2953
1168	2855
1168	2954
1168	2839
1168	2843
1168	2865
1168	2845
1168	3003
1168	2877
1168	2827
1168	3045
1168	2858
1168	3046
1168	3008
1168	2857
1168	2900
1168	2890
1168	2867
1168	3075
1168	2851
1168	2860
1168	2958
1168	2983
1168	2864
1168	2924
1168	2848
1168	2921
1168	2938
1168	3263
1168	2891
1168	2925
1168	2889
1168	3049
1168	2882
1168	2853
1168	2881
1168	2879
683	2866
683	2851
683	2881
683	2843
683	2877
683	2903
683	2856
683	2857
683	2953
683	2829
683	2855
683	2925
683	2891
683	2863
683	2865
683	3158
683	3008
683	3375
683	3045
683	3046
683	2858
683	2900
683	3053
683	2867
683	3003
683	2890
683	3145
683	2960
683	2958
683	3319
683	2864
683	2983
683	2921
683	3236
683	2908
683	2910
683	2961
683	2923
683	2907
683	2934
683	3014
683	2932
683	3035
683	3022
683	2882
683	2868
683	2924
683	3326
683	2967
1971	2866
1971	2856
1971	2863
1971	2881
1971	2839
1971	2890
1971	2865
1971	2827
1971	3003
1971	2857
1971	2845
1971	3008
1971	2843
1971	2829
1971	2830
1971	2867
1971	2900
1971	2855
1971	2836
1971	3030
1971	2921
1971	2848
1971	3032
1971	3179
1971	3009
1971	2864
1971	2938
1971	2961
1971	3041
1971	2860
1971	2983
1807	3051
1807	2827
1807	2838
1807	2865
1807	2904
1807	3055
1807	2855
1807	2856
1807	3003
1807	2961
1807	2845
1807	2903
1807	2906
1807	2857
1807	2863
1807	2860
1807	2843
1807	3135
1807	2956
1807	3008
1807	2836
1807	3034
1807	3036
1807	2890
1807	2867
1807	3075
1807	2891
1807	2866
1807	3188
1807	3032
2744	3209
2744	3264
2744	2982
2744	2892
2744	2843
2744	3376
2744	2881
2744	2863
2744	3234
2744	3166
2744	2879
2744	2855
2744	2995
2744	2864
2744	2856
2744	2857
2744	2938
2744	3022
2744	2890
2744	2956
2744	2904
2744	3055
2744	2885
2744	2891
2744	2865
2744	2836
2744	2927
2744	3023
2744	2952
2744	2972
2744	2957
2744	2993
2744	3017
2744	3242
2744	2954
2744	2827
2744	2829
2744	3075
2744	2866
2744	2860
2744	2877
2744	2997
2744	3270
2744	2981
2744	3040
2744	3005
2744	2876
2744	2960
2744	3377
2744	2868
2744	2851
2744	3006
2744	2920
2744	2986
2744	2987
2744	2929
2744	2922
2744	2991
2744	2901
2744	3042
2744	3378
2744	2990
2744	2902
2744	2963
2744	2889
2744	3346
698	2993
698	2838
698	2836
698	2957
698	2855
698	2848
698	2961
698	2960
698	2866
698	2865
698	2827
698	2949
698	2896
698	2839
698	2867
698	3053
698	2856
698	3030
698	2959
698	2950
698	2924
698	2829
698	2868
698	2952
698	3379
698	3380
698	3174
698	2932
698	3017
698	2885
698	2892
698	3131
698	2860
698	2843
698	2903
698	3012
698	2845
698	3069
698	3037
698	3056
698	2882
698	2967
698	3381
698	2891
698	2864
698	3303
698	2962
698	2963
698	3346
63	2843
63	3382
63	3220
63	3113
63	2889
63	3356
63	2890
63	2874
63	3376
63	2879
63	3227
63	2888
63	2993
63	2973
63	2841
63	2856
63	2851
63	3166
63	2960
63	2952
63	2892
63	2863
63	2855
63	2839
63	3234
63	2918
63	3198
63	2876
63	2961
63	2864
63	2957
63	3059
63	2836
63	2865
63	2895
63	2848
63	2924
63	2902
63	2901
63	3213
63	2868
63	2922
63	2920
63	3032
63	2903
63	3321
63	2866
63	3043
63	2994
63	2830
63	3003
63	2827
63	2971
63	2857
63	2858
63	3145
63	2953
63	3158
63	2900
63	2829
63	2948
63	2972
63	2933
63	3141
63	3034
63	3035
63	3216
63	2891
63	3042
63	2872
63	3040
63	2860
63	3026
63	3129
63	3017
63	3161
63	2950
63	2982
63	3378
63	2910
63	2991
63	2921
63	2938
63	3051
63	3377
63	2990
63	2925
63	3211
63	3210
63	3031
63	3061
2612	2877
2612	3030
2612	2953
2612	2885
2612	2925
2612	3036
2612	2845
2612	2891
2612	2836
2612	2827
2612	2856
2612	2830
2612	3131
2612	3043
2612	2860
2612	2921
2612	2866
2612	3032
2612	2851
2612	2843
2612	2900
2612	3020
2612	2999
2612	2879
2612	2932
2612	3383
2612	2903
2612	3135
1294	3005
1294	3006
1294	2864
1294	3384
1294	2972
1294	2957
1294	2839
1294	2867
1294	2857
1294	2863
1294	2866
1294	2891
1294	2855
1294	2856
1294	3032
1294	2843
1294	2890
1294	3053
1294	2872
1294	2858
1294	2827
1294	3046
1294	3045
1294	2924
1294	2881
1294	2903
1294	2961
1294	2848
1294	3044
1294	2938
1294	3008
1294	3009
1294	2879
1294	2860
2727	2863
2727	2856
2727	2839
2727	3149
2727	3037
2727	2827
2727	2866
2727	3013
2727	2924
2727	2848
2727	2843
2727	2838
2727	2857
2727	2865
2727	2829
2727	2867
2727	3043
2727	3131
2727	3046
2727	3045
2727	2860
2727	3003
2727	2877
2727	2890
2727	3030
2727	3053
2727	2961
2727	2983
2727	2891
2727	2921
2727	2864
2727	2872
2727	2938
2727	2910
2727	2851
2727	2881
2727	2858
2727	3032
2727	2855
2727	2879
3645	2961
3645	2867
3645	2855
3645	3030
3645	2866
3645	3027
3645	3045
3645	3046
3645	2836
3645	2900
3645	2857
3645	2885
3645	2860
3645	2938
3645	2863
3645	2971
3645	2843
3645	2856
3645	2877
3645	2851
3645	2865
3645	2910
3645	3032
3645	2848
3645	2858
3645	3171
3645	3063
3645	3012
3645	2960
3645	2864
3645	3011
3645	2827
3645	2921
1138	3012
1138	2868
1138	3027
1138	3034
1138	2866
1138	3032
1138	3158
1138	3011
1138	2856
1138	2867
1138	2863
1138	2855
1138	2864
1138	2879
1138	2924
1138	3017
1138	2981
1138	2843
1138	2858
1138	2971
1138	2938
1138	2877
1138	2865
1138	2890
1138	2881
1138	3045
1138	3046
1138	2961
1138	2857
2502	2876
2502	2972
2502	2892
2502	2993
2502	2868
2502	3048
2502	3374
2502	2875
2502	3385
2502	2941
2502	2853
2502	2992
2502	3105
2502	3386
2502	3025
2502	2885
2502	2926
2502	3308
1527	3296
1527	3014
1527	3068
1527	2843
1527	3013
1527	2855
1527	3131
1527	3011
1527	2866
1527	2856
1527	2881
1527	2863
1527	2848
1527	2890
1527	3149
1527	2836
1527	2829
1527	2839
1527	2864
1527	3032
1527	2983
1527	2867
1527	2938
1527	2857
2776	2856
2776	2890
2776	2827
2776	2855
2776	3032
2776	2863
2776	2848
2776	3011
2776	2866
2776	2881
2776	2865
2776	2836
2776	2839
2776	2922
2776	2920
2776	2895
2776	2900
2776	2938
2776	3008
2776	2908
2776	3052
2776	2924
2776	2843
2776	2983
2776	2864
2776	2851
2776	3053
2776	2867
1842	2890
1842	2881
1842	3011
1842	2866
1842	2856
1842	2863
1842	2855
1842	2843
1842	3131
1842	2848
1842	3053
1842	2827
1842	2836
1842	2839
1842	2920
1842	2891
1842	2922
1842	2900
1842	2938
1842	3008
1842	3045
1842	3046
1842	2967
1842	2867
1842	2961
1842	2921
1842	2851
1842	3153
1842	3032
1842	2924
1842	2876
1842	2960
115	2866
115	2856
115	2863
115	2851
115	2896
115	2963
115	2843
115	2865
115	2903
115	2827
115	2855
115	3008
115	3003
115	2938
115	2829
115	3043
115	2864
115	2867
115	3053
115	2890
115	2900
115	2895
115	3145
115	3030
115	2848
115	2877
115	2958
115	2961
115	2924
115	2983
115	2858
115	2845
115	2857
115	2910
115	3032
115	3383
115	2953
115	2872
115	2868
115	3308
115	2967
115	2885
115	3158
115	2839
115	3064
115	2854
115	3242
115	3252
115	2904
115	2860
115	3045
115	3046
115	3035
115	2906
115	3034
115	2882
115	3051
115	3027
34	2863
34	2856
34	2866
34	2881
34	2956
34	2836
34	2843
34	2857
34	3003
34	2900
34	2932
34	3009
34	2839
34	3022
34	2868
34	3046
34	3045
34	2890
34	2867
34	2877
34	3075
34	2855
34	2920
34	2922
34	2983
34	3242
34	2924
34	2858
34	2891
34	2958
34	2938
34	2860
34	2851
34	2940
34	2853
34	3113
34	3387
2726	2881
2726	2994
2726	2856
2726	2961
2726	3035
2726	2839
2726	2848
2726	3153
2726	2877
2726	3053
2726	2865
2726	3030
2726	2866
2726	2827
2726	2954
2726	2829
2726	2867
2726	2920
2726	3032
2726	3045
2726	3158
2726	2860
2726	2963
2726	2933
2726	2903
2726	2843
2726	2890
2726	2863
2726	2958
2726	2851
2726	3242
2726	2921
2726	2858
2726	2857
2726	2938
2726	2924
2726	2923
951	2866
951	2885
951	2856
951	2863
951	3145
951	2855
951	2895
951	2961
951	2848
951	2843
951	2841
951	2877
951	2954
951	2900
951	3013
951	2845
951	3036
951	2836
951	2932
951	2857
951	2891
951	2921
951	3058
951	2864
951	2938
951	3046
951	3045
951	3032
951	3043
951	2871
951	2860
951	2910
951	3021
951	2907
951	2923
951	2851
951	3022
951	2924
951	3064
951	3158
951	2881
951	2903
951	2865
951	3149
951	3030
951	2858
951	3190
951	3037
951	3216
951	3252
951	2872
951	3131
951	3207
2154	2858
2154	2876
2154	3131
2154	2967
2154	3026
2154	2962
2154	2856
2154	3132
2154	2892
2154	2904
2154	3023
2154	2900
2154	2841
2154	2857
2154	2903
2154	3388
2154	2947
2154	3389
2154	3043
2154	3055
2154	2934
2154	3390
2154	3019
2154	2839
2154	3391
2154	2924
2154	2866
2154	2829
2154	3392
2154	2831
2154	2862
2154	3394
2154	3395
2154	2848
2154	2896
2154	2921
2154	2949
2154	2960
2154	2836
2154	2953
2154	2855
2154	2827
2154	2993
2154	3040
2154	2864
2154	2863
2154	2961
2154	2881
2154	2868
2154	2851
2154	3396
2154	3159
2154	2954
2154	2957
2154	2955
2154	3379
2154	3380
2154	2865
2154	3036
2154	3207
2154	3021
2154	2867
2154	3397
2154	2983
2154	3398
2154	2860
2154	2843
2154	3209
2154	2951
2154	2995
2154	2879
2154	3059
2154	3067
2154	3057
2154	2830
2154	3352
2154	2846
2154	3017
2154	3044
2154	2890
2154	3012
2154	3317
2154	2988
2154	3381
2154	3234
2154	2952
2154	2885
2154	3028
2154	2950
2154	3042
2154	3226
2154	3166
2154	3041
2154	3399
2154	2891
2154	2908
2154	2971
2154	2959
2154	3053
2154	3128
2154	2989
2154	3400
2154	3068
2154	2985
2154	3076
2154	3022
2154	3401
2154	3030
2154	2937
2154	2923
2154	3069
2154	3262
2154	3113
2154	3071
2154	2845
2154	2926
2154	3032
2154	3052
2154	3332
2154	3153
2154	2948
2154	2907
2154	3146
2154	3316
2154	3314
2154	3064
2154	3037
2154	3015
2154	3325
2154	3070
2154	3402
2154	3403
2154	3179
2154	2939
2154	3216
2154	3404
2154	3405
2154	2882
2154	3406
2154	3407
2154	3034
2154	3171
2154	3056
2154	2897
2154	3408
2154	3409
2154	2938
2154	3342
2154	3035
2154	3205
2154	2834
2154	3239
2154	3410
2154	2893
2154	3031
2154	3411
2154	3369
2154	3412
2154	3322
2154	3413
2154	2932
1894	2856
1894	2843
1894	2836
1894	2957
1894	2866
1894	2948
1894	3174
1894	2881
1894	2848
1894	2959
1894	2879
1894	2851
1894	2924
1894	2923
1894	2963
1894	2960
1894	2876
1894	2894
1894	2855
1894	3209
1894	2952
1894	2961
1894	2868
1894	2900
1894	2857
1894	2895
1894	2987
1894	2986
1894	2890
1894	3057
1894	2827
1894	3044
1894	2892
1894	2864
1894	3221
1894	2885
1894	2891
1894	2903
1894	2967
1894	2908
1894	2863
1894	3017
1894	3023
1894	3158
1894	2860
1894	3190
1894	2896
1894	2993
1894	2846
1894	3043
1894	3214
1894	2956
1894	2904
1894	2845
1894	2865
1894	3030
1894	3032
1894	2921
1894	3153
1894	3194
1894	3123
1894	3048
1894	2889
1894	3121
1894	2888
1894	3232
1894	3258
1894	3385
1894	3414
1894	3415
1894	2973
1894	3115
1894	3229
1894	2910
1894	2872
1894	3050
1894	2902
1894	3046
1894	3055
1894	2829
1894	3179
1894	3416
1894	2998
1894	3317
1894	2984
1894	3077
1894	3035
1894	2922
1894	2972
1894	3045
1894	2920
1894	2901
1894	3037
1894	3040
1894	3034
1894	3042
1894	3173
1894	3081
1894	3069
1894	3113
1894	2915
1894	2934
1894	3126
1894	2916
1894	3086
1894	3074
1894	2862
1894	2994
1894	3323
1894	3324
1894	2929
1894	3118
352	2994
352	2838
352	2855
352	2851
352	2839
352	3115
352	3092
352	2940
352	2916
352	2992
352	3224
352	2874
352	3084
352	3225
352	2993
352	3221
352	3231
352	3077
352	3098
352	2853
352	3417
352	3093
352	3051
352	3087
352	3048
352	3080
352	2925
352	3215
352	2915
352	2868
352	2876
352	2892
352	2867
352	3043
352	2863
352	3017
352	2881
352	2827
352	2866
352	2879
352	2856
352	2864
352	3166
352	2957
352	3059
352	2848
352	2843
352	2960
352	2924
352	3382
352	3314
352	2846
352	3418
352	2862
352	2953
352	2972
352	2950
352	2919
352	3159
352	3226
352	2872
352	3288
352	2845
352	2961
352	2973
352	3079
352	3152
352	3419
352	3081
352	3278
352	3279
352	2829
352	2923
352	2836
352	2959
352	2896
352	2981
352	3202
352	3149
352	2952
352	3220
352	2949
352	2890
352	2894
352	2999
352	3222
352	2951
352	2948
352	3262
352	2996
352	3234
352	3420
352	2921
352	2954
352	2885
352	3050
352	2963
352	2857
352	2910
352	2971
352	2956
352	3023
352	2903
352	2891
352	3032
352	2889
352	3194
352	3100
352	3047
352	3054
352	3271
352	2935
352	3233
352	3078
352	3034
352	3421
352	3422
352	3121
352	3423
352	2930
352	3113
352	3086
352	3416
352	3109
352	2942
352	3232
352	3119
352	3126
473	2901
473	2827
473	2902
473	2990
473	2972
473	2959
473	2949
473	2951
473	2890
473	2829
473	2896
473	2903
473	2891
473	2954
473	2846
473	2948
473	2950
473	2987
473	2986
473	2994
473	2996
473	3309
473	3287
473	2953
473	2885
473	2876
473	3226
473	2991
473	2868
473	2866
473	2923
473	2863
473	3129
473	2856
473	2881
473	2894
473	2839
473	3310
473	2855
473	2952
473	3159
473	2836
473	2921
473	3132
473	2848
473	2843
473	2961
473	2851
473	2963
473	3282
473	2862
473	3207
473	3314
473	3424
473	2867
473	2957
473	2838
473	2964
473	3042
473	2882
473	3425
473	2857
473	2830
473	3339
473	3014
473	3426
473	3368
473	3209
473	3327
473	3427
473	3428
473	3003
473	3149
473	2960
473	3128
473	2982
473	2861
473	2970
473	3429
473	3025
473	3113
473	3430
473	2924
473	3071
473	3067
473	3221
473	2879
473	3059
473	3005
473	3378
473	3431
473	3006
473	3377
473	3166
473	3043
473	3382
473	2920
473	3376
473	2922
473	3048
473	3432
473	3099
473	2900
473	2864
473	3160
473	3260
473	2907
473	2831
473	3270
473	2865
473	3177
473	2897
473	3026
473	2988
473	2967
473	2889
473	2845
473	3051
473	3204
473	3433
473	3118
473	3434
473	3283
473	3256
473	2941
473	3435
473	3436
473	3437
473	3438
473	3115
473	2956
473	2892
315	2856
315	2866
315	2863
315	2855
315	2857
315	2843
315	3029
315	2967
315	3044
315	2895
315	2938
315	2836
315	2827
315	2865
315	3158
315	2903
315	2958
315	3036
315	2900
315	2845
315	3008
315	2922
315	2920
315	3030
315	2890
315	2867
315	2877
315	2858
315	3052
315	3017
315	3032
315	2851
315	3012
315	2983
315	2864
315	2961
315	3045
315	2860
315	3046
315	3162
315	2934
315	3031
315	3062
315	2989
315	3035
315	2891
1026	2881
1026	2864
1026	2851
1026	2856
1026	3003
1026	2855
1026	2848
1026	3145
1026	2921
1026	3008
1026	2863
1026	2953
1026	3043
1026	3242
1026	2925
1026	2890
1026	2900
1026	2958
1026	2845
1026	2961
1026	2986
1026	2987
1026	2867
1026	3032
1026	2983
1026	2866
1026	3046
1026	2938
1026	2908
1026	2910
1026	3045
1026	2843
1026	2860
1348	3032
1348	2908
1348	2900
1348	2903
1348	2857
1348	2865
1348	2855
1348	2863
1348	3153
1348	2998
1348	2864
1348	2856
1348	2836
1348	2843
1348	2881
1348	2877
1348	2866
1348	3003
1348	2961
1348	2890
1348	2943
1348	2851
1348	3042
1348	2960
1348	2879
1348	2846
1348	3173
1348	2848
1348	3064
1348	2827
1348	2929
1348	3008
1348	2860
1348	3030
1348	3046
1348	3045
1348	3321
1348	3174
1348	2862
1348	2963
1348	2953
1348	2872
1348	2911
1348	2981
1348	3145
1348	3233
1348	2867
1348	2829
1348	2901
1348	2984
1348	2948
1348	2907
1348	2938
1348	2891
1348	3031
1348	3007
1348	2937
1348	2928
1348	2933
1348	3241
1348	2910
1348	2845
1348	2927
1348	3129
1348	2880
1348	2924
1348	3158
1348	2858
1348	2902
1348	3167
1348	2868
1348	3212
1348	2967
1348	2904
1348	2920
1348	2922
1348	2895
1348	2841
1348	2885
1348	3190
1348	3055
1348	2932
1348	3416
1348	3242
1348	3360
1348	3214
1348	3027
1348	2934
1348	2906
1348	3323
1348	3324
1348	3017
1348	3254
1867	2862
1867	2863
1867	3051
1867	2953
1867	2994
1867	3327
1867	2998
1867	3044
1867	2856
1867	2855
1867	2958
1867	3376
1867	3267
1867	2972
1867	2827
1867	2841
1867	3149
1867	2890
1867	2831
1867	2982
1867	2924
1867	2864
1867	2829
1867	2851
1867	2960
1867	2843
1867	2846
1867	2876
1867	2903
1867	2963
1867	2981
1867	2839
1867	2848
1867	3049
1867	2888
1867	2984
1867	2948
1867	3132
1867	3358
1867	2910
1867	2961
1867	2866
1867	2970
1867	2916
1867	3229
1867	2875
1867	3080
1867	3435
1867	3439
1867	2992
1867	3152
1867	3440
1867	3107
1867	3204
1867	2934
1867	3317
1867	3168
1867	2993
1867	3314
1867	3040
1867	3048
1867	3121
1867	2853
1867	2849
1867	3126
1867	3224
1867	3100
1867	2889
1867	2902
1867	3006
1867	3005
1867	2901
1867	2892
1867	2865
1867	2881
1867	2896
1867	2838
1867	2989
1867	2895
1867	3042
1867	2967
1867	3192
1867	2940
1867	3177
1033	2866
1033	3131
1033	2856
1033	2865
1033	2863
1033	2877
1033	2843
1033	2855
1033	2851
1033	2881
1033	2829
1033	2836
1033	2867
1033	2890
1033	2860
1033	2922
1033	2938
1033	2920
1033	2994
1033	2953
1033	2925
1033	2900
1033	2885
1033	3008
1033	2926
1033	3034
1033	2864
1033	2983
1033	2933
1033	3032
1033	3044
1033	2891
1033	3011
1033	3046
1033	2848
1033	2961
1033	3045
1033	2908
1033	2857
1033	3043
1033	2910
1033	2904
1033	3055
1033	3022
1033	2907
1033	3052
1033	3006
1033	3007
1033	3005
1033	3012
125	2856
125	2827
125	2895
125	3145
125	3046
125	3045
125	2855
125	2843
125	2961
125	2866
125	2839
125	2865
125	2938
125	2900
125	3058
125	2836
125	2857
125	3003
125	2922
125	2845
125	3008
125	2920
125	3005
125	3006
125	2890
125	2841
125	2867
125	2851
125	2864
125	2983
125	2971
125	3032
125	2902
125	2901
125	2860
125	2863
125	3043
1968	2855
1968	2851
1968	3043
1968	2881
1968	2856
1968	3037
1968	2866
1968	3017
1968	2839
1968	2857
1968	3003
1968	2845
1968	3008
1968	3029
1968	3044
1968	2961
1968	2863
1968	2843
1968	2895
1968	2867
1968	2877
1968	2860
1968	2864
1968	2983
1968	3045
1968	3046
1968	2848
1968	2910
1968	3032
1968	3011
1968	2827
1646	2829
1646	2827
1646	2863
1646	2839
1646	2856
1646	3032
1646	2864
1646	2855
1646	2848
1646	2890
1646	2843
1646	2854
1646	3013
1646	2900
1646	2857
1646	2961
1646	3003
1646	2895
1646	3030
1646	2836
1646	2867
1646	2877
1646	2860
1646	3043
1646	2983
1646	2885
1646	3046
1646	3045
1646	2866
1646	2858
1223	2839
1223	2863
1223	2851
1223	2867
1223	2843
1223	2860
1223	3013
1223	3053
1223	2827
1223	3005
1223	3006
1223	2961
1223	2903
1223	2836
1223	2890
1223	2845
1223	2864
1223	2983
1223	3011
1223	2879
1223	2866
1223	3043
1223	2856
1580	2839
1580	2863
1580	2848
1580	2827
1580	2867
1580	2843
1580	2860
1580	3013
1580	2903
1580	2841
1580	3053
1580	3006
1580	3005
1580	2856
1580	2961
1580	2836
1580	2890
1580	2855
1580	3030
1580	2900
1580	3043
1580	3045
1580	3046
1580	2877
1580	2858
1580	3034
1580	2857
1580	2893
1580	2864
1580	2983
1580	2879
1580	2851
1580	3032
1580	2866
2521	2856
2521	2827
2521	2865
2521	2938
2521	2863
2521	2953
2521	2925
2521	2903
2521	2841
2521	2867
2521	2843
2521	3013
2521	2860
2521	3026
2521	2839
2521	2961
2521	2836
2521	2890
2521	2900
2521	2855
2521	3030
2521	2851
2521	3132
2521	3032
2521	2866
2521	2858
2521	2983
2521	2864
2521	3008
2521	3009
2521	2971
2521	3043
2716	2866
2716	2848
2716	2923
2716	2865
2716	2829
2716	2903
2716	3032
2716	2922
2716	2920
2716	2856
2716	3008
2716	3158
2716	2855
2716	3030
2716	3053
2716	2867
2716	3062
2716	3369
2716	3148
2716	2857
2716	2924
2716	2958
2716	3017
2716	3191
789	2856
789	2863
789	2839
789	2881
789	2855
789	2877
789	2867
789	2843
789	2860
789	3013
789	2865
789	2922
789	2920
789	2903
789	2841
789	2866
789	2961
789	2836
789	2827
789	2890
789	2900
789	3043
789	2864
789	2845
789	2858
789	2885
789	2851
789	2983
789	2938
789	3046
789	3045
789	3032
889	2863
889	2856
889	2839
889	2851
889	2867
889	2860
889	2843
889	3013
889	2890
889	2865
889	2829
889	2891
889	2848
889	2900
889	2855
889	3008
889	2983
889	3009
889	3011
889	2881
889	2866
2013	2856
2013	2851
2013	2848
2013	3012
2013	2863
2013	2855
2013	2877
2013	2843
2013	2857
2013	2860
2013	2879
2013	2881
2013	2839
2013	2866
2013	2872
2013	2890
2013	2867
2013	2961
2013	3153
2013	2983
2013	2864
2013	3032
2013	3026
2013	2988
2013	3013
2013	3052
2013	3441
2013	2891
2013	2895
2013	2967
2013	3045
2013	3046
2013	2938
2013	2994
2013	3051
2013	2921
1922	2856
1922	2863
1922	2855
1922	2866
1922	2848
1922	2839
1922	2843
1922	2890
1922	2829
1922	2827
1922	2867
1922	2857
1922	3013
1922	2897
1922	2961
1922	2841
1922	2895
1922	2851
1922	2900
1922	2983
1922	2864
1922	2885
1922	2938
1922	3046
1922	3045
1922	3032
1922	2860
1922	3008
1922	2924
1922	2858
1922	3144
1922	3043
1922	3148
2015	2900
2015	2863
2015	2866
2015	2885
2015	3030
2015	2856
2015	3045
2015	3046
2015	2855
2015	2860
2015	3032
2015	2961
2015	2839
2015	2865
2015	2867
2015	2845
2015	3008
2015	2843
2015	3003
2015	2857
2015	2881
2015	2938
2015	2848
2015	3043
2015	2851
2015	2890
2015	2836
2015	2827
2015	2908
2015	3011
2015	3041
2015	2983
2015	2864
2015	2971
2015	2910
2015	2903
2015	2907
2015	3298
2015	3375
1542	2856
1542	2863
1542	2839
1542	2851
1542	2893
1542	3034
1542	2848
1542	2866
1542	2864
1542	2877
1542	2843
1542	2860
1542	3013
1542	2961
1542	2841
1542	2938
1542	2855
1542	2890
1542	2867
1542	2900
1542	2983
1542	2845
1542	3011
1542	3144
1542	3008
1542	3053
1542	2827
1542	3043
1542	2858
1542	2904
1542	2906
1542	3012
1542	3148
1542	3032
522	2856
522	3013
522	2881
522	2867
522	2890
522	2843
522	2864
522	2983
522	2855
522	2938
522	2921
522	2866
522	2961
522	2885
522	2907
522	2851
522	3043
522	2865
522	3145
522	3158
522	3003
522	2924
522	2863
522	3045
522	3046
2754	3008
2754	2836
2754	2855
2754	2863
2754	2856
2754	2900
2754	3011
2754	2867
2754	2860
2754	2848
2754	2890
2754	2843
2754	2851
2754	2839
2754	3075
2754	2877
2754	2829
2754	2903
2754	3017
2754	3046
2754	2866
2754	2865
2754	2983
2754	2864
2754	2910
2754	2857
2754	2938
2754	3045
2754	3032
2754	2922
2754	2920
2754	2967
2754	2961
2754	2885
2754	2926
2754	3144
2046	2836
2046	2855
2046	2867
2046	2860
2046	2890
2046	2843
2046	2851
2046	2839
2046	2863
2046	2856
2046	2829
2046	2903
2046	2866
2046	2865
2046	2983
2046	2864
2046	2938
2046	3045
2046	3046
2046	3032
2046	2904
2046	3055
2046	2961
2046	3013
2046	3043
2046	2858
2046	2848
2046	3145
2046	3148
2046	3011
2046	3144
2046	3044
2046	3174
2046	2953
2046	2925
2046	2877
2046	2827
2046	2879
2596	2866
2596	2856
2596	2855
2596	2961
2596	2843
2596	2829
2596	3145
2596	3158
2596	2854
2596	2956
2596	2963
2596	2867
2596	2860
2596	3153
2596	2863
2596	3030
2596	2827
2596	2839
2596	2890
2596	3053
2596	2877
2596	2851
2596	2848
2596	2938
2596	2958
2596	3032
2596	3041
2596	3045
2596	3046
2596	2857
2596	2872
2596	3241
2596	2971
2596	3050
2596	2967
2596	2921
2596	3017
2596	2924
2596	2983
2596	2864
2596	2922
2596	2845
413	2867
413	2845
413	3011
413	2857
413	2961
413	2848
413	2938
413	2855
413	2881
413	2877
413	3191
413	2856
413	2907
413	3036
413	2863
413	3066
413	3013
413	2829
413	2903
413	2866
413	3053
413	2851
413	3390
413	2967
413	3148
1429	3209
1429	3059
1429	3276
1429	3275
1429	2952
1429	2972
1429	2994
1429	3334
1429	2881
1429	2867
1429	2896
1429	2959
1429	2902
1429	2901
1429	3006
1429	3005
1429	3442
1429	2845
1429	2863
1429	2856
1429	3057
1429	2843
1429	3262
1429	2865
1429	2836
1429	2848
1429	2827
1429	2851
1429	3443
1429	2961
1429	3444
1429	3317
1429	2885
1429	3008
1429	2864
1429	3051
1429	2998
1429	3299
198	2867
198	2863
198	2864
198	2983
198	3375
198	3008
198	2855
198	2938
198	3045
198	3046
198	2860
198	2961
198	2836
198	2827
198	2856
198	2890
198	2910
198	2851
198	2848
198	3032
198	3043
198	2924
198	2900
198	2829
198	2866
198	3409
198	2843
198	2879
198	2923
198	2834
198	2885
198	3022
198	3007
198	2881
198	3034
198	2967
198	3171
198	2904
198	3055
198	2857
198	3135
198	3053
198	3144
198	3341
198	3026
198	2926
198	3031
198	3062
198	3044
1019	2866
1019	2863
1019	3011
1019	3145
1019	2891
1019	3046
1019	3045
1019	2877
1019	2829
1019	2843
1019	2922
1019	2938
1019	2920
1019	2856
1019	3013
1019	2836
1019	2855
1019	2890
1019	2851
1019	3044
1019	2867
1019	2983
1019	2902
1019	2901
1019	3036
1019	3032
1019	2885
1019	2860
1019	3075
1019	2864
1019	2848
1019	3034
1019	3321
1019	2857
1019	2961
1342	2856
1342	2881
1342	2829
1342	2863
1342	2843
1342	2953
1342	2925
1342	3163
1342	2839
1342	2867
1342	2890
1342	2855
1342	2851
1342	3017
1342	3013
1342	2860
1342	3325
1342	2885
1342	2937
1342	2848
1342	2923
1342	3043
1342	2866
1342	3008
1342	3036
1342	3009
1342	2967
1342	3332
2420	2881
2420	2856
2420	2855
2420	2866
2420	2929
2420	2890
2420	2867
2420	2891
2420	3022
2420	2938
2420	2983
2420	3135
2420	2857
2420	2872
2420	3212
2420	3032
2420	2863
2420	2843
2420	3053
2420	2877
2420	2864
2420	3046
2420	3045
2420	2908
2420	2860
2420	3075
2420	2851
2420	2858
2420	2904
2420	2906
2420	3052
2625	2881
2625	2863
2625	2856
2625	2932
2625	3149
2625	2848
2625	2829
2625	3037
2625	2855
2625	2839
2625	2866
2625	2836
2625	3003
2625	2857
2625	2845
2625	3008
2625	2903
2625	2891
2625	2860
2625	3045
2625	3046
2625	2843
2625	2867
2625	2877
2625	2851
2625	2864
2625	2983
2625	2922
2561	3382
2561	2863
2561	2843
2561	2876
2561	2856
2561	2918
2561	2848
2561	2960
2561	2895
2561	2982
2561	2855
2561	2961
2561	3258
2561	2881
2561	3445
2561	2866
2561	2838
2561	2864
2561	3008
2561	2834
2561	3376
2561	2892
2561	3190
2561	2868
2561	2877
2561	3130
2561	2851
2561	3226
2561	2924
2561	2950
2561	3043
2561	2836
2561	2862
2561	2827
2561	3055
2561	2904
2561	2989
2561	3037
2561	2923
2561	2952
2561	3166
2561	2967
2561	2921
2561	3040
2561	3034
2561	3017
2561	2879
2561	3012
2561	2954
2561	3145
2561	2839
2561	2971
2561	3259
2561	2853
2561	3087
2561	2992
2561	3084
2561	3119
2561	3077
2561	3026
2561	2906
2561	2901
2561	2902
2561	3064
2561	2941
2561	3186
2561	3385
2561	2897
2561	2889
2561	2925
2561	2900
2561	3287
2561	3446
2561	2998
2561	3022
2561	2882
2561	3005
2561	3006
2561	3216
2561	2841
2561	3047
2561	2915
2561	2940
2184	3251
2184	3130
2184	2885
2184	2855
2184	2851
2184	2893
2184	2843
2184	2960
2184	2856
2184	2957
2184	2864
2184	2879
2184	2896
2184	3003
2184	2863
2184	2848
2184	2903
2184	2866
2184	2926
2184	2998
2184	2829
2184	2924
2184	2900
2184	2933
2184	2961
2184	2858
2184	2827
2184	2868
2184	2908
2184	3347
2184	2934
2184	3013
2184	2925
2184	2967
2184	2923
2184	2901
2184	2902
2184	3005
2184	3006
2184	2865
2184	3032
2184	3042
2184	3040
2184	3177
2184	3211
2184	3061
2184	3034
2184	3026
2184	3243
2184	2897
2185	2961
2185	2863
2185	2855
2185	2843
2185	3037
2185	2839
2185	3153
2185	2829
2185	2877
2185	2856
2185	3003
2185	2857
2185	2845
2185	3008
2185	2848
2185	2866
2185	3013
2185	2924
2185	3043
2185	2890
2185	2867
2185	2881
2185	2851
2185	2879
2185	2860
2185	3045
2185	3046
2185	2907
2185	3011
2390	2923
2390	2851
2390	2951
2390	2956
2390	2963
2390	2838
2390	2868
2390	3174
2390	2924
2390	2866
2390	2933
2390	3241
2390	2848
2390	2993
2390	2903
2390	3036
2390	2865
2390	2856
2390	2958
2390	2907
2390	3043
2390	3042
2390	2876
2390	2957
2390	2843
2390	2863
2390	2900
2390	2864
2390	2961
2390	3181
2390	2971
2390	2879
2390	3190
2390	2836
2390	2882
2390	2857
2390	2891
2390	3037
2390	3035
2390	3032
2390	3034
2390	2922
2390	2920
2390	3153
2390	3058
2390	3064
2390	3130
2390	2855
2390	3012
2390	2967
2390	3027
2390	2827
2390	3179
2390	2897
2390	3031
2390	3260
2390	3160
2390	3061
2390	3026
2390	2998
2390	3053
2390	2841
2390	2829
2390	2860
2390	3226
2390	2895
2390	3158
2390	3046
2390	3045
2390	3132
2390	3307
2390	2845
2390	3305
2390	2889
2390	3293
2390	3008
2390	2846
2390	2934
2390	3145
2390	2960
2390	3049
2390	3040
2390	3044
2390	2909
2390	2950
2390	2949
2390	2890
2390	3017
1686	3100
1686	3419
1686	2992
1686	3121
1686	2916
1686	3081
1686	2973
1686	3224
1686	3077
1686	3094
1686	3215
1686	2834
1686	2831
1686	3025
1686	2888
1686	3092
1686	3152
1686	3049
1793	2957
1793	2866
1793	3248
1793	3247
1793	2845
1793	3032
1793	3045
1793	2855
1793	2920
1793	3244
1793	2848
1793	3003
1793	2856
1793	2877
1793	2839
1793	2960
1793	2863
1793	2860
1793	2857
1793	3037
1793	3046
1793	2922
1793	2999
1793	2961
1793	3064
1793	2851
1793	2900
1793	2869
1793	2907
20	2892
20	2960
20	2879
20	2845
20	2864
20	2856
20	3135
20	3012
20	2877
20	2900
20	2851
20	2866
20	2836
20	2903
20	2843
20	2961
20	2855
20	2981
20	2865
20	3237
20	2908
20	2863
20	2857
20	2938
20	2860
20	3011
20	3013
20	3051
20	3032
20	2881
20	2867
20	2890
20	2891
20	2858
20	2971
20	3043
2767	2856
2767	2863
2767	2855
2767	3191
2767	2851
2767	3037
2767	2843
2767	2836
2767	3003
2767	2857
2767	3008
2767	2839
2767	2983
2767	3053
2767	2890
2767	2867
2767	2854
2767	2866
2767	3135
2767	3006
2767	3005
2767	2910
2767	3032
2767	2881
2767	2848
2767	2860
2767	2872
2767	3040
2767	2971
2767	3046
2767	2864
2767	2891
2767	2938
2767	3045
1507	2856
1507	2829
1507	2855
1507	2961
1507	2872
1507	2953
1507	2836
1507	2848
1507	2971
1507	2864
1507	2900
1507	2839
1507	2890
1507	2860
1507	2843
1507	3013
1507	2863
1507	2895
1507	2851
1507	2858
1507	2903
1507	2877
1507	2827
1507	2867
1507	2938
1507	3030
1507	2983
1507	2891
1507	2967
1507	2866
1507	3045
1507	3046
1507	2845
1507	3148
1507	3282
1507	3051
1507	2885
1507	2910
1507	3032
1507	2960
1507	2876
1507	2925
1507	2892
1507	2879
1507	3140
833	2866
833	3011
833	2862
833	2839
833	2829
833	2855
833	2843
833	2848
833	2890
833	2827
833	3037
833	2836
833	3003
833	2856
833	2857
833	2845
833	3008
833	2838
833	2907
833	2864
833	3032
833	2920
833	2922
833	2863
833	2877
833	2904
833	3055
833	2867
833	3053
833	2851
833	2938
833	2983
833	2961
833	2860
833	2858
833	2921
833	2906
833	3027
833	3131
833	3068
833	2937
833	3014
833	2834
833	3158
924	2881
924	2863
924	2848
924	2855
924	3034
924	2843
924	2839
924	2836
924	3003
924	2856
924	2857
924	2845
924	3008
924	2903
924	2827
924	2938
924	2865
924	2851
924	2867
924	2866
924	3030
924	2983
924	2864
924	2877
924	3032
924	2924
924	2907
924	2908
924	3046
924	3045
924	2961
193	2836
193	2865
193	2855
193	2856
193	2877
193	2961
193	2863
193	3030
193	3149
193	2879
193	2845
193	2860
193	3013
193	2924
193	3034
193	2834
193	2867
193	2983
193	2864
193	3036
193	2967
193	3037
193	2910
193	2857
193	3032
193	2843
193	2858
193	2885
193	3148
1335	2863
1335	2860
1335	2867
1335	2856
1335	2827
1335	2843
1335	2938
1335	2865
1335	2855
1335	2961
1335	2839
1335	3131
1335	2877
1335	2836
1335	3030
1335	3011
1335	3008
1335	2866
1335	3032
1335	2857
1335	3046
1335	3045
1513	2937
1513	2846
1513	2936
1513	2890
1513	3057
1513	2903
1513	2938
1513	2904
1513	2839
1513	2933
1513	3055
1513	2836
1513	2866
1513	3032
1513	2881
1513	2932
1513	2994
1513	3012
1513	3325
1513	2864
1513	2856
2103	2866
2103	2856
2103	2863
2103	2961
2103	2867
2103	2900
2103	2860
2103	3013
2103	2845
2103	2855
2103	2829
2103	2956
2103	2924
2103	2925
2103	2851
2103	2895
2103	2843
2103	2890
2103	3046
2103	3045
2103	2907
2103	2848
2103	3030
2103	2903
2103	2836
2103	3153
2103	2864
2103	2891
2103	3317
2103	3017
2103	2879
2103	3008
2103	3179
2103	3026
1947	2863
1947	2866
1947	2856
1947	2872
1947	2855
1947	2843
1947	2961
1947	3034
1947	2829
1947	3037
1947	2836
1947	3003
1947	2857
1947	2845
1947	3008
1947	3153
1947	2867
1947	2877
1947	2848
1947	2860
1947	3032
1947	2851
1947	2983
1947	2864
1947	2938
1947	2858
1947	2908
1947	2967
1947	3009
1121	2938
1121	2872
1121	2961
1121	2867
1121	2890
1121	2843
1121	2863
1121	2856
1121	2858
1121	2860
1121	3043
1121	3036
1121	2857
1121	2882
1121	3447
1121	3012
1121	3027
1121	3145
502	3046
502	2961
502	2872
502	2867
502	2851
502	2860
502	2848
502	2924
502	2881
502	2920
502	2863
502	3012
502	2866
502	2891
502	3153
502	2922
502	2843
502	2879
502	2856
502	2877
502	2900
502	3013
502	2845
502	2855
502	2838
502	2829
502	2827
502	3053
502	3036
502	3008
502	3179
502	3009
502	3045
502	2938
502	3198
502	2885
502	2907
502	2836
1848	2938
1848	2866
1848	3030
1848	2865
1848	3174
1848	2863
1848	2961
1848	2867
1848	2890
1848	2843
1848	2864
1848	3153
1848	3131
1848	3158
1848	2851
1848	2860
1848	2971
1848	3075
1848	2881
1848	2895
1848	2855
1848	3008
1848	3009
1648	2851
1648	2856
1648	2855
1648	2843
1648	3028
1648	2867
1648	3013
1648	2881
1648	2879
1648	2866
1648	2971
1648	2836
1648	3045
1648	3046
1648	3191
1648	3254
1648	2890
1648	2877
1648	2961
1648	3075
1648	2907
1648	2938
1648	2829
1648	3030
1648	2903
1648	2848
1648	3032
1648	2827
1648	3008
2192	2961
2192	3052
2192	2843
2192	2890
2192	2836
2192	2856
2192	2971
2192	2881
2192	2867
2192	2864
2192	2866
2192	3008
2192	3032
2192	2932
2192	3036
2192	3009
2192	2877
2192	2863
2192	2891
2192	2880
2192	3191
2192	2839
2192	3075
1957	2856
1957	2863
1957	2843
1957	2855
1957	2866
1957	2867
1957	2903
1957	2953
1957	2925
1957	2839
1957	2890
1957	2938
1957	3011
1957	3013
1957	2881
1957	2891
1957	3015
1957	2879
1957	2983
1957	2921
1957	3031
1957	2829
1957	3158
1957	3032
1902	2856
1902	2866
1902	2848
1902	2855
1902	2863
1902	2851
1902	2867
1902	2827
1902	2839
1902	2994
1902	2900
1902	2860
1902	2841
1902	3052
1902	3448
1126	3449
1126	2843
1126	3172
1126	3311
1126	3365
1126	2838
1126	3348
1126	3059
1126	2972
1126	2836
1126	2890
1126	2856
1126	2959
1126	3404
1126	2845
1126	2938
1126	2876
1126	3268
1126	3284
1126	3067
1126	2848
1126	2866
1126	3153
1126	2855
1126	2924
1126	2864
1126	2952
1126	2961
1126	2960
1126	2839
1126	3158
1126	3037
1126	3145
1126	2954
1126	3450
1126	2900
1126	2872
1126	3012
1126	3043
1126	2865
1126	3017
1126	3069
1126	3303
1126	2925
1126	3100
1126	2918
1126	2889
1126	2860
1126	3032
1126	2868
1126	3382
1126	2877
1126	2923
1126	3287
1126	3166
1126	2907
1126	3046
1126	2881
1126	3006
1126	3045
1126	3005
1126	3430
1126	2920
1126	2922
1126	3427
1126	2901
1126	2902
1126	2948
1126	3444
1126	3443
1126	2903
1126	2934
1126	2963
1126	3149
1126	2863
1126	3406
1126	2951
1126	3030
1126	2953
1126	3074
1126	3040
1126	3451
1126	3008
1126	2993
1126	2880
1126	2857
1126	2983
1126	3300
1126	3452
1126	2896
1126	2885
1126	3034
1126	3179
1126	3216
1126	2962
1126	2829
1126	2904
1126	3042
1126	2906
1126	3174
1126	3453
1126	3058
1126	3070
1126	3113
1126	3454
1126	3061
1126	2967
1126	3054
1126	3026
1126	3347
1126	2957
1126	3035
1126	3132
1126	3455
1126	2875
1126	2853
1126	2926
1126	3416
1126	2891
1126	3039
1126	3434
1126	2932
1126	3177
1126	3231
1126	2851
1126	3226
1126	3376
1126	3051
1126	3078
1126	3077
1126	3079
1126	2827
1126	3159
1126	2950
1126	2949
1126	3170
1126	3062
1126	3141
1126	3190
1126	2908
1126	3335
1126	3456
1126	3384
1126	2929
1126	2841
1126	2867
1126	3135
1126	3066
1126	3457
1126	2998
1126	3003
1126	3458
1126	2978
1126	2994
1126	3459
1126	2927
1126	2928
1126	2989
1126	3064
1126	3053
1126	2871
1126	3213
1126	3161
1126	3460
1126	3461
1126	3462
1126	2910
1057	2863
1057	2856
1057	2866
1057	2839
1057	3149
1057	2838
1057	2938
1057	3037
1057	2827
1057	2843
1057	3013
1057	2924
1057	2848
1057	2857
1057	2867
1057	2865
1057	2829
1057	3046
1057	3045
1057	3043
1057	2860
1057	3003
1057	2890
1057	3053
1057	2877
1057	2851
1057	3075
1057	2900
1057	3032
1057	2855
1057	2983
1057	3008
1057	2958
1057	2891
1057	3009
1057	2910
1057	2864
1057	2904
1057	2906
1057	3035
1057	2885
1057	3031
1057	3011
1057	3036
771	2866
771	2856
771	3011
771	2863
771	2881
771	2843
771	2836
771	2900
771	2855
771	2829
771	2865
771	3022
771	2896
771	2851
771	3046
771	3003
771	2857
771	3008
771	2903
771	2827
771	2867
771	2938
771	2885
771	2983
771	3045
771	2864
771	2877
771	2961
771	3032
771	2858
771	3040
771	2872
771	2908
771	3064
771	2848
771	2922
771	2920
771	2998
1699	2867
1699	2961
1699	2856
1699	2877
1699	2851
1699	2864
1699	2983
1699	2855
1699	2938
1699	2866
1699	2843
1699	3045
1699	3032
1699	3046
1699	2881
1699	2986
1699	2987
1699	2829
1699	2839
1699	2836
1699	2863
1699	2900
1699	2857
1699	2845
1699	2862
1699	2865
1699	2934
1699	2967
1699	3216
1699	3255
1699	2904
1699	2962
1699	2860
1699	2906
1699	3013
1699	2954
1699	3040
1699	3034
1699	2910
1699	2896
1699	2895
1699	3135
1699	3262
1699	3158
1699	3043
1699	3030
1699	2963
1699	3145
1699	3463
1699	2882
1699	2858
1699	2926
1699	3282
1699	2885
1699	2912
1699	3148
1699	2928
1699	3342
1113	2971
1113	2855
1113	2904
1113	2865
1113	2866
1113	3055
1113	2848
1113	2876
1113	2910
1113	2900
1113	2843
1113	2994
1113	2863
1113	2829
1113	2877
1113	2879
1113	2858
1113	2953
1113	2856
1113	3049
1113	2896
1113	2853
1113	2839
1113	3148
1113	2857
1113	3464
1113	2851
1113	2925
1113	3342
1113	2893
1113	3011
1113	2827
1113	3465
1113	2864
1113	2892
1113	2911
1113	2881
1113	3214
1113	3360
1113	2982
1113	2868
1113	2958
1113	2983
1113	3003
1113	2981
1113	2890
1113	3043
1113	2891
1113	3262
1113	2993
1113	3466
1113	3467
1113	2956
1113	2880
1113	3051
1113	3044
1113	2906
2538	2856
2538	2881
2538	2836
2538	2890
2538	2838
2538	2851
2538	2867
2538	2839
2538	2843
2538	2857
2538	2938
2538	3075
2538	3135
2538	2961
2538	2863
2538	3013
2538	3341
2538	3026
2538	2866
2538	2848
2538	2891
2538	2860
2538	3032
2538	2855
2538	2983
2538	2864
2538	2877
2538	2910
2538	2858
2538	3319
648	2856
648	2881
648	2865
648	2961
648	2827
648	2890
648	2971
648	2855
648	2848
648	2851
648	2863
648	2867
648	2983
648	2864
648	2938
648	2858
648	2860
648	3075
648	2843
648	3032
648	2866
648	2910
648	2857
648	2924
648	3190
1097	2836
1097	2838
1097	3340
1097	2890
1097	2858
1097	2856
1097	3022
1097	2962
1097	2932
1097	3032
1097	2881
1097	2877
1097	2961
1097	2867
1097	3030
1097	2865
1097	2843
1097	2864
1097	2827
1097	3011
1097	3135
1097	2855
1097	2839
1097	2863
1097	3045
1097	3046
1097	2860
1097	2891
1097	2851
1097	2938
1097	2834
1097	2882
371	2855
371	2851
371	2877
371	2843
371	2856
371	2866
371	2848
371	3045
371	3032
371	3046
371	2827
371	2838
371	3242
371	2900
371	2885
371	2918
371	2857
371	2860
371	3013
371	2845
371	2920
371	2922
371	2881
371	2867
371	3053
371	2863
371	2938
371	2907
371	2921
371	3064
371	3153
371	2926
371	2891
2594	2995
2594	2851
2594	2881
2594	2879
2594	2855
2594	2892
2594	2845
2594	2864
2594	3017
2594	2827
2594	2896
2594	2839
2594	2959
2594	2954
2594	3149
2594	2994
2594	2863
2594	3397
2594	3468
2594	3469
2594	2856
2594	2848
2594	2866
2594	2924
2594	2885
2594	2865
2594	2858
2594	3040
2594	3032
2594	2921
2594	3304
2594	2843
2594	2829
2594	2960
2594	3180
2594	3470
2594	3297
2594	3037
2594	2923
2594	2952
2594	3070
2594	3027
2594	2926
2594	3051
2594	3306
2594	2961
2594	2902
2594	2986
2594	2910
2594	2987
2594	2867
2594	2891
2594	3186
2594	3197
2594	2890
2594	2836
2594	3205
2594	3471
2594	3239
2594	3171
2594	3282
2594	2876
2594	2868
2594	3472
2594	3026
2594	3369
2594	3411
2594	3341
2594	2846
2594	2936
2594	3021
2594	3022
2594	2971
2594	3011
2594	2834
2594	2900
2594	3262
2594	2895
2594	3407
2594	3030
2594	2962
2594	2938
2594	2972
2594	2957
2594	3059
2594	2882
2594	3012
2594	3203
2594	3473
2594	3394
2594	3395
2594	3398
2594	2937
2594	3007
2594	3071
2594	3447
2594	3069
2594	3409
2594	2934
2605	2881
2605	2856
2605	2867
2605	2839
2605	2863
2605	2836
2605	2865
2605	2829
2605	2845
2605	3036
2605	2891
2605	2938
2605	2866
2605	2900
2605	3008
2605	2890
2605	2843
2605	3158
2605	2983
2605	2860
2605	2864
2605	3032
2605	2921
2605	2857
2605	2988
2605	3022
2605	3021
2605	2851
2605	3012
2605	3043
2605	2934
2605	2855
2763	2856
2763	2863
2763	2881
2763	2855
2763	2877
2763	2843
2763	2961
2763	2836
2763	2829
2763	2890
2763	2885
2763	2927
2763	2867
2763	2983
2763	2858
2763	2891
2763	3148
2763	2860
2763	3005
2763	3006
2763	2879
2763	2857
2763	3013
2763	3036
2763	2864
2763	3075
2763	2839
2763	2994
2763	2953
2763	2988
1679	2856
1679	2881
1679	2836
1679	2890
1679	2838
1679	2867
1679	2843
1679	2857
1679	2938
1679	2851
1679	2860
1679	3032
1679	2983
1679	2864
1679	3075
1679	2855
1679	2858
1679	2962
1679	2866
1679	3046
1679	3045
1679	3043
1679	2990
1679	3005
1679	3011
1679	3034
1679	2991
1679	3006
1679	2829
1679	3008
1679	2827
1679	2877
1679	3044
1679	2863
1679	2921
1679	2904
1679	2906
1679	3474
1679	3013
1679	3131
1679	2839
1679	3053
1679	3064
1679	2848
1679	2920
1679	2902
1679	2924
1679	2961
1679	2901
1679	2908
1679	3317
2415	2856
2415	3043
2415	2881
2415	2839
2415	2865
2415	2836
2415	2867
2415	2890
2415	2938
2415	2891
2415	3013
2415	2855
2415	2863
2415	2843
2415	2851
2415	2864
2415	2983
2415	3032
2415	3045
2415	3046
2415	2924
2415	3008
2415	2961
2415	2971
2415	2858
2415	3012
2415	3026
2415	2829
2415	2848
2415	2861
2415	3022
2415	2857
2415	3009
141	3052
141	3173
141	2890
141	2994
141	2839
141	2829
141	2959
141	2961
141	2866
141	2856
141	2855
141	3066
141	2896
141	2827
141	3022
141	2900
141	2851
141	2864
141	2843
141	2892
141	2957
141	3206
141	2841
141	2865
141	3027
141	3158
141	3032
141	2863
141	3059
141	2857
313	2851
313	2927
313	2856
313	2971
313	3032
313	2848
313	3031
313	2903
313	2866
313	3034
313	3013
313	2901
313	2902
313	2961
313	2938
313	2864
313	2924
313	2877
313	2855
313	2836
313	2858
313	2865
313	2857
313	2922
313	2920
313	3174
313	3007
313	2843
313	2956
313	2875
313	3077
313	2930
313	2929
313	2900
313	2895
313	2863
313	2872
313	3017
313	3030
313	2841
313	2879
313	3323
313	3324
313	2827
313	2928
313	2896
313	2908
313	2921
313	3043
313	2891
313	3008
313	2998
313	3040
313	3046
313	2860
313	3045
313	2907
313	3022
313	2846
313	3145
313	3012
313	3037
313	2967
313	2868
313	2882
313	3051
313	3066
313	3005
313	3006
313	3350
313	3041
313	3212
313	3003
313	2910
313	2829
313	2885
313	3011
50	3219
50	3097
50	2853
50	2916
50	2925
50	2967
50	3031
50	3042
50	2856
50	3282
2093	3475
2093	2856
2093	2885
2093	3476
2093	2953
2093	2925
2093	3246
2093	2855
2093	3280
2093	2848
2093	2895
2093	3145
2093	2900
2093	3158
2093	2843
2093	2872
2093	2893
2093	3051
2093	3188
2093	3046
2093	3045
2093	3032
2093	2860
2093	3450
2093	3477
2093	2903
2093	2864
2093	2963
2093	2961
2093	3198
2093	2932
2093	2891
2093	2938
2093	2851
2093	2924
2093	3174
2093	3044
2093	2934
2093	3354
2093	2858
2093	2845
2093	3478
2155	2856
2155	2863
2155	3153
2155	2983
2155	2843
2155	2855
2155	2839
2155	3003
2155	2891
2155	2836
2155	2904
2155	2857
2155	2906
2155	2829
2155	2866
2155	2867
2155	2877
2155	2827
2155	2903
2155	2865
2155	2900
2155	2885
2155	2864
2155	2932
2155	3036
2155	2879
2155	2881
826	3011
826	2856
826	2881
826	3132
826	2848
826	2839
826	2855
826	2867
826	3216
826	3171
826	2829
826	2836
826	2843
826	2860
826	2890
826	2857
826	2983
826	2864
826	2885
826	3075
826	2863
826	3032
826	2866
826	2908
826	2910
1724	2856
1724	3011
1724	2866
1724	2863
1724	2855
1724	2881
1724	2848
1724	2890
1724	2867
1724	3013
1724	2843
1724	2896
1724	3006
1724	3053
1724	2857
1724	2879
1724	3075
1724	2864
1724	3012
1724	2983
1724	3008
1724	3009
1724	2839
1724	2851
1724	2865
1724	3022
1724	2858
1724	2860
1724	3017
1724	3036
1724	2891
1724	3148
1724	2882
1405	2855
1405	2856
1405	2843
1405	2863
1405	2839
1405	2829
1405	2867
1405	3013
1405	3008
1405	2851
1405	2877
1405	2998
1405	2836
1405	2890
1405	2866
1405	3043
1405	2860
1405	2910
1405	2858
1405	2848
1405	2857
1405	2938
1405	3044
1405	3046
1405	3045
1405	2864
1579	3028
1579	3011
1579	2866
1579	2971
1579	2863
1579	2872
1579	2856
1579	3046
1579	3045
1579	2877
1579	2848
1579	2855
1579	2836
1579	2829
1579	2938
1579	3008
1579	2900
1579	3158
1579	2994
1579	2839
1579	2838
1579	2860
1579	2890
1579	2867
1579	2843
1579	3032
1579	2857
1579	2879
1579	3075
1579	2932
1579	3036
1579	2851
1899	2856
1899	2866
1899	3145
1899	3158
1899	2938
1899	2843
1899	3013
1899	2863
1899	2848
1899	2895
1899	3153
1899	3053
1899	2855
1899	2827
1899	3135
1899	2867
1899	2890
1899	3252
1899	2864
1899	2924
1899	2879
1899	3052
1899	2920
1899	2922
185	3035
185	3158
185	3145
185	2856
185	2866
185	2938
185	2961
185	2843
185	2900
185	2860
185	3046
185	3045
185	2910
185	3031
185	2967
185	3036
185	3216
185	3416
185	2895
185	3012
185	2872
1396	2856
1396	3158
1396	2866
1396	2971
1396	2865
1396	2855
1396	2961
1396	3003
1396	2843
1396	3036
1396	2921
1396	2903
1396	3241
1396	3032
1396	3145
1396	2872
1396	2877
1396	2860
1396	3342
1396	2885
1396	2928
1396	2858
913	3246
913	2863
913	2960
913	2855
913	3245
913	2972
913	3248
913	2940
913	2856
913	2961
913	2881
913	2851
913	3174
913	2829
913	3158
913	2868
913	2836
913	2971
913	2866
913	3054
913	3032
913	3064
913	2903
913	2932
913	3149
913	3034
913	3045
913	3046
913	2848
913	2954
913	2839
913	2981
913	3055
913	2857
913	2904
913	2860
913	3003
913	3167
913	2956
913	2937
913	2885
913	2938
913	2827
913	2907
913	2935
913	2925
913	2942
913	2891
913	2843
913	2871
913	3042
913	2864
913	3242
913	2879
913	3043
913	3204
913	2900
1711	2982
1711	2879
1711	2983
1711	2864
1711	2863
1711	2839
1711	2994
1711	2841
1711	3149
1711	2836
1711	2829
1711	3153
1711	2961
1711	2827
1711	2860
1711	2843
1711	2893
1711	3325
1711	2877
1711	2856
1711	2903
1711	3053
1711	2867
1711	2890
1711	2895
1711	2851
1711	2954
1711	2857
1711	3043
1711	2971
1711	2881
1711	3075
1711	3072
1711	2855
1711	3012
1711	2866
1711	3036
1711	2885
2666	3382
2666	2952
2666	2848
2666	3287
2666	3043
2666	3040
2666	2843
2666	2892
2666	2960
2666	2856
2666	2961
2666	2879
2666	2993
2666	2957
2666	3175
2666	2855
2666	3451
2666	3036
2666	2839
2666	2963
2666	2829
2666	2896
2666	3262
2666	2925
2666	2877
2666	2954
2666	2865
2666	2903
2666	2890
2666	2885
2666	3166
2666	3207
2666	2908
2666	2959
2666	3057
2666	2827
2666	2942
2666	2851
2666	2994
2666	2983
2666	2863
2666	3027
2666	3025
2666	3051
2666	3277
2666	2876
2666	2924
2666	2923
2666	2866
2666	2854
2666	3320
2666	3198
2666	2921
2666	3008
2666	2864
2666	2845
2666	2891
2666	3007
2666	3179
2666	2897
2666	2895
2666	2900
2666	3351
2666	2981
2666	2868
2666	3121
2666	2853
2666	2941
2666	2972
2666	2857
2666	2882
2624	2994
2624	2851
2624	2855
2624	2856
2624	2839
2624	2867
2624	2890
2624	2841
2624	3064
2624	2866
2624	2924
2624	3242
2624	2843
2624	3044
2624	2860
2624	2877
2624	2836
2624	3053
2624	2863
2624	2858
2624	2881
2624	2983
2624	2864
2624	2938
2624	2848
2624	2921
2624	3045
2624	3032
2624	2857
2624	2910
2624	2879
2624	3046
2710	2856
2710	2843
2710	3132
2710	2851
2710	2855
2710	3216
2710	2961
2710	2890
2710	2867
2710	3013
2710	2866
2710	2900
2710	2903
2710	2827
2710	2836
2710	2895
2710	2877
2710	2904
2710	2863
2710	2983
2710	2864
2710	2848
2710	2885
2710	2938
2710	2860
2710	2858
2710	2921
2710	3043
2710	2908
2710	2857
2710	3032
2710	3045
2710	3046
2710	3055
2710	2845
2710	3037
2710	2988
2710	2901
2710	2902
2710	2879
2445	2961
2445	2863
2445	2983
2445	2851
2445	2839
2445	2843
2445	2865
2445	2827
2445	2845
2445	3008
2445	3003
2445	2860
2445	2855
2445	2841
2445	3064
2445	2866
2445	2907
2445	3242
2445	2877
2445	2856
2445	2890
2445	2836
2445	2867
2445	3075
2445	2881
2445	2864
2445	3032
2445	2848
2445	2857
2445	3045
2445	3030
2445	2908
2445	3046
2445	2830
2445	3479
9	2843
9	2851
9	2855
9	2866
9	2872
9	2856
9	2895
9	2839
9	2827
9	2961
9	2829
9	3158
9	2903
9	2836
9	3008
9	3043
9	3034
9	3036
9	2858
9	2865
9	3003
9	2857
9	2845
9	3190
9	3032
9	2890
9	2867
9	2877
9	2863
9	3075
9	2864
9	2983
9	3153
9	3045
9	3046
9	2938
9	2910
9	3006
9	3005
9	2860
700	3367
700	3149
700	2994
700	2890
700	2953
700	3311
700	2924
700	2864
700	2845
700	3012
700	2993
700	2868
700	2921
700	2879
700	2855
700	2885
700	3383
700	2839
700	2863
700	2867
700	2856
700	2851
700	2829
700	2827
700	2903
700	2866
700	2983
700	2876
700	2961
700	3043
700	3287
700	3173
700	3335
700	3052
700	2857
700	3008
700	2891
700	3036
2243	3367
2243	3149
2243	2994
2243	2890
2243	2953
2243	3311
2243	2864
2243	2845
2243	2924
2243	3012
2243	2993
2243	2921
2243	2868
2243	2932
2243	2962
2243	2863
2243	2851
2243	2855
2243	3057
2243	2857
2243	2843
2243	2856
2243	2885
2243	2967
2243	2903
2243	3009
2243	2891
2243	3352
2243	3023
2243	3069
2243	2866
2243	2896
2243	2865
2243	2839
2243	2827
2243	2829
2243	2841
2243	2963
2243	2877
2243	2848
2243	2960
2243	3035
2243	3058
2243	3072
2243	3026
2243	2934
2243	2895
2243	3322
2243	3032
2243	3037
2243	3003
2243	3008
2243	3480
2243	3169
2243	3036
81	3184
81	2863
81	3063
81	2885
81	3044
81	3040
81	2865
81	3115
81	2856
81	3058
81	2891
81	2845
81	3132
81	3216
81	2926
81	3325
187	2982
187	2983
187	2868
187	2864
187	2863
187	2902
187	2932
187	2901
187	2961
187	2845
187	3036
187	2855
187	2877
187	2856
187	3158
187	2866
187	2865
187	2829
187	3034
187	2893
187	2891
187	2967
187	2843
187	2836
187	2890
187	3008
187	2900
187	2851
187	2938
187	3012
187	2867
187	3053
187	2879
187	2848
187	3032
187	3190
187	2924
187	2910
187	2858
187	2872
187	3263
187	2925
187	3026
2329	2843
2329	2863
2329	2856
2329	3149
2329	2953
2329	2877
2329	2855
2329	2866
2329	2827
2329	2865
2329	2857
2329	2971
2329	2929
2329	3153
2329	3041
2329	2940
2329	2931
2329	2861
2329	3025
2329	3032
2329	3046
2329	3241
2329	3040
2329	3212
2329	2967
2329	2907
2329	3045
2329	3009
2329	2988
91	3135
91	2856
91	2866
91	3145
91	2891
91	3012
91	2961
91	3161
91	2855
91	2863
91	2864
91	3144
91	3003
91	2904
91	2829
91	2836
91	2890
91	2843
91	3027
91	2938
91	2860
91	2906
91	3013
91	2967
91	3282
91	3051
91	3046
91	3045
91	2865
91	2877
91	2983
91	3030
91	2827
91	2911
91	2963
91	3132
91	2926
91	3015
91	3009
91	3061
91	3324
91	3323
91	2857
91	2910
91	3032
91	2908
91	2858
91	2851
91	2876
91	2936
91	2960
91	3302
91	3140
91	3031
91	2934
91	3025
2627	2856
2627	3040
2627	2881
2627	2829
2627	2863
2627	2843
2627	2953
2627	2925
2627	3163
2627	2839
2627	2867
2627	2865
2627	2890
2627	2836
2627	2855
2627	2851
2627	2924
2627	3013
2627	2860
2627	2885
2627	2937
2627	2848
2627	2923
2627	3043
2627	2866
2627	2864
2627	2938
2627	3046
2627	2967
2627	3009
2627	3045
1	2856
1	2881
1	2829
1	2953
1	2925
1	3163
1	2994
1	2865
1	2896
1	2866
1	2890
1	2836
1	2867
1	2843
1	2900
1	3008
1	2857
1	2863
1	2855
1	2885
1	2938
1	3046
1	2864
1	3075
1	2858
1	2967
1	3009
1	2860
1	3045
69	2881
69	2856
69	2829
69	2863
69	2843
69	2953
69	2925
69	3163
69	2839
69	2890
69	2904
69	3055
69	2855
69	2851
69	3013
69	2860
69	2867
69	2866
69	2877
69	3008
69	3009
69	2938
69	3045
69	3046
69	2891
69	3043
69	2885
69	2848
69	2967
69	3325
69	2882
69	3187
69	3034
69	3026
685	2881
685	2856
685	2855
685	2929
685	2866
685	2829
685	2827
685	2953
685	2853
685	2867
685	2890
685	2872
685	3212
685	3032
685	2848
685	2843
685	2836
685	2938
685	3135
685	2857
685	2908
685	2860
685	3075
685	2864
685	2983
685	2862
685	2904
685	2858
685	3036
685	2961
685	2906
685	3052
685	2885
685	3046
685	3045
1244	3011
1244	2866
1244	2856
1244	2881
1244	2829
1244	2896
1244	2863
1244	2843
1244	2953
1244	2925
1244	3163
1244	2867
1244	2865
1244	2839
1244	2890
1244	3013
1244	2857
1244	2836
1244	2967
1244	2855
1244	2851
1244	2885
1244	2937
1244	2848
1244	2923
1244	2864
1244	3009
1244	3008
1244	2938
1244	2877
1244	2961
1806	3135
1806	2856
1806	2866
1806	2863
1806	2855
1806	2829
1806	2953
1806	2925
1806	3144
1806	2961
1806	2890
1806	2839
1806	2843
1806	2872
1806	2836
1806	2857
1806	2900
1806	3008
1806	3003
1806	3026
1806	3018
1806	3331
1806	2867
1806	2881
1806	2938
1806	2864
1806	2891
1806	2908
1806	2858
1806	3032
1806	3043
1806	2860
1806	2885
1806	3282
1806	3040
1806	3046
1806	3045
1211	2923
1211	3030
1211	2829
1211	2865
1211	2851
1211	2866
1211	2910
1211	2848
1211	3043
1211	2843
1211	2857
1211	2860
1211	3032
1211	3144
1211	2896
1211	3046
1211	3045
1211	2961
1211	2967
1211	3216
1211	3026
1211	3034
1211	3282
1211	2885
1211	2890
1211	2867
1211	3008
1211	2938
1211	2891
1211	2908
1211	2858
1211	2863
1211	3012
1211	3031
1211	3011
1211	3040
1211	2872
1211	2856
1330	2876
1330	3226
1330	2960
1330	3166
1330	2972
1330	2856
1330	3059
1330	2838
1330	3057
1330	2903
1330	2885
1330	2961
1330	2827
1330	2866
1330	3481
1330	2999
1330	2881
1330	3012
1330	3329
1330	2988
1330	3026
1330	3071
1330	2926
1330	2897
802	2982
802	2856
802	2957
802	2839
802	2827
802	2959
802	2866
802	2868
802	2938
802	3067
802	3314
802	3141
802	2993
2661	2894
2661	3209
2661	2995
2661	2836
2661	2839
2661	2896
2661	3017
2661	2952
2661	2957
2661	3169
2661	2857
2661	2872
2661	2856
2661	3040
2661	2858
2661	3114
2661	2940
2661	2863
2661	2843
2661	2924
2661	2993
2661	2868
2661	2827
2661	2953
2661	2879
2661	2960
1656	2881
1656	3011
1656	2856
1656	2851
1656	2866
1656	2900
1656	2879
1656	2864
1656	2967
1656	3009
1656	2839
1656	3160
1656	3260
1656	3003
1656	2863
1656	2827
1656	2843
1656	2829
1656	3064
1656	3034
1656	3172
1656	2855
1656	2848
1656	2924
1656	3012
1892	3226
1892	3166
1892	2856
1892	2863
1892	2889
1892	3272
1892	2879
1892	3012
1892	2984
1892	2839
1892	2862
1892	2948
1892	2848
1892	2960
1892	2993
1892	2827
1892	3149
1892	3358
1892	2949
1892	2963
1892	2896
1892	2992
1892	3482
1892	3071
1892	3007
1892	3085
1892	2915
1892	3185
1892	3256
1892	2888
1892	3232
1892	2853
1892	3084
1892	2918
1892	2925
1892	3107
1892	3017
1892	2953
1892	2855
1892	2829
1892	2857
1892	2959
1892	3483
1892	3359
1892	2877
1892	2890
1892	2876
1892	3206
1892	3263
1892	3051
1892	3160
1892	3260
1892	2865
1892	3453
1892	2836
1892	2924
1892	2964
1892	2994
1892	2923
1892	2864
1892	2868
1892	2860
1892	2892
1892	2891
1892	3032
1892	3484
1892	3485
1892	3486
1892	3040
1892	3026
1892	3058
1892	2881
1892	3034
1892	2982
1892	2957
1892	2851
1892	3487
1892	3304
1892	3488
1892	3489
1892	3214
2407	2982
2407	2863
2407	2856
2407	2843
2407	3003
2407	2959
2407	2839
2407	2961
2407	2868
2407	2983
2407	2879
2407	2841
2407	3008
2407	3063
2407	2998
1018	2995
1018	3209
1018	2957
1018	2952
1018	2879
1018	2839
1018	2836
1018	2896
1018	2953
1018	2827
1018	2868
1018	2924
1018	2993
1018	2940
1018	2889
1018	2894
1018	3114
1018	2960
1018	2857
1018	3017
1018	3169
1018	3040
1018	2856
1018	2858
1018	2872
1018	3128
1018	3130
1018	2938
1018	2829
1018	3066
1018	2864
1018	3022
31	3069
31	2961
31	2843
31	2860
31	2856
31	3041
31	2863
31	2953
31	2885
31	2855
31	2876
31	2960
31	2865
31	2829
31	2839
31	2957
31	2903
31	3067
31	2866
31	2848
31	3057
31	2951
31	2959
31	3181
31	2972
31	3059
31	2994
31	2868
31	2880
31	2923
31	2894
31	2881
31	2971
31	2924
31	2857
31	2851
31	3166
31	3023
31	2827
31	2890
31	2904
31	2864
31	2867
31	2879
31	2949
31	2900
31	3032
31	3145
31	2896
31	2892
31	2841
31	2910
31	3042
31	2882
31	3205
31	2888
31	3483
31	3158
31	3174
31	2950
31	2938
31	2948
31	3160
31	3260
31	3027
31	3266
31	2970
31	3243
31	3048
31	2889
31	2956
31	3026
31	2891
31	3169
31	3035
31	2934
31	2895
31	3055
31	3037
31	3180
31	2906
31	3267
677	3036
677	2907
677	2848
677	3046
677	3045
677	2856
677	2923
677	3158
677	2924
677	2851
677	3032
677	2960
677	3145
677	2866
677	3031
677	2963
677	2967
677	2885
677	3199
677	3034
677	3191
677	3008
677	3153
677	3064
677	2921
677	3241
677	2872
677	2891
124	2856
124	2866
124	3011
124	2881
124	2843
124	3145
124	2961
124	2863
124	3153
124	3037
124	2890
124	2857
124	3003
124	2845
124	3008
124	2854
124	3064
124	3032
124	3242
124	2879
124	2903
124	3034
124	2827
124	2867
124	3053
124	2851
124	2900
124	2983
124	2864
124	2938
124	2910
124	3045
124	3030
124	2858
124	3198
124	2848
124	2855
124	2967
124	2860
124	3035
124	2965
124	2924
124	3043
124	3046
1849	2866
1849	2856
1849	2881
1849	3011
1849	2843
1849	3145
1849	2863
1849	2961
1849	3032
1849	3153
1849	3037
1849	3008
1849	2845
1849	3003
1849	2857
1849	2890
1849	2854
1849	3064
1849	3242
1849	2855
1849	2864
1849	2877
1849	2867
1849	2848
1849	2860
1849	3132
1849	2971
1849	2983
1849	2910
1849	2924
1849	2923
1849	2872
1849	2938
1849	3045
1849	3035
1849	3288
1849	3046
2464	3009
2464	2866
2464	3032
2464	2961
2464	2867
2464	2983
2464	2881
2464	2879
2464	2864
2464	2843
2464	2856
2464	2938
2464	2855
2464	2863
2464	2869
2464	2860
2464	2921
2464	2854
2464	2910
2464	2903
2464	3034
2464	2848
2464	3053
2464	3008
2464	2967
2464	3242
2464	3064
2464	3046
2464	3045
2464	3153
2464	3011
2464	3037
2464	2857
2464	3003
2464	2845
2464	3145
2464	2890
2701	3032
2701	2848
2701	2867
2701	2856
2701	2924
2701	2961
2701	2857
2701	2863
2701	2854
2701	2855
2701	2879
2701	2864
2701	2890
2701	2866
2701	2843
2701	3139
2701	3153
2701	2881
2701	3011
2701	2983
2701	2851
2701	3145
2701	3037
2701	3242
2701	3064
2701	3008
2701	3003
2701	2845
2701	3490
2508	3037
2508	2857
2508	2856
2508	3003
2508	2845
2508	3008
2508	3153
2508	2863
2508	2881
2508	3011
2508	2843
2508	2866
2508	2867
2508	2854
2508	2879
2508	2890
2508	2961
2508	2877
2508	2903
2508	2851
2508	2860
2508	2904
2508	2858
2508	2827
2508	3053
2508	2921
2508	2983
2508	2864
2508	3046
2508	3145
2508	3064
2508	3242
2508	3045
2508	2926
2508	2882
2508	2906
1456	2983
1456	2881
1456	2879
1456	2864
1456	2867
1456	2856
1456	3032
1456	2961
1456	3043
1456	2860
1456	2921
1456	2843
1456	2857
1456	3242
1456	2904
1456	2869
1456	2855
1456	2910
1456	3064
1456	2967
1456	3008
1456	2866
1456	3034
1456	2903
1456	3153
1456	2906
1456	2882
1456	3007
1456	3011
1456	2863
1456	2854
1456	2890
1456	3037
1456	3003
1456	2845
1456	3145
1718	2856
1718	2866
1718	3158
1718	2863
1718	3036
1718	2877
1718	2855
1718	2890
1718	2836
1718	2872
1718	2961
1718	2843
1718	2867
1718	2829
1718	3030
1718	3053
1718	2983
1718	3153
1718	2920
1718	2922
1718	3242
1718	3043
1718	2860
1718	3046
1718	3145
1718	3045
1718	2848
1718	3017
1718	3032
1718	3008
1718	2910
1718	3262
1718	2851
1718	2907
1718	2864
1718	2938
1718	2827
1718	2854
1718	2903
1718	3035
1718	2845
1718	3011
1718	3029
1718	2967
1718	3307
1718	3009
1718	2857
1718	3022
1718	2881
1718	3004
1718	3003
1718	2879
746	2994
746	2957
746	2863
746	3012
746	3166
746	2952
746	3017
746	2851
746	2903
746	2954
746	2829
746	2872
746	2866
746	2924
746	2938
746	2857
746	2848
746	3032
746	3036
746	3034
746	2877
746	2856
746	2907
746	3158
746	3174
746	2896
746	2831
746	2839
746	3160
746	3260
746	2827
746	3029
746	3394
746	3395
746	2879
746	2881
746	2953
746	3105
746	3491
746	3283
746	2891
746	3203
746	2960
746	2860
746	2855
746	2865
746	3132
746	2864
746	2937
746	2885
936	2856
936	3011
936	2866
936	2827
936	2948
936	2855
936	2851
936	2903
936	2890
936	2877
936	2843
936	2836
936	3030
936	2829
936	3034
936	2953
936	2885
936	3072
936	3145
936	2860
936	2848
936	2900
936	2867
936	2910
936	2961
936	3158
936	2908
936	2938
936	2857
936	3032
936	3045
936	2869
936	2971
936	3046
936	2845
936	2983
936	2864
1935	2856
1935	2866
1935	3011
1935	2827
1935	2948
1935	2855
1935	2851
1935	2903
1935	2890
1935	2877
1935	2843
1935	2836
1935	3030
1935	2829
1935	2953
1935	2860
1935	2900
1935	3032
1935	3064
1935	3145
1935	2924
1935	2885
1935	3008
1935	3034
1935	2867
1935	2983
1935	2864
1935	2938
1935	2933
1935	3037
1935	2967
1935	2910
1935	2848
1935	2971
1935	3045
1935	2960
1935	2961
1935	2863
1935	2881
1935	2895
1839	2863
1839	2855
1839	2881
1839	2839
1839	2827
1839	2843
1839	2867
1839	2877
1839	2829
1839	3045
1839	3046
1839	2858
1839	2866
1839	2856
1839	2890
1839	3003
1839	3030
1839	3053
1839	2983
1839	2900
1839	3135
1839	2851
1839	2904
1839	3008
1839	3158
1839	2961
1839	2860
1839	2857
1839	3032
1839	2848
1839	3190
1839	2906
1839	3145
1839	2971
1839	2938
1839	3011
1839	2920
1839	2922
1839	2924
1839	3242
1839	2903
1316	2866
1316	3011
1316	2863
1316	2877
1316	3043
1316	2961
1316	2836
1316	2890
1316	2865
1316	3030
1316	2856
1316	2827
1316	2855
1316	3149
1316	3145
1316	2843
1316	2851
1316	2948
1316	2938
1316	3022
1316	2867
1316	2829
1316	2848
1316	2903
1316	3144
1316	3017
1316	2857
1316	3032
1316	2953
1316	2925
1316	3057
1316	2971
1316	3046
1316	2860
1316	3045
1316	3158
1316	3008
1316	3036
1316	3026
1316	2885
2391	3011
2391	2866
2391	2877
2391	2857
2391	3057
2391	2827
2391	2865
2391	2829
2391	2963
2391	2843
2391	2890
2391	2998
2391	2855
2391	2925
2391	2953
2391	2851
2391	2856
2391	2920
2391	2922
2391	2841
2391	2938
2391	3037
2391	3158
2391	2967
2391	2900
2391	2895
2391	2903
2391	2836
2391	2867
2391	2863
2391	3043
2391	2921
2391	2961
2391	2885
2391	3034
2391	3216
2391	3046
2391	3045
2391	3075
2391	3032
2391	2860
2391	3013
2391	2879
2391	2864
2391	2983
2391	2858
2417	2866
2417	3011
2417	2877
2417	2857
2417	2851
2417	3149
2417	3057
2417	2856
2417	3030
2417	2827
2417	2829
2417	2865
2417	2953
2417	3013
2417	2848
2417	2843
2417	2994
2417	2925
2417	2841
2417	2920
2417	2922
2417	2885
2417	3008
2417	2897
2417	2900
2417	2895
2417	2903
2417	2836
2417	2890
2417	2867
2417	2863
2417	2855
2417	2860
2417	2864
2417	2907
2417	2961
2417	2921
2417	3043
2417	3045
2417	3032
2417	2924
2417	3046
2417	2938
2417	3369
2695	2866
2695	3011
2695	2903
2695	2848
2695	2896
2695	2857
2695	2829
2695	3057
2695	2954
2695	2953
2695	2855
2695	2856
2695	2843
2695	2827
2695	2841
2695	2961
2695	2863
2695	2900
2695	2895
2695	2836
2695	2867
2695	2890
2695	3075
2695	2858
2695	2877
2695	3158
2695	2983
2695	2864
2695	2971
2695	2860
2695	3032
2695	2924
2695	3013
2695	2897
2695	2925
2695	3043
2695	3046
2695	3045
2695	3034
2695	3036
2695	2922
2695	2920
1447	2866
1447	3011
1447	2863
1447	2865
1447	2855
1447	2829
1447	2896
1447	3057
1447	2953
1447	2827
1447	2890
1447	2843
1447	2994
1447	2856
1447	3013
1447	2841
1447	2920
1447	2922
1447	2900
1447	2895
1447	2903
1447	2836
1447	2867
1447	2848
1447	2897
1447	2860
1447	2857
1447	3032
1447	3045
1447	2864
1447	2938
1447	3043
1447	2925
1447	3046
1447	2983
1447	3369
1447	3158
1447	2885
1447	3037
1241	3011
1241	2866
1241	2863
1241	2839
1241	3057
1241	2890
1241	2856
1241	2998
1241	2848
1241	2855
1241	3003
1241	2829
1241	2953
1241	3030
1241	2938
1241	2841
1241	2922
1241	3158
1241	2827
1241	2836
1241	2920
1241	2860
1241	3342
1241	2928
1241	2925
1241	2867
1241	2843
1241	3032
1241	2900
1241	2885
1241	3045
1241	3043
1241	2851
1241	2921
1241	2857
1241	3034
1241	3216
1241	3009
1241	2907
1241	3075
1241	2864
1241	3046
1241	2904
1241	3055
1241	3008
1241	2983
1241	2924
798	2856
798	2863
798	2961
798	2839
798	3057
798	2829
798	2953
798	2890
798	3149
798	3013
798	2866
798	2827
798	2903
798	2867
798	2857
798	2904
798	2906
798	2938
798	3011
798	2865
798	2925
798	2900
798	2895
798	2836
798	2843
798	3030
798	3008
798	2855
798	2908
798	3032
798	2851
798	3043
798	2971
798	2864
798	2860
798	2858
798	3135
798	3036
798	3369
798	3045
798	3046
1086	2866
1086	2877
1086	2851
1086	3030
1086	3057
1086	2865
1086	2829
1086	2827
1086	2843
1086	2856
1086	2848
1086	2890
1086	2953
1086	2904
1086	3055
1086	2920
1086	2922
1086	2895
1086	2900
1086	2903
1086	2836
1086	2855
1086	2863
1086	2921
1086	2961
1086	3011
1086	3045
1086	2857
1086	3035
1086	3032
1086	2902
1086	2901
1086	3012
1086	2967
1086	2947
1086	3046
1086	2971
1086	2908
1086	2872
1086	2938
1086	2860
1086	3145
1086	3022
1086	2864
1086	3008
1086	3171
1086	2983
1086	3068
1086	3014
2327	2863
2327	2866
2327	3011
2327	2851
2327	2836
2327	3030
2327	2855
2327	3017
2327	3003
2327	2856
2327	2867
2327	2865
2327	2827
2327	2920
2327	2864
2327	2922
2327	2910
2327	2890
2327	2843
2327	3158
2327	3008
2327	2907
2327	2877
2327	2885
2327	3034
2327	3043
2327	2860
2327	2857
2327	3046
2327	2897
2327	3045
2327	2900
2327	2879
2327	2938
2327	2998
2327	3009
2327	3216
2047	2866
2047	3011
2047	2863
2047	2896
2047	3057
2047	2865
2047	2890
2047	2827
2047	2994
2047	2829
2047	3034
2047	2843
2047	2841
2047	2953
2047	2925
2047	2963
2047	2967
2047	3061
2047	2864
2047	3022
2047	3216
2047	2938
2047	2920
2047	2922
2047	2860
2047	3013
2047	2897
2047	3069
2047	2867
2047	2900
2047	2856
2047	2895
2047	2903
2047	2836
2047	2877
2047	2851
2047	3135
2047	2908
2047	2855
2047	2983
2047	2921
2047	2907
2047	2848
2047	2857
2047	3046
2047	3045
2047	3052
2047	2881
2047	3062
1245	2866
1245	3011
1245	2848
1245	2903
1245	2896
1245	2857
1245	2829
1245	2855
1245	2856
1245	2864
1245	3013
1245	3369
1245	3057
1245	2890
1245	3003
1245	2953
1245	2925
1245	2851
1245	2843
1245	2904
1245	2922
1245	2906
1245	2920
1245	2860
1245	2877
1245	2867
1245	2836
1245	3030
1245	2865
1245	2961
1245	3055
1245	2839
1245	2863
1245	2924
1245	2938
1245	2921
1245	2908
1245	3045
1245	3046
1245	3317
1245	3052
1245	3043
1245	3131
415	2866
415	3011
415	2848
415	2903
415	2896
415	2857
415	2829
415	2961
415	2856
415	2863
415	2855
415	2851
415	2953
415	2865
415	3149
415	2867
415	2967
415	2925
415	2890
415	2843
415	2921
415	2836
415	2900
415	2879
415	2877
415	2864
415	2858
415	2908
415	2971
415	2910
415	2882
415	3037
415	2862
415	3012
415	3008
415	2839
415	2827
415	2938
415	2860
415	2872
415	3032
415	2924
897	3011
897	2866
897	2863
897	2855
897	2851
897	2856
897	2896
897	2865
897	3057
897	3149
897	3013
897	2843
897	2953
897	2994
897	2829
897	2827
897	2841
897	2920
897	2922
897	2938
897	2900
897	2895
897	2903
897	2836
897	2867
897	2890
897	3043
897	2924
897	2921
897	3022
897	3032
897	2910
897	3045
897	2897
897	2925
897	2860
897	2879
897	3075
897	3046
897	2908
897	2983
897	2864
897	3369
1306	3166
1306	2952
1306	2924
1306	3012
1306	2957
1306	2863
1306	2855
1306	2994
1306	2839
1306	2848
1306	2856
1306	2851
1306	2836
1306	2857
1306	2938
1306	3158
1306	2891
1306	2866
1306	3032
1306	3174
1306	2937
1306	2896
1306	3190
1306	2831
1306	2903
1306	2827
1306	3394
1306	3395
1306	2921
1306	3160
1306	3260
1306	2865
1306	3008
1306	3036
1306	3034
1306	2877
1306	3341
1306	3295
1306	3203
1306	3040
1306	2881
1306	2953
1306	2872
1306	3283
1306	3105
1306	3491
1306	2860
1306	2885
1306	2967
1306	2962
1306	2843
1306	2879
1306	3017
1306	2868
1306	3051
1306	2998
1306	2960
1306	3011
1439	2855
400	2881
400	2863
400	2851
400	2957
400	2953
400	2872
400	2866
400	2856
400	3032
400	2994
400	2855
400	2971
400	2972
400	3174
400	2858
400	2848
400	3262
400	2843
400	3158
400	2891
400	3149
400	2885
400	2961
400	2900
400	2864
400	3034
400	3153
400	2865
400	3483
400	2934
400	3216
400	3026
400	2895
400	3314
400	3317
400	2879
400	3141
400	2998
400	3133
400	3283
400	3105
400	3491
400	3211
400	3210
400	3051
366	2855
366	2848
366	2865
366	2896
366	2827
366	2866
366	2856
366	2960
366	2864
366	2924
366	2963
366	2829
366	2933
366	3207
366	2967
366	3492
1054	2938
1054	2867
1054	2855
1054	2864
1054	2983
1054	2860
1054	3011
1054	2932
1054	2866
1054	2856
1054	2863
1054	2881
1054	2890
1054	2836
1054	3003
1054	2845
1054	2857
1054	2851
1054	2839
1054	2903
1054	3153
1054	2891
1054	2896
1054	2858
1054	3008
1054	3045
1054	3037
1054	3053
1054	2907
1054	2848
1054	3032
1054	2910
1054	3046
638	2972
638	2892
638	2876
638	2881
638	2960
638	2855
638	2961
638	2829
638	3174
638	2865
638	2856
638	2895
638	3017
638	2957
638	2900
638	2839
638	2845
638	3158
638	2904
638	3055
638	2848
638	3131
638	2860
638	2920
638	2922
638	3262
638	3141
638	3032
638	2903
638	2885
638	2866
638	2956
638	2891
638	3036
638	3160
638	3260
638	2863
638	2868
638	3205
638	2836
638	3030
638	3187
638	2827
638	3145
638	2897
638	2864
638	2998
638	3130
638	2851
638	2879
638	3132
638	2907
638	2993
638	2924
638	3321
638	2872
638	3146
638	3042
638	3153
638	3013
638	3074
638	3045
638	3046
638	3179
638	3008
638	2934
638	3143
638	3034
638	3210
638	3211
638	3283
638	3107
945	2829
945	2967
945	3207
945	2855
945	2856
945	2848
945	2866
945	2865
945	2896
945	2827
945	2960
945	2864
945	2924
945	2963
945	2933
542	3215
542	3197
320	2881
320	2877
320	2855
320	2865
320	2848
320	2866
320	2836
320	2890
320	2856
320	2863
320	3006
320	3008
320	2900
320	2867
320	2958
320	2851
320	2864
320	2891
320	2879
320	2908
320	2921
320	2961
320	2938
320	2857
320	3037
320	2901
320	3032
320	2843
320	2948
320	2903
320	2834
320	2885
320	3026
320	3031
320	2967
320	2934
320	3282
320	3307
320	3158
2732	2863
2732	2856
2732	3011
2732	2866
2732	2983
2732	2961
2732	2855
2732	3058
2732	2865
2732	3037
2732	3003
2732	2845
2732	3008
2732	2843
2732	2827
2732	2867
2732	3053
2732	3043
2732	2848
2732	3032
2732	2851
2732	2860
2732	2885
2732	3007
2732	2877
2732	3153
2732	2903
2732	2854
2732	3044
2732	2864
2732	3030
2732	2932
2732	2881
2732	2900
2732	3075
2732	2858
2732	3036
2732	2938
1432	2863
1432	2856
1432	3011
1432	2866
1432	2961
1432	2855
1432	3158
1432	3058
1432	3030
1432	2865
1432	2962
1432	2857
1432	3037
1432	2827
1432	3003
1432	2845
1432	3008
1432	2867
1432	3053
1432	2848
1432	3043
1432	3032
1432	2851
1432	2860
1432	3242
1432	2885
1432	3007
1432	2877
1432	2843
1432	2836
1432	2921
1432	2879
1432	2922
1432	2920
1432	3046
1432	3045
1432	3188
1432	2971
1432	3017
1432	2924
1432	2864
1432	2983
1584	2856
1584	2863
1584	2866
1584	3011
1584	2961
1584	3158
1584	3058
1584	2865
1584	2857
1584	3037
1584	3003
1584	2845
1584	3008
1584	2827
1584	2867
1584	3053
1584	2848
1584	3043
1584	3032
1584	2851
1584	2860
1584	3007
1584	2885
1584	2877
1584	2967
1584	2895
1584	2843
1584	2903
1584	3145
1584	3030
1584	3153
1584	2983
1584	2864
1584	2854
1284	2863
1284	2856
1284	3375
1284	2866
1284	2903
1284	2864
1284	2961
1284	2855
1284	3037
1284	2827
1284	2843
1284	3003
1284	3008
1284	2845
1284	2897
1284	2854
1284	2971
1284	3064
1284	3242
1284	2867
1284	2865
1284	3053
1284	2848
1284	3043
1284	3032
1284	2851
1284	2860
1284	3007
1284	2877
1284	2967
1284	2895
1284	3153
1284	3145
1284	3030
1284	2857
1284	2885
1404	2866
1404	3367
2475	3392
2475	2827
2475	2954
2475	2839
2475	2829
2475	3291
2475	2959
2475	3012
2475	2924
2475	2933
2475	2855
2475	2856
2475	2864
2475	2972
2475	2866
2475	2993
2475	2999
2475	3481
2475	2948
2475	2957
2475	2953
2475	2903
2475	2919
2475	2982
2475	3493
2475	3317
2475	3334
2475	2936
2475	2846
2475	3066
2475	3026
2475	3031
2475	3023
2475	2998
2475	2851
2475	2843
2475	2848
2475	2989
2475	2961
2475	2881
2475	3366
2475	3166
2475	3079
2475	3092
2475	2925
2475	3383
2475	3173
2475	2831
2475	2861
2475	3059
2475	2891
2475	2938
1799	2866
1799	2856
1799	2855
1799	2961
1799	2843
1799	2829
1799	3145
1799	3158
1799	2854
1799	2956
1799	2963
1799	2867
1799	2839
1799	3153
1799	2851
1799	2860
1799	2900
1799	3009
1799	2932
1799	3008
1799	2890
1799	2877
1799	2863
1799	3075
1799	2920
1799	2922
1799	2983
1799	2858
1799	2924
1799	2891
1799	2938
1799	2958
1799	3045
1799	3046
1799	3242
1801	2843
1801	3051
1801	2863
1801	2851
1801	2856
1801	2872
1801	3043
1801	3145
1801	2848
1801	2963
1801	3053
1801	2890
1801	2961
1801	3032
1801	2904
1801	2857
1801	2867
1801	2877
1801	2866
1801	2829
1801	2895
1801	2827
1801	3036
1801	2902
1801	2938
1801	2958
1801	2906
1801	3153
1801	3242
1801	2868
1801	3003
1801	3158
1801	2836
1801	2865
1801	2903
1801	2858
1801	2855
1801	2983
1801	2924
1801	3035
1801	2891
1801	2921
1801	3241
1801	2960
1801	2876
1801	3046
1801	3045
1801	2967
1801	3026
905	2829
905	2827
905	2881
905	2865
905	2994
905	2903
905	2856
905	2961
905	2866
905	2836
905	2855
905	2851
905	3008
905	2900
905	2890
905	2867
905	2877
905	2863
905	3075
905	2983
905	2864
905	2860
905	2843
905	3046
905	3032
905	2910
905	3045
1012	2855
1012	2863
1012	2843
1012	2839
1012	2921
1012	2961
1012	2856
1012	2866
1012	3158
1012	2896
1012	2836
1012	2865
1012	2890
1012	2900
1012	3008
1012	2867
1012	3043
1012	2877
1012	2983
1012	2864
1012	2907
1012	3045
1012	3046
1012	2958
1012	2848
1012	2908
1012	3011
1012	2960
1012	2857
1012	2938
1012	3032
1012	2851
1012	2923
1012	2827
1177	2998
1177	2851
1177	2839
1177	2855
1177	3158
1177	2827
1177	3145
1177	2843
1177	2856
1177	3003
1177	2961
1177	2863
1177	2877
1177	2890
1177	2836
1177	2867
1177	2865
1177	2983
1177	2864
1177	2896
1177	2908
1177	2829
1177	2848
1177	2866
1177	2948
1177	3045
1177	2903
1177	2963
1177	3053
1177	2857
1177	2967
1177	2860
1177	3032
1177	3046
1177	2938
1177	2910
1177	3241
1177	2900
1177	2921
1177	3008
1177	3026
1177	3183
1177	3009
1748	2981
2124	3003
2124	2863
2124	2994
2124	2841
2124	2851
2124	3188
2124	2857
2124	2856
2124	2843
2124	2860
2124	2938
2124	2891
2124	2882
2124	3036
2124	2872
2124	2961
2124	2895
2124	2855
2124	3032
2124	3214
2124	3135
2124	2900
2124	2890
2124	3064
2124	3190
2124	2866
2124	2998
1877	3067
1877	2855
1877	2856
1877	2864
1877	2894
1877	3177
1877	3092
1877	2836
1877	3072
1877	3086
1877	3027
1877	3198
1877	2872
1877	3032
1877	2863
1877	2901
1877	2902
1877	2860
1877	3269
1877	2889
1877	2938
1877	2967
1877	3308
1877	2961
1877	2843
1877	3321
1877	2956
1877	2865
1877	2841
1877	3012
1877	3009
1877	2926
1877	2925
1877	2857
1877	2866
1877	2829
1877	3035
1877	3190
1877	3179
1877	3061
1877	2903
1877	3025
1877	2900
1877	2932
1877	3160
1877	3260
1877	2851
2592	3059
2592	2904
2592	3055
2592	3012
2592	2960
2592	2876
2592	2848
2592	2864
2592	2868
2592	2956
2592	2827
2592	2963
2592	2856
2592	3043
2592	2866
2592	2921
2592	3161
2592	3316
2592	3493
2592	3375
2173	2881
2173	2855
2173	3043
2173	2851
2173	2866
2173	2843
2173	2856
2173	2829
2173	2839
2173	2836
2173	3003
2173	2857
2173	2845
2173	3008
2173	2827
2173	2863
2173	2867
2173	2877
2173	2865
2173	3053
2173	2903
2173	3030
2173	3052
2173	2848
2173	2960
2173	2921
2173	3032
2173	3045
2173	2864
2173	2879
2173	2983
2173	2924
2173	2967
2173	3046
2173	3171
2173	3011
2018	3003
2018	2863
2018	2865
2018	2954
2018	2900
2018	2994
2018	2856
2018	2843
2018	3032
2018	2891
2018	2918
2018	2889
2018	2961
2018	2855
2018	3476
2018	2927
2018	3132
2018	2860
2018	3216
2018	2827
2018	2841
2018	3190
2018	3046
2018	3045
2018	2938
2018	2981
2018	3198
2018	3494
2018	2929
2018	2881
2018	3214
2018	2862
2018	2895
2018	2851
2018	2848
2018	2857
1216	2881
1216	3145
1216	2863
1216	2855
1216	2856
1216	2829
1216	2890
1216	2836
1216	2839
1216	2921
1216	3153
1216	2843
1216	2956
1216	3035
1216	2877
1216	3053
1216	2867
1216	3075
1216	2900
1216	3052
1216	2827
1216	2924
1216	3008
1216	2961
1216	3046
1216	3043
1216	2864
1216	3242
1216	3169
1216	3032
1216	2860
1216	2858
1216	3045
1216	3022
1216	3189
1216	2932
1216	3034
1216	2897
754	2862
754	3149
754	2851
754	2843
754	2841
754	2961
754	2855
754	2863
754	3153
754	2890
754	3191
754	2848
754	3173
754	2846
754	2882
754	2892
754	2864
754	3495
754	2908
754	2856
754	3003
754	2867
754	2839
754	2860
754	3046
754	3045
754	2891
754	2967
754	2934
754	3051
2700	2877
2700	2863
2700	2961
2700	3040
2700	2856
2700	2881
2700	2866
2700	2843
2700	2904
2700	2906
2700	2829
2700	3191
2700	2867
2700	2920
2700	2922
2700	3046
2700	3045
2700	2857
2700	2827
2700	2860
2700	2851
2700	3032
2700	2938
2700	3008
2700	3031
2700	2848
2700	2836
2700	2983
2700	2864
2700	2900
2700	2855
2700	3158
2700	2885
2700	2910
2700	3043
2700	2858
2700	3072
2700	2971
2700	2872
2700	3063
2700	2960
2700	2929
2700	2930
2700	2846
2700	3012
2700	3131
2700	2903
2700	2926
2700	2891
2700	2908
2700	3496
2700	2967
2700	2962
2700	3140
2700	3059
2700	2892
2700	2876
2700	2972
2700	2879
2700	2924
2700	2845
2700	2921
2700	3055
2700	3036
2700	3018
1533	2953
1533	2889
1533	2863
1533	2890
1533	2856
1533	2836
1533	2865
1533	2866
1533	2998
1533	2857
1533	2843
1533	2827
1533	2904
1533	3055
1533	2855
1533	2872
1533	3008
1533	3003
1533	2829
1533	2867
1533	3053
1533	2903
1533	3158
1533	3030
1533	2961
1533	2877
1533	3075
1533	2938
1533	2864
1533	2958
1533	3046
1533	3045
1533	2983
1533	2924
1533	2860
1533	2891
1533	2900
1533	3153
1533	2848
1533	3032
1533	2908
1533	2851
1533	2910
1533	3113
1533	3081
1533	2914
1533	2885
1533	3022
1533	2932
1533	3035
1533	3011
1533	3497
2642	2881
2642	2863
2642	2851
2642	2855
2642	3009
2642	2845
2642	2856
2642	2885
2642	2848
2642	2836
2642	3003
2642	2857
2642	3008
2642	2839
2642	2903
2642	3032
2642	2866
2642	2843
2642	2956
2642	2827
2642	3035
2642	2890
2642	2877
2642	2867
2642	3053
2642	2838
2642	2900
2642	2829
2642	2891
2642	3011
2642	2921
1346	3344
1346	2863
1346	2876
1346	2877
1346	3206
1346	2957
1346	2836
1346	3032
1346	2866
1346	2891
1346	2864
1346	2960
1346	3153
1346	2829
1346	2885
1346	2993
1346	2881
1346	2827
1346	3174
1346	3167
1346	2855
1346	2856
1346	2848
1346	2857
1346	2895
1346	3043
1346	2949
1346	2860
1346	2961
1346	2843
1346	2959
1346	2851
1346	2903
1346	2839
1346	2879
1346	2924
1346	3035
1346	3034
1346	2938
1346	2896
1346	3074
1346	2904
1346	3055
1346	2868
1346	2872
1041	2863
1041	2843
1041	2872
1041	2848
1041	3153
1041	2855
1041	2836
1041	3008
1041	2857
1041	3003
1041	2856
1041	2841
1041	2938
1041	2867
1041	2877
1041	2890
1041	2864
1041	2900
1041	2851
1041	2983
1041	3022
1041	2921
1041	2961
1041	2866
1041	3032
1041	2910
1041	2879
1041	2885
1041	2967
1041	2845
1041	2860
1041	3045
1041	3046
1041	3009
1041	2839
1412	2863
1412	2856
1412	2848
1412	2851
1412	2960
1412	2843
1412	2866
1412	2971
1412	3032
1412	2959
1412	2827
1412	2953
1412	3177
1412	2872
1412	2918
1412	3040
1412	2864
1412	3092
1412	2865
1412	2948
1412	2855
1412	2829
1412	3262
1412	2896
1412	2860
1412	2836
1412	3288
1412	2924
1412	2938
1412	2858
1412	3072
1412	2910
1412	2961
1412	2845
1412	3045
1412	3046
1412	3231
1412	3198
1412	2963
1412	2925
1412	2882
1412	2891
1442	2971
1442	2843
1442	2841
1442	3003
1442	2856
1442	2863
1442	3153
1442	2851
1442	2994
1442	2891
1442	2848
1442	2961
1442	2890
1442	2855
1442	2882
1442	3149
1442	2881
1442	2836
1442	2981
1442	2865
1442	2866
1442	2900
1442	2860
451	2881
451	2863
451	2839
451	2856
451	2903
451	2843
451	2827
451	2836
451	2829
451	2953
451	2845
451	3008
451	3003
451	2857
451	2925
451	2961
451	2890
451	2895
451	2867
451	2841
451	2956
451	2848
451	2921
451	2938
451	3032
451	2924
451	2937
451	2879
451	3022
451	3050
451	2864
451	2851
451	2866
451	2983
451	3046
451	2877
451	2860
451	2855
451	2858
451	3043
451	3012
451	2891
487	3212
487	2876
487	2929
487	2867
487	2856
487	2846
487	2843
487	2841
487	3003
487	2836
487	2863
487	3063
487	3008
487	2998
487	2900
487	3333
487	2827
487	2860
487	2890
487	3360
487	2932
487	3048
487	2912
487	2857
487	2862
487	2911
487	2927
487	3046
487	3045
487	2865
487	3030
487	2908
487	2938
487	3217
487	3132
487	3319
487	3037
487	3143
487	3329
487	3105
487	3186
487	2988
487	3086
487	2855
487	3156
1808	3234
1808	2868
1808	2864
1808	3166
1808	3012
1808	2862
1808	2846
1808	2954
1808	2856
1808	3199
1808	3200
1808	3498
1808	2851
1808	2855
1808	2885
1808	2843
1808	2890
1808	2893
1808	2961
1808	2960
1808	2863
1808	2897
1808	2876
1808	2971
1808	2948
1808	2901
1808	2902
1808	3167
1808	2827
1808	2891
1808	2845
1808	2838
1808	3032
1808	3008
1808	3354
1808	2829
1808	2919
134	2895
134	2856
134	2938
134	2863
134	2855
134	3032
134	2851
134	2866
134	2839
134	2843
134	3003
134	2836
134	2845
134	3008
134	2857
134	2829
134	2890
134	2867
134	2881
134	2983
134	2864
134	2879
134	2877
134	2910
134	3009
134	3043
134	2921
134	2961
134	3046
134	2924
134	3045
134	3011
1200	2843
1200	2863
1200	2856
1200	2948
1200	2890
1200	2961
1200	2903
1200	2954
1200	2848
1200	2923
1200	2839
1200	2855
1200	2877
1200	3030
1200	2865
1200	2857
1200	3003
1200	3008
1200	2938
1200	2881
1200	2867
1200	3012
1200	2866
1200	2860
1200	2851
1200	2864
1200	2908
1200	2921
1200	2885
1200	3045
1200	2910
1200	3046
1200	3032
1200	2922
1200	2902
1200	3011
1200	3158
1200	2892
1200	2879
1200	2901
1200	2920
1200	3191
812	2855
812	3153
812	2881
812	3012
812	2843
812	3003
812	2863
812	2856
812	2836
812	2890
812	2829
812	2900
812	2895
812	3008
812	2867
812	2958
812	2994
812	2866
812	2858
812	2924
812	2938
812	2961
812	2848
812	2857
812	3032
812	3046
812	3236
812	3045
812	3026
812	2877
690	2863
690	2855
690	2843
690	3012
690	2900
690	2938
690	3043
690	2961
690	3153
690	2856
690	3003
690	2829
690	2827
690	2836
690	3008
690	2890
690	2867
690	2877
690	2958
690	2864
690	2924
690	2891
690	2858
690	2866
690	2839
690	2857
690	2998
690	2908
690	2903
690	3030
690	3241
690	3075
690	2851
690	3145
690	3045
690	3046
690	2910
690	2879
1668	2977
1668	2951
1668	3234
1668	3051
1668	3161
1668	2843
1668	2863
1668	3302
1668	3499
1668	3152
1668	2901
1668	2848
1668	3166
1668	3012
1668	3068
1668	2902
1668	2972
1668	2952
1668	2957
1668	2960
1668	3032
1668	2989
1668	2851
1668	2920
1668	2922
1668	2876
1668	2879
1668	2855
1668	2868
1668	2880
1668	3042
1668	2921
1668	2856
1668	2908
1668	2885
1668	2993
1668	3006
1668	3005
1668	2891
62	2866
62	2855
62	2856
62	2863
62	3043
62	2851
62	2864
62	2829
62	2877
62	2836
62	2827
62	2867
62	3064
62	2906
62	2904
62	2857
62	2938
62	2958
62	2961
62	3241
62	2903
62	2895
62	2843
62	3158
62	2900
62	3030
62	2845
62	2848
62	2983
62	2924
62	2891
62	3046
62	3045
62	2858
62	2860
62	3032
62	3186
62	3062
62	2925
62	3145
62	3242
62	3252
62	3004
62	3500
819	2855
819	2856
819	2843
819	2881
819	2863
819	3153
819	2866
819	2953
819	2938
819	2839
819	2889
819	3049
819	3263
819	2853
819	3007
819	2851
819	2836
819	3008
819	2857
819	3003
819	2961
819	2890
819	2867
819	2877
819	2860
819	2983
819	2864
819	2879
819	2900
819	2958
819	2908
819	3046
819	2910
819	3032
819	3045
1588	2948
1588	3314
1588	2856
1588	2910
1588	2866
1588	2900
1588	3292
1588	2827
1588	2855
1588	2953
1588	2998
1588	3148
1588	2846
1588	2857
1588	2862
1588	3317
1588	2890
1588	2829
1588	2863
1588	2961
1588	3074
1588	2843
1588	2839
1588	2984
1588	2972
1588	2957
1588	3149
1588	2838
1588	2858
1588	2933
1588	2864
1588	2954
1588	2994
1588	2892
1588	3262
1588	2881
1588	2851
1588	2848
1588	3427
1588	3430
1588	3501
1588	3324
1588	3502
1588	3323
1588	2896
1588	2840
1588	2852
1588	3503
1588	3005
1588	3011
1588	3006
1588	3360
1588	2836
1588	2927
1588	3467
1588	3443
1588	3466
1588	3444
1588	3038
1588	2928
1588	2908
1588	2876
1588	2841
1588	2865
1588	2971
1588	3169
1588	3241
1588	3208
1588	2986
1588	2987
1588	2921
1588	2903
1588	2923
59	2885
59	2967
59	2827
59	2856
59	2855
59	2829
59	2839
59	2876
59	2927
59	2971
59	3262
59	2963
59	3044
59	2896
59	2866
59	3342
59	3038
59	2900
59	2860
59	2929
59	2843
59	2863
59	3032
59	2865
59	3031
59	3296
59	3132
59	3264
1978	2881
1978	2863
1978	2961
1978	2829
1978	2839
1978	2845
1978	2856
1978	2848
1978	2836
1978	3003
1978	3008
1978	2857
1978	2865
1978	2830
1978	2890
1978	2843
1978	2867
1978	2877
1978	3030
1978	2851
1978	2855
1978	2866
1978	2864
1978	2860
1978	3040
1978	3045
1978	3046
1978	2983
1978	2891
1978	2921
1978	3032
1978	2858
1496	2881
1496	2839
1496	2890
1496	2983
1496	2865
1496	2903
1496	2866
1496	2921
1496	2829
1496	2856
1496	3058
1496	3003
1496	2857
1496	2843
1496	2845
1496	3008
1496	2867
1496	3149
1496	2854
1496	2863
1496	2864
1496	3012
1496	3027
1496	2938
1496	3051
1496	2961
1496	2851
1496	3032
1496	2848
1496	2855
1496	2877
1496	2900
1496	3153
1496	3174
1496	2885
1496	2910
1496	2908
1496	2876
1496	2860
1496	2871
1496	2932
70	2881
70	2839
70	3145
70	2890
70	2865
70	2827
70	3003
70	2856
70	2857
70	2843
70	2845
70	3008
70	2829
70	3179
70	3061
70	2863
70	2961
70	2867
70	2877
70	3075
70	2851
70	2864
70	2983
70	2855
70	3045
70	3046
70	2848
70	2938
70	3041
70	3032
70	2932
70	2866
602	2881
602	2839
602	2856
602	2983
602	2900
602	3030
602	3037
602	3158
602	2866
602	3058
602	3003
602	2857
602	2843
602	2845
602	3008
602	2829
602	2903
602	2938
602	2851
602	2848
602	2890
602	2867
602	2877
602	2863
602	2958
602	2864
602	2855
602	3046
602	3045
602	2908
602	3032
602	2932
2296	2881
2296	2839
2296	2843
2296	3003
2296	2856
2296	2827
2296	2865
2296	2857
2296	2845
2296	3008
2296	2938
2296	2829
2296	2890
2296	2867
2296	2863
2296	2900
2296	2836
2296	3053
2296	2877
2296	3075
2296	2855
2296	2864
2296	2866
2296	2858
2296	3153
2296	2924
2296	2907
2296	3045
2296	3046
2296	3032
799	2881
799	2839
799	2890
799	2827
799	2865
799	3003
799	2856
799	2857
799	2843
799	2845
799	3008
799	2829
799	2922
799	2863
799	2920
799	2900
799	2895
799	2903
799	2836
799	2867
799	2877
799	2864
799	2983
799	2885
799	2938
799	3045
799	3032
799	3153
799	2848
799	2924
799	2866
799	2907
799	2851
799	2908
799	2871
799	2919
799	2855
799	2860
799	2932
1319	2885
1319	2994
1319	2866
1319	2983
1319	2851
1319	3053
1319	2827
1319	3036
1319	2856
1319	2865
1319	2843
1319	3003
1319	2857
1319	2845
1319	3008
1319	2932
1319	2891
1319	2855
1319	2877
1319	2890
1319	2836
1319	2867
1319	2961
1319	2904
1319	3055
1319	2860
1319	3032
1319	2906
1319	2863
1319	2900
1319	2864
1319	2938
1319	2971
1319	2848
1319	2924
1319	3045
1319	3046
1319	3005
1319	3153
1319	3006
1319	2937
1319	2907
1319	2892
1319	2834
1319	2861
1319	3022
2357	2881
2357	2839
2357	2890
2357	2865
2357	3003
2357	2856
2357	2857
2357	2843
2357	2845
2357	3008
2357	2903
2357	2829
2357	2866
2357	2851
2357	2938
2357	2867
2357	2855
2357	2863
2357	3149
2357	2841
2357	2953
2357	2925
2357	2864
2357	2891
2357	2921
2357	2961
2357	2900
2357	2860
2357	3021
2357	3022
2357	3043
1540	2881
1540	2839
1540	2890
1540	2827
1540	2865
1540	3003
1540	2856
1540	2857
1540	2843
1540	2845
1540	3008
1540	3153
1540	2851
1540	2867
1540	3053
1540	3149
1540	2855
1540	2864
1540	2983
1540	2961
1540	2920
1540	3045
1540	3046
1540	2938
1540	2921
1540	2908
1540	3043
1540	2863
1540	2848
1540	3032
1540	3041
1540	2860
1540	2866
996	2881
996	2863
996	2856
996	2855
996	3009
996	2890
996	2836
996	3003
996	2857
996	2845
996	3008
996	2839
996	2827
996	2829
996	2843
996	2903
996	3241
996	2867
996	2900
996	3030
996	2851
996	2983
996	2864
996	3045
996	3046
996	3011
996	3052
996	2877
996	2971
996	2848
996	2921
996	3032
1574	2921
1574	3249
1574	3051
1574	2881
1574	3040
1574	2998
1574	2895
1574	2848
1574	2851
1574	2900
1574	2903
1574	2855
1574	2885
1574	3504
1574	2866
1574	3129
1574	3063
1574	2972
1574	2876
1574	2841
1574	3335
1574	2863
1574	2860
1574	2843
1574	2856
1574	2961
1574	3169
1574	2877
1574	2857
1574	2984
1574	3376
1574	3003
1574	3167
1574	2868
1574	3505
1574	2829
1574	3283
1574	2986
1574	2987
1574	3206
1574	3506
1574	2827
1574	3032
1574	3042
1574	2936
1574	2831
1574	3132
1574	3214
1574	2967
1574	3312
1574	2902
1574	3156
1574	2901
1574	3055
1574	2925
1574	3085
1574	2853
1574	3330
1574	3406
1574	3374
1574	3101
1574	3102
1574	3148
1574	2875
1574	3080
1574	2963
1574	2948
1574	2990
1574	2904
1574	3164
1574	2989
1574	2880
1574	2991
1574	3177
1574	2944
1574	3305
1574	2891
1574	3241
1574	3507
1574	3219
1574	3508
1574	3472
1574	3397
1574	3181
1574	3008
1574	2934
1574	3005
1574	3058
1574	2897
1574	3163
1574	2988
1574	3197
1574	3006
1574	2865
1574	3302
1574	2973
1574	3385
1574	3048
1574	3483
1574	3027
1574	2957
1574	2993
1574	2950
1574	3187
1574	3338
1574	3057
1574	3264
1574	3344
2421	3061
2421	2925
2421	3310
2421	3309
2421	3209
2421	2868
2421	2879
2421	2866
2421	2864
2421	2972
2421	2993
2421	2968
2421	2959
2421	3043
2421	3320
2421	2994
2421	3311
2421	2950
2421	2829
2421	3067
2421	2983
2421	2953
2421	3059
2421	2856
2421	2863
2421	3004
2421	3509
2421	3424
2421	2881
2421	2839
2421	2951
2421	2960
2421	2855
2421	2857
2421	3169
2421	3040
2421	2900
2421	2843
2421	3044
2421	2848
2421	3510
2421	2889
2421	3166
2421	3149
865	3260
865	3160
865	3231
865	2878
865	2950
865	2900
865	3214
865	3198
865	2857
865	2856
865	3032
865	2956
865	3092
865	3511
865	3048
865	2853
865	3152
865	3292
865	3278
865	2892
865	3335
865	2838
865	2877
865	3050
865	3132
865	2960
865	3012
865	2848
865	2961
865	3003
865	2866
865	3507
865	2836
865	2827
865	3262
865	2903
865	3512
865	2902
865	3141
865	2967
865	3063
865	2841
865	2843
865	2855
865	2984
865	3029
865	3055
865	2927
865	2998
865	3129
865	3501
865	3502
865	2963
865	2929
865	3042
865	2924
865	3513
865	2901
865	2865
865	3126
865	3167
865	2992
865	3271
865	3286
865	2930
865	3084
865	2889
865	3115
865	3514
865	3066
865	3515
865	2925
865	2891
865	3008
865	3337
865	3258
865	3087
865	3051
865	3342
865	2897
865	3216
865	2863
865	2952
865	2893
865	3377
865	3006
865	2933
865	3058
865	3164
865	3378
865	3005
865	3279
865	3230
865	2885
865	3177
865	3219
865	3283
865	2916
865	3195
865	3228
865	2928
865	2868
865	3233
865	3199
865	3200
865	3204
865	3184
472	2866
472	2993
472	2960
472	3042
472	2855
472	2925
472	3031
472	2926
472	2856
472	2848
472	3516
472	2981
472	2984
472	3317
472	2933
472	2885
472	2865
472	2971
472	2903
472	2910
472	2948
472	2829
472	3011
472	2967
472	3132
472	3303
472	3015
472	3319
472	2868
472	3167
472	2902
472	3040
472	2864
472	3249
472	3162
472	3178
472	2924
472	3073
2272	2866
2272	2863
2272	2855
2272	2843
2272	2856
2272	2829
2272	2839
2272	3046
2272	2836
2272	2994
2272	2827
2272	2961
2272	2921
2272	2903
2272	3008
2272	2900
2272	2865
2272	2922
2272	2920
2272	3153
2272	2877
2272	2890
2272	2867
2272	3053
2272	2881
2272	2958
2272	2983
2272	2858
2272	3035
2272	2924
2272	2891
2272	2908
2272	3045
2123	2881
2123	2863
2123	2827
2123	2856
2123	2855
2123	2900
2123	2866
2123	3058
2123	2843
2123	3037
2123	2839
2123	3003
2123	2857
2123	2845
2123	3008
2123	2938
2123	2865
2123	2920
2123	2922
2123	2961
2123	2903
2123	3241
2123	2890
2123	2867
2123	2983
2123	2864
2123	2879
2123	2877
2123	3032
2123	2910
2123	3009
2123	2848
2123	2921
2123	3046
2123	2860
2123	3045
2123	2885
2123	3011
1931	2961
1931	2855
1931	3037
1931	2863
1931	2864
1931	2851
1931	2890
1931	2856
1931	2836
1931	2839
1931	2848
1931	2843
1931	2895
1931	2938
1931	3053
1931	2907
1931	2900
1931	2845
1931	3008
1931	2867
1931	2866
1931	3032
1931	2983
1931	2924
1931	3198
1931	2958
1931	2860
1931	2908
1931	3045
1931	3046
1931	2881
1931	2829
1392	3051
1392	3030
1392	2900
1392	2856
1392	2903
1392	2895
1392	2938
1392	2857
1392	2866
1392	2961
1392	2839
1392	2855
1392	2836
1392	2932
1392	3036
1392	3037
1392	3053
1392	3158
1392	3145
1392	2829
1392	2827
1392	2904
1392	2922
1392	2920
1392	2924
1392	2906
1392	2843
1392	2958
1392	2851
1392	2867
1392	2877
1392	2890
1392	2865
1392	2983
1392	2864
1392	2921
1392	3043
1392	3153
1392	3032
1392	2908
1392	3046
1392	3045
1392	3135
1392	2858
1753	3148
1753	2992
1753	3360
1753	2856
1753	2862
1753	3214
1753	2846
1753	2843
1753	3055
1753	2841
1753	2908
1753	2902
1753	2863
1753	2904
1753	3057
1753	2851
1753	2989
1753	2924
1753	2866
1753	2901
1753	2921
1753	3299
1753	2900
1753	2895
1753	3003
1753	3042
1753	2960
1753	3031
1753	3052
1753	2853
1753	3006
1753	3005
1753	3361
1753	2876
1753	3241
1753	2857
1753	2829
1753	3518
1753	2855
1753	2836
1753	3074
1753	3317
1753	2865
1753	2864
1753	3166
1753	2929
1753	2845
1753	2838
1753	2990
1753	2991
1753	2896
1753	3519
1753	2948
1753	2984
1753	2927
1753	3377
1753	2933
1753	2868
1753	3378
1753	2926
1753	2950
1753	2879
1753	3520
1753	2848
1753	2903
1753	2998
1753	3132
1753	2860
1753	3011
1753	3133
1753	2987
1753	2986
1753	3038
1753	2961
1753	3149
1753	3213
1753	3303
1753	2993
1753	2827
2130	3059
2130	2892
2130	2855
2130	3321
2130	2972
2130	3174
2130	2843
2130	2856
2130	2851
2130	2953
2130	2827
2130	2877
2130	2960
2130	3053
2130	2903
2130	2879
2130	3017
2130	2924
2130	2998
2130	3008
2130	3105
2130	3491
2130	2863
2130	3040
2130	2891
2130	2885
2130	2900
2130	2893
2130	2876
2130	3343
2130	2983
2130	2864
2130	2858
2130	3057
2130	2860
2130	2932
2130	3037
2130	2967
2130	3164
2130	2897
2130	3179
2130	3153
2130	2961
2130	3075
2130	2866
2130	2971
2130	2829
2130	3262
2130	2896
2130	2839
2130	3146
2130	3034
2130	2845
1811	2863
1811	2866
1811	2895
1811	2938
1811	2827
1811	3036
1811	2856
1811	2836
1811	2843
1811	3037
1811	3003
1811	2857
1811	3008
1811	3158
1811	3145
1811	2855
1811	3308
1811	2879
1811	2867
1811	2890
1811	2877
1811	2864
1811	2983
1811	2900
1811	2851
1811	2860
1811	2921
1811	2848
1811	2907
1811	2961
1811	3043
1811	3032
1811	3045
1811	3046
1811	3011
2067	2827
2067	2867
2067	2851
2067	2856
2067	2865
2067	2836
2067	2855
2067	2848
2067	3036
2067	2938
2067	2910
2067	2866
2067	2900
2067	2857
2067	3008
2067	3032
2067	2920
2067	2922
2067	2907
2067	2863
2067	3131
2067	2860
2067	2879
2067	3158
2067	3463
2067	2902
2067	2901
2067	3135
2067	2890
2067	2877
2067	2908
2067	3052
2067	2872
2067	3034
2067	3005
2067	2921
2067	2961
2067	2843
2067	3011
2067	3046
2067	2881
2067	3006
2067	3045
2067	2864
2067	3252
2067	2895
2584	2863
2584	2856
2584	3153
2584	2839
2584	2994
2584	2843
2584	2841
2584	2836
2584	2851
2584	2848
2584	2829
2584	2866
2584	2865
2584	2938
2584	2900
2584	2845
2584	3008
2584	2934
2584	2890
2584	2867
2584	2877
2584	2961
2584	3030
2584	2908
2584	3011
2584	2983
2584	2924
2584	2958
2584	3046
2584	3045
2584	2921
2584	2857
2584	2858
2584	2910
2584	3148
2584	3061
266	3367
266	2879
266	2866
266	2863
266	2851
266	2855
266	2938
266	2856
266	3059
266	2839
266	2994
266	2960
266	2896
266	3068
266	2989
266	2907
266	2829
266	2865
266	2827
266	3153
266	2937
266	2846
266	3005
266	3006
266	2902
266	2901
266	2885
266	2848
266	2921
266	2924
266	2864
266	3017
266	3021
266	3030
266	2961
266	2890
266	2986
266	2987
266	3043
266	2933
266	2903
266	3074
266	2845
266	2857
266	3145
266	3174
266	2922
266	2920
266	2843
266	3011
266	3057
266	3023
266	2957
266	2973
266	2892
266	2900
266	2954
266	3317
266	2997
266	3383
1333	2881
1333	2867
1333	2890
1333	2843
1333	2851
1333	2863
1333	2855
1333	2827
1333	3012
1333	2864
1333	2924
1333	2891
1333	2866
1333	2971
1333	3319
1333	2900
1333	3036
1333	2856
1333	2841
1333	3153
1333	2848
1333	2860
1333	3135
1333	2836
1333	2896
1333	3149
1333	2961
1333	2901
1333	2902
678	2895
678	2856
678	2863
678	2855
678	2961
678	3132
678	2983
678	3216
678	3153
678	2839
678	3053
678	2843
678	3003
678	2836
678	2857
678	2845
678	3008
678	3006
678	2841
678	2938
678	2877
678	2827
678	2890
678	3030
678	2865
678	2867
678	3075
678	2881
678	2900
678	2851
678	2866
678	2864
678	3045
678	3046
678	3032
678	2848
678	2860
678	2924
678	3026
678	2967
678	2988
1845	3226
1845	2903
1845	3057
1845	3036
1845	2865
1845	2896
1845	2848
1845	2961
1845	2866
1845	2857
1845	3062
1845	2960
1845	2885
1845	2851
1845	3031
1845	3282
1845	2967
1845	2926
1845	3026
1845	2863
1845	2892
1845	2877
1845	3166
1845	2868
1845	2924
1845	2845
1845	3376
1845	3521
1845	2957
1845	2856
1845	2923
1845	3005
1845	3317
1845	2954
1845	3190
1845	3141
1845	3139
1845	2829
1845	3314
1845	3149
1845	3032
1845	2891
1845	2855
1845	2843
1845	2921
1845	3522
1845	2838
1845	2836
1845	2956
1845	3030
1845	2925
1845	2858
1845	2932
1630	3135
1630	2908
1630	2843
1630	2856
1630	3321
1630	3214
1630	2863
1630	2867
1630	3053
1630	2994
1630	2839
1630	2961
1630	2855
1630	2971
1630	2851
1630	2866
1630	2860
1630	3045
1630	3046
1630	3153
1630	3190
1630	2881
1630	2903
1630	2841
1630	2827
1630	3139
1630	2862
1630	2836
1630	3032
1630	2891
1630	2921
1630	2998
1630	2929
1630	2927
1630	3011
1630	2928
1630	2924
1630	2848
2603	2863
2603	2856
2603	2866
2603	2997
2603	2851
2603	2994
2603	2855
2603	2829
2603	2963
2603	2827
2603	2841
2603	3145
2603	2843
2603	2867
2603	2900
2603	2895
2603	2903
2603	2836
2603	2890
2603	2848
2603	2907
2603	2921
2603	2961
2603	2938
2603	2857
2603	3045
2603	2924
2603	2860
2603	2877
2603	2864
2603	3046
2603	2893
2603	3158
2603	3263
2603	2885
2603	2853
2603	2891
2603	2925
2603	3035
2603	3043
2603	3032
2603	3523
2603	3216
2603	3036
1777	2863
1777	2827
1777	3037
1777	2866
1777	3158
1777	2961
1777	2865
1777	2841
1777	3003
1777	2855
1777	2836
1777	2890
1777	3145
1777	2867
1777	2843
1777	2856
1777	2877
1777	2908
1777	2851
1777	2937
1777	2848
1777	2857
1777	3343
1777	2853
1777	3009
1777	3032
1777	2885
1777	2925
1777	2971
1777	2938
1777	3043
1777	2860
1777	2879
1777	2900
1777	2895
1777	3148
1777	3011
389	2863
389	2855
389	2836
389	2890
389	2827
389	2866
389	3037
389	3003
389	2856
389	2857
389	2900
389	3008
389	2865
389	2839
389	3045
389	3046
389	2848
389	2867
389	2851
389	2920
389	2860
389	3032
389	2922
389	2879
389	2938
389	2908
389	3036
389	2971
389	2881
389	2983
389	2864
389	3013
389	3369
2719	2863
2719	2907
2719	2851
2719	2839
2719	3003
2719	2855
2719	2938
2719	2843
2719	2836
2719	3037
2719	2856
2719	3008
2719	2857
2719	2903
2719	2827
2719	2920
2719	2922
2719	2866
2719	3034
2719	3036
2719	2867
2719	2890
2719	2877
2719	3030
2719	2865
2719	3158
2719	2971
2719	2848
2719	2858
2719	2961
2719	3052
2719	2904
2719	2906
2719	2908
2719	2921
2719	3046
2719	3032
2719	2910
2719	3045
2719	3132
2719	3144
2719	2881
2719	2864
2719	2983
2719	3011
1409	2900
1409	2851
1409	2863
1409	2854
1409	2866
1409	3145
1409	2877
1409	2855
1409	2843
1409	3030
1409	2836
1409	2865
1409	2890
1409	3135
1409	2867
1409	2858
1409	2895
1409	2856
1409	2860
1409	3012
1409	3036
1409	2938
1409	2908
1409	3034
1409	3008
1409	2920
1409	3011
1409	2829
1409	2922
1409	2961
1409	2848
1409	2857
1409	3022
1409	3046
1409	3032
1409	2885
1409	3045
1409	3062
1409	2983
1409	2864
1409	2904
1409	3055
1409	2901
1042	3011
1042	2967
1042	2856
1042	2836
1042	2843
1042	2900
1042	2863
1042	3132
1042	2961
1042	2938
1042	3036
1042	2864
1042	2879
1042	2877
1042	2865
1042	2839
1042	2827
1042	3032
1042	2855
1042	2866
1042	2848
1042	2867
1042	2890
1042	3030
1042	2921
1042	3158
1042	3045
1042	3046
1042	3239
1042	3009
1042	2857
1042	3008
1042	3043
1042	2907
1042	2851
1042	2860
1042	3171
1042	2922
1042	2920
1042	2971
1042	2881
1042	2983
1031	2856
1031	2843
1031	2863
1031	2855
1031	2864
1031	3003
1031	2866
1031	2836
1031	2903
1031	3008
1031	2857
1031	2961
1031	2971
1031	3032
1031	2938
1031	2891
1031	2900
1031	3158
1031	2872
1031	3036
1031	3034
1031	3216
1031	2851
1031	2867
1031	2890
1031	2848
1031	3046
1031	3045
1031	2882
1031	2860
1031	3043
1031	2910
1031	2858
1031	3007
1031	2881
1031	2879
1031	2983
1031	2885
1031	3037
1031	3035
1031	3416
1976	2903
1976	2866
1976	3011
1976	2881
1976	3145
1976	2843
1976	2938
1976	2855
1976	2851
1976	3030
1976	2856
1976	2865
1976	2863
1976	2836
1976	2890
1976	2839
1976	2867
1976	2924
1976	2857
1976	2848
1976	2860
1976	2908
1976	2971
1976	3032
1976	2872
1976	3022
1976	2882
1976	2900
1976	3008
1976	3043
1976	3075
1976	3017
1976	2864
1976	2961
1976	2921
1976	2858
1976	3046
1976	2891
687	2885
687	2856
687	2866
687	2961
687	2863
687	3145
687	2851
687	2872
687	2895
687	3037
687	3158
687	3036
687	2865
687	2843
687	2827
687	3003
687	2857
687	3008
687	2903
687	2907
687	2890
687	2867
687	2921
687	3043
687	2848
687	3032
687	2938
687	3046
687	3011
687	3045
687	3052
687	2858
687	3034
687	2998
687	2836
687	3030
687	3296
687	2864
687	2924
687	2855
687	2922
1854	2863
1854	2856
1854	2961
1854	3145
1854	2865
1854	3158
1854	2848
1854	2843
1854	2855
1854	2963
1854	2827
1854	2994
1854	2841
1854	2866
1854	2851
1854	2857
1854	2893
1854	2867
1854	2890
1854	2921
1854	2907
1854	3045
1854	2938
1854	2924
1854	2860
1854	2877
1854	2864
1854	3043
1854	3046
1854	3032
1854	3523
1854	3216
1854	2900
1854	2885
1854	3263
1854	2925
1854	3186
1854	2891
1854	2853
1854	3013
1854	3036
11	3524
11	2855
11	2863
11	2856
11	2961
11	2866
11	2957
11	2960
11	2848
11	2829
11	3064
11	3522
11	3214
11	3130
11	3128
11	2864
11	3213
11	3008
11	2878
11	2843
11	2851
11	3017
11	2924
11	3013
11	3034
11	2998
11	2885
11	3012
1607	2855
1607	2872
1607	2851
1607	2881
1607	2961
1607	2843
1607	2863
1607	3034
1607	3032
1607	2829
1607	2953
1607	2891
1607	2925
1607	2836
1607	2890
1607	2900
1607	2857
1607	2845
1607	3008
1607	2856
1607	2839
1607	3153
1607	2867
1607	2866
1607	2910
1607	2983
1607	2864
1607	3158
1607	2932
1607	2958
1607	3135
1607	2938
1607	3350
1607	3319
1607	2923
1607	3046
1607	3045
854	2881
854	2864
854	3153
854	2843
854	2903
854	2848
854	2855
854	2953
854	2856
854	2900
854	3008
854	2998
854	2890
854	2867
854	2863
854	2877
854	3075
854	2983
854	2924
854	2938
854	2845
854	2866
854	2961
854	3045
854	3046
854	2857
854	2860
854	3032
854	2851
854	2889
854	3049
854	3263
854	2882
854	2891
854	2853
1538	2968
1538	3185
1538	2972
1538	2863
1538	3525
1538	2888
1538	3526
1538	3083
1538	3415
1538	3177
1538	3194
1538	2874
1538	3219
1538	2853
1538	3527
1538	3417
1538	3105
1538	3491
1538	2970
517	2845
517	3288
517	2972
517	3067
517	3059
517	2959
517	2957
517	2960
517	2923
517	2840
517	2863
517	2839
517	2876
517	2961
517	2843
517	2856
517	2866
517	2838
517	2920
517	2860
517	2836
517	2922
517	2949
517	2881
517	2855
517	3041
517	2846
517	2908
517	2851
517	3149
517	2994
517	3032
517	2857
517	2848
517	2864
517	2910
517	2948
517	2829
517	2858
517	2984
517	2862
517	2954
517	3344
517	2998
517	3505
517	3043
517	3520
517	2900
517	2865
517	3006
517	2902
517	3005
517	2901
517	2896
517	3418
517	3173
517	2903
517	2827
517	3453
517	2852
517	3141
517	2895
517	3011
517	3052
517	2985
517	3135
517	3129
517	3156
517	3003
517	2987
517	2986
517	2904
517	2871
517	2906
517	2885
517	2926
517	3282
517	3040
517	2891
2086	3110
2086	3528
2086	3529
2086	3530
2086	3119
2086	3531
2086	3087
2086	3532
2086	3533
2086	3534
2086	3535
2086	3536
2086	2944
2086	3537
2086	3232
2086	3538
2086	3539
2086	3540
2086	3541
2086	3542
2086	3543
2086	3097
2086	3544
2086	3545
2086	3112
2086	3111
2086	3085
2086	3080
2086	2935
2086	3109
2086	3286
2086	3125
2086	3127
2086	3095
2086	3546
2086	3547
2086	3090
2086	3417
2086	2875
2086	3511
2086	3093
2086	3219
2086	3122
2086	2885
2086	3439
2086	3483
2086	3256
2086	3108
2086	3548
2086	3549
2086	3526
2086	3550
2086	3117
2086	3120
2086	3230
2086	3079
2086	3527
2086	3116
2086	3098
2086	3082
2086	3194
2086	3551
2086	3100
2086	3078
2086	3227
2086	3092
2086	3047
2086	3121
2086	2973
2086	3094
2086	3258
2086	3048
2086	2970
2086	3107
2086	3283
2086	3436
2086	3083
2086	3552
2086	3553
2086	2916
2086	3084
2086	3126
2086	3231
2086	3099
2086	3081
2086	2874
2086	2889
2086	2941
2086	2853
2086	2992
2086	3228
2086	2940
2086	2888
2086	2993
2086	3429
2086	3554
2086	2856
2086	2848
2086	2851
2086	2960
2086	3166
2086	3115
2086	3233
2086	3113
2086	2925
2086	2926
2086	2864
2086	2868
2086	3051
496	2957
496	2960
496	3522
496	2856
496	2829
496	2866
496	2848
496	2961
496	2827
496	2855
496	2993
496	2868
496	2876
496	2994
248	2855
248	2851
248	2881
248	2863
248	2961
248	2848
248	2829
248	2866
248	2856
248	2867
248	2890
248	2827
248	3053
248	2864
248	3158
248	2865
248	3043
248	3145
248	2958
248	2938
248	3046
248	3045
248	3044
248	2860
248	2877
248	2836
248	2843
248	2858
248	2983
248	3022
248	2857
248	3032
248	3035
248	2922
248	2920
248	3012
248	3148
248	2891
248	2967
248	3191
1052	2839
1052	2855
1052	2881
1052	2890
1052	2865
1052	2827
1052	2856
1052	2857
1052	3003
1052	3008
1052	2843
1052	2864
1052	2863
1052	2841
1052	2938
1052	2877
1052	2836
1052	2867
1052	3075
1052	2851
1052	2983
1052	2891
1052	2860
1052	2961
1052	2848
1052	2910
1052	3045
1052	3046
1052	2876
1052	2879
1052	3032
1531	2972
1531	2863
1531	2855
1531	2960
1531	2961
1531	2881
1531	2957
1531	2924
1531	2879
1531	2864
1531	2829
1531	2896
1531	2949
1531	2827
1531	3236
1531	2891
1531	2843
1531	2866
1531	2868
1531	2921
1531	2856
1531	2885
1531	2964
1531	2851
1531	2981
1531	2848
1531	2839
1531	2954
1531	2959
1531	3555
1531	3119
1531	2953
1531	2889
1531	2973
1531	2963
1531	3256
1531	3258
1531	2890
1531	2845
1531	3436
1531	2993
1531	3320
1531	3287
1531	2876
1531	3017
489	2863
489	2856
489	2866
489	3145
489	2967
489	2900
489	2843
489	2877
489	2895
489	2848
489	2839
489	2903
489	2864
489	2836
489	3006
489	3013
489	2867
489	2865
489	3064
489	2922
489	3153
489	2902
489	3032
489	2938
489	2961
489	2855
489	2860
489	3043
489	2920
489	2907
489	2858
489	3003
489	3158
489	3030
489	2904
489	2829
489	2880
489	2857
489	2879
489	3036
489	3008
489	3046
489	2924
489	2906
489	2882
489	3179
489	3037
489	3009
489	3216
489	3375
908	2881
908	2856
908	2890
908	2936
908	2846
908	3037
908	2961
908	2836
908	3003
908	2857
908	2845
908	3008
908	2866
908	2865
908	2855
908	2839
908	2891
908	2863
908	2843
908	2867
908	2877
908	3045
908	3046
908	2860
908	3032
908	2879
908	2864
908	2983
908	2858
1356	2881
1356	2863
1356	2839
1356	2843
1356	2836
1356	2866
1356	2827
1356	2903
1356	3036
1356	2857
1356	2856
1356	3003
1356	2845
1356	3008
1356	3046
1356	3045
1356	2855
1356	2895
1356	2890
1356	2867
1356	2860
1356	2851
1356	2864
1356	3032
1356	2900
1356	2983
1356	2938
1356	2961
1356	2848
1356	2910
1356	3011
830	2909
830	2907
830	2885
830	2927
830	2856
830	2851
830	2922
830	2920
830	3043
830	2860
830	2900
830	2932
830	2866
830	3044
830	3164
830	2929
830	3145
830	3158
830	2895
830	2843
830	3055
830	2904
830	2938
830	2855
830	2863
830	2838
830	2867
830	2877
830	2854
830	2876
830	2960
830	2829
830	2972
830	2994
830	2840
830	2857
830	2906
830	3030
830	3169
830	2961
830	3008
830	3034
830	2848
830	3005
830	3006
830	2971
830	3042
830	3515
830	3302
830	3058
830	2858
830	2902
830	2901
830	2845
830	3026
830	3317
830	2998
830	3032
830	2846
830	2827
830	3141
830	2872
830	3174
830	2933
830	2865
830	2924
830	3361
830	3086
830	2911
830	3556
830	2912
830	2942
830	2940
830	3048
830	3007
830	3246
830	2864
830	3066
830	3003
830	2956
830	2841
830	3288
830	3557
830	2896
830	3064
830	3320
830	2839
830	3153
830	2852
830	2879
830	2880
830	2983
830	3017
830	2893
830	3558
830	3130
830	3559
830	2881
830	3057
830	2836
830	2925
830	2891
830	3012
830	3280
830	2978
830	2862
830	2953
830	2889
830	3054
830	3560
830	2948
830	3029
830	2981
830	3132
830	3416
830	2882
830	3523
830	3161
830	3036
830	3051
830	2928
830	3038
830	3212
518	2881
518	2863
518	2856
518	2866
518	2851
518	2855
518	3132
518	3044
518	3034
518	3148
518	2848
518	2983
518	2836
518	2843
518	2865
518	2827
518	2857
518	3003
518	2845
518	3008
518	3007
518	2829
518	2830
518	2864
518	2890
518	2867
518	2900
518	2961
518	2885
518	2891
518	2938
518	3045
518	3046
518	2854
518	2971
518	2860
518	2858
518	2932
518	2877
518	3032
737	2938
737	3061
737	3037
737	3035
737	2967
737	3031
737	3046
737	3034
737	3045
737	2925
737	2912
737	3015
737	3054
737	3179
737	3416
737	2872
737	3032
737	2952
737	3262
737	2845
737	2993
737	2957
737	2855
737	2856
737	2971
477	2855
477	2961
477	2866
477	2856
477	2848
477	2843
477	2829
477	2904
477	3145
477	3158
477	2854
477	2956
477	2963
477	2839
477	2927
477	3153
477	2860
477	2906
477	2890
477	2867
477	2877
477	3032
477	3075
477	2863
477	2851
477	2983
477	2864
477	2938
477	3022
477	2857
477	3045
477	3041
477	3046
477	3027
477	2882
477	2885
477	3051
477	3020
477	3038
477	2895
477	2872
477	2928
477	3006
477	2958
477	2881
477	2929
477	2960
477	2910
477	2924
477	2845
477	3005
872	3032
872	2866
872	2855
872	2862
872	2864
872	2827
872	2953
872	2925
872	3505
872	3173
872	2872
872	2890
872	2843
872	2927
872	2857
872	2846
872	2856
872	2836
872	3149
872	2851
872	2863
872	3135
872	2904
872	2867
872	2891
872	2860
872	2893
872	2938
872	3040
872	3212
872	2929
872	2948
872	2845
872	3055
872	3238
872	3050
872	2998
872	2928
1360	2827
1360	2856
1360	2961
1360	2863
1360	2929
1360	2846
1360	2890
1360	2860
1360	2862
1360	2851
1360	2927
1360	2836
1360	2872
1360	2857
1360	2948
1360	2839
1360	2848
1360	2866
1360	2885
1360	3465
1360	2858
1360	3430
1360	3427
1360	2843
1360	2998
1360	2900
1360	2938
1360	2971
1360	2865
1360	3317
1360	3314
1360	3032
1360	3144
1360	3212
1360	2925
1360	2953
1360	2833
2606	2856
2606	2994
2606	2839
2606	2881
2606	2855
2606	2877
2606	2843
2606	2867
2606	3158
2606	2860
2606	3013
2606	2845
2606	2891
2606	2829
2606	2938
2606	2836
2606	2890
2606	2863
2606	2851
2606	2900
2606	3062
2606	2857
2606	2866
2606	3011
2606	3036
2606	3043
2606	2858
2606	2848
2606	2865
2606	2971
2606	3008
2606	3179
2606	3035
2606	3007
197	2856
197	2881
197	2843
197	2855
197	3037
197	2848
197	2961
197	2932
197	2895
197	2827
197	2857
197	2953
197	2829
197	2925
197	2867
197	2877
197	2900
197	2836
197	2890
197	3053
197	2967
197	2904
197	2906
197	2938
197	3043
197	2851
197	2858
197	3027
197	2863
197	2860
197	3061
197	3008
1897	2925
1897	3054
1897	3037
1897	2926
1897	2934
2646	2903
2646	3061
2646	3046
2646	3034
2646	3416
2646	2967
2646	2928
2646	3164
2646	3145
2646	3045
2646	3375
2646	2885
2646	2872
2646	3008
2646	3031
2646	3131
2646	3158
2646	3035
2646	2938
2646	3015
2646	3011
2646	3027
2646	3077
2646	3054
2646	3545
264	2957
264	3166
264	2958
264	3044
264	2851
264	2896
264	3317
264	2972
264	2841
264	2994
264	2895
264	2890
264	2950
264	2829
264	2831
264	2949
264	2876
264	2855
264	3314
264	2856
264	3051
264	3358
264	2848
264	2961
264	3149
264	2866
264	3159
264	3226
264	2846
264	2881
264	3376
264	2864
264	2827
264	2953
264	2892
264	2879
264	2959
264	2960
264	2863
264	2956
264	2963
264	2954
264	2839
264	3382
264	2981
264	2862
264	2843
264	2857
264	3132
264	2924
264	2919
264	2834
264	3025
264	3293
264	2948
264	2952
264	2951
264	3292
264	2903
264	2998
264	3366
264	3262
264	3074
264	3204
264	2934
264	2865
264	2889
264	3083
264	2875
264	3177
264	2970
264	3435
264	3227
264	3048
264	3116
264	2888
264	3100
264	3098
264	2992
264	3077
264	3192
264	3078
264	3283
264	2853
264	3107
264	2995
264	3049
264	3005
264	3006
264	2943
264	2971
264	3126
264	3080
264	3193
264	3340
264	3067
264	2894
264	2989
264	2901
264	2902
264	3092
264	2973
264	3561
264	2849
264	3084
264	3194
264	3152
264	3224
264	2916
264	3113
47	3135
47	2856
47	2863
47	2932
47	3321
47	2836
47	2851
47	2855
47	3028
47	2829
47	2890
47	2867
47	2857
47	2843
47	2864
47	2881
47	2866
47	3045
47	3046
47	3040
47	2903
47	3145
47	3009
47	3131
47	3051
47	3066
47	3032
47	2971
47	2908
47	3008
47	2909
1870	3011
1870	2866
1870	2848
1870	2872
1870	2851
1870	3037
1870	2938
1870	2856
1870	3342
1870	3031
1870	2963
1870	3003
1870	2857
1870	3008
1870	2896
1870	3032
1870	3158
1870	3036
1870	3174
1870	2867
1870	2843
1870	2854
1870	2961
1870	2890
1870	2881
1870	2877
1870	2983
1870	3064
1870	3046
1870	2967
1870	3009
1870	2907
1870	2902
1870	2901
1870	3045
1870	2860
1870	2858
1870	3040
1870	3135
1171	3375
1171	3105
1171	3034
1171	2925
1171	2853
2291	2994
2291	2839
2291	2961
2291	3153
2291	2895
2291	2865
2291	2866
2291	2903
2291	2855
2291	2890
2291	2856
2291	2867
2291	2854
2291	3064
2291	3242
2291	2863
2291	2827
2291	3252
2291	2843
2291	2851
2291	2881
2291	2958
2291	2877
2291	2864
2291	2983
2291	3036
2291	2924
2291	3158
2291	3044
2291	2860
2291	3011
2291	2921
2291	2848
2291	2857
2291	3032
2291	3035
2291	3046
2291	2908
2291	3045
1569	2863
1569	2961
1569	2866
1569	2848
1569	2856
1569	3053
1569	2827
1569	2900
1569	3158
1569	2938
1569	2924
1569	2865
1569	3145
1569	2857
1569	2963
1569	2829
1569	2867
1569	2998
1569	3034
1569	2839
1569	3153
1569	2860
1569	2843
1569	3030
1569	2890
1569	2877
1569	2958
1569	2855
1569	2921
1569	2891
1569	2892
1569	3032
1569	2879
1569	2864
1569	3001
1569	2895
1569	2908
1569	2838
1569	3135
1569	3045
1569	3046
1569	2876
1569	2960
2656	2856
2656	2866
2656	3011
2656	2881
2656	2843
2656	2857
2656	2855
2656	2877
2656	2863
2656	2836
2656	2890
2656	2904
2656	3055
2656	3008
2656	2903
2656	2938
2656	2851
2656	2827
2656	2895
2656	3036
2656	2848
2656	2891
2656	2867
2656	2900
2656	2864
2656	2983
2656	3046
2656	3045
2656	2921
2656	2858
2656	2962
2656	2961
2656	3032
2656	3043
2656	2860
2656	2908
2656	3342
2656	3031
2656	2928
2656	2872
2656	2933
2656	2967
2656	2885
2656	3144
2447	2856
2447	2863
2447	2881
2447	2877
2447	2827
2447	3003
2447	2843
2447	3030
2447	2865
2447	2857
2447	3008
2447	2908
2447	2983
2447	2903
2447	2938
2447	2866
2447	2900
2447	3036
2447	2855
2447	2867
2447	2890
2447	2836
2447	2864
2447	3046
2447	3045
2447	2921
2447	2858
2447	2891
2447	2848
2447	2961
2447	3032
2447	3043
2447	2860
2447	3342
2447	3031
2447	2928
2447	2872
2563	2923
2563	2851
2563	2866
2563	2960
2563	2843
2563	2827
2563	2896
2563	2848
2563	2855
2563	2961
2563	2856
2563	2829
2563	3198
2563	2889
2563	2921
2563	3174
2563	2864
2563	3017
2563	2924
2563	2954
2563	2839
2563	3145
2563	2918
2563	2845
1130	2960
1130	2851
1130	2866
1130	2856
1130	2923
1130	2843
1130	2848
1130	3017
1130	2924
1130	2896
1130	2827
1130	2961
1130	2855
1130	2829
1130	3198
1130	2889
1130	2921
1130	2864
1130	2857
1130	2954
1130	2839
1130	3145
1130	2918
1933	2851
1933	2866
1933	2923
1933	2924
1933	2848
1933	2856
1933	2857
1933	3017
2210	2997
2210	3040
2210	2856
2210	2948
2210	2829
2210	3032
2210	2961
2210	2953
2210	2857
2210	2843
2210	2925
2210	3034
2210	2923
2210	2885
2210	3030
2210	2865
2210	3053
2210	2867
2210	2866
2210	2848
2210	2938
2210	2924
1263	2856
1263	2863
1263	2881
1263	2843
1263	2836
1263	3003
1263	2857
1263	3008
1263	2829
1263	2865
1263	2866
1263	2827
1263	2938
1263	2839
1263	2851
1263	2867
1263	2890
1263	2877
1263	2864
1263	2983
1263	2872
1263	2971
1263	3045
1263	3046
1263	3043
1263	3032
1263	2961
1263	3011
1263	2910
1263	2848
1263	2860
1263	2858
1263	2855
1263	2921
398	2872
398	2856
398	2924
398	2848
398	3032
398	2855
398	3288
398	2867
398	3046
398	2961
398	2904
398	2906
398	3030
398	2866
398	3045
398	3055
398	2910
398	3311
398	2862
398	3059
398	2993
398	2846
398	2857
398	2892
398	2972
398	2957
398	2868
398	2876
398	2890
398	2863
398	2864
398	2843
398	3067
398	2960
398	3207
398	2827
398	3017
398	3169
398	2998
398	2829
398	3351
398	2903
398	3209
398	2952
398	2879
398	2851
398	2881
398	3212
398	3023
398	3038
398	2928
398	2938
398	2894
398	2948
398	2865
398	3168
398	3043
398	2885
398	2994
398	2923
398	2967
398	3173
398	3368
398	3172
398	3424
398	2908
398	3189
398	2963
398	2891
398	2959
398	2954
398	2955
398	2940
398	3511
398	2839
398	2915
398	3562
1101	2866
1101	3011
1101	2856
1101	2863
1101	2851
1101	2891
1101	2865
1101	2848
1101	2890
1101	2836
1101	3030
1101	3043
1101	2855
1101	2867
1101	2961
1101	2860
1101	2900
1101	3008
1101	2827
1101	2903
1101	3036
1101	2877
1101	2938
1101	2864
1101	3046
1101	3045
1101	2857
1101	2921
1101	3032
1101	2924
1101	2843
1101	2839
1101	2910
1101	3158
1101	2881
1101	2858
1101	3072
1101	3197
1101	3037
2053	2851
2053	2857
2053	2895
2053	2856
2053	2836
2053	3003
2053	2863
2053	2900
2053	3188
2053	3563
2053	3026
2053	2891
2053	2843
2053	2890
2053	2953
2053	2925
2053	2967
2053	2834
2053	3014
778	2857
778	2904
778	2906
778	2856
778	2843
778	2867
778	2866
778	2891
778	2829
778	2836
778	2881
778	2877
778	2855
778	2851
778	2890
778	3252
778	2981
778	2863
778	2838
778	2901
778	2902
778	3055
778	2908
778	2871
778	3135
778	2827
778	2895
778	3145
778	3053
778	3062
778	2924
778	3045
778	3046
778	3036
778	2858
778	3022
778	2921
778	2860
778	3032
778	3366
778	3351
778	3213
778	2848
778	2929
778	2927
778	2900
778	3139
778	3448
778	2982
778	3141
778	3190
778	3030
82	2827
82	2848
82	2843
82	2881
82	2836
82	2890
82	2838
82	2867
82	2864
82	3008
82	3034
82	2879
82	2885
82	3053
82	2856
82	3013
82	2866
82	3044
82	2921
82	2855
82	3191
82	3145
82	3564
82	3032
82	2891
82	3037
82	2967
82	2991
82	2990
82	2924
82	3242
82	3064
82	2972
82	2851
82	2961
82	3236
82	2908
82	2910
82	3045
82	3046
82	2998
82	2909
82	3075
82	2860
82	3070
82	3012
82	2857
1079	2856
1079	2863
1079	2881
1079	2890
1079	3003
1079	2843
1079	3030
1079	2865
1079	2857
1079	3008
1079	2983
1079	2908
1079	2903
1079	2938
1079	2866
1079	2900
1079	3036
1079	2855
1079	2867
1079	2877
1079	2836
1079	2864
1079	3046
1079	3045
1079	2921
1079	2848
1079	2891
1079	3032
1079	2961
1079	2910
1079	2858
2127	2866
2127	3011
2127	2856
2127	2881
2127	2843
2127	2857
2127	2855
2127	2877
2127	2863
2127	2836
2127	2890
2127	2904
2127	3055
2127	3008
2127	2903
2127	2938
2127	2851
2127	2827
2127	2895
2127	3036
2127	2848
2127	2891
2127	2867
2127	2900
2127	2864
2127	2983
2127	3046
2127	3045
2127	2921
2127	2885
2127	3032
2127	2961
2127	2910
2127	2908
2127	2858
2127	3037
2127	3460
2127	3197
1980	2856
1980	2863
1980	2881
1980	2890
1980	3003
1980	2843
1980	3030
1980	2865
1980	2857
1980	3008
1980	2983
1980	2908
1980	2855
1980	2938
1980	2903
1980	2866
1980	2900
1980	3036
1980	2827
1980	2867
1980	2877
1980	2836
1980	2864
1980	3045
1980	3032
1980	3046
1980	2921
1980	2848
1980	2961
1980	2891
1980	3011
1980	3043
1980	2851
1980	2920
1980	2922
1980	2860
1980	2858
1102	2866
1102	3011
1102	2856
1102	2881
1102	2843
1102	2857
1102	2855
1102	2877
1102	2863
1102	2836
1102	2890
1102	2904
1102	3055
1102	3008
1102	2903
1102	2938
1102	2839
1102	2851
1102	2827
1102	2895
1102	3036
1102	2848
1102	2891
1102	2867
1102	2900
1102	2864
1102	2983
1102	3046
1102	3045
1102	2921
1102	2885
1102	2961
1102	3032
1102	3043
1102	2920
1102	2922
1102	2860
1102	2908
1102	2858
1102	3037
1102	3460
1102	3197
88	2863
88	2838
88	2885
88	3069
88	2879
88	3042
88	3168
88	2866
88	2857
88	3207
88	3262
88	2876
88	3023
88	3059
88	3267
88	2864
88	3003
88	2829
88	3184
88	3027
88	2855
88	2827
88	3391
88	2891
88	3115
88	3273
88	2851
88	2900
88	2860
88	3352
88	2953
88	2862
88	3117
17	2863
17	2838
17	2885
17	3069
17	2879
17	3565
17	3042
17	3168
17	2866
17	2857
17	3207
17	3191
17	3262
17	2876
17	3023
17	3059
17	3267
17	2864
17	3003
17	2829
17	3184
17	3027
17	2855
17	2827
17	3115
17	2843
17	2856
17	3273
17	2851
17	2900
17	2860
17	3352
17	3224
494	2989
494	2831
494	3175
494	2857
494	2907
494	3173
494	3012
494	3069
494	2885
494	3172
494	2993
494	2868
494	2843
494	3017
1422	3004
1422	2989
1422	2831
1422	3175
1422	2857
1422	2907
1422	3173
1422	3012
1422	3069
1422	3076
2229	3175
2229	2863
2229	3166
2229	2982
2229	2864
2229	3064
2229	2831
2229	3270
2229	2856
2229	2855
2229	2845
2229	2938
2229	2851
2229	2848
493	3051
493	2900
493	3158
493	3023
493	2851
493	3067
493	2881
493	2856
493	2843
493	2952
493	3077
493	2885
493	2864
493	3262
493	2892
493	2839
493	2959
493	2855
493	2895
493	2863
493	2972
493	2879
493	2890
493	2896
493	3205
493	2926
493	2925
493	2891
493	2921
493	3044
493	2868
493	2963
493	2940
493	3039
493	3057
493	2954
493	2953
493	2827
493	2889
493	2924
493	2876
493	2987
493	2986
493	2841
493	2848
493	2866
493	2829
493	2857
493	3032
493	2961
493	3164
493	2960
493	2865
493	3566
493	2971
493	3037
493	3243
493	2858
493	3132
493	3104
493	2845
493	3128
493	3130
493	2906
493	2904
493	2998
493	2988
493	3216
493	2934
493	3026
493	3035
493	3172
493	2957
493	3059
493	2903
493	3197
493	3168
493	3567
493	2910
493	3382
2056	2856
2056	2863
2056	2881
2056	2827
2056	2877
2056	3003
2056	2843
2056	3030
2056	2865
2056	2857
2056	3008
2056	2983
2056	2908
2056	2866
2056	2903
2056	2938
2056	2900
2056	2962
2056	2855
2056	2867
2056	2890
2056	2836
2056	2864
2056	3045
2056	3032
2056	2891
2056	2961
2056	2848
2056	2858
2056	3043
2056	2851
2056	2885
2056	3066
2056	2971
2056	2872
427	2866
427	3011
427	2856
427	2881
427	2843
427	2857
427	2855
427	2877
427	2863
427	2836
427	2890
427	2904
427	3055
427	3008
427	2903
427	2938
427	2851
427	2827
427	2895
427	3036
427	2848
427	2891
427	2867
427	2900
427	2864
427	2983
427	3046
427	3045
427	2885
427	2961
427	3032
427	2858
427	3043
427	2908
427	3066
427	2971
427	3037
427	3460
427	3197
523	2856
523	2863
523	2881
523	2827
523	3003
523	2843
523	2836
523	2857
523	3008
523	2983
523	2908
523	2903
523	2938
523	2866
523	3036
523	2855
523	2839
523	2867
523	2890
523	2877
523	2864
523	3046
523	3032
523	2921
523	2848
523	2961
523	2891
523	3011
523	3045
523	3043
523	2851
523	2860
523	2858
918	2866
918	3011
918	2856
918	2881
918	2843
918	2857
918	2855
918	2877
918	2863
918	2836
918	2890
918	2904
918	3055
918	3008
918	2903
918	2938
918	2839
918	2851
918	2827
918	2895
918	3036
918	2848
918	2891
918	2867
918	2900
918	2864
918	2983
918	3046
918	3045
918	2921
918	2885
918	2961
918	3032
918	3043
918	2860
918	2908
918	2858
918	3037
918	3460
918	3197
140	2997
140	3040
140	2856
140	2948
140	2829
140	3032
140	2961
140	2953
140	2857
140	2843
140	2925
140	3034
140	2885
140	2923
140	3030
140	2865
140	3053
140	2867
140	2866
140	2848
140	2938
140	2924
2289	3568
2289	3515
2289	3061
2289	2926
2289	3081
2289	3085
2289	3569
2289	3231
2289	3570
2289	3006
2289	2872
2289	2961
2289	2900
2289	2856
2289	3375
2289	3077
2289	3126
2289	2992
2289	3551
2289	3571
2289	3054
2289	3092
2289	2944
2289	2925
2289	3094
2289	3286
2289	2853
2289	3116
2289	3005
2289	3100
2289	2907
2289	3084
2289	3403
2289	2967
2289	2973
2289	3078
2289	3572
2289	3080
2289	3132
2289	3037
2289	3087
2289	3063
2289	2918
2289	3282
2289	3196
2289	3278
2289	3573
2289	2874
2289	2889
2289	2858
2289	3574
2289	2932
2289	3101
2289	3034
2289	3102
2289	3243
2289	3252
2289	3195
2289	2938
2289	3194
2289	2942
2289	3218
2289	2888
2289	2934
2289	3121
2289	3158
2289	3045
2289	3046
2289	2841
2289	3145
2289	3242
2289	3279
2289	3115
2289	3185
2289	3120
2289	3179
2289	3160
2289	3260
2289	2893
2289	3032
2289	3031
2289	2885
2289	3042
2289	2948
2289	3390
2289	3216
2289	2933
2289	3086
2289	3283
2289	2935
2289	3026
2289	2916
2289	3322
2289	3359
2289	2912
2289	3109
2289	3117
2289	2914
2289	2960
2289	2848
2289	2866
2289	2972
2289	2928
2289	2927
2289	3064
2289	2921
2289	2855
2289	3130
2289	3157
2289	2930
2289	3119
2289	2929
2289	3233
2289	3127
2289	3125
2289	2924
2289	2963
2289	3567
2289	2940
2289	3189
2289	2906
2289	3022
2289	2904
2289	2857
2289	2998
2289	2984
2289	3505
2289	3575
2289	3003
2289	2843
2289	2846
2289	3043
2289	2879
2289	3012
2289	3152
2289	3241
2289	3576
2289	3048
2289	3074
2289	2827
2289	2864
2289	2941
2289	3131
2289	2970
2289	3113
2289	3228
2289	2994
2289	2862
2289	3149
2289	3292
2289	2908
2289	3167
2289	3153
2289	2851
1669	2932
1669	2848
1669	2855
1669	2868
1669	3206
1669	2921
1669	2856
1669	3174
1669	3158
1669	2866
1669	2865
1669	2960
1669	2839
1669	2948
1669	2863
1669	2982
1669	2843
1669	2971
1669	2864
1669	3486
1669	3485
1669	2876
1669	3032
1669	3488
1669	2827
1669	3205
2016	2881
2016	2827
2016	2865
2016	2829
2016	2890
2016	2836
2016	2856
2016	2903
2016	2961
2016	2866
2016	2855
2016	2851
2016	2900
2016	3008
2016	2891
2016	2877
2016	3030
2016	2867
2016	2838
2016	3158
2016	3145
2016	2848
2016	3003
2016	2954
2016	3149
2016	2841
2016	2908
2016	2958
2016	2858
2016	2924
2016	3174
2016	3052
2016	3032
2016	2857
2016	2843
2016	3011
2016	2938
2016	3046
2016	2863
2016	3045
2016	2910
2016	2895
2016	3053
97	2855
97	2863
97	2843
97	2961
97	2856
97	3158
97	2866
97	2836
97	2896
97	2865
97	2900
97	3008
97	2867
97	3043
97	2877
97	2890
97	2860
97	2857
97	2864
97	2983
97	2908
97	2938
97	3032
97	3046
97	3045
97	3153
97	2848
97	3041
97	2827
97	3053
97	2839
1129	2866
1129	2856
1129	2855
1129	2848
1129	2843
1129	2954
1129	2829
1129	2961
1129	3145
1129	3158
1129	2854
1129	2956
1129	2963
1129	2904
1129	2860
1129	2906
1129	2900
1129	2938
1129	3008
1129	2839
1129	3012
1129	2879
1129	2924
1129	2836
1129	2867
1129	2877
1129	3030
1129	2865
1129	2895
1129	2864
1129	2891
1129	2903
1129	2967
1129	2863
1129	2958
1129	2921
1129	2858
1296	2843
1296	2903
1296	2877
1296	2857
1296	2963
1296	2855
1296	2827
1296	2961
1296	2856
1296	2948
1296	2836
1296	2839
1296	2851
1296	2906
1296	2904
1296	3046
1296	3032
1296	3045
1296	2958
1296	2938
1296	2890
1296	2867
1296	2994
1296	3052
1296	2908
1296	2863
1296	2907
1296	3158
1296	2983
1296	2864
1296	2924
1296	3008
1296	3009
1296	2900
1296	2921
1296	2848
1296	2866
1296	2891
1296	3077
1296	3511
1296	2875
1296	2853
1296	2992
1296	2970
1296	3048
1296	3219
1296	3233
1511	3172
1511	2957
1511	2879
1511	2972
1511	3203
1511	3394
1511	3395
1511	2866
1511	2856
1511	2960
1511	2855
1511	2848
2073	2885
2073	3034
2073	3216
2073	2856
2073	2879
2073	2868
2073	2993
2073	2866
2073	2924
2073	2923
2073	2864
2073	2983
2073	3311
2073	3382
2073	3017
2073	3012
2073	3153
2073	2848
2073	2843
2073	2998
2073	2882
2073	2897
2073	3389
2073	3020
2073	3056
2073	3059
2073	3254
2073	2863
2073	3061
1680	2957
1680	2848
1680	2855
1680	2960
1680	2856
1680	2866
1680	3203
1680	3394
1680	3395
1680	3067
1680	2952
1680	2923
1680	2868
1680	2879
1680	2993
1680	2865
1680	2829
1680	2995
1680	2864
1680	2983
1680	2971
1680	2851
1680	2924
1680	2885
1680	3158
1680	2872
1680	3017
1680	2860
1680	3032
1680	3368
1680	2950
1680	3207
1680	3309
1680	3381
1680	2982
1680	3379
1680	3380
1680	2827
1680	2896
1680	2949
1680	2867
1680	2843
1680	3132
1680	3149
1680	2836
1680	2854
1680	2841
1680	3174
1680	2903
1680	3153
2413	2877
2413	2863
2413	2836
2413	2827
2413	3030
2413	2890
2413	2855
2413	2860
2413	3011
2413	2866
2413	3032
2413	2857
2413	2961
2413	2843
2413	3003
2413	2856
2413	3131
2413	3008
2413	2903
2413	2865
2413	2938
2413	3034
2413	3046
2413	3045
2413	2867
2413	2864
2413	2983
2413	2962
2413	2858
2413	2848
2413	3043
2413	2908
2413	3342
2413	3031
2413	2891
2413	2928
2413	2872
2674	3011
2674	2866
2674	2856
2674	2961
2674	2855
2674	2872
2674	2848
2674	2836
2674	2900
2674	2857
2674	3008
2674	3029
2674	2829
2674	2851
2674	3252
2674	3145
2674	2891
2674	3030
2674	2867
2674	3043
2674	2860
2674	2843
2674	2890
2674	2877
2674	2863
2674	2864
2674	2983
2674	2971
2674	3045
2674	3046
2674	3032
2674	2910
2674	2858
2674	2921
2674	2938
207	2841
207	2856
207	2885
207	2863
207	2998
207	2893
207	3040
207	3153
207	2843
207	2851
207	2948
207	2895
207	3198
207	3063
207	3053
207	2865
207	3242
207	2904
207	3055
207	3042
207	2848
207	3058
207	3027
207	2900
207	3006
207	2908
207	3323
207	2879
207	2891
207	2866
207	2933
207	3008
207	3563
207	2967
207	3132
207	3005
207	3324
207	3130
207	3081
207	2853
207	3054
207	2914
207	3158
207	2932
207	2882
207	2984
207	2864
207	3577
207	2827
207	3241
207	2953
207	3244
207	2942
207	3026
207	3273
207	3043
207	2963
207	3252
207	3031
207	3052
207	2903
207	2973
207	3080
207	2956
207	2854
207	3216
207	2935
2234	3483
2234	2970
2234	3107
2234	2885
2234	3223
2234	2953
2234	2961
2234	2934
2234	2866
2234	2900
2234	3167
2234	3035
2234	3216
2234	2925
2234	2856
2234	2891
2234	3006
2234	2827
2234	3005
2234	2855
2234	2836
2234	2993
2234	2957
2234	2960
2234	2848
2234	3578
2234	2879
2234	2950
2234	3290
2234	2921
2234	3027
2234	2998
2234	2843
2234	3172
2234	2888
2234	2863
2234	3007
2234	2904
2234	2906
2234	3042
2234	2865
2234	2857
2234	3160
2234	3260
2234	2903
2234	2829
2234	2924
2234	2890
2234	3043
2234	3158
2234	3207
2234	2897
2234	2876
2234	2854
2234	2981
2234	3339
2234	3067
2234	3385
2234	2952
2234	3579
2234	2982
2234	2977
2234	2839
2234	2896
2234	3382
2234	3376
2234	2851
2234	2864
2234	3166
2234	2923
2234	3145
2234	3012
2234	3174
2234	3153
2234	2967
2234	2908
2234	3075
2234	3032
2234	3037
2234	2881
2234	2892
2234	2860
2234	2845
2234	3368
2234	3026
2234	3132
2234	3061
2234	3179
2234	3008
2234	3017
2234	2868
2234	2938
2234	2933
2234	2954
2234	3180
2234	3342
2234	3003
2234	2877
2234	2962
2234	3375
2234	2972
2277	3392
2277	2989
2277	3367
2277	2972
2277	2851
2277	3005
2277	3006
2277	2902
2277	2952
2277	2856
2277	2843
2277	2855
2277	2848
2277	2923
2277	3175
2277	3059
2277	2990
2277	2982
2277	2876
2277	2881
2277	3172
2277	3311
2277	2863
2277	3368
2277	2995
2277	2960
2277	2879
2277	3264
2277	2901
2277	2866
2277	3376
2277	3382
2277	3226
2277	2950
2277	2955
2277	2957
2277	3166
2277	3067
2277	3234
2277	3209
2277	2892
2277	3581
2277	3017
2277	3153
1005	3582
1005	3034
1005	2866
1005	3583
1005	2829
1005	3029
1005	2893
1005	2856
1005	2830
1005	2885
1005	3040
1005	2848
1005	3019
1005	3584
1005	3020
1005	2962
1622	2856
1622	2863
1622	2881
1622	2877
1622	2827
1622	3003
1622	2843
1622	3030
1622	2865
1622	2857
1622	3008
1622	2908
1622	2983
1622	2903
1622	2938
1622	2866
1622	2900
1622	3036
1622	2829
1622	2855
1622	2851
1622	2867
1622	2890
1622	2836
1622	2864
1622	3046
1622	3045
1622	2921
1622	2961
1622	2858
1622	2848
1622	2891
1622	3032
1622	3043
1622	2860
1622	2998
1622	3158
1622	3011
1622	2971
1622	3262
1622	2872
596	2866
596	3011
596	2856
596	2881
596	2843
596	2857
596	2855
596	2877
596	2863
596	2836
596	2890
596	2904
596	3055
596	3008
596	2903
596	2938
596	2851
596	2827
596	2895
596	3036
596	2848
596	2891
596	2867
596	2900
596	2864
596	2983
596	3046
596	3045
596	2921
596	2961
596	2858
596	3032
596	3043
596	2860
596	2908
596	2998
596	3158
596	2971
596	3262
596	2872
596	2933
596	2885
596	2882
596	3585
573	2908
573	3158
573	2932
573	3036
573	2866
573	2910
573	3032
573	3046
573	2857
573	2843
573	3045
573	2860
573	2851
573	2856
573	2938
573	2848
573	2923
573	2924
573	2872
573	3030
573	2836
573	2827
573	2839
573	2865
573	3145
573	2829
573	2881
573	2867
573	2864
573	2890
573	2854
573	2855
573	2960
573	3207
573	2900
573	2971
573	2868
573	3581
573	2950
573	3020
1029	3526
1029	3417
1029	3048
1029	2992
1029	2853
1029	3115
1029	2897
1029	3177
1029	2855
1029	2968
1029	2892
1029	3074
1029	3324
1029	2866
1029	3221
1029	3323
1029	3208
1029	2972
1029	2827
1029	2856
1029	2841
1029	3049
1029	3160
1029	3260
1029	2904
1029	3382
1029	3494
1029	2958
1029	3225
1029	2903
1029	3442
1029	2985
1029	3277
1029	2863
1029	3149
1029	3528
1029	2851
1029	3057
1029	2949
1029	3586
1029	3292
1029	2848
1029	3044
1029	2906
1029	2891
1029	3081
1029	3330
1029	2829
1029	2948
1029	2925
1029	3118
1029	2953
1029	3228
1029	3080
1029	3302
1029	2931
1029	2940
1029	3093
1029	2915
1029	2941
1029	2894
1029	3231
1029	3444
1029	3443
1029	3077
1029	3040
1029	2879
1029	3005
1029	3053
1029	2864
1029	2960
1029	2843
1029	3006
1029	2893
1029	3427
1029	3430
1029	2890
1029	2959
1029	2981
1029	2900
1029	3498
1029	3211
1029	3045
1029	3046
1029	3166
1029	3051
1029	3216
1029	2865
1029	3061
1029	3243
1029	3026
1029	2967
1029	3508
1029	3472
1029	3023
1029	3169
1029	2998
1029	2895
1029	2885
2320	2955
2320	2950
2320	2952
2320	2848
2320	2879
2320	2864
2320	2921
2320	2863
2320	2903
2320	2881
2320	2868
2320	2856
2320	2960
2320	3149
2320	2843
2320	2890
2320	2981
2320	2997
2320	2851
2320	2829
2320	3131
2320	2836
2320	2929
2320	3212
2320	2866
2320	2928
2320	3032
2320	2924
2320	3034
2320	3298
2320	3043
2320	3141
2320	2827
2320	3158
2320	3174
2320	2896
2320	3191
2320	3416
2320	3003
2320	3132
2320	2953
2320	3190
2320	3008
2320	3167
2320	3026
2320	2857
2320	2925
2320	2923
2320	3074
2320	3042
2320	2893
2320	3062
2320	2933
2320	2967
2320	3186
123	2857
123	2932
123	2877
123	2843
123	2903
123	2961
123	2856
123	3003
123	2848
123	2866
123	3059
123	3158
123	2855
644	2867
644	3314
644	3317
644	2923
644	2857
644	2900
644	2866
644	2924
644	3011
644	2848
644	2829
644	3032
644	2961
644	2865
644	3044
644	3158
644	2856
644	3034
644	3036
977	2919
977	3074
977	2836
977	3132
977	3104
977	2881
977	2995
977	2989
977	2924
977	2845
977	2857
977	2856
977	3037
977	2967
977	2827
977	2865
977	2855
977	2998
977	3013
977	3042
977	2829
977	2839
977	2923
977	2961
977	2890
977	3149
977	2904
977	3055
977	3186
977	3026
977	2882
977	2926
977	2885
977	3209
977	2952
977	2907
977	2876
903	2998
903	3008
903	2895
903	2843
903	2900
903	2856
903	2863
903	3032
903	2885
903	2938
903	2841
903	2836
903	2867
903	2860
903	3031
903	2963
903	2891
903	2865
903	2992
903	2830
903	3013
903	3040
903	2868
903	3105
903	3304
903	3390
903	3243
903	3026
903	3139
903	2848
903	2967
1910	2997
1910	3040
1910	2856
1910	2948
1910	2829
1910	3032
1910	2961
1910	2953
1910	2857
1910	2925
1910	3034
1910	2885
1910	2923
1910	3030
1910	2865
1910	3053
1910	2867
1910	2932
1910	2866
1910	2848
1910	2938
1910	2924
1043	3011
1043	2866
1043	2856
1043	2961
1043	3145
1043	2863
1043	2851
1043	3034
1043	2848
1043	2855
1043	3216
1043	2839
1043	3003
1043	2836
1043	2857
1043	3008
1043	2829
1043	3131
1043	2885
1043	2827
1043	2903
1043	3241
1043	2867
1043	2877
1043	2890
1043	2881
1043	2983
1043	2864
1043	2891
1043	3046
1043	2971
1043	2872
1043	3045
1043	3043
1043	2938
1043	2908
1043	3032
1043	3238
1043	2910
1043	2860
1043	2843
2550	3011
2550	2866
2550	2856
2550	2961
2550	3145
2550	2863
2550	2851
2550	3034
2550	2848
2550	2855
2550	3216
2550	2827
2550	3053
2550	3003
2550	2836
2550	2857
2550	3008
2550	2829
2550	3131
2550	2885
2550	2903
2550	3241
2550	2867
2550	2877
2550	2890
2550	2881
2550	2983
2550	2864
2550	2891
2550	3046
2550	2971
2550	2872
2550	3045
2550	3043
2550	2938
2550	2908
2550	3032
2550	3238
2550	2910
2550	2860
2550	2843
2550	2948
2550	3055
2550	2904
2550	2984
2137	2843
2137	2867
2137	2890
2137	2877
2137	2863
2137	2836
2137	2908
2137	2855
2137	3032
2137	3036
2137	2857
2137	2856
2137	2903
2137	2971
2137	2879
2137	2904
2137	3238
2137	2906
2137	2866
2137	2851
2137	2864
2137	2862
2137	3149
2137	2872
2137	3214
2137	2881
2137	2994
2137	2948
2137	2885
2137	2865
2137	3145
2137	3055
2137	2984
2137	3317
2108	3067
2108	2881
2108	2843
2108	2866
2108	2864
2108	2868
2108	2993
2108	2924
2108	3173
2108	3052
2108	3062
1561	3052
1561	3173
1561	2881
1561	3172
1561	2864
1561	2868
1194	2856
1194	2827
1194	2863
1194	3153
1194	2877
1194	2933
1194	3030
1194	2900
1194	3037
1194	3003
1194	2857
1194	3008
1194	2903
1194	2843
1194	3145
1194	2848
1194	2855
1194	2865
1194	2890
1194	2867
1194	3158
1194	2961
1194	3009
1194	2851
1194	2983
1194	2858
1194	2866
1194	2907
1194	2921
1194	2938
1194	3032
1194	3046
1194	3017
1194	3045
1194	2908
1194	3052
1194	2881
1194	2860
1194	2879
1194	3034
1194	2891
1194	2864
1958	2856
1958	2827
1958	2863
1958	3153
1958	2877
1958	2933
1958	3030
1958	2900
1958	3037
1958	3003
1958	2857
1958	3008
1958	2903
1958	2843
1958	3145
1958	2848
1958	2855
1958	2865
1958	2890
1958	2836
1958	2867
1958	3158
1958	3009
1958	2851
1958	2983
1958	2866
1958	3046
1958	2938
1958	2858
1958	2920
1958	2961
1958	3032
1958	3045
1958	2902
1958	2860
1958	3173
1958	2910
1958	2971
1958	3043
1958	2908
1958	3034
1958	2891
1958	2864
1598	2856
1598	2863
1598	2881
1598	2890
1598	2836
1598	2900
1598	2827
1598	3008
1598	2829
1598	2903
1598	2962
1598	2866
1598	3145
1598	2921
1598	2839
1598	2855
1598	2851
1598	2843
1598	2867
1598	2877
1598	2864
1598	2983
1598	2848
1598	2872
1598	3045
1598	3046
1598	3032
1598	3043
1598	2858
1598	2961
1598	2857
1598	2971
1598	2938
1598	2879
250	2866
250	3011
250	2856
250	2881
250	2843
250	2857
250	2855
250	2877
250	2863
250	2836
250	2890
250	2904
250	3055
250	3008
250	2903
250	2938
250	2851
250	2827
250	2895
250	3036
250	2848
250	2891
250	2867
250	2900
250	2864
250	2983
250	3032
250	2872
250	3045
250	3046
250	2961
250	3043
250	2858
250	2921
250	2971
250	2879
1883	2856
1883	2863
1883	2881
1883	2890
1883	2827
1883	2836
1883	2900
1883	3008
1883	2983
1883	2908
1883	2855
1883	2938
1883	2903
1883	2866
1883	3036
1883	2839
1883	2843
1883	2867
1883	2877
1883	2864
1883	3032
1883	2971
1883	3046
1883	2885
1883	2848
1883	3045
1883	2961
1883	2857
1883	2858
1883	2910
1883	2923
1883	2860
33	2866
33	3011
33	2856
33	2881
33	2843
33	2857
33	2855
33	2877
33	2863
33	2836
33	2890
33	2904
33	3055
33	3008
33	2903
33	2938
33	2839
33	2851
33	2827
33	2895
33	3036
33	2848
33	2891
33	2867
33	2900
33	2864
33	2983
33	2961
33	3032
33	2971
33	3046
33	2885
33	3045
33	2860
33	2910
33	2923
2246	3031
2246	2885
2246	2848
2246	2967
2246	2924
2246	3186
2246	3022
2246	3557
2246	3042
2246	2872
2246	2866
2246	2960
2246	2827
2246	2896
2246	2948
2246	2903
2246	2998
2246	2855
2246	2881
2246	3051
2246	2957
2246	2907
2246	2972
2246	2876
2246	2856
2246	2923
2246	2961
2246	2863
2246	3017
2297	3012
2297	2923
2297	2989
2297	2848
2297	3017
2297	2851
2297	2903
2297	2866
2297	2998
2297	2856
2297	2865
2297	3037
2297	2876
2297	2960
2297	2924
2297	2957
2297	2855
2297	2863
2297	3069
2297	2900
2297	3036
2297	3027
2297	2967
2297	3062
2297	2885
2297	2891
1744	3209
1744	2995
1744	2903
1744	2961
1744	2866
1744	3043
1744	3034
1744	2967
1744	3037
1744	2855
1744	3190
1744	2856
1744	2890
1744	3365
1744	2994
1744	3587
1744	3189
1744	2834
1744	2882
1744	3186
2065	2920
2065	3055
2065	2967
2065	2922
2065	3160
2065	3260
2065	2863
2065	2856
2065	2903
2065	3030
2065	3037
2122	2856
2122	2881
2122	2890
2122	2863
2122	2836
2122	2827
2122	2900
2122	3008
2122	2983
2122	2855
2122	2938
2122	2866
2122	2865
2122	3036
2122	2839
2122	2843
2122	2867
2122	2877
2122	2864
2122	3046
2122	3045
2122	2961
2122	3032
2122	2848
2122	2971
2122	2923
2122	2860
2122	3043
2122	2904
2122	2906
2122	2857
2122	3027
2122	2882
2122	3051
2122	2851
980	2866
980	3011
980	2856
980	2881
980	2843
980	2857
980	2855
980	2877
980	2863
980	2836
980	2890
980	2904
980	3055
980	3008
980	2903
980	2938
980	2839
980	2851
980	2827
980	2895
980	3036
980	2848
980	2891
980	2867
980	2864
980	2983
980	3046
980	3045
980	2961
980	3032
980	2971
980	2923
980	2860
980	3043
980	2906
980	3027
980	2882
980	3051
980	2897
980	2967
980	3131
980	2885
2170	2926
2170	2982
2170	3190
2170	2866
2170	3022
2170	3034
2170	3037
2170	2885
2170	2998
2170	2843
2170	3118
2170	2930
2170	2860
2170	2910
1945	2836
1945	2900
1945	3003
1945	2855
1945	2961
1945	2827
1945	2983
1945	2877
1945	2863
1945	2856
1945	2865
1945	2841
1945	2857
1945	3358
1945	2864
1945	3031
1945	3026
1945	3054
1945	2829
1945	3030
1945	2963
1945	2866
1945	2924
1945	2933
1945	2921
1945	2843
1945	2851
1945	2848
1945	2971
1945	3007
1945	3017
1945	2868
1945	2928
1945	3011
1945	3013
1945	2860
1945	3135
1945	3032
1945	3217
1945	3212
1945	2920
1945	3492
1945	2922
1945	2967
1945	2897
1945	3241
1945	2892
1945	2879
2470	2856
2470	2863
2470	2881
2470	2890
2470	2827
2470	2836
2470	2900
2470	3008
2470	2983
2470	2908
2470	2855
2470	2938
2470	2903
2470	2866
2470	3036
2470	2864
2470	2851
2470	2843
2470	2867
2470	2877
2470	3046
2470	3045
2470	2858
2470	3043
2470	3032
2470	2885
2470	2910
2470	2961
2470	2960
2242	2856
2242	2881
2242	2843
2242	2866
2242	2857
2242	2855
2242	2877
2242	2863
2242	2836
2242	2890
2242	2904
2242	3055
2242	3008
2242	2903
2242	2938
2242	2851
2242	2864
2242	2827
2242	2895
2242	3036
2242	2848
2242	2962
2242	2867
2242	2983
2242	2891
2242	3046
2242	3045
2242	2961
2242	2858
2242	3032
2242	2910
2242	2960
2242	2897
2242	3144
2242	3009
476	2904
476	3055
476	3321
476	2860
476	2864
476	2857
476	2872
476	2856
476	2866
476	2848
476	2863
476	3174
476	2855
476	2877
476	2922
476	3032
476	2938
476	2920
476	2921
476	2893
476	3045
476	2879
476	3046
476	2836
476	2867
476	3043
476	3492
476	3075
476	2963
476	3003
476	2841
476	2843
476	2961
476	2876
476	2936
476	2907
476	2908
476	2891
1983	2907
1983	2857
1983	2971
1983	3017
1983	2856
1983	2836
1983	2862
1983	2863
1983	3045
1983	3046
1983	3005
1983	3006
1983	2871
1983	2963
1983	2877
1983	2855
1983	2848
1983	2890
1983	2843
1983	2858
1983	3492
1983	3030
1983	2865
1983	2895
1983	2903
1983	3032
1983	2868
411	3011
411	2885
411	2856
411	2848
411	2863
411	2872
411	2827
411	2948
411	2851
411	2843
411	2836
411	2877
411	3003
411	2857
411	3034
411	3008
411	3046
411	3045
411	3023
411	3158
411	2855
411	3030
411	2866
411	3032
411	2869
411	2860
411	3145
411	2890
411	2867
411	2900
411	2864
411	2983
411	2938
411	2921
411	2858
411	2961
411	3043
411	2908
411	3036
411	3040
411	3064
411	2932
994	3367
994	3234
994	3059
994	2881
994	2868
994	3153
994	2863
994	2921
994	2924
994	2864
994	2952
994	2994
994	2851
994	2951
994	2949
994	2959
994	2856
994	2829
994	2865
994	2866
994	2903
994	3020
994	2996
994	2993
994	2972
994	3029
994	2907
994	2876
994	2960
994	2857
994	2838
994	2827
994	3207
994	2938
994	3022
994	2836
994	2987
994	2986
994	2843
994	2961
994	3150
994	3151
994	2890
994	2855
994	3588
994	2848
994	2879
994	2900
994	3037
994	3003
994	2885
994	2891
994	3005
994	3006
994	3012
994	3170
994	3321
994	2860
994	2846
994	3072
994	2834
994	2967
994	2932
994	2934
994	3026
994	3216
994	3308
994	2933
994	3262
994	3032
994	2908
994	3148
994	3332
994	3076
2619	3252
2619	2866
2619	3046
2619	3045
2619	2929
2619	2900
2619	2885
2619	2904
2619	2906
2619	3041
2619	2961
2619	3012
2619	3027
2619	3051
2619	2998
2619	2860
2619	3035
2619	2856
2619	2938
2619	3130
2619	3128
2619	2912
2619	3086
2619	3416
2619	3233
2619	2841
2619	2895
2619	3003
2619	2911
2619	2871
2619	3243
2619	2903
2619	3055
2619	2921
2619	3212
2619	2872
2619	3321
2619	3131
2619	3133
2619	2928
2619	2927
2619	3342
2619	3145
2619	2857
2619	3158
2619	3008
2619	3030
2619	3038
2619	3061
2619	3034
2619	3179
2619	3169
2619	2865
2619	3037
2619	2925
2619	2967
2619	3295
2619	2907
2619	2948
2619	2864
2619	3121
2619	3185
2619	2853
2619	3589
2619	3085
2619	2915
2619	3227
2619	2827
2619	3556
2619	3502
2619	2942
2619	2918
2619	3081
2619	3132
2619	2910
2619	2984
2619	2848
2619	2843
2619	2933
2619	2855
2619	3044
2619	2973
2619	2932
2619	3286
2619	3326
2619	3032
2619	3164
2619	2889
2619	3501
797	3042
797	2948
797	2872
797	3317
797	2851
797	2856
797	2866
797	2855
797	2848
797	3303
797	2829
797	2960
797	3141
797	2857
797	3207
797	2984
797	2924
797	2923
797	2865
797	3046
797	3045
797	2961
797	2928
797	3212
2174	2881
2174	2900
2174	2856
2174	2866
2174	2843
2174	2857
2174	2855
2174	2890
2174	2836
2174	3003
2174	3008
2174	2938
2174	2903
2174	2839
2174	2961
2174	3009
2174	2867
2174	2877
2174	2863
2174	2864
2174	2983
2174	2962
2174	3032
2174	3046
2174	2858
2174	3037
2174	3045
2174	3022
2174	2932
2174	2860
2174	2921
2174	3043
2174	2851
2174	3030
2174	2865
2174	3149
2174	2841
2174	2891
2174	2848
79	2866
79	2864
79	3032
79	2856
79	2857
79	3262
79	2924
79	2865
79	2868
79	2957
79	2993
79	2903
79	2960
79	2994
79	2855
79	2972
79	2851
79	3149
79	3181
79	2839
79	2829
79	2963
79	2953
79	2843
79	2862
79	2848
79	2863
79	2827
79	2879
79	2838
79	2902
79	2876
79	2948
79	2901
79	3003
79	3043
79	2971
79	3317
79	2984
79	2896
79	2967
79	3177
79	3048
79	3121
79	2853
79	3119
79	3093
79	3152
79	2834
79	2841
79	2959
79	3126
79	3132
79	3320
79	2845
79	2956
79	2998
79	2992
79	3051
79	2988
79	2925
860	2856
860	2923
860	2848
860	2866
860	3145
860	2903
860	2924
860	2829
860	2865
860	3036
860	2891
860	3030
860	2867
860	3053
860	2938
860	3032
860	2855
860	3045
860	3046
860	2851
860	2961
860	2885
179	2856
179	2923
179	2848
179	2866
179	3145
179	2903
179	2896
179	2829
179	2865
179	2962
179	3036
179	3030
179	2867
179	3053
179	2924
179	2938
179	2891
179	3032
179	2855
179	3045
179	3046
179	2851
179	2961
179	2885
2218	2885
2218	3069
2218	2865
2218	2856
2218	2863
2218	2881
2218	2864
2218	2841
2218	2879
2218	2891
2218	2972
2218	2866
2218	2984
2218	2948
2218	2890
2218	2827
2218	2855
2218	2876
2218	2845
2218	2851
2218	2961
2218	3149
2218	3023
2218	2892
2218	2829
2218	3043
2218	2960
2218	3067
2218	2838
2218	2951
2218	2959
2218	2839
2218	2848
2218	2989
2218	3005
2218	3014
2218	2903
2218	2924
2218	2963
2218	2843
2218	2902
2218	2933
2218	3254
2218	2896
2218	3327
2218	2950
2218	3226
2218	2982
2218	3175
2218	2957
2218	2954
2218	3291
2218	3059
2218	2949
2218	3044
2218	3184
2218	2994
2218	2988
2218	2952
2218	3006
2218	3141
2218	2901
2218	3512
2218	3513
2218	2970
2218	3042
2218	2897
2218	3372
2218	3177
2218	3132
846	2856
846	3055
846	2972
846	2863
846	2879
846	2851
846	2904
846	3043
846	2857
846	2841
846	3327
846	2868
846	2957
846	2891
846	3012
846	2827
846	2924
846	2843
846	3249
846	3166
846	2834
846	2961
846	2855
846	2854
846	2864
846	3149
846	2994
846	2902
846	2881
846	2876
846	2866
846	3209
846	2848
846	3226
846	2954
846	2839
846	2960
846	2845
846	2952
846	3234
846	3141
846	2950
846	3159
846	3376
846	2838
846	2865
846	3214
846	2890
846	2996
846	3382
846	3059
846	2901
846	2892
846	2993
846	2990
846	3006
846	2991
846	3005
846	2860
846	2858
846	3254
846	2885
846	2953
846	3042
846	3132
846	3314
846	2948
846	2862
846	3231
846	2925
846	3100
846	3177
846	3092
846	3198
846	2989
846	2831
846	2880
846	3329
846	3071
846	3282
2544	3258
2544	2912
2544	2903
2544	3556
2544	3002
2544	3035
2544	2885
2544	2932
2544	3061
2544	3034
2544	3081
2544	3375
2544	2967
2544	3416
2544	3179
2544	3008
2544	3158
2544	3191
2544	3216
2544	2916
2544	3195
2544	3037
2544	3046
2544	3045
2544	3093
2544	3119
2544	2940
2544	2928
2544	2933
2544	2845
2544	2925
2544	3009
2544	3026
2544	3054
2544	3298
2544	3144
2544	2891
2544	3590
1582	3360
1582	2876
1582	2890
1582	2841
1582	3502
1582	2990
1582	2846
1582	3292
1582	2863
1582	3314
1582	3141
1582	2862
1582	3052
1582	2991
1582	3501
1582	3223
1582	2892
1582	3012
1582	2955
1582	3049
1582	2958
1582	3005
1582	3446
1582	3006
1582	2866
1582	3290
1582	2902
1582	2901
1582	2960
1582	2857
1582	3175
1582	3042
1582	3449
1582	3591
1582	2851
1582	3257
1582	2843
1582	2848
1582	3588
1582	2881
1582	2879
1582	3377
1582	3378
1582	2889
1582	2840
1582	3507
1582	3217
1582	3132
1582	2834
1582	3215
1582	2989
1582	2856
1582	2925
1582	2891
1582	3033
1582	2896
1582	2979
1582	3293
1582	2903
1582	2948
1582	2988
1677	2856
1677	2863
1677	2851
1677	2855
1677	2866
1677	2827
1677	2954
1677	2836
1677	3029
1677	2848
1677	2924
1677	2900
1677	3008
1677	2903
1677	2867
1677	2890
1677	2877
1677	2864
1677	2983
1677	2938
1677	2961
1677	3032
1677	3045
1677	3046
1677	3043
1677	2843
1677	3161
1677	3302
1677	2860
1677	2857
1886	2866
1886	3011
1886	2856
1886	2881
1886	2890
1886	2836
1886	2857
1886	3003
1886	2843
1886	3008
1886	2855
1886	2827
1886	2903
1886	3131
1886	2851
1886	3161
1886	3255
1886	2867
1886	2877
1886	2863
1886	2900
1886	2864
1886	2983
1886	2938
1886	2961
1886	3032
1886	2962
1886	3045
1886	3046
1886	3043
1886	3302
1886	2860
180	2856
180	2863
180	2851
180	2855
180	2866
180	2827
180	2954
180	2836
180	3029
180	2848
180	2924
180	2900
180	3008
180	2903
180	2867
180	2890
180	2877
180	2881
180	2879
180	2864
180	2983
180	2961
180	2921
180	2938
180	3032
180	3045
180	2891
180	3046
180	3043
180	2843
180	3161
180	3302
180	2860
180	2910
1341	2866
1341	3011
1341	2856
1341	2881
1341	2890
1341	2836
1341	2857
1341	3003
1341	2843
1341	3008
1341	2855
1341	2827
1341	2903
1341	3131
1341	2851
1341	3161
1341	3255
1341	2867
1341	2877
1341	2863
1341	2864
1341	2983
1341	2961
1341	2921
1341	2938
1341	3032
1341	3045
1341	2962
1341	3046
1341	3043
1341	3302
1341	2860
1341	2910
2345	2856
2345	2866
2345	2848
2345	3032
2345	2841
2345	2851
2345	2843
2345	2863
2345	2876
2345	2953
2345	2972
2345	3149
2345	2827
2345	3303
2345	2864
2345	2998
2345	2960
2345	3043
2345	3382
2345	2961
2345	2855
2345	3119
2345	3107
2345	2865
2345	2901
2345	2902
2345	2943
2345	2829
2345	2992
2345	2888
2345	2957
1105	2856
1105	2863
1105	2851
1105	2855
1105	2866
1105	2827
1105	2954
1105	2836
1105	3029
1105	2848
1105	2924
1105	2900
1105	3008
1105	2903
1105	2867
1105	2890
1105	2877
1105	2864
1105	2983
1105	2938
1105	3022
1105	2908
1105	3032
1105	3045
1105	2910
1105	2857
1105	3046
1105	3043
1105	3161
1105	3302
1105	2860
1105	2961
1105	2858
894	2866
894	3011
894	2856
894	2881
894	2890
894	2836
894	2857
894	3003
894	2843
894	3008
894	2855
894	2827
894	2903
894	3131
894	2851
894	3161
894	3255
894	2867
894	2877
894	2863
894	2900
894	2864
894	2983
894	2938
894	2908
894	2848
894	3032
894	3045
894	2910
894	3046
894	3043
894	3302
894	2860
894	2961
894	2858
894	2924
2048	2865
2048	2993
2048	3159
2048	2851
2048	2841
2048	2885
2048	2848
2048	2866
2048	3234
2048	2952
2048	3067
2048	2856
2048	2957
2048	2863
2048	2960
2048	3226
2048	2876
2048	2972
2048	2855
2048	2994
2048	2890
2048	2881
2048	2827
2048	2843
2048	2839
2048	3209
2048	2984
2048	2829
2048	2959
2048	2862
2048	2961
2048	2982
2048	2846
2048	2902
2048	3006
2048	3430
2048	3512
2048	3513
2048	3427
2048	3005
2048	2901
2048	2995
2048	2949
2048	2879
2048	3181
2048	3287
2048	3166
2048	2857
2048	2864
2048	3043
2048	2924
2048	2892
2048	3377
2048	2998
2048	3378
2048	2996
2048	3141
2048	2954
2048	3292
2048	3327
2048	2903
2048	2868
2048	2845
2048	3149
2048	3592
2048	2831
2048	3215
2048	3303
2048	2948
2048	2888
2048	3426
2048	3014
2048	3129
2048	2971
2048	3314
2048	3032
2048	2933
2048	2880
2048	2925
2048	3511
2048	2853
2045	2866
2045	3011
2045	2856
2045	2851
2045	2855
2045	2895
2045	3145
2045	2857
2045	3013
2045	2867
2045	2863
2045	2836
2045	2890
2045	2904
2045	3055
2045	3008
2045	2865
2045	2938
2045	3255
2045	3161
2045	3043
2045	2901
2045	2902
2045	2860
2045	2879
2045	2843
2045	2877
2045	2900
2045	2864
2045	2983
2045	3191
2045	2921
2045	2858
2045	2885
2045	2848
2045	2961
2045	3032
2045	2908
2045	3342
2045	3031
2045	2891
2045	2928
2045	2872
2045	2967
2045	2897
2045	2933
2045	3148
520	2856
520	2957
520	2949
520	2827
520	2855
520	2829
520	3181
520	2993
520	2868
520	2864
520	2866
520	2984
520	2924
520	2891
520	2903
520	3149
1162	3043
1162	2863
1162	2889
1162	2960
1162	2855
1162	3051
1162	2998
1162	3206
1162	3145
1162	3034
1162	2903
1162	2839
1162	2885
1162	2890
1162	2860
1162	2892
1162	2836
1162	3593
1162	3555
1162	2994
1162	3427
1162	3430
1162	3006
1162	3005
1162	3017
1162	2900
1162	3226
1162	2972
1162	2954
1162	2827
1162	2895
1162	2868
1162	2866
1162	2961
1162	2856
1162	3391
1162	2829
1162	3199
1162	3200
1162	2951
1162	2952
1162	3067
1162	2857
1162	3059
1162	2879
1162	2891
1162	3211
1162	2881
1162	2910
1162	3191
1162	2864
1162	3037
1162	3243
163	2834
163	3008
163	2944
163	2882
163	3390
163	2967
163	2912
163	3026
163	3179
163	3594
163	3081
163	3258
163	2874
163	3094
163	3286
163	2853
163	3037
163	3326
163	2925
163	3556
163	3148
1201	3226
1201	2873
1201	2856
1201	3051
1201	2848
1201	2855
1201	2998
1201	2889
1201	3211
1201	3206
1201	3034
1201	3145
1201	3040
1201	3032
1201	2909
1201	3003
1201	2846
1201	2895
1201	2863
1201	2891
1201	3430
1201	3427
1201	3444
1201	3443
1201	3005
1201	3006
1201	2900
1201	3351
1201	2839
1201	2827
1201	2843
1201	2866
1201	2829
1201	2865
1201	2851
1201	2981
1201	2879
1201	2857
1201	2938
1201	2864
1201	2903
1201	3141
1201	3445
1201	2892
1201	2834
1201	2967
1201	3026
1201	3025
1201	2926
479	2843
479	2863
479	2893
479	2856
479	2839
479	2895
479	2877
479	2827
479	2904
479	2906
479	2867
479	2857
479	2845
479	3008
479	2836
479	2961
479	3043
479	2866
479	2920
479	2922
479	2855
479	2938
479	2864
479	2932
479	3046
479	3064
479	2890
479	2865
479	3030
479	2881
479	2848
479	2958
479	2851
479	2983
479	3045
479	2891
479	2860
479	3032
479	2948
479	2876
479	2900
479	2907
479	2908
479	2902
479	2921
479	3242
479	2901
479	3148
479	3061
479	2897
479	3035
479	2885
479	3022
479	2903
2664	3067
2664	2856
2664	2843
2664	2952
2664	2885
2664	2864
2664	2892
2664	2839
2664	2959
2664	2863
2664	2881
2664	2851
2664	3057
2664	2954
2664	2855
2664	2876
2664	2896
2664	2829
2664	2900
2664	2857
2664	2960
2664	2848
2664	2924
2664	2866
2664	2971
2664	2827
2664	2890
2664	3037
2664	3243
2664	3382
2664	2889
2664	3593
2664	2860
2664	2901
2664	2902
2664	3443
2664	3444
2664	2993
2664	3008
2664	2961
2664	3262
2664	3017
2664	2940
2664	3124
2664	2994
2664	3567
2664	2957
2664	2865
2664	2997
2664	2891
2664	2895
2664	3026
2664	3003
2664	2998
2664	3040
2664	2879
2664	2950
2664	2972
2664	3051
1445	3048
1445	3223
1445	2880
1445	2888
1445	2881
1445	2953
1445	3483
1445	2855
1445	2961
1445	2925
1445	2894
1445	2863
1445	3532
1445	3145
1445	2934
1445	2891
1445	2885
1445	2866
1445	2856
1445	2903
1445	2922
1445	2920
1445	3375
1445	2836
1445	2879
1445	2948
1445	2857
1445	3045
1445	3578
1445	2877
1445	2957
1445	2900
1445	2848
1445	2851
1445	3160
1445	3260
1445	2872
1445	2843
1445	2921
1445	3027
1445	2864
1445	2876
1445	3059
1445	3046
1445	2865
1445	3289
1445	3172
1445	2924
1445	2829
1445	2845
1445	2897
1445	2839
1445	3166
1445	3043
1445	2938
1445	2960
1445	2896
1445	2981
1445	3035
1445	2827
1445	3037
1445	3174
1445	3012
1445	3205
1445	2950
1445	3067
1445	3030
1445	3158
1445	2959
1445	2949
1445	3207
1445	3339
1445	3579
1445	2992
1445	3385
1445	3290
1445	3226
1445	2952
1445	2993
1445	2904
1445	3055
1445	2982
1445	3173
1445	2991
1445	2908
1445	2990
1445	3209
1445	2860
1445	3216
1445	3026
1445	3132
1445	3061
1445	3057
1445	2868
1445	3017
1445	3003
1445	3180
1445	3051
1445	2841
1413	2957
1413	2960
1413	2876
1413	3280
1413	2856
1413	2851
1413	2923
1413	2993
1413	2868
1413	2879
1413	2866
1413	2829
1413	2848
1413	2924
128	2926
128	2982
128	3190
128	2866
128	3022
128	3034
128	3037
128	2885
128	2910
128	3031
128	2848
128	2967
128	2924
128	3186
128	3557
128	3042
128	2872
128	2960
128	2827
128	2896
128	2948
128	2903
128	2998
128	2855
128	2881
128	2957
128	2907
128	2972
128	2876
128	2856
128	2923
128	2961
128	2863
128	3017
128	3051
128	2920
128	3055
128	2922
128	3160
128	3260
128	3030
128	2843
128	3118
128	2930
128	2860
128	2919
128	3074
128	2836
128	3132
128	3104
128	2995
128	2989
128	2845
128	2857
128	2865
128	3013
128	2829
128	2839
128	2890
128	3149
128	2904
128	3026
128	2882
128	3209
128	2952
128	3043
128	3365
128	2994
128	3587
128	3189
128	2834
128	2867
128	3314
128	3317
128	2900
128	3011
128	3032
128	3044
128	3158
128	3036
128	3012
128	2851
128	3069
128	3027
128	3062
128	2891
128	2932
128	2877
128	3003
128	3059
128	2981
128	3131
128	3141
128	2929
128	2921
128	2997
128	3212
128	2928
128	3298
128	3191
128	2955
128	3416
128	3167
128	2868
128	2879
128	2893
128	3008
128	2953
128	2925
128	3174
128	2864
128	2950
128	2933
128	2892
128	3595
128	3596
128	3040
128	3523
128	3028
128	2934
128	2975
128	3597
128	3014
128	3184
128	3343
128	2853
128	3054
128	3376
128	3282
128	2912
128	2992
128	3236
128	3128
128	3130
128	2895
128	2858
128	3145
128	3153
128	3243
128	3187
483	2904
483	3028
483	2864
483	2955
483	3234
483	3226
483	2924
483	3011
483	2866
483	3062
483	2938
483	3055
483	2829
483	2993
483	2865
483	2903
483	2885
483	2891
483	3030
483	2950
483	3581
483	3043
483	2827
483	2856
483	3242
483	2851
483	2987
483	2986
483	2895
483	2900
483	3072
483	2957
483	2952
483	3382
483	2843
483	3339
483	2839
483	3207
536	3288
536	2827
536	2866
536	2856
536	2948
536	3057
536	2829
536	3032
536	3158
536	3023
536	2839
536	2960
536	2855
536	3145
536	2868
536	2952
536	2993
536	2865
952	3286
952	2853
952	3589
952	3556
952	3119
952	3403
952	2912
952	2866
952	2915
952	3080
952	2888
952	3087
952	3224
952	3085
952	3252
952	2918
952	2932
952	3158
952	2925
952	3061
952	3011
952	2992
952	3081
952	3152
952	3598
952	3195
952	2916
952	3121
952	3374
952	3548
952	2963
952	2874
952	3026
952	3048
952	3084
952	2967
952	3037
952	3126
952	3599
952	3169
952	3031
952	3342
952	3452
952	3008
952	3419
952	2908
952	2856
952	2930
952	3594
952	3145
952	2855
952	2894
952	2865
952	3233
952	3416
952	3042
952	2872
952	3040
952	2897
952	3034
952	3216
952	3600
952	3601
952	3575
952	3285
952	2891
952	3086
952	3232
952	3012
952	2926
952	3375
952	3144
952	3322
952	3602
952	3113
952	3523
952	3258
952	3036
952	2854
952	2900
952	2928
952	2971
952	3032
952	2961
952	3046
952	3045
952	3319
952	3164
952	3179
952	2885
952	2882
952	3096
952	2889
952	3027
952	3231
952	3141
952	3133
952	3321
952	3002
952	3178
952	3035
952	3295
952	2938
952	3603
952	3326
952	3058
952	3185
952	3205
952	3190
952	3568
952	2940
952	3074
952	2950
952	2993
952	2841
952	2857
952	2942
952	3053
952	2924
952	3571
1888	2856
1888	2866
1888	2863
1888	2881
1888	2855
1888	2864
1888	2890
1888	2953
1888	2925
1888	3036
1888	2877
1888	2938
1888	2836
1888	2843
1888	2895
1888	2904
1888	3055
1888	3131
1888	3008
1888	2961
1888	2867
1888	2827
1888	2900
1888	2851
1888	2983
1888	2860
1888	3011
1888	2858
1888	3032
1888	3045
1888	2910
1888	3046
1888	2845
1888	2967
1888	3009
1888	2885
1205	3037
1205	2906
1205	3414
1205	2938
1205	2924
1205	3012
1205	2848
1205	2864
1205	3055
1205	3587
1205	3189
1205	3509
1205	3424
1205	3004
1205	2843
1205	3025
1205	3015
1205	2856
1205	2867
1205	2972
1205	2952
1205	2904
1205	3166
1205	2994
1205	2839
1205	2827
1205	2885
1205	3282
2634	2856
2634	2863
2634	2881
2634	2827
2634	3003
2634	2836
2634	2843
2634	2857
2634	3008
2634	2829
2634	2865
2634	2938
2634	3036
2634	2839
2634	3252
2634	2855
2634	2851
2634	2890
2634	2867
2634	2877
2634	2864
2634	2983
2634	3032
2634	2860
2634	2967
2634	3009
2634	3045
2634	2848
2634	2961
2634	2866
2634	3011
2634	2885
2634	2910
2634	2908
2634	3046
1730	2856
1730	2881
1730	2936
1730	2890
1730	2846
1730	2962
1730	2961
1730	2836
1730	2904
1730	3055
1730	3008
1730	3003
1730	2863
1730	3158
1730	3036
1730	3145
1730	2867
1730	3030
1730	2900
1730	2864
1730	2851
1730	2983
1730	2855
1730	2938
1730	3011
1730	2843
1730	2858
1730	3032
1730	3045
1730	2860
1730	3046
1730	3043
1730	2908
1730	2857
1730	2866
1730	2998
1730	2910
1730	2960
1730	2967
1730	3009
1730	3217
1730	2933
1730	2948
1730	3040
1730	3026
1730	2885
1730	3031
1730	2891
676	2827
676	2904
676	2906
676	2881
676	2839
676	2867
676	2856
676	2857
676	2855
676	2891
676	2885
676	2922
676	2981
676	2903
676	2851
676	2865
676	2920
676	2864
676	2983
676	3046
676	3045
676	2866
676	3052
676	3032
676	2863
676	2843
676	2921
676	2961
1331	2860
1331	3017
1331	3045
1331	3046
1331	2901
1331	2902
1331	2863
1331	2855
1331	2856
1331	3032
1331	2851
1331	2938
1331	2904
1331	2906
1331	2857
1331	2891
1331	3158
1331	2885
1331	2962
1331	2866
1331	2881
1331	3053
1331	2865
1331	2843
1331	3011
1331	2936
1331	2867
1331	2864
1331	2983
2225	2856
2225	2881
2225	2863
2225	2827
2225	3003
2225	2836
2225	2857
2225	2843
2225	3008
2225	2829
2225	2903
2225	2938
2225	3036
2225	2839
2225	3252
2225	2855
2225	2890
2225	2867
2225	2877
2225	2864
2225	2983
2225	2900
2225	2866
2225	3066
2225	2908
2225	3032
2225	2961
2225	3045
2225	2910
2225	3046
2225	3043
2225	2860
2225	2921
998	2829
998	2827
998	2896
998	2890
998	2839
998	2959
998	2994
998	2949
998	2903
998	2865
998	2933
998	3057
998	2968
998	3221
998	3266
998	2958
998	2857
998	3604
998	2948
998	2866
998	2856
998	2845
998	2848
998	2843
998	2855
998	2960
998	2863
998	2957
998	2952
998	2876
998	2972
998	2892
998	3059
998	3067
998	3172
998	2885
998	3605
998	2980
998	3606
998	2976
998	2924
998	2864
998	3607
998	3040
998	2998
998	2868
998	3001
998	2900
998	2993
998	2879
998	2880
998	3290
998	3289
998	3069
998	3192
998	2889
998	3608
998	3048
998	3258
998	3483
998	3105
978	2856
978	2863
978	3129
978	2881
978	2890
978	2843
978	2867
978	2866
978	2829
978	3158
978	2857
978	2885
978	2938
978	2961
978	2855
978	2877
978	3053
978	2865
978	2827
978	2903
978	2836
978	3030
978	3036
978	2864
978	2983
978	3153
978	2908
978	3045
978	3043
978	2848
978	2920
978	2882
978	2891
978	3046
978	3032
978	2922
978	2851
978	2907
978	2910
978	2879
978	2858
978	2967
978	2965
978	2933
978	3062
1975	2856
1975	2863
1975	2881
1975	2827
1975	3003
1975	2836
1975	2843
1975	2857
1975	3008
1975	2829
1975	2865
1975	2938
1975	3036
1975	2855
1975	3064
1975	2866
1975	2851
1975	2867
1975	2890
1975	2877
1975	2864
1975	2983
1975	3032
1975	2858
1975	3045
1975	3046
1975	2848
1975	2961
1975	2924
1975	2910
2693	2856
2693	2863
2693	2881
2693	2827
2693	3003
2693	2836
2693	2843
2693	2857
2693	3008
2693	2829
2693	2865
2693	2938
2693	3036
2693	2839
2693	3252
2693	2855
2693	2851
2693	2867
2693	2890
2693	2877
2693	2864
2693	2983
2693	3032
2693	2860
2693	2961
2693	2848
2693	3046
2693	2910
2693	3045
2693	2845
2693	2858
2693	2900
2693	2879
2693	3179
2693	3178
2693	2885
2435	2856
2435	2923
2435	2865
2435	2851
2435	2903
2435	2866
2435	2829
2435	2848
2435	2896
2435	3145
2435	2967
2435	3297
2435	3037
2435	3030
2435	2867
2435	3053
2435	2924
2435	2891
2435	2908
2435	3017
2435	3035
2435	3032
2435	3011
2435	2872
1324	2829
1324	2953
1324	2967
1324	3255
1324	3136
1324	2960
1324	2848
1324	2971
1324	2855
1324	2851
1324	2908
1324	2856
1324	2948
1324	2863
1324	2872
1324	2862
1324	2877
1324	2827
1324	2865
1324	2866
1324	2867
1324	2843
1324	3045
1324	3046
1324	2882
1324	2891
1324	2890
1324	2836
1324	2881
1324	2961
1324	3129
1324	3012
1324	2900
1324	2938
1324	3036
1324	3032
1324	2860
1324	3043
1324	2857
1324	3034
2299	2856
2299	2863
2299	2855
2299	2843
2299	3003
2299	2836
2299	2857
2299	3008
2299	2903
2299	3036
2299	2953
2299	2925
2299	2938
2299	2839
2299	2851
2299	2890
2299	2867
2299	2877
2299	2961
2299	2983
2299	2864
2299	2860
2299	2910
2299	2908
2299	2866
2299	3045
2299	3032
2299	3046
2299	3043
509	2856
509	2881
509	2890
509	2997
509	2983
509	3003
509	2836
509	2827
509	2860
509	2843
509	3008
509	2895
509	3036
509	2829
509	2839
509	2855
509	2851
509	2903
509	2867
509	2877
509	2863
509	2864
509	2879
509	2858
509	2900
509	2857
509	2908
509	2866
509	2961
509	2938
509	2910
509	3045
509	3032
509	3046
509	3043
1332	2856
1332	2863
1332	2881
1332	2843
1332	2827
1332	3003
1332	3037
1332	2857
1332	3008
1332	2903
1332	3036
1332	2866
1332	3145
1332	2921
1332	2829
1332	2839
1332	2851
1332	2855
1332	2890
1332	2867
1332	2877
1332	2836
1332	2961
1332	2938
1332	3022
1332	2864
1332	3032
1332	2858
1332	2910
1332	2893
1332	3046
1332	3045
1332	3043
1332	2860
1332	3369
1436	2856
1436	2895
1436	2857
1436	2881
1436	2863
1436	2866
1436	2848
1436	2843
1436	2836
1436	3003
1436	3008
1436	2827
1436	2900
1436	2903
1436	2953
1436	2925
1436	2938
1436	2891
1436	2855
1436	2890
1436	2867
1436	2877
1436	2851
1436	2864
1436	2983
1436	2879
1436	2908
1436	2858
1436	2910
1436	2885
1436	3046
1436	3032
1436	3045
1436	3043
1436	2860
1436	2998
1436	2961
1436	2921
1436	2967
1436	2948
1436	2872
1436	3034
1436	2865
2706	2856
2706	2863
2706	2881
2706	2827
2706	3003
2706	2836
2706	2843
2706	2857
2706	3008
2706	2829
2706	2865
2706	2938
2706	3036
2706	2839
2706	3252
2706	2855
2706	2851
2706	2867
2706	2890
2706	2877
2706	2864
2706	2983
2706	3043
2706	2860
2706	2866
2706	3032
2706	3045
2706	2910
2706	3046
2706	2845
2706	2858
2706	2900
2706	2961
2706	2879
1115	2856
1115	2863
1115	2855
1115	2843
1115	2836
1115	2890
1115	3003
1115	2857
1115	3008
1115	2865
1115	2948
1115	2885
1115	2867
1115	2938
1115	2866
1115	2829
1115	2827
1115	2839
1115	2877
1115	2983
1115	2864
1115	3043
1115	2961
1115	2848
1115	3045
1115	3032
1115	2851
1115	2860
1115	3017
1115	3046
1115	2858
1115	2904
1115	2906
1115	3034
1115	3007
1115	3216
1221	2856
1221	2881
1221	2863
1221	2890
1221	2836
1221	2900
1221	3008
1221	2839
1221	2851
1221	2877
1221	2867
1221	2843
1221	2865
1221	3053
1221	2827
1221	2903
1221	2829
1221	2866
1221	2864
1221	2983
1221	2855
1221	3045
1221	3046
1221	2938
1221	2858
1221	2961
1221	3043
1221	2891
1221	3032
1221	2910
1221	2971
1221	2848
1221	2924
2680	2856
2680	2881
2680	2890
2680	3057
2680	2863
2680	2855
2680	2866
2680	2900
2680	3036
2680	2867
2680	2843
2680	3158
2680	2860
2680	2829
2680	3042
2680	2827
2680	2839
2680	3003
2680	2877
2680	2836
2680	2864
2680	2983
2680	3045
2680	3046
2680	2938
2680	2858
2680	2961
2680	2848
2680	3032
2680	2857
2680	2910
2680	2971
2680	3043
2680	2851
2680	2998
2680	3064
2336	2961
2336	2864
2336	3022
2336	2994
2336	2827
2336	2839
2336	2863
2336	2843
2336	2856
2336	2866
2336	3368
2336	3148
2336	2888
2336	2855
2336	2901
2336	3107
2336	2834
2336	2971
2336	2924
2336	3446
2336	2868
2336	2975
2336	2879
2336	3376
2336	2911
2336	3003
258	2856
258	2881
258	2863
258	2827
258	3003
258	2836
258	2857
258	2843
258	3008
258	2829
258	2903
258	2938
258	3036
258	2839
258	3252
258	2855
258	2890
258	2867
258	2877
258	2961
258	2900
258	2851
258	2864
258	3045
258	3046
258	3369
258	2908
258	2866
258	3032
258	2893
258	2858
258	2910
258	3043
1682	2856
1682	3003
1682	2863
1682	2879
1682	2866
1682	2896
1682	3030
1682	2848
1682	2851
1682	2983
1682	2855
1682	2836
1682	2890
1682	2900
1682	2857
1682	3008
1682	2862
1682	3158
1682	3145
1682	2938
1682	2903
1682	2877
1682	2843
1682	2867
1682	2961
1682	2864
1682	3045
1682	3046
1682	3369
1682	3032
1682	2893
1682	2858
1682	3043
1682	2860
1682	2902
1682	2901
1682	3149
1682	2865
1682	2908
1682	2829
1682	3017
1682	2897
1682	2834
1682	2885
1682	3187
1682	3011
1682	3022
1682	3007
1015	3032
1015	3008
1015	2872
1015	2864
1015	2943
1015	3034
1015	3022
1015	2827
1015	2839
1015	2851
1015	2866
1015	2937
1015	2838
1015	3100
1015	2957
1015	3177
1015	2894
1015	3151
1015	3150
1015	2925
1015	2885
1015	3066
2000	2960
2000	2892
2000	2876
2000	3037
2000	2868
2000	2932
2000	2856
2000	2855
2000	2864
2000	2846
2000	2881
2000	3022
2000	2882
2000	2926
2000	2885
2000	2851
2000	2848
2000	2866
2000	2938
2000	2827
2000	3190
2000	3032
2000	2829
2000	2839
2000	2896
2000	2845
2000	3153
2000	3012
2000	2903
2000	2933
2000	2921
2000	2962
2000	2891
2000	3062
2000	2843
2000	2961
2000	2967
861	2960
861	2892
861	2868
861	3012
861	2829
861	2903
861	3197
861	2897
861	2912
861	2967
861	2866
861	2855
861	2881
861	2907
861	2885
861	3062
861	2843
861	2882
861	2926
861	2934
861	3483
861	2908
861	2856
861	2923
861	3174
861	2924
861	3043
861	2846
861	2845
861	2983
861	2863
861	3020
861	2864
861	2848
861	3317
861	3054
861	3027
861	3158
861	2933
861	3008
861	2827
861	3053
861	3032
861	3037
861	2891
1327	2856
1327	2881
1327	2863
1327	2890
1327	2836
1327	3003
1327	2857
1327	3008
1327	3011
1327	2827
1327	2953
1327	2903
1327	2829
1327	3036
1327	2855
1327	2867
1327	2851
1327	2843
1327	2877
1327	2900
1327	2864
1327	2983
1327	3045
1327	3032
1327	3046
1327	2858
1327	2848
1327	2866
1327	2910
1327	2938
1327	3158
1327	2924
1327	2967
1327	2971
1327	2860
1327	2879
2734	2856
2734	2839
2734	2854
2734	2855
2734	2863
2734	2866
2734	2843
2734	2836
2734	3003
2734	2857
2734	3008
2734	3036
2734	2938
2734	3030
2734	2827
2734	2961
2734	2877
2734	3011
2734	2867
2734	3053
2734	2903
2734	2865
2734	2829
2734	2890
2734	2900
2734	2983
2734	2864
2734	2858
2734	3017
2734	2904
2734	2906
2734	2910
2734	2848
2734	2924
2734	2851
2734	2971
2734	3032
2734	3034
2734	2872
2734	3158
2734	3145
2334	2918
2334	2960
2334	3034
2334	2866
2334	3042
2334	2952
2334	3249
2334	2967
2334	2891
2334	2855
2334	3145
2334	3198
2334	2908
2334	2924
2334	2872
2334	3177
2334	3241
2334	2933
2334	3174
2334	2848
2334	3031
2334	3158
2334	3163
2334	2856
2334	3160
2334	2885
2334	3032
2334	3046
2334	2961
2334	3037
2334	3133
2334	3045
2334	2843
2334	2863
2334	2972
2334	3012
2334	3036
2334	3023
2334	3013
2334	2868
2334	3051
2334	2860
2334	3118
2334	3216
2334	3007
1545	2856
1545	2851
1545	2923
1545	2865
1545	2903
1545	2866
1545	2829
1545	2848
1545	2896
1545	3145
1545	2967
1545	3035
1545	3030
1545	2867
1545	3053
1545	2924
1545	3036
1545	2908
1545	3032
1545	3017
1545	2872
927	2829
927	2953
927	3140
927	2925
927	2960
927	2848
927	2971
927	2855
927	2851
927	2908
927	2856
927	2948
927	2872
927	2862
927	2827
927	2865
927	2877
927	2863
927	2867
927	3011
927	2843
927	3045
927	3046
927	2891
927	2882
927	2890
927	2836
927	2881
927	2857
927	2961
927	3012
927	2900
927	2938
927	3036
927	2879
927	3043
927	2860
927	2866
927	3034
927	3053
927	2910
927	3158
927	3145
825	2856
825	2895
825	2843
825	3145
825	2866
825	3003
825	2961
825	2900
825	2863
825	2867
825	3053
825	2890
825	2846
825	3135
825	2903
825	2836
825	2872
825	3041
825	2877
825	2885
825	2910
825	2960
825	3046
825	3045
825	2907
825	3032
825	2851
825	2891
825	2855
825	3153
825	2938
825	3158
825	2864
825	2860
825	3043
825	2857
825	2881
825	2876
825	2879
825	2989
825	3011
825	2908
825	2848
825	3034
825	2998
2063	2944
2063	2925
2063	3034
2063	3252
2063	3031
2063	3301
2063	3178
2063	2845
2063	2967
2063	3045
2063	3046
2063	2963
2063	2933
2063	3164
2063	2903
2063	3036
2063	3037
2063	3322
2063	3058
2063	3145
2063	3133
2063	3008
2063	2866
2063	3243
2063	3569
2063	3081
2063	2914
2063	2932
2063	3144
2063	3119
2063	3035
2063	3101
2063	3102
2063	2940
2063	3085
2063	2915
2063	3084
2063	3285
2063	3286
2063	3231
2063	2853
2063	2973
2063	3336
2063	3333
2063	3195
2063	2908
2063	3258
2063	2912
2063	3048
2063	3087
2063	3228
2063	2934
2063	3609
2063	3054
2063	3190
2063	3375
2063	2938
2063	2856
2063	3241
2063	2865
2063	2924
2063	3061
2063	3179
2063	2875
2063	3080
2063	2926
2063	2961
2063	3495
2063	2885
2063	3015
2063	3158
2063	3295
2063	3599
2063	3040
2063	2889
2063	3077
2063	2960
2063	2868
2063	2941
2063	2848
2374	2994
2374	2881
2374	2997
2374	2983
2374	2864
2374	2904
2374	3055
2374	2890
2374	2921
2374	2879
2374	2900
2374	3158
2374	3145
2374	2863
2374	2895
2374	2903
2374	2855
2374	3043
2374	3012
2374	2843
2374	2856
2374	3011
2374	2866
2374	2829
2374	2891
2374	2882
2374	2867
2374	2836
2374	3045
2374	3046
2374	2877
2374	2857
2374	2858
2374	2872
2374	2839
2374	2827
2374	2851
2374	2860
2374	3013
2374	2841
2374	3242
2374	3064
2374	2961
2669	2856
2669	2863
2669	2881
2669	2890
2669	2836
2669	2900
2669	3008
2669	2908
2669	2855
2669	2839
2669	2829
2669	2857
2669	2851
2669	2877
2669	2843
2669	2867
2669	3053
2669	2865
2669	2827
2669	2903
2669	3036
2669	2961
2669	2864
2669	2983
2669	2866
2669	3032
2669	2858
2669	3045
2669	2910
2669	2848
2669	3046
580	2866
580	2856
580	2863
580	2855
580	2851
580	2890
580	2903
580	2900
580	2836
580	3008
580	2829
580	3158
580	2891
580	3145
580	2867
580	3030
580	2877
580	2864
580	2924
580	3369
580	3045
580	3032
580	3046
580	3009
580	2961
580	2848
580	2921
580	2857
580	2893
580	2910
580	2938
580	3043
580	2843
580	2860
580	2858
1257	2856
1257	2881
1257	2863
1257	2890
1257	2843
1257	2864
1257	2827
1257	2854
1257	2921
1257	2900
1257	3008
1257	2961
1257	2953
1257	2925
1257	2903
1257	2836
1257	2867
1257	2877
1257	2851
1257	2983
1257	3036
1257	2857
1257	2860
1257	2866
1257	2885
1257	3046
1257	2938
1257	3045
1257	2855
1257	2848
1257	3032
1257	2924
1257	3043
539	2856
539	2863
539	2881
539	2843
539	3003
539	2836
539	2857
539	3008
539	2839
539	2855
539	2827
539	2903
539	2890
539	2866
539	2829
539	2997
539	2867
539	2877
539	2900
539	2961
539	2983
539	2864
539	2932
539	3145
539	2858
539	2854
539	3032
539	2879
539	2860
539	3043
234	2856
234	2863
234	2881
234	2890
234	2836
234	2900
234	2827
234	3008
234	2829
234	2983
234	2865
234	2938
234	2866
234	3145
234	2921
234	2839
234	2851
234	2848
234	2843
234	2867
234	2877
234	2864
234	3011
234	3046
234	3045
234	2857
234	3052
234	2961
234	3032
234	3043
234	2855
234	2860
2099	2881
2099	2855
2099	2829
2099	2953
2099	2890
2099	2864
2099	2836
2099	2857
2099	2856
2099	3003
2099	3008
2099	2843
2099	2841
2099	2863
2099	2961
2099	3046
2099	3045
2099	2938
2099	2877
2099	2865
2099	3030
2099	2867
2099	2903
2099	3053
2099	2851
2099	2983
2099	2924
2099	3158
2099	2860
2099	2858
2099	2848
2099	2866
2099	3032
2099	2908
2099	2932
2099	2885
2099	2957
2099	2948
2099	2994
2099	2827
1623	2866
1623	2856
1623	2855
1623	2848
1623	3158
1623	2863
1623	2843
1623	2961
1623	2845
1623	2829
1623	3034
1623	2836
1623	2857
1623	3030
1623	2839
1623	3005
1623	2938
1623	2830
1623	3006
1623	2904
1623	3055
1623	2895
1623	3319
1623	3131
1623	3008
1623	2920
1623	2902
1623	2901
1623	2921
1623	2890
1623	2867
1623	2827
1623	3053
1623	2900
1623	2851
1623	2881
1623	3032
1623	2860
1623	2864
1623	2983
1623	2885
1623	3046
1623	3045
1623	3009
1623	3043
1623	3135
1623	2903
1623	2967
1623	3062
1623	3162
1623	2868
1623	2960
2497	2856
2497	2863
2497	2881
2497	2827
2497	3003
2497	2836
2497	2843
2497	2857
2497	3008
2497	2829
2497	2865
2497	2938
2497	3036
2497	2839
2497	3252
2497	2855
2497	2851
2497	2890
2497	2867
2497	2877
2497	2900
2497	2961
2497	2983
2497	2864
2497	2860
2497	2858
2497	2971
2497	2910
2497	3032
2497	2866
2497	3131
2166	2856
2166	2863
2166	2881
2166	2827
2166	3003
2166	2836
2166	2843
2166	2857
2166	3008
2166	2829
2166	2865
2166	2938
2166	3036
2166	2839
2166	3252
2166	2855
2166	2851
2166	2890
2166	2867
2166	2877
2166	2864
2166	2961
2166	3032
2166	2860
2166	3045
2166	2910
2166	2924
2166	3046
2166	3369
2166	3043
2166	3017
2354	2856
2354	2863
2354	2881
2354	2827
2354	3003
2354	2836
2354	2843
2354	2857
2354	3008
2354	2829
2354	2865
2354	2938
2354	3036
2354	2839
2354	3252
2354	2855
2354	2851
2354	2890
2354	2867
2354	2877
2354	3135
2354	2864
2354	2983
2354	2961
2354	2860
2354	3045
2354	3032
2354	3046
2354	2971
2354	2900
2354	3131
2354	2932
2354	2885
554	2856
554	2881
554	2863
554	2827
554	3003
554	2836
554	2857
554	2843
554	3008
554	2829
554	2903
554	2938
554	3036
554	2839
554	3252
554	2855
554	2956
554	3035
554	2877
554	2890
554	2867
554	3053
554	2900
554	2864
554	3009
554	2848
554	2961
554	2907
554	3045
554	2860
554	3032
554	2921
554	3046
554	2851
554	3066
554	3131
1247	2866
1247	3172
1247	2960
1247	2957
1247	3610
1247	2864
1247	2868
1247	3158
1247	3145
1247	2856
1247	2829
1247	3053
1247	3003
1247	3041
1247	2900
1247	2857
1247	2855
1247	3214
1247	3207
1247	2972
1247	2993
1247	2851
1247	2895
1247	2879
1173	2938
1173	3022
1173	2834
1173	3027
2670	2856
2670	2863
2670	2881
2670	2954
2670	2890
2670	2836
2670	2900
2670	3008
2670	2829
2670	2925
2670	2956
2670	3011
2670	2953
2670	2839
2670	2855
2670	2851
2670	2843
2670	2867
2670	2877
2670	2938
2670	2864
2670	2983
2670	2857
2670	3032
2670	2860
2670	2967
2670	3009
2670	3045
2670	2848
2670	2961
2670	2866
2670	2885
2670	2910
2670	2908
2670	3046
1265	2881
1265	2855
1265	2856
1265	2890
1265	3009
1265	2830
1265	3053
1265	2866
1265	2839
1265	2851
1265	2848
1265	2867
1265	2864
1265	2863
1265	2921
1265	2857
1265	3032
1265	3030
1265	2982
1265	2860
1265	2879
1265	3242
1265	2961
1265	3064
1265	2938
1265	2960
1265	2924
1265	2892
1265	2876
1265	2836
1265	2900
1265	3008
108	2881
108	2855
108	2856
108	2829
108	2866
108	2867
108	2865
108	2848
108	2924
108	2879
108	2961
108	2890
108	3030
108	2860
108	2863
108	2864
108	3017
108	2938
108	2921
108	2857
108	2900
108	3008
108	2982
855	2856
855	2881
855	2863
855	2954
855	2890
855	2836
855	2900
855	3008
855	2829
855	2956
855	2925
855	2839
855	2855
855	2851
855	2843
855	2827
855	2903
855	2867
855	2877
855	2983
855	2864
855	2961
855	2857
855	3046
855	3045
855	3066
855	2848
855	2866
855	3032
855	2910
855	2938
855	2860
2534	2856
2534	2863
2534	2881
2534	2954
2534	2890
2534	2836
2534	2900
2534	3008
2534	2829
2534	2925
2534	2956
2534	3011
2534	2953
2534	2839
2534	2855
2534	2851
2534	2843
2534	2867
2534	2877
2534	3032
2534	3036
2534	2983
2534	2864
2534	2858
2534	3045
2534	3046
2534	2848
2534	2961
2534	2924
2534	2910
2534	2866
359	3014
359	3198
359	3032
359	2928
359	2929
359	2845
359	3008
359	3263
359	2872
359	2938
359	2930
359	2889
359	2994
359	2863
359	2843
359	2856
359	3153
359	2932
359	2848
359	3145
359	2953
359	2855
359	2841
359	2926
359	2998
359	2910
359	3163
359	3077
359	2967
359	2857
359	3133
359	3195
359	2895
2078	2856
2078	2863
2078	2881
2078	2954
2078	2890
2078	2836
2078	2900
2078	3008
2078	2829
2078	2925
2078	2956
2078	3011
2078	2953
2078	2839
2078	2855
2078	2851
2078	2843
2078	2867
2078	2877
2078	2983
2078	2864
2078	2938
2078	2961
2078	3064
2078	3032
2078	2860
2078	2967
2078	3009
2078	2866
2078	2857
2078	3045
2078	2971
2078	2924
2078	3034
2078	2910
2078	3046
2078	2907
1846	3482
1846	3216
1846	2836
1846	2923
1846	3559
1846	3183
1846	3032
1846	2921
1846	2860
1846	3131
1846	3081
1846	3611
1846	3612
1846	3008
1846	3246
1846	3179
1846	2961
1846	2872
1846	3036
1846	2986
1846	2987
1846	3041
1846	2864
1846	3226
1846	3343
1846	2938
1846	3034
1846	3051
1846	3017
1846	3064
1846	2889
1846	3118
1846	3190
1846	2827
1846	2829
1846	2949
1846	2863
1846	2851
1846	2843
1846	2856
1846	3237
1846	2866
1846	2892
1846	2972
1846	2934
1846	3204
1846	2846
1846	3604
1846	2853
1846	3613
1846	3256
1846	3266
1846	2973
1846	3614
1846	3321
1846	3035
1846	3153
1846	2957
1846	2932
1846	2896
1846	2848
1846	2862
1846	2948
1846	2960
1846	3158
1846	2953
1846	2894
1846	3221
1846	2888
1846	2970
1846	3283
1846	2855
1846	2876
1846	3166
1846	2968
1846	3223
1846	2904
1846	3055
1846	3605
1846	2903
1846	2993
1846	3006
1846	3005
1846	2925
1846	2940
1846	2841
1846	2952
1846	2992
1846	3526
1846	3378
1846	3377
1846	2926
1846	3425
1846	2998
1846	3061
1846	3414
1846	3040
1846	3141
1846	3181
1846	2971
1846	2906
1846	2924
1846	2893
1846	3077
1846	2967
1846	2857
1846	2879
1846	3258
1846	3012
1846	3515
1846	3026
1846	3075
1846	3169
1846	2858
1846	3305
1846	2877
1846	2900
1846	2895
1109	2882
1109	3252
1109	2843
1109	3169
1109	3158
1109	3009
1109	3008
1109	3132
1109	3255
1109	2967
1109	3131
1109	3031
1109	2872
1109	3036
1109	3063
1109	2932
1109	2938
1109	3216
1109	3084
1109	2925
1109	2922
1109	2920
1109	3045
1109	3032
1109	3046
1109	3061
1109	3164
1109	2916
1109	2853
1109	3002
1109	3243
1109	3140
1109	3195
1109	3316
1109	3448
1109	3314
1109	3317
1109	3493
1109	3159
1109	2949
1109	2994
1109	2827
1109	2866
1109	2868
1109	3522
1109	2950
1109	2960
1109	2855
1242	3158
1242	2829
1242	2856
1242	2921
1242	3149
1242	2890
1242	2836
1242	2900
1242	3008
1242	2866
1242	2872
1242	3131
1242	2938
1242	2865
1242	2839
1242	2851
1242	2843
1242	2827
1242	2903
1242	2953
1242	2962
1242	2867
1242	2877
1242	2863
1242	2983
1242	2864
1242	2961
1242	3022
1242	2860
1242	3032
1242	2967
1242	3009
1242	2855
1242	2858
1242	2857
1242	3045
1242	2910
1242	3046
1242	3043
1817	2856
1817	2923
1817	2848
1817	2903
1817	2866
1817	2829
1817	2896
1817	3148
1817	3145
1817	3030
1817	2865
1817	2867
1817	3053
1817	2924
1817	2938
1817	2857
1817	2860
1817	3032
1817	3034
1817	2872
1817	3036
442	2856
442	2900
442	2895
442	2857
442	2881
442	2983
442	2890
442	3003
442	2836
442	2843
442	3008
442	2829
442	2867
442	2938
442	3032
442	3179
442	2872
442	2885
442	2851
442	2827
442	2903
442	3036
442	2877
442	2863
442	2864
442	2855
442	2961
442	2848
442	3045
442	2866
442	3046
442	3043
442	2860
442	3030
442	2865
442	2994
442	3037
442	3216
442	3013
442	2879
442	2924
442	2967
442	2965
442	2933
442	3062
1285	3011
1285	2962
1285	2866
1285	2856
1285	2881
1285	2841
1285	2854
1285	2895
1285	2843
1285	2908
1285	2938
1285	2922
1285	2920
1285	3034
1285	3045
1285	3046
1285	2872
1285	2900
1285	3158
1285	2961
1285	2855
1285	2903
1285	2836
1285	2904
1285	3055
1285	3008
1285	3135
1285	2891
1285	2890
1285	2867
1285	2877
1285	2863
1285	2864
1285	2983
1285	2857
1285	3032
1285	2967
1285	3009
1285	3012
1285	3031
1285	3062
1285	2848
1285	2885
1285	2910
1285	2860
1285	3026
1285	3255
1285	2933
1285	3460
1521	2900
1521	2839
1521	3032
1521	2855
1521	2866
1521	2856
1521	3153
1521	2851
1521	2927
1521	3038
1521	2829
1521	2827
1521	2836
1521	2903
1521	3003
1521	2857
1521	2845
1521	3008
1521	2885
1521	2938
1521	2863
1521	2843
1521	2890
1521	2867
1521	2881
1521	2983
1521	2864
1521	3046
1521	3045
1521	2961
1521	2848
1521	2860
1521	2858
1521	3043
1521	3132
1521	2971
1521	2925
1521	2872
319	2863
319	2881
319	2983
319	2864
319	2851
319	3339
319	3030
319	2896
319	2865
319	3207
319	2848
319	2961
319	2866
319	2904
319	2843
319	2857
319	2906
319	3008
319	2867
319	2856
319	2829
319	2839
319	2855
319	2924
319	3053
319	2836
319	2860
319	2900
319	2922
319	2920
319	2885
319	3045
319	3046
319	2879
319	2923
319	3282
319	2938
319	2967
319	3026
319	2827
2715	2863
2715	2881
2715	2872
2715	2866
2715	2855
2715	3037
2715	2983
2715	2843
2715	3053
2715	2836
2715	3003
2715	2856
2715	2857
2715	2922
2715	2845
2715	3008
2715	2920
2715	3058
2715	2839
2715	2829
2715	2890
2715	2867
2715	3153
2715	2851
2715	2961
2715	2858
2715	2860
2715	2879
2715	3009
2715	2885
2715	2921
2715	2907
2715	2938
2715	3032
2715	3046
2715	3045
2715	2864
2788	2855
2788	2851
2788	2954
2788	2877
2788	2961
2788	2839
2788	2838
2788	2867
2788	2863
2788	2836
2788	2827
2788	2856
2788	3003
2788	2997
2788	2829
2788	2866
2788	3030
2788	3369
2788	3045
2788	3046
2788	2900
2788	2971
2788	2860
2788	2879
2788	3041
2788	2857
2788	3043
2788	2843
2788	3053
2788	2890
2788	2848
2788	3036
2788	3032
2788	3135
2788	3052
2788	2858
2788	2872
2788	3471
560	2954
560	2877
560	2856
560	2961
560	2839
560	2838
560	2867
560	2863
560	2836
560	2827
560	3003
560	2997
560	2829
560	2866
560	2865
560	2938
560	2900
560	2971
560	2860
560	3043
560	2881
560	2851
560	2864
560	2843
560	3053
560	2890
560	2848
560	3036
560	3032
560	2857
560	2910
560	3158
560	2858
560	2921
560	3030
560	2855
560	3046
560	3045
560	3041
560	3321
560	3026
2172	2932
2172	2903
2172	2855
2172	2866
2172	2857
2172	2863
2172	2851
2172	2843
2172	2836
2172	3003
2172	2856
2172	3008
2172	2839
2172	2983
2172	3053
2172	2961
2172	3043
2172	2877
2172	2890
2172	2994
2172	2867
2172	2841
2172	2900
2172	2864
2172	2938
2172	3041
2172	2971
2172	2910
2172	2848
2172	2907
2172	2960
2172	3046
2172	3045
2172	2921
2172	2881
2172	2860
2172	2858
1014	2863
1014	2881
1014	2851
1014	2983
1014	2855
1014	2843
1014	2836
1014	2839
1014	3003
1014	2856
1014	2857
1014	2845
1014	3008
1014	2829
1014	2866
1014	2890
1014	2867
1014	3058
1014	3158
1014	2860
1014	2848
1014	3032
1014	2938
1014	2864
1014	3045
1014	3046
1014	2900
1014	3011
2689	3321
2689	2851
2689	2877
2689	2843
2689	2961
2689	2848
2689	2872
2689	2856
2689	2855
2689	2866
2689	2960
2689	3032
2689	2948
2689	3135
2689	2867
2689	2890
2689	3314
2689	2839
2689	2860
2689	2829
2689	3053
2689	2994
2689	3158
2689	3149
2689	2938
2689	2841
2689	3153
2689	2891
2689	2863
2689	2908
2689	3145
2689	3169
2689	3044
2689	3034
2689	3045
2689	3046
64	3149
64	2994
64	2890
64	2827
64	2954
64	2851
64	2863
64	2843
64	2829
2012	2890
2012	2881
2012	2843
2012	2885
2012	2961
2012	2856
2012	2948
2012	2858
2012	2855
2012	2901
2012	3073
2012	2848
2012	2902
2012	3296
2012	3007
706	2900
706	2903
706	2904
706	2867
706	2846
706	2895
706	2868
706	2906
706	3321
706	3034
706	2845
706	2829
706	2856
706	2954
706	2920
706	3006
706	2922
706	3005
706	2843
706	2851
706	2864
706	2921
706	3064
92	2881
92	3446
92	2836
92	3030
92	2827
92	2839
92	2841
92	2854
92	2843
92	2860
92	3053
92	2885
92	2867
92	3075
92	2863
92	2857
92	2858
92	3174
92	2845
92	3021
92	2876
92	3017
92	2856
92	2938
92	3022
92	3352
1879	2855
1879	2881
1879	2863
1879	2848
1879	2843
1879	3009
1879	2983
1879	2829
1879	2851
1879	2839
1879	2856
1879	2836
1879	2857
1879	3003
1879	2845
1879	3008
1879	2866
1879	2890
1879	2841
1879	2895
1879	2867
1879	2900
1879	2864
1879	2879
1879	3032
1879	2860
1879	3046
1879	3045
1879	2938
1879	2924
1879	3174
1879	2923
1879	2896
1879	2865
1879	3053
1879	2891
1879	3017
1879	2907
1879	2827
1879	3011
2306	3446
2306	2856
2306	2957
2306	2839
2306	2894
2306	2953
2306	2924
2306	2848
2306	2896
2306	2992
2306	3071
2306	3036
2306	2938
2306	3110
2306	3229
2306	2875
2306	2934
2306	2918
2306	2843
2306	3153
2306	2866
2306	2921
2306	2838
2306	2959
2306	2855
2306	2880
2306	2993
2306	2885
2306	2865
2306	3523
2306	2891
2306	3009
2306	3028
2306	2963
2306	2829
2306	3037
2306	2903
2306	2904
2306	2857
2306	3203
2306	2864
2306	3473
2306	2906
2306	2972
2306	2881
2306	2827
2306	2889
2306	2845
2306	3174
2306	3020
2306	3023
2306	2863
2306	2846
2306	3131
2306	2853
2306	3576
2306	3026
2306	3019
2306	3128
2306	3012
2306	3064
2306	2961
2306	3022
2112	3011
2112	2866
2112	2932
2112	2856
2112	2855
2112	2863
2112	2848
2112	2827
2112	2867
2112	3053
2112	2836
2112	2900
2112	3043
2112	2857
2112	3008
2112	2880
2112	3145
2112	2851
2112	2890
2112	2877
2112	2954
2112	3030
2112	2865
2112	2921
2112	2864
2112	2983
2112	2971
2112	3032
2112	2872
2112	2961
2112	3066
2112	2881
2112	3041
2112	2907
2112	2910
2112	3046
2112	3045
2112	2860
2548	2983
2548	2851
2548	2866
2548	2961
2548	2865
2548	2863
2548	2836
2548	2890
2548	2856
2548	3030
2548	2829
2548	2877
2548	2986
2548	2987
2548	2900
2548	2855
2548	3053
2548	3041
2548	2921
2548	2904
2548	3055
2548	3008
2548	3045
2548	3046
2548	2960
2548	3043
2548	3205
2548	2880
2548	3145
2548	2891
2548	2867
2548	2881
2548	2938
2548	2864
2548	2860
2548	2879
2548	2876
2548	2843
2548	2848
2548	3032
2548	2858
1305	3011
1305	2866
1305	2856
1305	2932
1305	2961
1305	2855
1305	2843
1305	2863
1305	3043
1305	2836
1305	3003
1305	2857
1305	3008
1305	2867
1305	3053
1305	3032
1305	2860
1305	2864
1305	2921
1305	2854
1305	3145
1305	2903
1305	2879
1305	2890
1305	2877
1305	3041
1305	2851
1305	3066
1305	2960
1305	3045
1305	3046
322	3011
322	2866
322	2848
322	2856
322	2903
322	2896
322	2885
322	3030
322	2865
322	2867
322	3053
322	2851
322	3158
322	2891
322	2938
322	3148
322	3046
322	2961
322	3045
322	2860
322	2857
322	3032
322	2924
1001	3011
1001	2866
1001	2848
1001	2856
1001	2903
1001	2896
1001	2885
1001	2865
1001	3030
1001	2867
1001	3053
1001	2851
1001	3158
1001	2938
1001	3148
1001	3046
1001	2860
1001	2857
1001	3032
1001	3045
598	3011
598	2866
598	2848
598	2856
598	2903
598	2896
598	2885
598	3030
598	2865
598	2867
598	3053
598	2851
598	3158
598	3062
598	2938
598	3148
598	3046
598	2961
598	3045
598	2860
598	2857
598	3032
598	2924
2607	3011
2607	2866
2607	2848
2607	2856
2607	2903
2607	2896
2607	2829
2607	2885
2607	3030
2607	2865
2607	2867
2607	3053
2607	2851
2607	3158
2607	2938
2607	3148
2607	3046
2607	2860
2607	2857
2607	3032
2607	3045
1813	3011
1813	2866
1813	2848
1813	2856
1813	2903
1813	2896
1813	2829
1813	2885
1813	3030
1813	2865
1813	2867
1813	3053
1813	2851
1813	3158
1813	3062
1813	2938
1813	3148
1813	3046
1813	2961
1813	3045
1813	2860
1813	2857
1813	3032
1813	2924
447	3011
447	2866
447	2848
447	2856
447	2903
447	2896
447	2885
447	3030
447	2865
447	2867
447	3053
447	2851
447	3158
447	2938
447	3148
447	3046
447	2860
447	2857
447	3032
447	3045
262	3011
262	2866
262	3174
262	2848
262	2856
262	2865
262	2896
262	3032
262	2885
262	3030
262	2867
262	3053
262	2923
262	2924
262	2938
262	2961
262	3045
262	2860
262	2857
262	3046
262	2851
1469	3011
1469	2866
1469	2848
1469	2856
1469	2903
1469	2896
1469	2885
1469	3030
1469	2865
1469	2867
1469	3053
1469	2851
1469	3158
1469	2891
1469	2938
1469	3148
1469	3046
1469	2961
1469	3045
1469	2860
1469	2857
1469	3032
1469	2924
1469	3062
1469	3174
1469	2923
1736	2872
1736	2961
1736	2867
1736	3053
1736	2890
1736	2827
1736	2843
1736	2863
1736	2921
1736	2860
1736	3013
1736	2851
1736	2856
1736	2881
1736	3321
1736	3214
1736	3153
1736	2855
1736	2836
1736	2895
1736	3045
1736	3046
1736	2900
1736	3188
1736	2909
1736	2938
1736	2864
1827	2896
1827	2839
1827	2865
1827	2838
1827	2829
1827	3030
1827	2827
1827	2866
1827	3045
1827	3046
1827	2957
1827	2971
1827	2856
1827	3144
1827	3158
1827	2959
1827	2908
1827	2855
1827	3145
1827	2891
1827	2953
1827	2925
1827	2848
1827	3043
1827	2910
1827	3198
1827	2885
1827	2924
1827	3036
1827	2901
1827	2902
1827	2851
1827	2863
1827	2843
1827	2938
1827	3064
1827	2907
1827	3032
2146	2896
2146	2839
2146	2865
2146	2838
2146	2829
2146	3030
2146	2827
2146	2866
2146	3045
2146	3046
2146	2957
2146	2971
2146	2856
2146	3144
2146	3241
2146	3158
2146	2959
2146	2908
2146	2855
2146	3145
2146	2891
2146	2953
2146	2925
2146	2848
2146	3043
2146	2910
2146	3198
2146	2885
2146	2924
2146	3036
2146	2901
2146	2902
2146	2851
2146	2863
2146	2843
2146	2938
2146	3064
2146	2907
2146	3032
2146	2994
2146	2846
2146	3317
2146	2956
2146	2864
2471	2971
2471	2865
2471	2903
2471	2866
2471	2868
2471	3145
2471	2829
2471	2957
2471	2924
2471	2856
2471	2961
2471	2921
2471	2863
2471	3298
2471	3011
2471	3036
2471	3375
2471	2967
2471	2848
2471	2960
2471	3040
2471	2893
2471	3008
2471	3158
2471	2891
591	2876
591	2998
591	2900
591	2851
591	2863
591	2827
591	3023
591	2836
591	3036
591	2938
591	2921
591	2967
591	2960
591	2856
591	2959
591	3061
883	2955
883	2848
883	2864
883	2855
883	2856
883	2881
883	2863
883	2866
883	2961
883	2867
883	2923
883	2851
883	2879
883	3023
883	3166
883	2938
883	3022
883	3036
883	2839
883	2827
883	2900
883	2998
883	2924
883	2829
883	2868
883	2960
883	2967
883	2880
883	3026
2725	2829
2725	3057
2725	2827
2725	2896
2725	2963
2725	3604
2725	2948
2725	3317
2725	2984
2725	3141
2725	3303
2725	3293
2725	3615
2725	2910
2725	2866
2725	3606
2725	2976
2725	2856
2725	2845
2725	2864
2725	2848
2725	2961
2725	2855
2725	2851
2725	3213
2725	2925
2725	2853
2725	2931
2725	3302
2725	3616
2725	3617
653	2863
653	2881
653	2866
653	2856
653	2855
653	2845
653	2848
653	2839
653	2836
653	2903
653	2857
653	3003
653	3008
653	2891
653	2851
653	2890
653	2843
653	2867
653	2879
653	2983
653	2864
653	3011
1466	2853
1466	2992
1466	3387
1466	3140
1466	3283
1466	3027
1466	3374
1466	3084
1466	3099
1466	3126
1466	3113
1466	2942
1466	3054
1466	2899
1466	2934
1466	3085
1466	3120
1466	3239
1466	3136
1466	3416
1466	3034
1466	3013
1466	2932
1466	3164
1466	2925
1466	2940
1337	3618
1337	2903
1337	3031
1337	2958
1337	3604
1337	2866
1337	2856
1337	2845
1337	2961
1337	2885
1337	2980
1337	3606
1337	2976
1337	3619
1337	3620
1337	3161
1337	3132
1337	2868
1337	2895
1337	2880
1337	3353
1337	2897
1337	3204
1337	3058
1337	3162
1337	2925
1337	3357
85	2829
85	3618
85	2830
85	3031
85	2963
85	2958
85	2910
85	2866
85	2856
85	2845
85	2855
85	2885
85	2980
85	2976
85	3044
85	3620
85	3040
85	2893
85	3132
85	2868
85	3042
85	3026
85	3192
85	3308
85	3115
85	3357
168	3172
168	2950
168	2952
168	2856
168	2993
168	2924
168	2864
168	2918
168	3082
168	2889
168	3077
168	2972
168	2876
168	3321
168	2843
356	2889
356	2874
356	3194
356	3082
356	3092
356	2888
356	2970
356	3079
356	2940
1767	3132
1767	2856
1767	2866
1767	2972
1767	2880
1767	3153
1767	2848
1767	2855
1767	2993
1767	2910
1767	2868
1767	2967
1767	2879
1767	2877
72	2876
72	2863
72	3300
72	3344
72	3043
72	2827
72	2843
72	2855
72	3206
72	2856
72	2948
72	3476
72	2866
72	3205
72	3057
72	2903
72	3023
72	2839
72	2829
72	3394
72	3395
72	3146
72	2864
72	3397
72	3132
72	3243
72	3208
72	2891
72	3489
72	3488
1438	2921
1438	3007
1438	2843
1438	2856
1438	2972
1438	3166
1438	3605
1438	2952
1438	2978
1438	2857
1438	3376
1438	2871
2687	2993
2687	2933
2687	3042
2687	2866
2687	2865
2687	2999
2687	2829
2687	2856
2687	2868
2687	2876
2687	2864
2687	2879
2687	2877
2687	2924
2687	2838
2687	3003
2687	3406
2687	2949
2687	2863
2687	2892
2687	3012
2687	2900
2687	2843
2687	2827
2687	2972
2687	2957
2687	2960
2687	2994
2687	2881
2687	3621
2687	3214
2687	3149
2687	3495
2687	2857
2687	2956
2687	2996
2687	2895
2687	2855
2687	3057
2687	2841
2687	3303
2687	3262
2687	2890
2687	3275
2687	2901
2687	2902
2687	3276
2687	2848
2687	2961
2687	2971
2687	2831
2687	2834
2687	3340
2687	3215
2687	3025
2687	3141
2687	2904
2687	3158
2687	2891
2687	2872
2687	3005
2687	3006
2687	2998
2687	2851
2687	2925
2687	2967
2687	2906
2687	2953
2687	3064
2687	2921
2687	2860
2687	3017
2687	3036
2264	3482
2264	3216
2264	3198
2264	2860
2264	3086
2264	2915
2264	3054
2264	2918
2264	2914
2264	3179
2264	2864
2264	3226
2264	2907
2264	2889
2264	3110
2264	2994
2264	2890
2264	2827
2264	2829
2264	2949
2264	2959
2264	2839
2264	2863
2264	2843
2264	2856
2264	2881
2264	2892
2264	2972
2264	3059
2264	2919
2264	2846
2264	2956
2264	3048
2264	3256
2264	3266
2264	3321
2264	3035
2264	3314
2264	3174
2264	2957
2264	2932
2264	2848
2264	2960
2264	2953
2264	2894
2264	2970
2264	2855
2264	2876
2264	2968
2264	2993
2264	3382
2264	3317
2264	2952
2264	3526
2264	2941
2264	3083
2264	2971
2264	2897
2264	3162
2264	3483
2264	2868
2264	2879
2264	3258
2264	2865
2264	3026
2264	3075
2264	2858
2264	2969
143	2881
143	2855
143	2863
143	2866
143	2895
143	2827
143	2838
143	2839
143	2856
143	2867
143	3053
143	2877
143	2829
143	2843
143	2851
143	3066
143	3013
143	3036
143	2891
143	2938
143	2903
143	2848
143	3012
143	3263
143	3622
143	3081
143	3046
143	3131
143	2961
143	3032
143	2910
143	2904
143	3055
143	3045
143	2872
143	3135
143	2900
143	3058
143	2920
143	2922
143	2971
143	2908
143	3064
143	2967
1417	2848
1417	2827
1417	2856
1417	2829
1417	2865
1417	2851
1417	2866
1417	2891
1417	2890
1417	2841
1417	3034
1417	2843
1417	2889
1417	2885
167	2961
167	2843
167	2856
167	2863
167	3153
167	2866
167	2983
167	2848
167	2885
167	2867
167	2829
167	2903
167	3043
167	3352
167	3145
167	2877
167	2865
167	3003
167	2845
167	3008
167	3030
167	3032
167	2922
167	3045
167	3064
167	2827
167	2938
167	3036
167	2900
167	3158
167	2872
167	3053
167	2836
167	2890
167	2994
167	2851
167	2855
167	2864
167	2904
167	2932
167	2921
167	2923
167	2907
167	2857
167	3046
167	2895
167	3005
167	3006
167	3055
167	2971
167	2920
167	3021
167	2879
167	3022
167	2834
167	2882
167	2933
167	3031
167	3062
167	2908
167	3131
167	2967
167	3187
167	2891
167	3026
2373	2856
2373	2863
2373	2881
2373	2855
2373	2890
2373	2836
2373	3003
2373	2843
2373	2857
2373	3008
2373	2867
2373	2864
2373	2983
2373	2866
930	2856
930	2863
930	2881
930	2855
930	2890
930	2836
930	3003
930	2843
930	2857
930	3008
930	2867
930	2864
930	2983
930	2866
1106	2863
1106	2881
1106	2839
1106	2855
1106	2843
1106	2903
1106	2836
1106	3003
1106	2856
1106	2857
1106	2845
1106	3008
1106	2885
1106	2938
1106	2848
1106	2851
1106	2890
1106	2867
1106	2877
1106	3075
1106	2961
1106	3034
1106	3061
1106	2860
1106	2921
1106	2967
1106	2864
1106	3045
1106	3046
1106	3032
1106	2924
421	2881
421	2863
421	2855
421	2848
421	2856
421	3034
421	2890
421	2836
421	3003
421	2857
421	2845
421	3008
421	2829
421	2953
421	2925
421	2891
421	2839
421	2877
421	2903
421	3030
421	2866
421	2867
421	3075
421	2843
421	2983
421	2864
421	2938
421	2860
421	2961
421	2910
421	3045
421	3032
421	3046
421	2851
421	2932
1006	3317
1006	2866
1006	2952
1006	2950
1006	3042
1006	2908
1006	3495
1006	3074
1006	2857
1006	2856
1006	2963
1006	2929
1006	2848
1006	3126
1006	3040
1006	2872
1006	3169
1006	2897
1006	3157
1006	3177
1006	2928
1006	3084
1006	3032
1006	3416
1006	2925
1006	3092
1006	3623
1006	3077
1006	3231
1006	2935
1006	2915
1006	2973
1006	3278
1006	3279
1006	3081
1006	2914
1006	3080
1006	3178
1006	2855
1006	2948
1006	3286
1006	2853
1006	2860
1006	3326
1006	2854
1006	2932
1006	2934
1006	3194
1006	3252
1006	2858
1006	3131
1006	2865
1006	3014
1006	3321
1006	2912
1006	3258
1006	3185
1006	3446
1006	2938
1006	3133
1006	2998
1006	3375
1006	2829
1006	3007
1006	3242
1006	2933
1006	2864
1006	3145
1006	3094
1006	3572
1006	3573
1006	3109
1006	3624
1006	2940
1006	3457
1006	3002
1006	2876
1006	2918
1006	3196
1006	2863
1006	3422
1006	3115
1006	3085
1006	3011
1006	2880
1006	2885
1006	2871
1006	2873
1006	2992
1006	2886
1006	3044
1006	3191
1006	3130
1006	3243
1006	3026
1006	3061
1006	3369
1006	3551
1006	3054
1006	2961
1006	3625
1006	2843
1006	3045
1006	3046
1006	3626
1006	2874
1006	3364
1006	3589
1006	3121
1006	3232
1006	3627
1006	3101
1006	3102
1006	3013
1006	3478
1006	2984
1006	3053
1006	2960
1006	2942
1006	3148
1006	3556
1006	3003
1006	3043
1006	3628
1006	2841
1006	3198
1006	3190
1006	2921
1006	2924
1006	3164
1006	3037
1006	3421
1006	2927
1006	3100
1006	2889
1006	3117
1006	2891
1006	3120
1006	3271
1006	2904
1006	2906
1006	2900
1006	3052
1006	3382
1006	3342
1006	3629
1006	3051
1006	2993
1006	3216
1006	3179
1006	3295
1006	3132
1006	3204
1006	3034
1006	3515
1006	3233
1006	3423
1006	2930
1006	3334
1006	3036
1006	3064
1006	2888
1006	2895
1006	3219
1006	3594
1006	3448
1006	2953
1006	3158
1006	3030
1006	3099
1006	3017
1006	3490
1006	2851
1006	3128
1006	3282
1006	3078
1006	3156
1006	2967
1006	3025
1006	3337
1006	3333
1006	3501
1006	3008
1006	3212
1006	3502
1006	3035
1006	3103
1006	2875
1006	3096
1006	3630
1006	2862
1006	3505
1006	3363
1006	2882
1572	2866
1572	3032
1572	2857
1572	3034
1572	2908
1572	3031
1572	2856
1572	2988
1572	3054
1572	2851
1572	2855
1572	2993
1572	2848
1572	2960
1572	2903
1572	3166
1572	3017
1572	2863
1572	2827
1572	2843
1572	2836
1572	2927
1572	3043
1572	3214
1572	3132
1572	2864
1572	2933
1572	3044
1572	2872
1572	2952
1572	2868
1572	3241
1572	2860
1572	2865
1572	2879
1572	3130
1572	2998
1572	2895
1572	3161
1572	2924
1572	2876
1572	2991
1572	3005
1572	2901
1572	3213
1572	2900
1572	2990
1572	3006
1572	2902
1572	2961
1572	3060
1572	3026
1572	3216
1572	2893
1572	2891
1572	2928
1572	3301
1572	3199
1572	2925
1572	2967
1572	2910
1572	2926
1572	2971
1572	2896
1572	3001
1572	2957
1572	2958
1572	2972
1572	2892
1572	2923
1572	2984
1572	2881
1572	3351
1572	2953
1572	2829
1572	3192
1572	2956
1572	3050
1572	3061
1572	3317
1572	3051
1572	2918
1572	2841
1572	2904
1572	2922
1572	3149
1572	2838
1572	2845
1572	2920
1572	3012
1572	2894
1572	2981
1572	3293
1572	3141
1572	3035
1572	2889
1572	2934
1572	3055
1572	3069
1572	3631
1572	3228
1572	3105
1572	3011
1572	2963
1572	3347
1572	3179
1572	3027
1572	2987
1572	2986
1572	3068
1572	2938
1572	3282
1572	2921
1572	3064
1572	3416
1572	3008
1572	2950
1572	2907
1572	3209
1572	3198
1572	3181
1572	3629
1572	2929
1572	2877
1572	2941
1572	2992
1572	2853
1572	3013
1572	3329
1572	3046
1572	3036
1572	3324
1572	3323
1572	3045
1572	2888
1572	3218
1572	3385
1572	3374
1572	2875
1572	3231
1572	3262
1572	3037
1572	3190
1572	3153
1572	3204
1572	3211
1572	3175
1572	3288
1572	2871
1572	2890
1572	3226
1572	2880
1572	3040
1572	3187
1572	3254
1572	2985
1572	2978
1572	2940
1572	3003
1572	3049
1572	2882
1572	3235
1572	3169
1572	3632
1572	3129
1572	3135
1572	3048
1572	3522
1572	3212
1572	3093
1572	3390
1572	3598
1572	2867
1572	3174
1572	2830
1572	3042
1572	3377
1572	3378
1572	3104
1036	3301
1036	3008
1036	3179
1036	3026
1036	2925
1036	3177
1036	2967
1036	2891
1036	2986
1036	2987
1036	2864
1036	2856
1036	3005
1036	2872
1036	2860
1036	2863
1036	2923
1036	2876
1036	3209
1036	3064
1036	2972
1036	3214
1036	2848
1036	2866
1036	2960
1036	2879
1036	2952
1036	2961
1036	2929
1036	3522
1036	2877
1036	2921
1036	3048
1036	3093
1036	3374
1036	3129
1036	2845
1036	2868
1036	3017
1036	2857
1036	2843
1036	2933
1036	2903
1036	2865
1036	3241
1036	2957
1036	2950
1036	2855
1036	2900
1036	3132
1036	2851
1036	3031
1036	2993
1036	3044
1036	2829
1036	2827
1036	2924
1036	3043
1036	3032
1036	2958
1036	3141
1036	2963
1036	3130
1036	3006
1036	3135
1036	2901
1036	2902
1036	2910
1036	3235
1036	3023
1036	3174
1036	3390
1036	3054
1036	3040
1036	3034
1036	3212
1036	3027
1036	3258
1036	3161
1036	3011
1036	3104
1036	2888
1036	3385
1036	3187
1036	3117
1036	3199
1036	3115
1036	3074
1036	3035
1036	3382
1036	2895
1036	3376
1036	3001
1036	2937
1036	3022
1036	3169
1036	3003
1036	2904
1036	2890
1036	3378
1036	3377
1036	3633
1036	3055
1036	2938
1036	2922
1036	2920
1036	3563
1036	2998
1036	3037
1036	2926
1036	2907
1036	3036
1036	3216
1036	3061
1036	3046
1036	3317
1036	2934
1036	3050
1036	2908
1036	2953
1036	3185
1036	3045
1036	2897
1036	2871
1036	2940
1036	2892
1036	3234
1036	3226
1036	2982
1036	3166
1036	2836
1036	2838
1036	3629
1036	3213
1036	3204
1036	2971
1036	2896
1036	2928
1036	3198
1036	2941
1036	3158
1036	3263
1036	2983
1036	3149
1036	3100
1036	2988
1036	2956
1036	3200
1036	2841
1036	3042
1036	3012
1036	3182
1036	3186
1036	2853
1036	2992
1036	3145
1036	2977
1036	3181
1036	2959
1036	2881
1036	3305
1036	2968
1036	3222
1036	3288
1036	3107
1036	3230
1036	3225
1036	3221
1036	3494
1036	3292
1036	3184
1036	3323
1036	3324
1036	2954
1036	2949
1036	2867
1036	3223
1036	3057
1036	2893
1036	3375
1036	2875
1036	3096
1036	3124
1036	3634
1036	3218
1036	2931
1036	3119
1036	3343
1036	3270
1036	3077
1036	2889
1036	3081
1036	2858
1036	3073
1036	3262
1036	2839
1036	3053
1036	2906
1036	3128
1036	3190
1036	2984
1036	2994
1036	3059
1036	3457
1036	3051
1036	3287
1036	2927
1036	3152
1036	3080
1036	3084
1036	3030
1036	3264
1036	2990
1036	2885
1036	2991
1036	3631
1036	3302
1036	3113
1036	2932
1036	3321
1036	3495
1036	3295
1036	3299
1036	3326
1036	3598
221	2827
221	2839
221	2958
221	2857
221	2862
221	3032
221	2980
221	2866
221	3606
221	2976
221	2856
221	2845
221	2864
221	3607
221	2921
221	2843
221	2855
221	2879
221	2851
221	2960
221	2863
221	2876
221	2881
221	2885
221	2967
221	2907
221	3620
221	2998
221	3198
221	2918
221	2895
221	2877
221	3157
221	3251
221	3301
221	2925
221	3608
221	3077
221	3228
221	3199
221	3385
221	3128
221	2904
221	3130
221	2906
221	3523
2536	2890
2536	2839
2536	2865
2536	3030
2536	3053
2536	2836
2536	2867
2536	2857
2536	3032
2536	2860
2536	2858
2536	2910
2536	3050
2536	3075
2536	2980
2536	2866
2536	2976
2536	2856
2536	2845
2536	2924
2536	2864
2536	2961
2536	2843
2536	2855
2536	3252
2536	2983
2536	2851
2536	2863
2536	2881
2536	2938
2536	2891
2536	3022
2536	3008
2536	2877
2536	3003
2536	3046
2536	3045
2558	3170
2558	2882
2558	3049
2558	3587
2558	2834
2558	2856
2558	2866
2558	3020
2558	2845
2558	3008
2558	2830
2558	2994
2558	2877
2558	3011
2558	3635
2558	2843
2558	2885
2558	3034
2558	2865
2558	3636
2558	3031
2558	3026
2558	2990
2558	2851
2558	2902
2558	2961
2558	2908
2558	2988
2364	2856
2364	2860
2364	3370
2364	3158
2364	3145
2364	2967
2364	2843
2364	2961
2364	3046
2364	3020
2364	3030
2364	2921
2364	2836
2364	2890
2364	2881
2364	2851
2364	3190
2364	2866
2364	2855
2364	3017
2364	3071
2364	2848
2364	2867
2364	3045
2364	2983
2364	2845
2364	2891
2364	3032
2364	2864
2364	3009
2364	2846
2364	2908
2364	2863
2364	2827
2364	2895
2364	3036
2364	2900
2402	3482
2402	3421
2402	3250
2402	3637
2402	3638
2402	3550
2402	3219
2402	3087
2402	3048
2402	3232
2402	2944
2402	3256
2402	3152
2402	3078
2402	3000
2402	2888
2402	2970
2402	2916
2402	2940
2402	3107
2402	2992
2402	3113
2402	3121
2402	3536
2402	3258
2402	2969
740	3220
740	2968
740	3077
740	3082
740	2856
740	2855
740	3419
740	2853
740	2935
740	3283
740	2970
740	3392
740	3231
740	2888
740	3177
740	3223
740	2964
740	3439
740	3290
2164	2856
2164	2863
2164	2881
2164	2855
2164	2848
2164	2851
2164	2827
2164	2903
2164	2829
2164	2866
2164	2938
2164	2867
2164	2843
2164	2885
2164	2865
2164	2961
2164	3013
2164	3158
2164	2900
2164	3043
2164	2864
2164	2836
2164	3030
2164	2890
2164	2879
2164	2924
2164	2921
2164	3129
2195	2856
2195	2903
2195	2866
2195	3036
2195	2961
2195	2872
2195	2848
2195	2863
2195	2885
2195	2857
2195	2877
2195	3003
2195	3252
2195	3008
2195	2865
2195	2843
2195	2900
2195	2891
2195	2938
2195	2855
2195	3135
2195	3032
2195	3046
2195	3045
2195	2932
2195	2997
2195	2851
2195	3030
2195	2836
2195	2867
2195	2890
2195	2983
811	2862
811	2881
811	3505
811	2856
811	2855
811	2851
811	2866
811	2971
811	2903
811	3011
811	2863
811	3131
811	2848
811	2948
811	3145
811	3174
811	2877
811	2843
811	3030
811	2836
811	2867
811	2961
811	2938
811	2910
811	3032
811	2900
811	2891
811	2920
811	2922
2756	2932
2756	2856
2756	2872
2756	2863
2756	2907
2756	2938
2756	2903
2756	2866
2756	2890
2756	2857
2756	2836
2756	3008
2756	2885
2756	2998
2756	3003
2756	2843
2756	3145
2756	2895
2756	2855
2756	3043
2756	3032
2756	2877
2756	3030
2756	2865
2756	2994
2756	2867
2756	3053
2756	2900
2756	2983
2756	2864
2756	3046
2756	3045
2756	2910
2756	2961
2756	2851
2756	2971
959	3131
959	2856
959	2866
959	2863
959	3321
959	2907
959	2890
959	2997
959	2885
959	2932
959	2830
959	2836
959	2956
959	2900
959	3008
959	3145
959	3036
959	2843
959	3051
959	2938
959	3003
959	3149
959	2961
959	2839
959	2829
959	2855
959	2851
959	2867
959	3043
959	3032
959	3045
959	3046
959	2857
1100	2856
1100	2866
1100	2863
1100	3011
1100	2907
1100	2932
1100	2885
1100	2848
1100	2830
1100	2997
1100	2890
1100	2867
1100	3135
1100	2843
1100	2855
1100	2877
1100	3030
1100	2836
1100	2881
1100	3032
1100	2961
1100	3046
1100	3045
1100	3043
1100	2851
1100	2900
1100	2983
1100	3153
1100	2938
1100	2904
1100	3055
1100	3037
1100	2895
1100	3217
1100	3034
1100	3009
1100	3143
1100	3296
1100	3177
1100	3007
1734	2856
1734	3145
1734	2881
1734	2961
1734	2903
1734	2866
1734	2855
1734	2867
1734	2843
1734	3013
1734	3036
1734	2890
1734	2838
1734	2983
1734	2864
1734	2938
1734	3043
1734	2860
1734	2858
1734	2900
1734	2851
1734	2863
1734	2829
1734	3032
1734	2848
1734	2902
1734	2901
1734	2879
1734	2921
1734	3046
1734	2924
1734	3045
1734	2908
1734	2885
1734	3008
1734	3034
1734	2877
1734	2865
1734	3053
1734	2925
1734	2953
1734	2923
724	3030
724	2866
724	3053
724	2938
724	2851
724	3214
724	2937
724	2863
724	2860
724	3022
724	3041
724	3032
724	2961
724	2843
724	3045
724	3046
724	2856
724	2908
724	3013
724	3034
1520	3548
1520	3037
1520	3061
1520	3179
1520	3031
1520	3035
1520	3036
1520	3027
1520	2967
1520	2845
1520	3416
1520	2929
1520	2866
1520	2932
1520	3064
1520	2975
1520	3206
1520	2860
1520	3241
1520	3003
1520	3321
1520	2900
1520	2895
1520	3042
1520	3158
1520	2861
1520	3022
1520	3152
1520	2863
1520	2962
1520	2961
1520	2882
1520	2856
1520	2956
1520	3002
1520	3132
1520	3026
1520	2857
1520	3008
1520	3164
1520	3038
1520	3063
1520	2998
1520	3145
1520	3319
1520	2885
1520	3045
1520	3046
1520	2907
376	3072
376	2866
376	2856
376	2855
376	2938
376	2961
376	2867
376	2900
376	2827
376	2895
376	2862
376	2857
376	2843
376	2865
376	2829
376	2890
376	2863
376	3158
376	2885
376	2877
376	3030
376	2836
376	2864
376	2983
376	3046
376	3045
376	3040
376	2851
376	2910
376	2860
376	3036
376	2907
376	2960
376	2845
376	2971
376	3032
1364	3135
1364	2856
1364	2882
1364	2954
1364	2881
1364	2843
1364	2836
1364	2904
1364	2865
1364	3058
1364	3013
1364	2839
1364	2855
1364	3179
1364	3037
1364	2967
1364	3072
1364	3055
1364	3051
1364	2900
1364	3007
1364	2848
1364	3045
1364	3046
1364	2867
1364	2877
1364	2863
1364	2827
1364	2879
1364	2864
1364	2983
1364	2866
1364	2938
1364	2906
1364	2965
1364	2961
1364	2851
1364	2971
1364	2860
1364	2910
1364	2876
1364	3032
1364	2858
1364	3040
1364	2872
1596	3135
1596	2856
1596	2882
1596	2967
1596	2855
1596	2863
1596	2881
1596	2839
1596	2890
1596	2865
1596	2829
1596	2836
1596	2866
1596	2864
1596	2900
1596	2857
1596	2845
1596	2885
1596	2860
1596	2848
1596	2908
1596	3032
1596	3009
1596	3179
1596	2877
1596	3003
1596	2867
1596	2827
1596	2851
1596	2983
1596	2910
1596	3043
1596	2843
1596	2858
1596	2961
1596	3131
1596	2907
1596	3034
1596	2922
1596	2920
1596	2872
1596	2876
1596	3045
1596	2971
1596	2938
1596	2891
1596	2926
1596	3188
976	3135
976	2856
976	2882
976	2967
976	2855
976	2843
976	2896
976	2877
976	2851
976	2836
976	2866
976	2863
976	2994
976	2865
976	2900
976	2932
976	3132
976	2845
976	2885
976	3216
976	3009
976	2857
976	2860
976	2867
976	2890
976	2961
976	3030
976	2864
976	2983
976	2938
976	2904
976	3055
976	3036
976	2971
976	2876
976	2960
976	3046
976	3045
976	3032
976	3012
976	2858
976	3034
976	2872
976	3389
2827	230
2829	230
2830	230
2831	230
2833	230
2834	781
2836	781
2838	781
2839	781
2827	781
2840	781
2841	781
2843	781
2845	781
2846	781
2848	781
2849	781
2851	781
2852	781
2853	781
2854	781
2855	781
2856	781
2857	781
2858	781
2860	781
2861	781
2862	781
2863	781
2864	781
2865	781
2866	781
2867	781
2868	781
2869	781
2871	781
2872	781
2873	781
2874	781
2875	781
2876	781
2877	781
2878	781
2879	781
2880	781
2881	781
2882	781
2883	781
2885	781
2886	781
2829	781
2888	781
2889	781
2890	781
2891	781
2892	781
2893	781
2894	781
2895	781
2896	781
2897	781
2899	781
2900	781
2901	781
2902	781
2903	781
2904	781
2906	781
2907	781
2908	781
2909	781
2910	781
2911	781
2912	781
2914	781
2915	781
2916	781
2918	781
2919	781
2920	781
2921	781
2922	781
2923	781
2924	781
2925	781
2926	781
2927	781
2928	781
2929	781
2930	781
2931	781
2932	781
2933	781
2934	781
2935	781
2936	781
2937	781
2938	781
2939	781
2940	781
2941	781
2942	781
2943	781
2944	781
2945	781
2947	2416
2948	2416
2827	2416
2839	2416
2949	2416
2866	2416
2950	2416
2829	2416
2855	2416
2951	2416
2848	2416
2952	2416
2868	2416
2856	2416
2953	2416
2954	2416
2955	2416
2956	2416
2957	2416
2958	2416
2892	2416
2959	2416
2960	2416
2890	2416
2843	2416
2961	2416
2962	2416
2838	2416
2963	2416
2964	2416
2925	2416
2889	2416
2965	2416
2880	2416
2967	2416
2968	2416
2858	2416
2969	2416
2970	2416
2971	2416
2972	2416
2973	2416
2975	2416
2881	2416
2900	2416
2976	3640
2856	3640
2959	3640
2864	3640
2977	3640
2978	3640
2890	3640
2829	3640
2960	3640
2979	3640
2954	3640
2866	3640
2980	3640
2839	3640
2868	3640
2981	3640
2846	3640
2827	3640
2862	3640
2954	1270
2979	1270
2960	1270
2866	1270
2839	1270
2829	1270
2868	1270
2856	1270
2827	1270
2976	1270
2846	1270
2862	1270
2890	1270
2978	1270
2864	1270
2977	1270
2959	1270
2980	1270
2958	1013
2839	1013
2948	1013
2856	1013
2982	1013
2954	1013
2827	1013
2841	1013
2868	1013
2863	1013
2983	1013
2901	2466
2984	2466
2957	2466
2863	2466
2881	2466
2855	2466
2856	2466
2985	2466
2986	2466
2987	2466
2958	2466
2866	2466
2988	2466
2962	2466
2848	2466
2908	2466
2989	2466
2903	2466
2924	2466
2864	2466
2902	2466
2990	2466
2991	2466
2992	2790
2993	2790
2951	2790
2827	2790
2896	2790
2864	2790
2994	2790
2890	2790
2995	2790
2996	2790
2892	2790
2960	2790
2997	2790
2851	2790
2998	2790
2879	2790
2999	2790
2829	2790
2876	2790
2855	2790
2894	2790
2839	2790
2959	2790
3000	2790
2881	2790
2983	2790
2868	2790
3001	2790
2865	2790
2889	2790
2853	2790
2941	2790
2949	2790
3002	2790
2834	2790
2957	2790
2856	2790
2829	2567
2829	2628
2876	1942
3003	1942
2843	1942
2910	1942
2994	1942
2863	1942
2841	1942
3004	1942
2892	1942
2983	1942
2879	1942
2863	1805
2855	1805
2895	1805
2866	1805
2856	1805
2843	1805
2838	1805
2865	1805
2851	1805
3005	1805
3006	1805
2864	1805
2910	1805
3007	1805
3008	1805
3009	1805
2857	1805
3011	1805
2867	1805
2829	1805
2827	1805
2839	1805
2885	1805
2848	1805
2924	1805
2910	739
2843	739
2836	739
2855	739
2863	739
2856	739
2867	739
2829	739
2864	739
2890	739
2827	739
2983	739
2879	739
3012	739
2891	739
3013	739
2960	739
3014	739
2866	739
3004	739
2933	739
3015	739
2865	739
2926	739
2981	739
2857	739
3017	739
2858	739
3018	739
3019	739
3020	739
2846	2304
2936	2304
3021	2304
2994	2304
2981	2304
3022	2304
2983	2304
2843	2304
3023	2304
2829	2304
3025	2304
3026	2304
3027	2304
2863	2304
3012	2304
2891	2304
2872	755
3028	755
3029	755
2848	755
2866	755
2856	755
2958	755
2933	755
2865	755
3030	755
2967	755
3031	755
3032	755
3033	755
2891	755
3034	755
3035	755
3036	755
2829	755
2998	755
2971	755
2855	755
2845	755
2900	755
2903	755
2924	755
2963	755
3005	755
3037	755
2910	755
2929	755
2895	755
3038	755
3039	755
3040	755
2908	755
2881	755
2961	755
2867	755
2863	755
2857	755
2851	755
3041	755
2879	755
2882	755
3042	755
2864	755
3043	755
2843	755
3007	755
3044	755
3045	755
3046	755
2853	755
3047	755
3048	755
3025	755
2834	755
3049	755
3022	755
2861	755
3008	755
2827	755
3050	755
2893	755
2991	755
2990	755
3006	755
2920	755
3051	755
2922	755
2856	1212
2865	1212
2926	1212
2843	1212
2827	1212
2863	1212
2836	1212
2851	1212
2876	1212
2879	1212
2866	1212
2958	1212
2856	615
2851	615
3021	615
3022	615
2879	615
2938	615
2895	615
2855	615
2866	615
2867	615
2900	615
2961	615
3017	615
2903	615
2863	615
3001	615
3043	615
3007	615
2998	615
3032	615
3052	615
2927	615
2843	615
2877	615
2890	615
2827	615
2836	615
2881	615
3053	615
2904	615
3054	615
3055	615
2845	615
3056	615
2858	615
2860	615
2958	615
2983	615
3057	2684
2896	2684
2863	2684
2827	2684
2881	2684
2839	2684
2900	2684
3058	2684
2856	2684
2836	2684
2843	2684
3013	2684
2954	2684
2890	2684
2838	2684
2981	2684
2879	2684
2857	2684
2961	2684
2891	2684
2848	2684
3036	2684
2904	2684
2882	2684
3055	2684
2908	773
3059	773
2936	773
2855	773
2848	773
3060	773
2843	773
3022	773
3021	773
2827	773
2983	773
2994	773
2953	773
2863	773
3012	773
2829	773
3023	773
2954	773
2891	773
2938	773
2925	773
3025	773
3027	773
3049	773
3061	773
3026	773
2891	1979
2925	1979
3032	1979
2857	1979
2836	1979
2860	1979
2843	1979
2890	1979
2856	1979
3040	1979
2867	1979
3043	1979
2858	1979
2848	1979
3030	1979
2866	1979
2865	1979
2953	1979
2904	1979
2924	1979
2838	1979
2877	1979
2863	1979
2903	1979
2845	1979
2855	1979
2881	1979
2958	1979
2920	1979
2922	1979
2829	1979
3013	1979
2982	1979
3036	1979
2876	1979
2879	1979
3062	1979
2971	1979
3008	1979
3001	1979
3055	1979
2967	1979
2855	2755
2866	2755
2836	2755
2856	2755
3036	2755
2877	2755
2863	2755
2867	2755
2900	2755
2843	2755
2954	2755
2890	2755
2903	2755
2895	2755
2881	2755
2961	2755
2885	2755
2857	2755
2838	2755
2910	2755
3032	2755
2926	2755
2882	2755
3042	2755
2864	2755
2983	2755
2920	2755
3045	2755
2858	2755
2848	2755
2904	2755
3030	2755
2891	2755
3055	2755
3063	2755
2907	2755
3064	2755
3065	2755
3066	2755
2938	2755
3058	2755
2851	2755
3013	2755
3043	2755
3067	464
2960	464
2856	464
2952	464
3068	464
2868	464
3012	464
2882	464
3069	464
3070	464
3071	464
3072	464
3020	464
2885	464
2865	464
2971	464
2866	464
3073	464
2982	464
2864	464
2879	464
2983	464
2829	464
3031	464
2902	464
2843	464
2845	464
2863	464
2855	464
3049	464
2877	464
2839	464
2867	464
2881	464
3013	464
2890	464
3043	464
2858	464
3032	464
2860	464
2857	464
2846	464
3074	464
2900	464
2903	464
2838	464
2938	464
3075	464
2998	464
3076	464
2973	1183
3077	1183
3078	1183
2942	1183
3079	1183
3080	1183
2889	1183
3081	1183
3082	1183
2940	1183
2874	1183
3047	1183
3083	1183
2941	1183
3084	1183
3085	1183
2853	1183
3086	1183
3087	1183
2992	1183
3088	1183
3090	1183
3092	1183
3093	1183
3094	1183
3095	1183
3096	1183
3097	1183
3098	1183
3099	1183
3100	1183
3101	1183
3102	1183
3048	1183
2875	1183
2935	1183
3103	1183
3104	1183
3105	1183
3106	1183
3094	3
2889	3
3079	3
2973	3
3107	3
2941	3
2888	3
3108	3
3109	3
3048	3
3110	3
3111	3
3112	3
3077	3
3113	3
3114	3
3115	3
3078	3
3116	3
2940	3
3083	3
3087	3
2853	3
3085	3
3117	3
2874	3
2992	3
3118	3
3080	3
3119	3
3120	3
3121	3
3122	3
3123	3
2916	3
3093	3
3084	3
3092	3
3124	3
3125	3
3081	3
3126	3
3127	3
3097	3
3036	1358
2843	1358
2881	1358
2848	1358
2961	1358
2855	1358
2954	1358
2827	1358
2856	1358
2892	1358
3017	1358
2960	1358
2868	1358
2900	1358
2866	1358
3058	1358
2891	1358
2864	1358
2867	1358
2845	1358
3128	1358
2879	1358
2839	1358
3129	1358
2904	1358
2857	1358
3130	1358
2860	1358
2863	1358
3043	1358
3055	1358
2882	1358
3032	1358
3044	1358
2926	2485
2934	2485
2885	2485
3131	2485
3132	2485
3046	2485
3045	2485
3133	2485
2904	2485
2906	2485
3030	2485
2866	2485
2856	2485
3135	2485
2967	2485
3009	2485
3136	2485
2827	2485
2903	2485
2872	2485
2863	2485
2867	2485
2829	2485
2843	2485
2855	2485
3138	2485
2836	2485
2839	2485
2900	2485
3139	2485
2938	2485
3036	2485
2860	2485
3043	2485
2922	2485
2920	2485
2877	2485
2890	2485
3140	2485
3141	2485
2881	2485
2851	2485
3008	2485
2998	2485
2865	2485
3061	2485
3142	2485
2961	2485
3143	2485
3144	2485
3034	2485
3145	2485
2857	2485
2858	2485
3032	2485
2846	2485
3032	1028
3057	1028
2856	1028
2866	1028
2851	1028
3021	1028
3022	1028
2879	1028
2867	1028
2843	1028
2890	1028
2855	1028
2958	1028
2981	1028
3052	1028
2877	1028
2903	1028
2863	1028
2827	1028
2858	1028
2983	1028
2864	1028
2836	1028
2865	1028
2938	1028
3011	1028
2961	1028
2857	1028
2900	1028
2845	1028
3146	1028
2924	1028
3043	1028
3062	1028
2908	1028
3005	1028
2920	1028
2902	1028
2922	1028
2901	1028
3008	1028
3006	1028
2848	1028
2827	2632
2971	2632
2904	2632
2906	2632
3023	2632
2856	2632
2848	2632
2855	2632
2843	2632
2851	2632
2863	2632
2881	2632
3012	2632
2958	2632
2908	2632
2889	2632
3084	2632
3148	2632
2890	2632
2954	2632
3149	2632
2994	2632
2903	2632
3150	2632
3151	2632
2857	2632
2846	2632
2862	2632
3152	2632
3133	937
2867	937
2879	937
3043	937
2891	937
2866	937
3009	937
2924	937
2858	937
2856	937
3032	937
2860	937
3153	937
2863	937
2855	937
2848	937
2843	937
2895	937
2904	937
3055	937
2829	937
2836	937
2881	937
2827	937
3154	937
2865	937
3003	937
3013	937
2921	937
3061	937
3155	937
2893	937
2841	937
3017	937
2903	937
2827	2036
2863	2036
2829	2036
2856	2036
2851	2036
2866	2036
2843	2036
2836	2036
2860	2036
2848	2036
2867	2036
3053	2036
2864	2036
2983	2036
2855	2036
3011	2036
2908	2036
3052	2036
2900	2036
3156	2036
3012	2036
2857	2036
3032	2036
2901	2036
3045	2036
3046	2036
2948	2036
2846	2036
2891	2036
2889	2036
2963	2036
3149	2036
3030	2036
2895	2036
3157	2036
2881	1142
2866	1142
2848	1142
2855	1142
2839	1142
2867	1142
2983	1142
2836	1142
3158	1142
2843	1142
3013	1142
2890	1142
2961	1142
3043	1142
2856	1142
2863	1142
2900	1142
2879	1142
2864	1142
3032	1142
2908	1142
2872	1142
2954	1142
2885	1142
2860	1142
2938	1142
3045	1142
2910	1142
3046	1142
3075	1142
2982	1142
2949	2494
2839	2494
2896	2494
2827	2494
2829	2494
2903	2494
2865	2494
2963	2494
2885	2494
2882	2494
2908	2494
2960	2494
2952	2494
2864	2494
2904	2494
2906	2494
2879	2494
2948	2494
2848	2494
2953	2494
2961	2494
2843	2494
2851	2494
2862	2494
2959	2494
3159	2494
2856	2494
3160	2494
2841	2494
2909	2494
2863	2494
2866	2494
2958	2494
2834	2494
2998	2494
3066	2494
2992	2494
3161	2494
3051	2494
3036	2494
3061	2494
2967	2494
3069	2494
3015	2494
2876	2288
2856	2288
2879	2288
2903	2288
2865	2288
3062	2288
2961	2288
3055	2288
2904	2288
2877	2288
2863	2288
2895	2288
3045	2288
3046	2288
2836	2288
3149	2288
2845	2288
3036	2288
2890	2288
3063	2288
2841	2288
3001	2288
2998	2288
2857	2288
2866	2288
2867	2288
2963	2288
2967	2288
2900	2288
3013	2288
2958	2288
3034	2288
3133	2288
3030	2288
3031	2288
3037	2288
3006	2288
3005	2288
2920	2288
2922	2288
2855	2288
2924	2288
2864	2288
2953	2288
2925	2288
2891	2288
2851	2288
3032	2288
2843	2288
2860	2288
3040	2288
2891	864
2860	864
2843	864
2862	864
3052	864
2856	864
2867	864
2851	864
3064	864
2958	864
2890	864
2863	864
3012	864
2881	864
2938	864
2866	864
2983	864
2961	864
2864	864
2895	864
3029	864
2827	864
2922	864
3032	864
2920	864
2900	864
2857	864
2836	864
2845	864
3030	864
2903	864
3036	864
2865	864
2879	864
3021	864
3022	864
3044	864
3046	864
3008	864
3162	864
2934	864
3031	864
2967	864
3062	864
3045	864
2989	864
3035	864
2967	1206
3163	1206
2962	1206
3164	1206
2950	1206
3011	1206
2851	1206
2843	1206
2958	1206
2903	1206
2863	1206
2900	1206
2866	1206
2856	1206
2864	1206
2952	1206
2924	1206
2933	1206
3032	1206
2848	1206
2860	1206
2902	1206
3035	1206
2901	1206
3036	1206
2908	1206
2865	1206
3034	1206
3026	1206
3054	1206
2848	2438
2856	2438
2855	2438
2881	2438
2863	2438
3057	2438
2857	2438
2873	2438
3166	2438
2876	2438
3043	2438
2879	2438
2880	2438
2889	2438
2891	2438
2865	2438
2963	2438
2960	2438
2866	2438
2903	2438
3167	2438
2843	2438
3168	2438
2836	2438
3028	2438
2864	2438
2851	2438
2967	2438
2897	2438
2988	2438
3031	2438
3133	2438
2868	2438
3001	2438
2895	2438
2961	2438
2922	2438
2920	2438
2938	2741
2856	2741
2855	2741
2843	2741
2890	2741
2867	2741
2851	2741
2958	2741
2839	2741
2903	2741
3032	2741
3036	2741
2866	2741
3035	2741
2857	2741
2836	2741
2900	2741
2845	2741
2827	2741
2863	2741
2864	2741
3021	2741
2879	2741
3022	2741
2853	2741
2983	2741
2877	2741
3169	2741
2961	2741
2998	2741
3001	2741
3046	2741
3045	2741
2865	2741
2948	2741
2891	2741
2967	2741
3043	2741
2882	2741
2926	2741
3034	2741
3008	2741
3015	2741
2934	2741
3021	285
2851	285
2856	285
2879	285
2938	285
3022	285
2866	285
2863	285
2881	285
2908	285
2961	285
2855	285
2843	285
2936	285
2846	285
2877	285
2867	285
2903	285
2865	285
2845	285
2836	285
3008	285
3003	285
2962	285
2827	285
2857	285
2958	285
2890	285
2983	285
2864	285
2848	285
3032	285
3037	285
2860	285
2895	285
2922	285
3051	285
2882	285
2926	285
3043	285
3034	285
3044	285
2872	285
2907	285
2920	285
3046	285
3045	285
3012	285
3170	285
2891	3641
3011	3641
2827	3641
2866	3641
2856	3641
2855	3641
2958	3641
2903	3641
2845	3641
2836	3641
2863	3641
3043	3641
2851	3641
2890	3641
2843	3641
2848	3641
2900	3641
2857	3641
2829	3641
2867	3641
2921	3641
2860	3641
2872	3641
2864	3641
3046	3641
2961	3641
3012	3641
3032	3641
3008	3641
2971	3641
3045	3641
2865	3641
2910	3641
2881	3641
2983	3641
2938	3641
2877	3641
2839	3641
3171	3641
3050	3641
3061	3641
2879	3641
3017	3641
2876	3641
2924	3641
2830	3641
3031	3641
3026	3641
2967	3641
2988	3641
3008	2028
2860	2028
2958	2028
2851	2028
2867	2028
2848	2028
2903	2028
2881	2028
2827	2028
2836	2028
2900	2028
2856	2028
2845	2028
3052	2028
2855	2028
2864	2028
2843	2028
2890	2028
2841	2028
2863	2028
2983	2028
2854	2028
2895	2028
3032	2028
2877	2028
2866	2028
3046	2028
3043	2028
2857	2028
2961	2028
2858	2028
2891	2028
2922	2028
2920	2028
3045	2028
3172	1809
3173	1809
2846	1809
2994	1809
2868	1809
2856	1809
2921	1809
2864	1809
2908	1809
2948	1809
2958	1809
2872	1809
2851	1809
2848	1809
2961	1809
2863	1809
2866	1809
2855	1809
2971	1809
3032	1809
3174	1809
2857	1809
2845	1809
2881	1809
3030	1809
2860	1809
3011	1809
3046	1809
3045	1809
3049	1809
3001	1809
2839	1809
2867	1809
2998	1809
2865	1809
2841	1809
2843	1809
2827	1809
3013	1809
3007	1809
3175	1809
3006	1809
3017	1809
2972	1809
2938	1809
2876	1809
2924	1809
2877	1809
2858	1809
2983	1809
2960	1809
2856	1985
2877	1985
2843	1985
2866	1985
3030	1985
2836	1985
2865	1985
2903	1985
2827	1985
3053	1985
2867	1985
2855	1985
2864	1985
2938	1985
2961	1985
3013	1985
2891	1985
2998	1985
3001	1985
2900	1985
2890	1985
2863	1985
2983	1985
2860	1985
2857	1985
3032	1985
3075	1985
2895	1985
3036	1985
2971	1985
2831	1985
3064	1985
3164	1985
2851	1825
2856	1825
2843	1825
2881	1825
2936	1825
2827	1825
2846	1825
2839	1825
2867	1825
3049	1825
3013	1825
2855	1825
2900	1825
2865	1825
3030	1825
2879	1825
2877	1825
3023	1825
2890	1825
2836	1825
2983	1825
2864	1825
2938	1825
2971	1825
2866	1825
3017	1825
2924	1825
2858	1825
3031	1825
3176	1825
2958	1825
3032	1825
2953	1825
3177	1825
2881	758
2829	758
2856	758
2827	758
2839	758
2867	758
3049	758
2903	758
2891	758
2843	758
3013	758
2855	758
2865	758
2900	758
3030	758
2877	758
3023	758
2890	758
2836	758
2851	758
2938	758
2864	758
2983	758
2971	758
2866	758
3017	758
2924	758
2879	758
2858	758
2863	758
2953	758
3177	758
2856	2575
2866	2575
3036	2575
2863	2575
2827	2575
2867	2575
2903	2575
2843	2575
2961	2575
2864	2575
2860	2575
2891	2575
3032	2575
2885	2575
3009	2575
2855	2575
3053	2575
3055	2575
2904	2575
2865	2575
2890	2575
2858	2575
3148	2575
3061	2575
2856	1458
2863	1458
2881	1458
2983	1458
2839	1458
2866	1458
2900	1458
2963	1458
2843	1458
2829	1458
2841	1458
2953	1458
2925	1458
2836	1458
3013	1458
3003	1458
2895	1458
2855	1458
2827	1458
2851	1458
2961	1458
2857	1458
2865	1458
2867	1458
3178	1458
3043	1458
2860	1458
2891	1458
2867	2747
2856	2747
2857	2747
2864	2747
2924	2747
2900	2747
2851	2747
2983	2747
2879	2747
2855	2747
2881	2747
2961	2747
2866	2747
3003	2747
2841	2747
2843	2747
2848	2747
3037	2747
2863	2747
3007	2747
2829	2747
3053	2747
2865	2747
3013	2747
2967	2747
2856	1488
2863	1488
2881	1488
2836	1488
2890	1488
3003	1488
3008	1488
2857	1488
2845	1488
2839	1488
2855	1488
2867	1488
2877	1488
2843	1488
2864	1488
2848	1488
3045	1488
2938	1488
2851	1488
2860	1488
3032	1488
2910	1488
2961	1488
2895	1488
2903	1488
3036	1488
3052	1488
2904	1488
2906	1488
2958	1488
3012	1488
3046	1488
2983	1488
3009	1488
3043	1488
3042	1488
2858	1488
3179	1488
2866	1488
3131	1488
2995	2224
2856	2224
2993	2224
2851	2224
2961	2224
2960	2224
2896	2224
2839	2224
2954	2224
2829	2224
2953	2224
3110	2224
2899	2224
3054	2224
3121	2224
2890	2224
2827	2224
3180	2224
2855	2224
2836	2224
3012	2224
2885	2224
2959	2224
3181	2224
2864	2224
2879	2224
2992	2224
3027	2224
2841	2224
3003	2224
2932	2224
2863	2224
3030	2224
3182	2224
2867	2224
2843	2224
2834	2224
3029	2224
3129	2224
3183	2224
2857	2224
3184	2224
3185	2224
3008	2224
2926	2224
3186	2224
2861	2224
3025	2224
3187	2224
2914	2224
2872	2091
3051	2091
2856	2091
2845	2091
3008	2091
2864	2091
2900	2091
2860	2091
2867	2091
2836	2091
2863	2091
2827	2091
3032	2091
2903	2091
2865	2091
2866	2091
2843	2091
2855	2091
2896	2091
2857	2091
3055	2091
2904	2091
3053	2091
2877	2091
3188	2091
2851	2091
2938	2091
3041	2091
3189	2091
3037	2091
2957	2091
2909	2091
2891	2091
3031	2091
2881	2260
2864	2260
2845	2260
2867	2260
3190	2260
2855	2260
2938	2260
3041	2260
2863	2260
3032	2260
2843	2260
2860	2260
2856	2260
2857	2260
3012	2260
3158	2260
3191	2260
2921	2260
2961	2260
2948	2260
2954	2260
2829	2260
3051	2260
2866	2260
3145	2260
2865	2260
2890	2260
2994	2260
2836	2260
2900	2260
2922	2260
2920	2260
3008	2260
2839	2260
3006	2260
3005	2260
3026	2260
3056	2260
2863	2675
2856	2675
2843	2675
2855	2675
2848	2675
2839	2675
2841	2675
3003	2675
3037	2675
2827	2675
3013	2675
2845	2675
3008	2675
2857	2675
3053	2675
2851	2675
2879	2675
3032	2675
2890	2675
2867	2675
2836	2675
2838	2675
2881	2675
2860	2675
2971	2675
2962	2675
2877	2675
2895	2675
2864	2675
2983	2675
2967	2675
3171	2675
2961	2675
3045	2675
3046	2675
2938	2675
3043	2675
3041	2675
2921	2675
2967	2379
3026	2379
2916	2379
3054	2379
2901	2379
2856	2379
3032	2379
3044	2379
2960	2379
3017	2379
2892	2379
2868	2379
2827	2379
2881	2379
2843	2379
2867	2379
2845	2379
2855	2379
2890	2379
3128	2379
2848	2379
2836	2379
2839	2379
2921	2379
2903	2379
2866	2379
3036	2379
3192	2379
3130	2379
3008	2379
3009	2379
2858	2379
2863	2379
2864	2379
2983	2379
2891	2379
3193	1742
3109	1742
2925	1742
3081	1742
2992	1742
3194	1742
2889	1742
2875	1742
3097	1742
3195	1742
3196	1742
3077	1742
2851	1742
2961	1742
2910	1742
3174	1742
2848	1742
3145	1742
2866	1742
2924	1742
3042	1742
2862	1742
2901	1742
2902	1742
3197	1742
3198	1742
2846	1742
3026	1742
3199	1742
3200	1742
3177	1742
2856	1742
2855	1742
2856	1653
2863	1653
2881	1653
2843	1653
2829	1653
2827	1653
2839	1653
2836	1653
2866	1653
2865	1653
3158	1653
3008	1653
2900	1653
3058	1653
2851	1653
2848	1653
2877	1653
2904	1653
3055	1653
3053	1653
2867	1653
2864	1653
2983	1653
2938	1653
3032	1653
2921	1653
2855	1653
3011	1653
3135	1653
2860	1653
2937	1653
2879	1653
3022	1653
2838	1653
2857	1653
2858	1653
3012	1653
2891	1653
2866	2578
3011	2578
2856	2578
2863	2578
2881	2578
2961	2578
2865	2578
2877	2578
2890	2578
2864	2578
3036	2578
2836	2578
2867	2578
2829	2578
3201	2578
3013	2578
2879	2578
2855	2578
2848	2578
2910	2578
3032	2578
2922	2578
2920	2578
2885	2578
2933	2578
2891	2578
3034	2578
2948	2578
2903	2578
3030	2578
3043	2578
2938	2578
2857	2578
2921	2578
2858	2578
2902	2578
2924	2578
3045	2578
2843	2578
2904	2578
2906	2578
2860	2578
3046	2578
2827	2578
3053	2578
2851	2578
2895	2578
3054	2578
3145	2578
3003	2578
2867	98
2864	98
2983	98
2863	98
2938	98
2856	98
2866	98
3011	98
2846	98
2936	98
2890	98
3003	98
2843	98
3013	98
3075	98
2855	98
2860	98
3037	98
2953	98
3031	98
3032	98
3149	98
2891	1449
2864	1449
3032	1449
2865	1449
3202	1449
2960	1449
2953	1449
2894	1449
2925	1449
2957	1449
2839	1449
3203	1449
2829	1449
2827	1449
2896	1449
2984	1449
2855	1449
2848	1449
2856	1449
2866	1449
3029	1449
3204	1449
2993	1449
3159	1449
2951	1449
2868	1449
3205	1449
3206	1449
2903	1449
2877	1449
3207	1449
2961	1449
2843	1449
2982	1449
2863	1449
2876	1449
2892	1449
2923	1449
3061	1449
3164	1449
3026	1449
2967	1449
2963	1449
3104	1449
2934	1449
2867	1449
2971	1449
2924	1449
3017	1449
2879	1449
2881	1449
3181	1449
2959	1449
2838	1449
2972	1449
2851	1449
2860	1449
3208	1449
2857	1449
2955	1449
3209	1449
3177	1449
3210	1449
3211	1449
2881	767
2831	767
2866	767
2856	767
3212	767
3037	767
3213	767
3161	767
3034	767
2891	767
3214	767
3005	767
3006	767
3013	767
3049	767
2843	767
2938	767
2885	767
2970	767
3036	767
3215	767
2890	767
2829	767
2985	767
2863	767
2855	767
2922	767
2834	767
2928	767
3044	767
3007	767
3216	767
3217	767
3144	767
3045	767
3046	767
3032	767
3142	767
3008	767
3073	767
3136	767
3022	767
3218	767
3219	1114
2853	1114
3220	1114
2950	1114
3221	1114
3159	1114
2977	1114
3222	1114
3223	1114
2959	1114
2948	1114
2894	1114
2951	1114
2956	1114
2851	1114
2843	1114
2957	1114
2856	1114
2889	1114
3115	1114
3121	1114
3194	1114
3224	1114
2876	1114
2960	1114
2855	1114
3100	1114
2994	1114
2953	1114
2925	1114
2863	1114
2839	1114
3149	1114
2949	1114
3225	1114
3077	1114
2827	1114
2968	1114
2896	1114
2963	1114
3226	1114
2829	1114
2952	1114
2848	1114
2992	1114
3227	1114
3228	1114
3047	1114
2916	1114
3229	1114
3230	1114
3048	1114
3231	1114
3120	1114
3079	1114
3082	1114
3092	1114
2874	1114
3126	1114
3097	1114
2973	1114
3116	1114
2940	1114
3080	1114
3098	1114
2935	1114
3232	1114
3114	1114
3152	1114
3107	1114
3113	1114
3233	1114
2888	1114
3105	1114
2972	1114
3085	1114
2892	1114
3059	1114
3234	1114
2881	1114
2864	1114
2879	1566
3131	1566
2971	1566
2845	1566
2851	1566
2856	1566
2829	1566
2866	1566
3030	1566
2855	1566
2863	1566
2836	1566
2892	1566
2891	1566
2923	1566
2877	1566
2922	1566
2827	1566
2924	1566
2920	1566
2864	1566
2853	575
3197	575
2926	575
3235	575
2993	575
2960	575
3032	575
2958	575
2864	575
2950	575
2866	575
3161	575
3213	575
3036	575
2848	575
3029	575
2868	575
2855	575
2967	575
3131	575
3031	575
3045	575
3046	575
2851	575
2829	575
3236	575
2856	575
3044	201
3036	201
3032	201
2866	201
2863	201
2867	201
2856	201
3003	201
2895	201
2851	201
2855	201
2881	201
2983	201
2864	201
3075	201
2890	201
2839	201
3049	201
2841	201
2904	201
2958	201
2900	201
2857	201
3034	201
2858	201
2843	201
2836	201
2971	201
2936	201
2872	201
2938	201
3046	201
3045	201
3055	201
3008	201
3011	201
3126	201
3046	2672
3032	2672
2958	2672
2843	2672
2848	2672
2867	2672
3044	2672
2856	2672
2855	2672
2961	2672
3049	2672
2881	2672
2863	2672
2857	2672
3013	2672
2866	2672
3036	2672
2839	2672
2830	2672
3057	2672
3011	2672
2829	2672
3135	2672
2864	2672
2983	2672
3052	2672
3034	2672
2938	2672
2836	2672
3045	2672
3169	2672
2910	2672
3131	2672
3032	516
3034	516
3043	516
2866	516
3030	516
2855	516
2856	516
2843	516
2829	516
2961	516
2836	516
2863	516
2876	516
2960	516
2867	516
2851	516
2890	516
2958	516
2827	516
2998	516
2848	516
2895	516
3190	516
3053	516
3011	516
3052	516
2860	516
2864	516
2938	516
2908	516
3062	516
3046	516
3045	516
3001	516
3050	516
2865	516
3040	516
2872	516
3132	516
3013	516
3042	516
3169	516
3045	1017
2867	1017
2864	1017
2866	1017
2958	1017
3043	1017
2856	1017
3237	1017
2881	1017
2908	1017
2953	1017
2890	1017
2863	1017
2848	1017
2855	1017
3013	1017
2860	1017
2843	1017
3057	1017
3011	1017
2865	1017
3146	1017
2967	1017
2851	1017
3044	1017
3032	1017
3060	1017
3046	1017
3238	1017
2858	1017
3034	1017
3046	1512
2867	1512
2851	1512
2863	1512
2860	1512
2855	1512
2908	1512
2881	1512
2856	1512
2866	1512
3032	1512
2983	1512
2864	1512
3153	1512
2865	1512
3011	1512
3013	1512
2827	1512
2848	1512
2829	1512
2971	1512
2838	1512
2904	1512
2858	1512
2958	1512
2938	1512
3036	1512
3045	1512
3055	1512
3035	1512
3239	1512
2962	1512
2890	1512
2843	1512
3046	2375
3032	2375
3053	2375
2851	2375
2958	2375
2848	2375
3030	2375
2856	2375
2865	2375
2921	2375
2961	2375
3034	2375
3045	2375
3052	2375
2866	2375
2896	2375
2827	2375
2829	2375
3131	2375
3011	2375
3141	2375
2872	2375
3174	2375
2924	2375
3240	2375
3009	2375
2938	2375
3036	2375
3032	2365
2872	2365
2843	2365
2866	2365
2863	2365
2867	2365
2856	2365
3003	2365
2895	2365
2881	2365
2851	2365
2848	2365
2958	2365
2855	2365
2890	2365
3049	2365
2864	2365
2983	2365
2838	2365
2920	2365
2922	2365
2836	2365
2858	2365
2857	2365
3053	2365
2961	2365
3013	2365
2900	2365
2827	2365
3050	2365
2938	2365
2971	2365
3046	2365
3045	2365
2936	2365
3036	2365
2956	2365
3241	2365
3242	2365
3145	2365
2972	1930
3206	1930
2851	1930
2877	1930
2895	1930
2855	1930
3032	1930
3001	1930
2863	1930
2998	1930
2860	1930
3044	1930
2843	1930
2856	1930
2879	1930
2885	1930
3006	1930
2902	1930
2901	1930
3005	1930
2891	1930
2876	1930
2960	1930
3051	1930
2865	1930
2961	1930
2866	1930
2864	1930
2921	1930
2845	1930
3145	1930
3012	1930
2900	1930
3211	1930
3210	1930
2983	1930
3226	1930
2829	1930
2839	1930
2959	1930
2892	1930
3161	1930
3059	1930
2957	1930
2881	1930
3003	1930
2868	1930
3213	1930
2924	1930
3179	1930
2934	1930
3061	1930
3243	1930
3037	1930
3177	1930
3244	672
2843	672
2855	672
2856	672
2961	672
2827	672
2863	672
2865	672
3245	672
3021	672
2869	672
2851	672
2938	672
3246	672
2846	672
3066	672
2848	672
2900	672
2864	672
2857	672
2879	672
2910	672
3042	672
3032	672
2839	672
2871	672
2903	672
2866	672
2838	672
2971	672
2860	672
3008	672
3034	672
2891	672
2960	672
2885	672
3011	672
2967	672
3247	672
3248	672
2851	993
2843	993
2923	993
2961	993
2856	993
2866	993
2918	993
2903	993
2906	993
2904	993
3177	993
2963	993
2829	993
2848	993
2877	993
2952	993
2957	993
2925	993
3115	993
2934	993
3026	993
3080	993
3249	993
2924	993
2895	993
3145	993
3017	993
2972	993
2876	993
3043	993
3008	993
3059	993
2827	993
2896	993
3032	993
2864	993
2921	993
2998	993
2868	993
3003	993
3224	993
3108	993
3027	993
3250	993
2881	993
2855	993
2932	993
3006	993
2879	993
3036	993
3005	993
3055	993
2897	993
2967	993
3198	993
3040	993
2986	993
2987	993
3164	993
3061	993
3105	993
3251	993
2863	2055
2827	2055
2856	2055
2851	2055
3021	2055
3022	2055
2879	2055
2938	2055
3013	2055
2843	2055
2845	2055
2961	2055
2921	2055
2848	2055
2866	2055
3212	2055
3153	2055
3003	2055
2958	2055
2903	2055
2865	2055
2877	2055
2855	2055
3140	2055
3145	2055
2967	2055
2872	2055
3032	2055
2924	2055
2867	2055
2890	2055
3075	2055
3252	2055
2929	2055
2880	2055
3009	2055
2856	1568
2863	1568
2881	1568
2839	1568
2867	1568
2843	1568
3013	1568
2855	1568
2961	1568
2864	1568
2848	1568
2998	1568
2866	1568
2865	1568
3032	1568
2857	1568
2890	1568
2900	1568
3001	1568
3145	1568
2838	1568
3126	1568
3241	1568
2895	1568
2851	1568
2983	1568
3008	1568
2938	1568
3009	1568
3036	1568
3068	1568
3014	1568
3025	1568
2885	1568
2885	10
2866	10
2865	10
2848	10
3032	10
2961	10
2855	10
3241	10
2860	10
2910	10
2851	10
2856	10
2890	10
3214	10
2836	10
2829	10
2953	10
2843	10
2858	10
2839	10
2827	10
2903	10
3145	10
2908	10
3035	10
3011	10
2860	962
3032	962
2961	962
2843	962
2971	962
2866	962
2872	962
2867	962
2909	962
2890	962
2879	962
2865	962
3061	962
2863	962
2938	962
2855	962
2891	962
3013	962
2827	962
2836	962
2856	962
2881	962
2848	962
2839	962
2851	962
3036	962
2856	1131
2839	1131
2866	1131
3032	1131
2958	1131
2961	1131
3037	1131
2863	1131
2829	1131
2865	1131
2872	1131
2855	1131
2881	1131
2903	1131
2836	1131
2890	1131
2841	1131
2851	1131
2902	1131
2901	1131
2879	1131
2860	1131
3008	1131
2845	1131
2900	1131
2938	1131
3153	1131
2877	1131
3075	1131
2998	1131
3253	1131
2924	1131
2920	1131
3001	1131
2922	1131
2864	1131
2983	1131
2867	1131
3030	1131
2827	1131
3046	354
2867	354
2881	354
2860	354
2866	354
3034	354
2879	354
2851	354
2908	354
2845	354
2958	354
2856	354
3017	354
2923	354
2930	354
3012	354
2839	354
2855	354
2829	354
2999	354
2876	354
3149	354
2863	354
2904	354
3254	354
2857	354
2872	354
2971	354
2983	354
2998	354
2893	354
3045	354
3032	354
2877	354
3175	354
3011	354
2928	354
3001	354
3038	354
2924	354
2848	354
2906	354
3013	354
2856	1840
2866	1840
2864	1840
2906	1840
2867	1840
2881	1840
2879	1840
2855	1840
3053	1840
2843	1840
2863	1840
3013	1840
2890	1840
3003	1840
2895	1840
2857	1840
3008	1840
3255	1840
3037	1840
2839	1840
2860	1840
3043	1840
3036	552
3043	552
2855	552
2856	552
2839	552
2866	552
2998	552
2867	552
2851	552
2860	552
2858	552
2843	552
2863	552
2953	552
3013	552
3051	552
2881	552
2983	552
2864	552
2901	552
3075	552
2910	552
2922	552
2958	552
2920	552
3132	552
3032	552
3044	552
2925	552
3001	552
2902	552
3017	552
3066	552
2938	552
2891	552
3030	552
2895	552
2890	552
2829	552
2848	552
2830	552
2857	552
2904	552
2961	552
3135	552
2845	552
2836	552
3011	552
2906	552
3008	552
3162	552
2897	552
2967	552
3031	552
3034	552
2877	552
3053	552
2846	552
3139	552
3062	552
2924	552
2933	552
2903	206
2839	206
2881	206
2867	206
2863	206
2855	206
2866	206
3043	206
2827	206
2856	206
2843	206
3013	206
2857	206
2877	206
2921	206
2958	206
2904	206
2845	206
2879	206
3021	206
3022	206
2860	206
2838	206
3075	206
3055	206
2851	206
2983	206
2938	206
3053	206
2848	206
2908	206
3008	206
3072	206
2948	2731
2862	2731
2896	2731
2851	2731
2848	2731
2923	2731
2829	2731
2865	2731
3141	2731
2927	2731
2856	2731
2928	2731
3032	2731
2971	2731
2958	2731
3149	2731
2866	2731
3145	2731
2891	2731
2938	2731
2903	2731
3008	2731
2908	2731
2967	2731
3034	2731
3143	2731
2881	2731
2855	2731
2839	2731
2827	2731
2953	2731
2846	2731
2954	2731
2864	2731
3173	2731
2882	2731
2881	664
2960	664
2843	664
2983	664
2863	664
3051	664
2893	664
2924	664
2877	664
2856	664
2961	664
2830	664
2855	664
2922	664
2920	664
2851	664
3164	664
3040	664
2891	664
2876	664
2903	664
2866	664
2972	664
3166	664
3210	664
3211	664
2918	664
2948	664
2970	664
2888	664
2916	664
3256	664
3177	664
3005	664
3006	664
2896	664
2827	664
3257	664
3026	664
3121	664
3185	664
2967	664
2925	664
2934	664
2926	664
3258	664
2879	664
2868	664
2864	664
3132	664
3013	664
3259	664
2867	609
2864	609
2983	609
3011	609
2856	609
2938	609
2877	609
3043	609
2855	609
3053	609
2863	609
2851	609
2907	609
2866	609
2860	609
3032	609
2885	609
2858	609
2843	609
3160	609
3260	609
2961	609
3132	609
3008	609
2926	609
2900	609
2836	609
2845	609
2967	609
3026	609
3040	609
2893	609
3034	609
3036	609
2862	609
2839	609
2829	609
2827	609
3013	609
2881	609
3003	609
2908	609
2921	609
2857	609
3021	609
3075	609
2879	609
3007	609
2872	609
2987	609
2986	609
2890	609
2854	609
2920	609
2922	609
3045	609
2848	609
2938	2704
2971	2704
2860	2704
2903	2704
2867	2704
2866	2704
2855	2704
2851	2704
2843	2704
2890	2704
3130	2704
3043	2704
2863	2704
2864	2704
2857	2704
2856	2704
2858	2704
2921	2704
2868	2704
2839	2704
2983	2704
2881	2704
2961	2704
2836	2704
3190	2704
3128	2704
2827	2704
3017	2704
2876	2704
3068	2704
2848	2704
2845	2704
2908	2704
3036	2704
3032	2704
3044	2704
3261	2704
2967	2704
3022	2704
2834	2704
2882	2704
2865	2704
2881	1271
2856	1271
2843	1271
3003	1271
3153	1271
2903	1271
2891	1271
2865	1271
2938	1271
2829	1271
2956	1271
2900	1271
2845	1271
3008	1271
2863	1271
2890	1271
2867	1271
2983	1271
2864	1271
2958	1271
2882	1271
3032	1271
2851	1271
3021	1271
2937	1271
3022	1271
2855	1271
2860	1271
2848	1271
3036	1271
2857	1271
2827	1271
3262	1271
2866	1271
2921	1271
2872	1271
3241	1271
3035	1271
2933	1271
3037	1271
3026	1271
3263	1271
2925	1271
3027	1271
2967	1271
3051	1271
3049	1271
2895	1271
3062	1271
2879	1271
3264	478
2879	478
2955	478
3220	478
3077	478
2889	478
3078	478
3265	478
2924	478
2925	478
3266	478
2856	478
2888	478
2941	478
3258	478
2848	478
2960	478
2957	478
2972	478
2851	478
3221	478
3223	478
3267	478
3268	478
2855	478
2950	478
3269	478
2973	478
2841	478
2881	478
2989	478
3005	478
3006	478
3012	478
2926	478
2919	478
3202	478
2894	478
3270	478
3116	478
3092	478
2863	478
2968	478
2902	478
2901	478
3152	478
3271	478
3080	478
3194	478
3100	478
2876	478
3272	478
3121	478
3079	478
3081	478
3109	478
2942	478
3273	478
2970	478
2874	478
2843	478
2836	478
2877	478
2998	478
2993	478
3274	478
2990	478
2991	478
2857	478
2895	478
3275	478
3276	478
2868	478
2875	478
2866	478
2963	478
3233	478
3277	478
3278	478
3279	478
3280	478
3043	478
2923	478
2952	478
3129	478
3281	478
3025	478
3059	478
2893	478
3067	478
3166	478
2959	478
3282	478
3283	478
3284	478
2861	478
2885	478
3285	478
2940	478
3286	478
2853	478
2953	478
2862	478
2839	478
2904	478
2906	478
3287	478
2834	478
3288	478
3169	478
2988	478
2956	478
2897	478
2827	478
3289	478
3290	478
3291	478
3048	478
3215	478
2992	478
3066	478
3292	478
3187	478
2833	478
2982	2557
2879	2557
2864	2557
2866	2557
2924	2557
2848	2557
2856	2557
2851	2557
3036	2557
2891	2557
3174	2557
2958	2557
3032	2557
3141	2557
2857	2557
3012	2557
2843	2557
3262	2557
2876	2557
2829	2557
2896	2557
2971	2557
3293	2557
2827	2557
3059	1966
2972	1966
2885	1966
2876	1966
2993	1966
3012	1966
3056	1966
3040	1966
2829	1966
2865	1966
2866	1966
3032	1966
3011	1966
2848	1966
2856	1966
2872	1966
2851	1966
3158	1966
2961	1966
2971	1966
3190	1966
2948	1966
2953	1966
2925	1966
2923	1966
2855	1966
2827	1966
2891	1966
2960	1966
3053	1966
3294	1966
2864	1966
2868	1966
3030	748
2863	748
2855	748
2900	748
2864	748
3145	748
2994	748
2924	748
2866	748
2845	748
2857	748
3008	748
3043	748
2843	748
2938	748
3064	748
3022	748
2972	748
2856	748
2877	748
3023	748
2865	748
2868	748
2836	748
2963	748
2872	748
2876	748
2879	748
3166	748
2860	748
3209	748
3032	748
3153	748
3036	748
2851	748
2983	748
2961	748
2967	748
3059	748
2848	748
2895	748
2838	748
2960	748
2892	748
2934	8
3187	8
2967	8
2926	8
2875	8
2885	8
3009	8
3044	8
3132	8
2856	8
2882	8
3295	8
2880	8
2872	8
2963	8
2900	8
2948	8
2834	8
3073	8
3296	8
3297	8
2892	1321
2851	1321
2856	1321
2827	1321
2864	1321
2879	1321
2829	1321
2881	237
2900	237
2856	237
2866	237
3032	237
3141	237
2961	237
2921	237
2843	237
3153	237
2877	237
3053	237
2841	237
2867	237
3003	237
2863	237
2855	237
2907	237
2879	237
2938	237
2890	237
2836	237
2851	237
2865	237
3158	237
3145	237
3030	237
2864	237
2845	237
2860	237
3036	237
2891	237
3179	237
3026	237
2829	237
2827	237
2932	237
2967	237
3037	237
2848	237
2920	237
2922	237
3045	237
3046	237
3075	237
3034	237
2971	237
2858	237
2867	567
2855	567
3032	567
2864	567
2983	567
2866	567
2863	567
3053	567
3145	567
2961	567
2843	567
3046	567
2856	567
2851	567
2858	567
2879	567
2877	567
2836	567
2865	567
2938	567
2885	567
2922	567
2981	567
2860	567
2848	567
3036	567
3174	567
3034	567
3201	567
2967	567
2845	567
2932	567
3040	567
2998	567
2872	567
3131	567
3044	567
3298	567
3132	567
2900	567
2827	567
2924	567
3037	567
2896	567
2881	1108
2827	1108
2839	1108
2829	1108
2843	1108
2836	1108
2866	1108
3058	1108
3158	1108
2851	1108
2856	1108
2845	1108
3008	1108
2900	1108
2848	1108
2867	1108
2864	1108
2983	1108
3009	1108
2863	1108
2921	1108
2958	1108
2961	1108
2876	1108
3062	1108
2881	1375
2829	1375
2827	1375
2839	1375
2843	1375
2836	1375
2866	1375
2900	1375
2856	1375
3008	1375
3058	1375
3158	1375
2851	1375
2855	1375
2867	1375
2877	1375
2863	1375
3135	1375
2961	1375
3043	1375
3032	1375
2857	1375
3040	1375
2924	1375
2983	1375
2864	1375
3011	1375
2860	1375
2938	1375
2855	3642
2863	3642
2848	3642
2851	3642
3031	3642
2903	3642
2896	3642
3174	3642
3132	3642
2858	3642
2967	3642
3149	3642
2829	3642
2865	3642
2927	3642
2827	3642
2857	3642
2875	3642
3077	3642
2963	3642
3032	3642
2953	3642
3233	3642
2885	3642
3299	3642
2971	3642
2961	3642
2860	3642
2839	3642
2841	3642
2866	3642
2924	3642
3017	3642
3042	3642
2929	3642
2856	3642
2843	3642
2877	3642
3051	3642
2895	3642
2998	3642
2986	3642
2987	3642
3058	3642
2891	3642
3044	3642
3300	3642
3301	3642
2878	3642
2900	3642
2930	3642
2864	3642
3302	3642
2928	3642
2836	3642
3007	3642
2846	3642
2902	3642
3005	3642
3043	3642
2901	3642
3006	3642
2908	3642
2910	3642
3104	3642
3013	131
3037	131
2856	131
2877	131
2857	131
2863	131
2855	131
2829	131
2867	131
2851	131
2848	131
2890	131
2839	131
2860	131
2858	131
2866	131
2881	131
2983	131
2864	131
2961	131
2891	131
2843	131
3032	131
3050	131
2865	131
3008	131
2998	131
3040	131
3045	131
3046	131
2866	100
2903	100
3303	100
2933	100
3304	100
2967	100
2925	100
3032	100
2865	100
2948	100
2848	100
2964	100
2856	100
2924	100
3026	100
3031	100
2864	100
2963	100
3055	100
3042	100
2897	100
2829	100
3305	100
2827	100
2885	100
3174	100
3306	100
2992	100
2960	100
3262	100
3307	100
3011	2340
2866	2340
2856	2340
2863	2340
2923	2340
2865	2340
2829	2340
2848	2340
2896	2340
3009	2340
3174	2340
2893	2340
3252	2340
2920	2340
3032	2340
2855	2340
2877	2340
2961	2340
2836	2340
2867	2340
2890	2340
2843	2340
2904	2340
3053	2340
2864	2340
2983	2340
3045	2340
3043	2340
2858	2340
2851	2340
2958	2340
2910	2340
3046	2340
3036	2340
2876	2340
2906	2340
2857	2340
2872	2340
2924	2340
3288	2340
3158	2340
2971	2340
3262	2340
3031	2591
3035	2591
2885	2591
2845	2591
2829	2591
3008	2591
3179	2591
2866	2591
2856	2591
3034	2591
2891	2591
2967	2591
2921	2591
2851	2591
3030	2591
2865	2591
2963	2591
2925	2591
3037	2591
3017	2591
3011	2591
3046	2591
2877	2591
2961	2591
2843	2591
3036	2591
3308	2591
3131	2591
2889	335
3100	335
3077	335
2875	335
2915	335
3121	335
2940	335
2866	335
2957	335
2959	335
2961	335
2839	335
2952	335
2977	335
2868	335
3309	335
3172	335
2856	335
3310	335
2896	335
2950	335
2951	335
3159	335
2960	335
2903	335
2862	335
2855	335
3311	335
2864	335
2848	335
2885	335
2863	335
2879	335
2967	335
2829	335
3008	335
2968	335
2954	335
2949	335
2838	335
2993	335
2963	335
3207	335
3243	335
2924	335
3051	335
3306	335
3012	335
2827	335
2851	335
2843	335
3312	335
2860	335
3032	335
3185	335
3027	335
2934	335
2982	4
2952	4
2960	4
2839	4
2959	4
2951	4
2866	4
2868	4
3067	4
3314	4
3141	4
2993	4
3175	2439
2863	2439
3166	2439
2982	2439
3315	2439
2864	2439
3064	2439
3270	2439
2856	2439
2855	2439
2845	2439
2938	2439
2851	2439
2848	2439
2881	1725
2957	1725
2876	1725
3051	1725
2864	1725
2863	1725
2921	1725
2879	1725
2924	1725
2993	1725
3017	1725
2855	1725
3012	1725
2851	1725
2848	1725
2857	1725
3260	1725
3160	1725
3263	1725
2925	1725
3027	1725
2882	1725
2891	1725
2998	1725
3032	1725
2839	1725
3023	1725
2967	1725
2897	1725
3034	1725
2885	1725
2961	2772
2843	2772
2839	2772
2863	2772
2856	2772
2903	2772
3241	2772
2867	2772
2857	2772
2904	2772
2906	2772
2938	2772
2958	2772
2829	2772
3032	2772
2866	2772
2890	2772
2881	2772
2877	2772
2851	2772
2864	2772
2983	2772
2924	2772
3011	2772
2921	2772
2848	2772
3046	2772
3064	2772
3045	2772
2860	2772
2880	2772
2960	2772
3131	2772
2892	2772
2876	2772
2989	2772
2908	2772
2854	2772
3149	2772
3012	2772
2900	2772
2885	2772
2967	2772
2838	2772
2827	2772
3144	2772
2907	2772
2855	2772
2841	2772
3316	148
3317	148
3314	148
3173	148
3318	148
2994	148
2846	148
2896	148
3149	148
2839	148
3011	148
2866	148
2856	148
2829	148
2961	148
2848	148
2948	148
2963	148
2903	148
2865	148
2827	148
2967	148
3174	148
3319	148
2934	148
2889	148
3054	148
2918	148
3046	148
2924	148
2925	148
3008	148
2872	148
3045	148
2881	148
2836	148
2867	148
2890	148
2843	148
2920	148
2907	148
2863	148
2855	148
2900	148
2864	148
2983	148
2879	148
3032	148
2922	148
2971	148
2860	148
3158	148
2851	148
2960	148
2882	148
3043	148
3036	148
3037	148
2885	148
3031	148
3191	148
3020	148
2891	148
3255	148
2867	2663
2895	2663
2876	2663
2960	2663
2854	2663
2994	2663
3053	2663
2871	2663
2856	2663
2843	2663
3043	2663
2903	2663
2865	2663
3320	2663
2997	2663
2827	2663
2851	2663
2938	2663
2885	2663
3009	2663
2890	2663
2891	2663
2904	2663
3055	2663
3153	2663
2863	2663
2860	2663
3007	2663
2900	2663
2866	2663
3032	2663
3017	2663
2857	2663
3052	2663
3113	2663
2971	2663
3045	2663
3046	2663
2879	2663
2864	2663
3173	2663
2846	2663
2881	2663
3149	2663
2959	2663
2906	2663
2922	2663
3321	2663
3041	2663
2920	2663
2836	2663
2907	2663
2838	2663
2881	917
2848	917
2866	917
2890	917
3043	917
2855	917
2836	917
2829	917
2865	917
2903	917
2827	917
2867	917
2856	917
2938	917
3007	917
3003	917
2857	917
2845	917
3008	917
3040	917
3032	917
3045	917
2863	917
2843	917
3075	917
2851	917
2860	917
2864	917
2961	917
2924	917
3046	917
2910	917
2900	917
2983	917
3011	917
3032	2252
2866	2252
2881	2252
2855	2252
2896	2252
2843	2252
2867	2252
2863	2252
3043	2252
2860	2252
2851	2252
2856	2252
2857	2252
2877	2252
2845	2252
2864	2252
3003	2252
3011	2252
2865	2252
2961	2252
2958	2252
2922	2252
2920	2252
2848	2252
2971	2252
3131	2252
2924	2252
2891	2252
3053	2252
2836	2252
3008	2252
2998	2252
3050	2252
3064	2252
2910	2252
2827	2252
2830	2252
3153	2252
2933	2252
2983	2252
3158	2252
2856	1104
3158	1104
2866	1104
3011	1104
2895	1104
2843	1104
2885	1104
2863	1104
3045	1104
3046	1104
2907	1104
3030	1104
2836	1104
2961	1104
3036	1104
2903	1104
2901	1104
2855	1104
2827	1104
2854	1104
2851	1104
2902	1104
2880	1104
2967	1104
2900	1104
2857	1104
3008	1104
2867	1104
3064	1104
2864	1104
3032	1104
2908	1104
2872	1104
2938	1104
2881	1104
3190	1104
3026	1104
2933	1104
3171	1104
3322	1104
2934	1104
2983	1104
3011	808
2866	808
2856	808
3045	808
3046	808
2863	808
3131	808
3153	808
2922	808
2920	808
2854	808
2843	808
2867	808
2938	808
3132	808
3216	808
2855	808
2877	808
2864	808
2857	808
2924	808
3032	808
2858	808
2900	808
2860	808
2836	808
2848	808
3189	808
3022	808
3158	808
2961	808
3043	808
3030	808
3217	808
3012	808
2862	2468
2855	2468
2994	2468
2836	2468
2904	2468
2906	2468
2901	2468
2902	2468
2843	2468
3005	2468
3006	2468
2863	2468
2865	2468
3066	2468
2845	2468
2848	2468
2866	2468
2851	2468
2872	2468
2971	2468
2877	2468
2983	2468
2864	2468
3323	2468
3324	2468
3074	2468
3173	2468
2924	2468
2962	2468
3052	2468
3003	2468
2938	2468
2921	2468
2839	2468
2860	2468
3013	2468
2879	2468
2856	2468
3055	2468
3325	2468
2934	2468
2890	2468
2856	711
2881	711
2864	711
2851	711
3003	711
2863	711
2938	711
2921	711
2836	711
2839	711
2860	711
3013	711
2877	711
2866	711
2855	711
2843	711
2983	711
3323	711
3324	711
3074	711
3173	711
3052	711
2924	711
2845	711
2962	711
2856	290
2877	290
2866	290
2867	290
3030	290
2961	290
2827	290
2865	290
2836	290
2855	290
2890	290
2864	290
2839	290
2841	290
2938	290
3022	290
3032	290
2921	290
2924	290
2879	290
2920	290
2922	290
2971	290
3128	290
3130	290
2851	290
2858	290
2857	290
3148	290
2843	290
2848	290
2962	290
2863	290
2891	290
3141	290
2845	290
2885	290
2908	290
2866	682
2900	682
2848	682
2856	682
2881	682
2890	682
3022	682
3036	682
2865	682
2896	682
2953	682
2829	682
2925	682
2891	682
2904	682
2906	682
2867	682
2857	682
2845	682
3008	682
2843	682
3153	682
2855	682
2863	682
2877	682
2958	682
3319	682
2864	682
2983	682
2921	682
3046	682
2908	682
3236	682
2910	682
2961	682
2923	682
3045	682
2907	682
2948	682
2839	682
2903	682
2934	682
3014	682
2932	682
2882	682
3145	682
3035	682
2868	682
2924	682
3326	682
3303	625
3327	625
2827	625
2951	625
2959	625
3149	625
2984	625
2829	625
2949	625
2839	625
2896	625
2996	625
2954	625
2890	625
2960	625
2864	625
2868	625
2856	625
2994	625
2981	625
2866	625
3190	625
3288	625
2855	625
2848	625
3262	625
3292	625
2830	625
2846	625
2879	625
3223	625
3141	625
3042	625
2938	625
2841	625
2845	625
2843	625
3052	625
2867	625
3328	625
3012	625
3166	625
3003	625
2857	625
2892	625
2858	625
2863	625
3329	625
2834	625
3330	625
3014	625
2853	625
3007	625
3017	625
3314	625
2862	625
2948	625
3317	625
3031	1559
3037	1559
2953	1559
3045	1559
3046	1559
2925	1559
2891	1559
2848	1559
2863	1559
2843	1559
2877	1559
2855	1559
2938	1559
2865	1559
2829	1559
3158	1559
2866	1559
3321	1559
2932	1559
3036	1559
2885	1559
2881	1559
2856	1559
2903	1559
2960	1559
2838	1559
3053	1559
2954	1559
2839	1559
3204	1559
2836	1559
2910	1559
2851	1559
2876	1559
2904	1559
2906	1559
3032	1559
2872	1559
3034	1559
3011	1559
3145	1559
2961	1559
3030	1559
2900	1559
3178	1559
3040	1559
3042	1559
3017	1559
2895	1559
2967	1559
2986	1559
2987	1559
2868	1264
3017	1264
2959	1264
2903	1264
2856	1264
2863	1264
2961	1264
2866	1264
2855	1264
2876	1264
2895	1264
2891	1264
3023	1264
2954	1264
2851	1264
2879	1264
3031	1264
3035	1264
2857	1264
2953	1264
2967	1264
2829	1264
3040	45
2856	45
2863	45
2872	45
2829	45
2877	45
2843	45
2867	45
2839	45
2890	45
2836	45
2897	45
3013	45
2857	45
2881	45
2846	45
2855	45
2971	45
3148	45
2858	45
2924	45
2851	45
3045	45
3046	45
3007	45
2967	45
3009	45
2860	45
2864	45
3043	45
2848	45
2866	45
2856	374
2881	374
2829	374
2863	374
2843	374
2953	374
2925	374
3163	374
2839	374
2890	374
2836	374
2865	374
2855	374
2851	374
2904	374
2906	374
3013	374
3008	374
2867	374
3045	374
3046	374
2885	374
2937	374
2848	374
2923	374
3043	374
2864	374
2938	374
2967	374
3009	374
2866	374
3030	374
2910	374
2857	374
2860	374
3032	374
3144	374
2896	374
2961	374
3216	374
3026	374
3034	374
3282	374
2891	374
2908	374
2858	374
3012	374
3031	374
3011	374
3040	374
2872	374
2929	374
2827	374
2853	374
3212	374
3135	374
3075	374
2983	374
2862	374
3036	374
3052	374
3022	374
3053	374
2877	374
2900	374
3003	374
3018	374
3331	374
3055	374
3325	374
2882	374
3187	374
2924	374
2994	374
3017	374
3332	374
2855	1172
2877	1172
2867	1172
2846	1172
2856	1172
3333	1172
3153	1172
3032	1172
3166	1172
3226	1172
2843	1172
2961	1172
3007	1172
3014	1172
3334	1172
3064	1172
2866	1172
3190	1172
3335	1172
2876	1172
3252	1172
2920	1172
3336	1172
2857	1172
2851	1172
2972	1172
2910	1172
2879	1172
2993	1172
2936	1172
2938	1172
2830	1172
2922	1172
2952	1172
2933	1172
3158	1172
3337	1172
3235	1172
2872	1172
3328	1172
2827	1172
3045	1172
3046	1172
2907	1172
2908	1172
2948	1172
3303	1172
3317	1172
2891	1172
2841	1172
3003	1172
3141	1172
2901	1172
3006	1172
2989	1172
3207	1172
3338	1172
2995	1172
2950	1172
3315	1172
3175	1172
3059	1172
3209	1172
2892	1172
2896	1172
2868	1172
2957	1172
2863	1172
2977	1172
2839	1172
2864	1172
2996	1172
3202	1172
3314	1172
3339	1172
3014	1819
2843	1819
2877	1819
2961	1819
2863	1819
2856	1819
2910	1819
2855	1819
2851	1819
2895	1819
3003	1819
2938	1819
2866	1819
2857	1819
2845	1819
2865	1819
2867	1819
2860	1819
3032	1819
2924	1819
2864	1819
2890	1819
3043	1819
2858	1819
2848	1819
3046	1819
3045	1819
2963	1819
3030	1819
2872	1819
2829	1819
3040	1819
3148	1819
3014	680
2845	680
2856	680
3036	680
2843	680
2890	680
2867	680
2877	680
2961	680
2938	680
2855	680
2857	680
3032	680
2967	680
2998	680
2881	680
2990	680
2991	680
2876	680
2863	680
2983	680
2860	680
2834	680
3340	680
2882	680
3022	680
2933	680
2866	680
2885	680
3014	2181
2845	2181
2856	2181
3036	2181
2890	2181
2843	2181
2867	2181
2877	2181
2961	2181
2938	2181
2855	2181
2857	2181
3032	2181
2967	2181
2998	2181
2881	2181
2901	2181
2902	2181
2907	2181
2851	2181
3026	2181
3341	2181
2863	2181
2983	2181
2860	2181
2834	2181
3066	2181
2885	2181
3052	2181
2881	1889
2855	1889
2864	1889
2863	1889
3003	1889
2851	1889
2836	1889
2890	1889
2927	1889
2839	1889
2845	1889
3008	1889
2904	1889
3055	1889
2856	1889
2843	1889
2938	1889
2958	1889
3046	1889
3045	1889
2867	1889
2877	1889
2906	1889
2961	1889
2848	1889
3032	1889
3075	1889
2882	1889
3027	1889
2885	1889
3158	1889
3020	1889
3051	1889
2983	1889
2857	1889
3022	1889
2866	1889
2910	1889
2860	1889
2903	1889
2872	1889
3038	1889
2895	1889
2928	1889
3005	1889
2929	1889
3145	1889
2924	1889
3006	1889
2839	1770
2856	1770
2961	1770
2827	1770
2843	1770
2851	1770
2903	1770
2863	1770
2877	1770
2865	1770
2896	1770
2848	1770
2836	1770
2904	1770
3055	1770
2890	1770
2866	1770
2829	1770
2855	1770
3009	1770
3242	1770
2860	1770
2900	1770
2857	1770
2841	1770
3003	1770
2895	1770
2867	1770
2983	1770
2864	1770
2938	1770
2958	1770
2920	1770
3053	1770
2934	1770
2845	1770
3008	1770
2908	1770
2960	1770
3032	1770
3045	1770
3046	1770
3254	1905
2881	1905
2839	1905
2994	1905
2836	1905
2829	1905
3052	1905
2953	1905
2925	1905
2885	1905
2890	1905
3027	1905
2882	1905
3051	1905
2867	1905
2866	1905
2843	1905
2855	1905
2848	1905
2856	1905
3007	1905
2864	1905
2895	1905
2961	1905
2863	1905
2860	1905
3068	1905
3296	1905
3014	1905
3040	2635
2856	2635
2961	2635
2846	2635
3173	2635
2890	2635
2962	2635
2881	2635
2855	2635
2904	2635
2953	2635
2925	2635
2829	2635
2839	2635
2843	2635
2906	2635
3013	2635
2857	2635
2998	2635
3214	2635
2867	2635
3075	2635
3032	2635
2860	2635
2900	2635
2921	2635
2863	2635
2866	2635
3031	2635
2885	2635
3051	2635
2938	2635
3034	2635
2967	2635
2858	2635
2829	3643
2829	1127
2856	317
2863	317
2877	317
2836	317
2890	317
2855	317
2860	317
2851	317
2920	317
2922	317
2910	317
2864	317
3003	317
2971	317
2967	317
3061	317
2961	317
2924	317
2843	317
2865	317
3030	317
2983	317
2938	317
2858	317
3032	317
3026	317
3043	317
2904	317
2906	317
2866	317
3144	317
2848	317
3005	317
3006	317
3342	317
3022	317
2962	317
2856	2450
2863	2450
2851	2450
3003	2450
2994	2450
2839	2450
3032	2450
2843	2450
2961	2450
2877	2450
2836	2450
2827	2450
2904	2450
2906	2450
2907	2450
2920	2450
3022	2450
3013	2450
2860	2450
3319	2450
2921	2450
2867	2450
2864	2450
2983	2450
2855	2450
2858	2450
2845	2450
2848	2450
2910	2450
3043	2450
3036	126
2856	126
2865	126
3011	126
3003	126
2863	126
2851	126
2836	126
2890	126
2843	126
2845	126
2922	126
2938	126
2866	126
3032	126
2855	126
2877	126
2961	126
2981	126
2827	126
2829	126
2901	126
2907	126
2904	126
2906	126
3013	126
2857	126
2920	126
2864	126
2867	126
2885	126
2858	126
2891	126
2998	126
2900	126
2895	126
3043	126
3342	126
2856	1313
3003	1313
2863	1313
2851	1313
2920	1313
2922	1313
2836	1313
2829	1313
2907	1313
2901	1313
2902	1313
2877	1313
3046	1313
3045	1313
2885	1313
2962	1313
3262	1313
2866	1313
2961	1313
2839	1313
3013	1313
2860	1313
3022	1313
2864	1313
2843	1313
3030	1313
3043	1313
2983	1313
2855	1313
2938	1313
2921	1313
3040	1313
2891	1313
3034	1313
3032	1313
2904	1313
2906	1313
2910	1313
2858	1313
2857	1313
2856	449
2866	449
3011	449
2877	449
2863	449
2851	449
2881	449
3046	449
3045	449
2961	449
2864	449
2855	449
2910	449
3032	449
3003	449
2890	449
2836	449
2839	449
3156	449
2843	449
3319	449
3013	449
2901	449
2902	449
2960	449
2921	449
2867	449
2983	449
2938	449
3343	449
2967	449
2856	3644
2863	3644
2895	3644
2881	3644
2900	3644
2938	3644
2829	3644
2867	3644
2836	3644
2994	3644
2903	3644
2827	3644
2961	3644
2921	3644
2866	3644
2865	3644
3008	3644
2891	3644
2855	3644
2851	3644
2843	3644
2890	3644
2877	3644
2848	3644
2958	3644
2923	3644
2841	3644
2908	3644
2858	3644
2983	3644
2924	3644
3052	3644
2857	3644
3046	3644
3032	3644
3156	3644
3011	3644
2881	1185
2855	1185
2839	1185
2843	1185
2856	1185
2865	1185
2986	1185
2987	1185
3003	1185
3008	1185
2857	1185
2829	1185
2851	1185
2890	1185
2867	1185
2877	1185
2863	1185
3075	1185
2983	1185
2864	1185
2938	1185
2961	1185
2866	1185
2848	1185
3032	1185
3045	1185
2882	1185
2926	1185
3035	1185
3046	1185
2891	2259
2856	1914
2845	1914
2877	1914
2855	1914
2836	1914
3030	1914
2865	1914
2851	1914
2863	1914
2895	1914
2900	1914
2829	1914
2981	1914
2866	1914
2885	1914
2961	1914
3036	1914
2920	1914
2922	1914
2924	1914
2848	1914
2962	1914
3032	1914
2843	1914
2901	1914
2902	1914
2890	1914
2963	1914
2864	1914
2983	1914
3043	1914
2910	1914
2921	1914
2858	1914
2857	1914
2856	1410
2845	1410
2877	1410
2855	1410
2836	1410
3030	1410
2865	1410
2851	1410
2863	1410
2895	1410
2900	1410
2829	1410
2981	1410
2866	1410
2885	1410
2961	1410
3036	1410
2920	1410
2922	1410
2848	1410
2962	1410
3032	1410
2843	1410
2901	1410
2902	1410
2924	1410
2890	1410
2963	1410
2864	1410
2983	1410
3043	1410
2910	1410
2921	1410
2858	1410
2857	1410
2876	800
3344	800
2866	800
2953	800
2855	800
2863	800
2959	800
2960	800
3045	800
3046	800
2994	800
2839	800
3064	800
2856	800
2851	800
3032	800
2845	800
2907	800
3021	800
2879	800
2877	800
3037	800
2857	800
2922	800
2920	800
2836	800
3003	800
3023	800
2860	800
3174	800
2827	800
3145	800
3158	800
2924	800
2865	800
3011	800
2868	800
2843	800
2829	800
2838	800
2961	800
2900	800
3345	800
3242	800
3054	800
2957	800
3034	800
3042	800
2864	800
2869	800
3063	800
3248	800
3247	800
3346	800
3234	1300
3153	1300
3190	1300
3174	1300
2922	1300
2920	1300
3064	1300
3347	1300
2960	1300
2855	1300
2961	1300
3158	1300
3348	1300
2848	1300
2853	1300
2992	1300
2941	1300
2885	1300
2892	1300
3246	1300
2876	1300
2851	1300
2868	1300
2829	1300
2866	1300
3003	1300
2982	1300
2863	1300
2856	1300
2845	1300
2952	1300
2838	1300
2836	1300
2827	1300
2959	1300
2919	1300
3074	1300
2860	1300
2895	1300
2843	1300
2983	1300
2924	1300
2900	1300
3145	1300
3149	1300
3032	1300
3057	1300
3206	1300
2951	1300
3349	1300
3157	1300
3321	1300
2923	1300
2864	1300
2938	1300
3350	1300
3045	1300
2879	1300
2865	1300
3242	1300
3042	1300
3046	1300
3075	1300
3040	1300
3059	1300
3351	1300
3023	1300
3124	1300
3172	1069
3234	1069
2892	1069
3248	1069
2856	1069
2868	1069
2848	1069
2864	1069
2829	1069
2866	1069
3245	1069
2924	1069
2827	1069
2839	1069
2865	1069
2939	1069
3133	1069
3029	1069
2855	1069
2836	1069
2879	1069
3242	1069
3036	1069
2956	1069
2895	1069
2961	1069
2843	1069
2960	1069
2957	1069
3032	1069
3321	1069
2948	1069
2857	1069
3158	1069
2863	1069
2867	1069
2907	1069
3045	1069
3046	1069
3043	1069
2860	1069
2900	1069
2851	1069
2994	1069
2938	1069
3042	1069
2876	1069
2959	1069
2998	1069
2881	1069
3059	1069
3174	1069
3205	1069
2902	1069
2901	1069
3017	1069
2993	1069
3037	1069
3344	2722
3145	2722
3248	2722
2863	2722
2881	2722
2961	2722
3206	2722
2876	2722
2856	2722
2957	2722
2866	2722
2872	2722
2895	2722
2960	2722
3153	2722
2843	2722
3064	2722
2864	2722
2877	2722
2848	2722
3158	2722
2857	2722
3054	2722
2959	2722
3070	2722
3160	2722
3260	2722
3035	2722
2855	2722
3046	2722
3045	2722
2938	2722
3174	2722
2827	2722
3188	2722
2839	2722
3074	2722
2904	2722
3055	2722
2921	2722
2851	2722
3352	2722
2868	2722
2829	2722
2906	2722
3280	2722
3043	2722
3032	2722
2860	2722
2879	2722
2843	1498
2863	1498
2961	1498
2866	1498
2856	1498
2903	1498
3158	1498
3241	1498
3145	1498
2865	1498
2836	1498
2900	1498
2938	1498
2829	1498
2867	1498
2855	1498
2851	1498
2891	1498
3008	1498
2890	1498
2877	1498
2958	1498
3043	1498
2858	1498
2857	1498
2908	1498
3319	1498
2860	1498
2983	1498
2864	1498
2924	1498
2863	1938
2856	1938
2866	1938
2881	1938
2872	1938
2877	1938
2855	1938
3043	1938
2843	1938
2839	1938
2836	1938
3008	1938
2845	1938
3003	1938
2857	1938
2827	1938
2896	1938
2865	1938
3242	1938
2890	1938
2867	1938
3075	1938
2983	1938
2864	1938
2938	1938
2891	1938
2923	1938
2851	1938
2910	1938
3045	1938
3032	1938
3046	1938
3073	1938
3022	1938
2860	1938
2879	1938
2856	104
2885	104
2866	104
2962	104
2855	104
2863	104
2836	104
2865	104
2829	104
2922	104
2860	104
2891	104
2902	104
2901	104
2877	104
2851	104
2839	104
2890	104
2843	104
3013	104
2857	104
3006	104
2881	104
2961	104
2867	104
2864	104
2938	104
3032	104
2858	104
3014	104
3040	104
2856	1044
2881	1044
2839	1044
2827	1044
2929	1044
3342	1044
3056	1044
2863	1044
2961	1044
2843	1044
3032	1044
2836	1044
2829	1044
2890	1044
3013	1044
3005	1044
2885	1044
3006	1044
2848	1044
2857	1044
2921	1044
2877	1044
2867	1044
2865	1044
2904	1044
3055	1044
2851	1044
2855	1044
2864	1044
2866	1044
2924	1044
2845	1044
3045	1044
2858	1044
2882	1044
2971	1044
2910	1044
2856	2433
2863	2433
2836	2433
2855	2433
2860	2433
2910	2433
2851	2433
2866	2433
3032	2433
2961	2433
2971	2433
2924	2433
3006	2433
2877	2433
2867	2433
2865	2433
2900	2433
2864	2433
2938	2433
2843	2433
3043	2433
3046	2433
2881	2433
3045	2433
2858	2433
3061	2433
3003	2433
2863	2419
2851	2419
2890	2419
2857	2419
3012	2419
2892	2419
2855	2419
2856	2419
2960	2419
2921	2419
2862	2419
2845	2419
3153	2419
2848	2419
2986	2419
2987	2419
3043	2419
2864	2419
2903	2419
3003	2419
2866	2419
2829	2419
2827	2419
2838	2419
3160	2419
3260	2419
2896	2419
2954	2419
2877	2419
3053	2419
2860	2419
2938	2419
2865	2419
3008	2419
2961	2419
3032	2419
3046	2419
3045	2419
2971	2419
3040	2419
3017	2419
2902	2419
2901	2419
3163	2419
2967	2419
2982	2419
2924	2419
2876	2419
2839	2419
2900	2419
2836	2419
3149	2419
2994	2419
2867	2419
2933	2419
2923	2419
2843	2419
2858	2419
2880	381
2857	381
2836	381
2877	381
2843	381
2863	381
2838	381
3030	381
2856	381
2960	381
2855	381
2868	381
2860	381
3032	381
3149	381
2876	381
2994	381
2827	381
2903	381
2865	381
2866	381
2971	381
2885	381
2851	381
2880	2032
2857	2032
2836	2032
2877	2032
2843	2032
2863	2032
2838	2032
3030	2032
2856	2032
2960	2032
2868	2032
2855	2032
2866	2032
3011	2032
2860	2032
3032	2032
3149	2032
2876	2032
2994	2032
2827	2032
2903	2032
2865	2032
2938	2032
2971	2032
2885	2032
2856	1480
2961	1480
2855	1480
2881	1480
2848	1480
2851	1480
2876	1480
2892	1480
2843	1480
2948	1480
2862	1480
3317	1480
3314	1480
2864	1480
3007	1480
2904	1480
3055	1480
3207	1480
2846	1480
2857	1480
3146	1480
2879	1480
2971	1480
2993	1480
2891	1480
2953	1480
2874	1480
2827	1480
2906	1480
2925	1480
3037	1480
2865	1480
2829	1480
2868	1480
2863	1480
3149	1480
2956	1480
2841	1480
3017	1480
2924	1480
3012	1480
2885	1480
3353	1480
2866	1634
2856	1634
2855	1634
2961	1634
2865	1634
3032	1634
2877	1634
2829	1634
2963	1634
2857	1634
2867	1634
2827	1634
2938	1634
3241	1634
2903	1634
2860	1634
2839	1634
3061	1634
2843	1634
2922	1634
2920	1634
2890	1634
2836	1634
2900	1634
3030	1634
2851	1634
2864	1634
2983	1634
3046	1634
3045	1634
2958	1634
2921	1634
2858	1634
3075	1634
3169	1634
3008	1634
2848	1634
3035	1634
3162	1634
2897	1634
2877	1855
2863	1855
2843	1855
2892	1855
2960	1855
2851	1855
2876	1855
2873	1855
2855	1855
2856	1855
2961	1855
2895	1855
3206	1855
2885	1855
2900	1855
2868	1855
2827	1855
2867	1855
3043	1855
2891	1855
3032	1855
2866	1855
3034	1855
2860	1855
3158	1855
3191	1855
3003	1855
3075	1855
2836	1855
2829	1855
2857	1855
2848	1855
2925	1855
3198	1855
3354	1855
3036	1855
3355	1855
3130	1855
2938	1855
2879	1855
2924	1855
3160	1855
3260	1855
2865	1855
3248	1855
3124	1855
2856	947
3244	947
2957	947
3003	947
2876	947
3021	947
2903	947
2958	947
2829	947
3245	947
2920	947
2922	947
3022	947
2938	947
2843	947
3356	947
2866	947
3032	947
3045	947
3046	947
2900	947
2868	947
2857	947
2993	947
3036	947
2967	947
2855	947
2907	947
2971	947
2890	947
2848	947
2839	947
2851	947
2860	947
3063	947
3324	947
3323	947
2863	947
3247	947
3248	947
2866	2367
2856	2367
2855	2367
2843	2367
2848	2367
2954	2367
2829	2367
2961	2367
3145	2367
3158	2367
2854	2367
2956	2367
2963	2367
2904	2367
2860	2367
2906	2367
2900	2367
3036	2367
3008	2367
2839	2367
3012	2367
2879	2367
2924	2367
2890	2367
2867	2367
2877	2367
3030	2367
2836	2367
2865	2367
2863	2367
2958	2367
2864	2367
2983	2367
2891	2367
2921	2367
3032	2367
2857	2367
2843	989
2851	989
2954	989
2827	989
2961	989
2856	989
2866	989
3158	989
2836	989
2860	989
3032	989
2900	989
2865	989
2857	989
3064	989
2839	989
2953	989
3263	989
2889	989
2925	989
2891	989
3049	989
2882	989
2853	989
2904	989
3055	989
3008	989
2845	989
2903	989
3145	989
3022	989
2867	989
2890	989
2877	989
3030	989
2863	989
2958	989
2855	989
2864	989
2983	989
2924	989
2921	989
2857	1790
2862	1790
2908	1790
3357	1790
2933	1790
2848	1790
3342	1790
3031	1790
3061	1790
3003	1790
2958	1790
2866	1790
2856	1790
2903	1790
2967	1790
2963	1790
3241	1790
3164	1790
2988	1790
2841	1790
2984	1790
2865	1790
2895	1790
2900	1790
2953	1790
2971	1790
2879	1790
2851	1790
2998	1790
3169	1790
2961	1790
2891	1790
3322	1790
2993	1790
3001	1790
2934	1790
2855	1790
2846	1790
2890	1790
2864	1790
2863	2024
2856	2024
2971	2024
2846	2024
3198	2024
3032	2024
2940	2024
3194	2024
3002	2024
2942	2024
2848	2024
3036	2024
3048	2024
2851	2024
2827	2024
3358	2024
3163	2024
2956	2024
2843	2024
3153	2024
3271	2024
3152	2024
2925	2024
3031	2024
2963	2024
3169	2024
2885	2024
2891	2024
3160	2024
3260	2024
2860	2024
3040	2024
2866	2024
3145	2024
3042	2024
3008	2024
3026	2024
3359	2024
3326	2024
3216	2024
2856	1180
2872	1180
2866	1180
2843	1180
2881	1180
2857	1180
2903	1180
2867	1180
3032	1180
2890	1180
2855	1180
2864	1180
2865	1180
2827	1180
2841	1180
2900	1180
2961	1180
2845	1180
2921	1180
2938	1180
2910	1180
3053	1180
2863	1180
2851	1180
3008	1180
2860	1180
2848	1180
3241	1180
3075	1180
2932	1180
2983	1180
3012	1180
2891	1180
2923	1180
2960	1180
3045	1180
3034	1180
3046	1180
3022	1180
2908	1180
2957	1180
3166	1180
2876	1180
3298	1180
2950	2158
2951	2158
2865	2158
2949	2158
2957	2158
2855	2158
2856	2158
2959	2158
2896	2158
2848	2158
2866	2158
2910	2158
2834	2158
2836	2158
2876	2158
2903	2158
2827	2158
2868	2158
2938	2158
3025	2158
2972	2158
2953	2158
2838	2158
2857	2158
2851	2158
3213	2158
2845	2158
3012	2158
2926	2158
2863	2158
2961	2158
3032	2158
3074	2158
2948	2158
3005	2158
2998	2158
3006	2158
2924	2158
2952	2158
2864	2158
2829	2158
2993	2158
3031	2158
3129	2158
2843	2158
2856	2215
2876	2215
2994	2215
3360	2215
2841	2215
2855	2215
2863	2215
3046	2215
3045	2215
2860	2215
2911	2215
2839	2215
2829	2215
2903	2215
2851	2215
3037	2215
3009	2215
2908	2215
2857	2215
3052	2215
3361	2215
2843	2215
2901	2215
2902	2215
3139	2215
3362	2215
2895	2215
3051	2215
3363	2215
2912	2215
2930	2215
3038	2215
2928	2215
3161	2215
3302	2215
2897	2215
2907	2215
2866	2215
3007	2215
3013	2215
3084	2215
2915	2215
2889	2215
3364	2215
2978	2215
2948	2215
2865	2215
3066	2215
3064	2215
2858	2215
3034	2215
2885	2215
3131	2215
3032	2215
3036	2215
2920	2215
2932	2215
2922	2215
2872	2215
2877	485
2856	485
2843	485
2866	485
2961	485
2952	485
2868	485
2993	485
3226	485
2840	485
3030	485
2838	485
2876	485
2865	485
2994	485
2839	485
3075	485
2860	485
2857	485
3017	485
2879	485
2921	485
2855	485
3036	485
3043	485
2983	485
3023	485
3351	485
3365	485
2851	485
3042	485
2960	485
3003	485
2852	485
3366	485
3213	485
2864	485
3367	485
3368	485
2878	485
3218	2380
3061	2380
2864	2380
2933	2380
2855	2380
2866	2380
2851	2380
2863	2380
2848	2380
2903	2380
2865	2380
2879	2380
2988	2380
3369	2380
2934	2380
3282	2380
2967	2380
3370	2380
3371	2380
3372	2380
3121	2380
2973	2380
3373	2380
2897	2380
3161	2380
3374	2380
2925	2380
3105	2380
2863	1168
2866	1168
2856	1168
2953	1168
2855	1168
2954	1168
2839	1168
2843	1168
2865	1168
2845	1168
3003	1168
2877	1168
2827	1168
3045	1168
2858	1168
3046	1168
3008	1168
2857	1168
2900	1168
2890	1168
2867	1168
3075	1168
2851	1168
2860	1168
2958	1168
2983	1168
2864	1168
2924	1168
2848	1168
2921	1168
2938	1168
3263	1168
2891	1168
2925	1168
2889	1168
3049	1168
2882	1168
2853	1168
2881	1168
2879	1168
2866	683
2851	683
2881	683
2843	683
2877	683
2903	683
2856	683
2857	683
2953	683
2829	683
2855	683
2925	683
2891	683
2863	683
2865	683
3158	683
3008	683
3375	683
3045	683
3046	683
2858	683
2900	683
3053	683
2867	683
3003	683
2890	683
3145	683
2960	683
2958	683
3319	683
2864	683
2983	683
2921	683
3236	683
2908	683
2910	683
2961	683
2923	683
2907	683
2934	683
3014	683
2932	683
3035	683
3022	683
2882	683
2868	683
2924	683
3326	683
2967	683
2866	1971
2856	1971
2863	1971
2881	1971
2839	1971
2890	1971
2865	1971
2827	1971
3003	1971
2857	1971
2845	1971
3008	1971
2843	1971
2829	1971
2830	1971
2867	1971
2900	1971
2855	1971
2836	1971
3030	1971
2921	1971
2848	1971
3032	1971
3179	1971
3009	1971
2864	1971
2938	1971
2961	1971
3041	1971
2860	1971
2983	1971
3051	1807
2827	1807
2838	1807
2865	1807
2904	1807
3055	1807
2855	1807
2856	1807
3003	1807
2961	1807
2845	1807
2903	1807
2906	1807
2857	1807
2863	1807
2860	1807
2843	1807
3135	1807
2956	1807
3008	1807
2836	1807
3034	1807
3036	1807
2890	1807
2867	1807
3075	1807
2891	1807
2866	1807
3188	1807
3032	1807
3209	2744
3264	2744
2982	2744
2892	2744
2843	2744
3376	2744
2881	2744
2863	2744
3234	2744
3166	2744
2879	2744
2855	2744
2995	2744
2864	2744
2856	2744
2857	2744
2938	2744
3022	2744
2890	2744
2956	2744
2904	2744
3055	2744
2885	2744
2891	2744
2865	2744
2836	2744
2927	2744
3023	2744
2952	2744
2972	2744
2957	2744
2993	2744
3017	2744
3242	2744
2954	2744
2827	2744
2829	2744
3075	2744
2866	2744
2860	2744
2877	2744
2997	2744
3270	2744
2981	2744
3040	2744
3005	2744
2876	2744
2960	2744
3377	2744
2868	2744
2851	2744
3006	2744
2920	2744
2986	2744
2987	2744
2929	2744
2922	2744
2991	2744
2901	2744
3042	2744
3378	2744
2990	2744
2902	2744
2963	2744
2889	2744
3346	2744
2993	698
2838	698
2836	698
2957	698
2855	698
2848	698
2961	698
2960	698
2866	698
2865	698
2827	698
2949	698
2896	698
2839	698
2867	698
3053	698
2856	698
3030	698
2959	698
2950	698
2924	698
2829	698
2868	698
2952	698
3379	698
3380	698
3174	698
2932	698
3017	698
2885	698
2892	698
3131	698
2860	698
2843	698
2903	698
3012	698
2845	698
3069	698
3037	698
3056	698
2882	698
2967	698
3381	698
2891	698
2864	698
3303	698
2962	698
2963	698
3346	698
2843	63
3382	63
3220	63
3113	63
2889	63
3356	63
2890	63
2874	63
3376	63
2879	63
3227	63
2888	63
2993	63
2973	63
2841	63
2856	63
2851	63
3166	63
2960	63
2952	63
2892	63
2863	63
2855	63
2839	63
3234	63
2918	63
3198	63
2876	63
2961	63
2864	63
2957	63
3059	63
2836	63
2865	63
2895	63
2848	63
2924	63
2902	63
2901	63
3213	63
2868	63
2922	63
2920	63
3032	63
2903	63
3321	63
2866	63
3043	63
2994	63
2830	63
3003	63
2827	63
2971	63
2857	63
2858	63
3145	63
2953	63
3158	63
2900	63
2829	63
2948	63
2972	63
2933	63
3141	63
3034	63
3035	63
3216	63
2891	63
3042	63
2872	63
3040	63
2860	63
3026	63
3129	63
3017	63
3161	63
2950	63
2982	63
3378	63
2910	63
2991	63
2921	63
2938	63
3051	63
3377	63
2990	63
2925	63
3211	63
3210	63
3031	63
3061	63
2877	2612
3030	2612
2953	2612
2885	2612
2925	2612
3036	2612
2845	2612
2891	2612
2836	2612
2827	2612
2856	2612
2830	2612
3131	2612
3043	2612
2860	2612
2921	2612
2866	2612
3032	2612
2851	2612
2843	2612
2900	2612
3020	2612
2999	2612
2879	2612
2932	2612
3383	2612
2903	2612
3135	2612
3005	1294
3006	1294
2864	1294
3384	1294
2972	1294
2957	1294
2839	1294
2867	1294
2857	1294
2863	1294
2866	1294
2891	1294
2855	1294
2856	1294
3032	1294
2843	1294
2890	1294
3053	1294
2872	1294
2858	1294
2827	1294
3046	1294
3045	1294
2924	1294
2881	1294
2903	1294
2961	1294
2848	1294
3044	1294
2938	1294
3008	1294
3009	1294
2879	1294
2860	1294
2863	2727
2856	2727
2839	2727
3149	2727
3037	2727
2827	2727
2866	2727
3013	2727
2924	2727
2848	2727
2843	2727
2838	2727
2857	2727
2865	2727
2829	2727
2867	2727
3043	2727
3131	2727
3046	2727
3045	2727
2860	2727
3003	2727
2877	2727
2890	2727
3030	2727
3053	2727
2961	2727
2983	2727
2891	2727
2921	2727
2864	2727
2872	2727
2938	2727
2910	2727
2851	2727
2881	2727
2858	2727
3032	2727
2855	2727
2879	2727
2961	3645
2867	3645
2855	3645
3030	3645
2866	3645
3027	3645
3045	3645
3046	3645
2836	3645
2900	3645
2857	3645
2885	3645
2860	3645
2938	3645
2863	3645
2971	3645
2843	3645
2856	3645
2877	3645
2851	3645
2865	3645
2910	3645
3032	3645
2848	3645
2858	3645
3171	3645
3063	3645
3012	3645
2960	3645
2864	3645
3011	3645
2827	3645
2921	3645
3012	1138
2868	1138
3027	1138
3034	1138
2866	1138
3032	1138
3158	1138
3011	1138
2856	1138
2867	1138
2863	1138
2855	1138
2864	1138
2879	1138
2924	1138
3017	1138
2981	1138
2843	1138
2858	1138
2971	1138
2938	1138
2877	1138
2865	1138
2890	1138
2881	1138
3045	1138
3046	1138
2961	1138
2857	1138
2876	2502
2972	2502
2892	2502
2993	2502
2868	2502
3048	2502
3374	2502
2875	2502
3385	2502
2941	2502
2853	2502
2992	2502
3105	2502
3386	2502
3025	2502
2885	2502
2926	2502
3308	2502
3296	1527
3014	1527
3068	1527
2843	1527
3013	1527
2855	1527
3131	1527
3011	1527
2866	1527
2856	1527
2881	1527
2863	1527
2848	1527
2890	1527
3149	1527
2836	1527
2829	1527
2839	1527
2864	1527
3032	1527
2983	1527
2867	1527
2938	1527
2857	1527
2856	2776
2890	2776
2827	2776
2855	2776
3032	2776
2863	2776
2848	2776
3011	2776
2866	2776
2881	2776
2865	2776
2836	2776
2839	2776
2922	2776
2920	2776
2895	2776
2900	2776
2938	2776
3008	2776
2908	2776
3052	2776
2924	2776
2843	2776
2983	2776
2864	2776
2851	2776
3053	2776
2867	2776
2890	1842
2881	1842
3011	1842
2866	1842
2856	1842
2863	1842
2855	1842
2843	1842
3131	1842
2848	1842
3053	1842
2827	1842
2836	1842
2839	1842
2920	1842
2891	1842
2922	1842
2900	1842
2938	1842
3008	1842
3045	1842
3046	1842
2967	1842
2867	1842
2961	1842
2921	1842
2851	1842
3153	1842
3032	1842
2924	1842
2876	1842
2960	1842
2866	115
2856	115
2863	115
2851	115
2896	115
2963	115
2843	115
2865	115
2903	115
2827	115
2855	115
3008	115
3003	115
2938	115
2829	115
3043	115
2864	115
2867	115
3053	115
2890	115
2900	115
2895	115
3145	115
3030	115
2848	115
2877	115
2958	115
2961	115
2924	115
2983	115
2858	115
2845	115
2857	115
2910	115
3032	115
3383	115
2953	115
2872	115
2868	115
3308	115
2967	115
2885	115
3158	115
2839	115
3064	115
2854	115
3242	115
3252	115
2904	115
2860	115
3045	115
3046	115
3035	115
2906	115
3034	115
2882	115
3051	115
3027	115
2863	34
2856	34
2866	34
2881	34
2956	34
2836	34
2843	34
2857	34
3003	34
2900	34
2932	34
3009	34
2839	34
3022	34
2868	34
3046	34
3045	34
2890	34
2867	34
2877	34
3075	34
2855	34
2920	34
2922	34
2983	34
3242	34
2924	34
2858	34
2891	34
2958	34
2938	34
2860	34
2851	34
2940	34
2853	34
3113	34
3387	34
2881	2726
2994	2726
2856	2726
2961	2726
3035	2726
2839	2726
2848	2726
3153	2726
2877	2726
3053	2726
2865	2726
3030	2726
2866	2726
2827	2726
2954	2726
2829	2726
2867	2726
2920	2726
3032	2726
3045	2726
3158	2726
2860	2726
2963	2726
2933	2726
2903	2726
2843	2726
2890	2726
2863	2726
2958	2726
2851	2726
3242	2726
2921	2726
2858	2726
2857	2726
2938	2726
2924	2726
2923	2726
2866	951
2885	951
2856	951
2863	951
3145	951
2855	951
2895	951
2961	951
2848	951
2843	951
2841	951
2877	951
2954	951
2900	951
3013	951
2845	951
3036	951
2836	951
2932	951
2857	951
2891	951
2921	951
3058	951
2864	951
2938	951
3046	951
3045	951
3032	951
3043	951
2871	951
2860	951
2910	951
3021	951
2907	951
2923	951
2851	951
3022	951
2924	951
3064	951
3158	951
2881	951
2903	951
2865	951
3149	951
3030	951
2858	951
3190	951
3037	951
3216	951
3252	951
2872	951
3131	951
3207	951
2858	2154
2876	2154
3131	2154
2967	2154
3026	2154
2962	2154
2856	2154
3132	2154
2892	2154
2904	2154
3023	2154
2900	2154
2841	2154
2857	2154
2903	2154
3388	2154
2947	2154
3389	2154
3043	2154
3055	2154
2934	2154
3390	2154
3019	2154
2839	2154
3391	2154
2924	2154
2866	2154
2829	2154
3392	2154
2831	2154
2862	2154
3394	2154
3395	2154
2848	2154
2896	2154
2921	2154
2949	2154
2960	2154
2836	2154
2953	2154
2855	2154
2827	2154
2993	2154
3040	2154
2864	2154
2863	2154
2961	2154
2881	2154
2868	2154
2851	2154
3396	2154
3159	2154
2954	2154
2957	2154
2955	2154
3379	2154
3380	2154
2865	2154
3036	2154
3207	2154
3021	2154
2867	2154
3397	2154
2983	2154
3398	2154
2860	2154
2843	2154
3209	2154
2951	2154
2995	2154
2879	2154
3059	2154
3067	2154
3057	2154
2830	2154
3352	2154
2846	2154
3017	2154
3044	2154
2890	2154
3012	2154
3317	2154
2988	2154
3381	2154
3234	2154
2952	2154
2885	2154
3028	2154
2950	2154
3042	2154
3226	2154
3166	2154
3041	2154
3399	2154
2891	2154
2908	2154
2971	2154
2959	2154
3053	2154
3128	2154
2989	2154
3400	2154
3068	2154
2985	2154
3076	2154
3022	2154
3401	2154
3030	2154
2937	2154
2923	2154
3069	2154
3262	2154
3113	2154
3071	2154
2845	2154
2926	2154
3032	2154
3052	2154
3332	2154
3153	2154
2948	2154
2907	2154
3146	2154
3316	2154
3314	2154
3064	2154
3037	2154
3015	2154
3325	2154
3070	2154
3402	2154
3403	2154
3179	2154
2939	2154
3216	2154
3404	2154
3405	2154
2882	2154
3406	2154
3407	2154
3034	2154
3171	2154
3056	2154
2897	2154
3408	2154
3409	2154
2938	2154
3342	2154
3035	2154
3205	2154
2834	2154
3239	2154
3410	2154
2893	2154
3031	2154
3411	2154
3369	2154
3412	2154
3322	2154
3413	2154
2932	2154
2856	1894
2843	1894
2836	1894
2957	1894
2866	1894
2948	1894
3174	1894
2881	1894
2848	1894
2959	1894
2879	1894
2851	1894
2924	1894
2923	1894
2963	1894
2960	1894
2876	1894
2894	1894
2855	1894
3209	1894
2952	1894
2961	1894
2868	1894
2900	1894
2857	1894
2895	1894
2987	1894
2986	1894
2890	1894
3057	1894
2827	1894
3044	1894
2892	1894
2864	1894
3221	1894
2885	1894
2891	1894
2903	1894
2967	1894
2908	1894
2863	1894
3017	1894
3023	1894
3158	1894
2860	1894
3190	1894
2896	1894
2993	1894
2846	1894
3043	1894
3214	1894
2956	1894
2904	1894
2845	1894
2865	1894
3030	1894
3032	1894
2921	1894
3153	1894
3194	1894
3123	1894
3048	1894
2889	1894
3121	1894
2888	1894
3232	1894
3258	1894
3385	1894
3414	1894
3415	1894
2973	1894
3115	1894
3229	1894
2910	1894
2872	1894
3050	1894
2902	1894
3046	1894
3055	1894
2829	1894
3179	1894
3416	1894
2998	1894
3317	1894
2984	1894
3077	1894
3035	1894
2922	1894
2972	1894
3045	1894
2920	1894
2901	1894
3037	1894
3040	1894
3034	1894
3042	1894
3173	1894
3081	1894
3069	1894
3113	1894
2915	1894
2934	1894
3126	1894
2916	1894
3086	1894
3074	1894
2862	1894
2994	1894
3323	1894
3324	1894
2929	1894
3118	1894
2994	352
2838	352
2855	352
2851	352
2839	352
3115	352
3092	352
2940	352
2916	352
2992	352
3224	352
2874	352
3084	352
3225	352
2993	352
3221	352
3231	352
3077	352
3098	352
2853	352
3417	352
3093	352
3051	352
3087	352
3048	352
3080	352
2925	352
3215	352
2915	352
2868	352
2876	352
2892	352
2867	352
3043	352
2863	352
3017	352
2881	352
2827	352
2866	352
2879	352
2856	352
2864	352
3166	352
2957	352
3059	352
2848	352
2843	352
2960	352
2924	352
3382	352
3314	352
2846	352
3418	352
2862	352
2953	352
2972	352
2950	352
2919	352
3159	352
3226	352
2872	352
3288	352
2845	352
2961	352
2973	352
3079	352
3152	352
3419	352
3081	352
3278	352
3279	352
2829	352
2923	352
2836	352
2959	352
2896	352
2981	352
3202	352
3149	352
2952	352
3220	352
2949	352
2890	352
2894	352
2999	352
3222	352
2951	352
2948	352
3262	352
2996	352
3234	352
3420	352
2921	352
2954	352
2885	352
3050	352
2963	352
2857	352
2910	352
2971	352
2956	352
3023	352
2903	352
2891	352
3032	352
2889	352
3194	352
3100	352
3047	352
3054	352
3271	352
2935	352
3233	352
3078	352
3034	352
3421	352
3422	352
3121	352
3423	352
2930	352
3113	352
3086	352
3416	352
3109	352
2942	352
3232	352
3119	352
3126	352
2901	473
2827	473
2902	473
2990	473
2972	473
2959	473
2949	473
2951	473
2890	473
2829	473
2896	473
2903	473
2891	473
2954	473
2846	473
2948	473
2950	473
2987	473
2986	473
2994	473
2996	473
3309	473
3287	473
2953	473
2885	473
2876	473
3226	473
2991	473
2868	473
2866	473
2923	473
2863	473
3129	473
2856	473
2881	473
2894	473
2839	473
3310	473
2855	473
2952	473
3159	473
2836	473
2921	473
3132	473
2848	473
2843	473
2961	473
2851	473
2963	473
3282	473
2862	473
3207	473
3314	473
3424	473
2867	473
2957	473
2838	473
2964	473
3042	473
2882	473
3425	473
2857	473
2830	473
3339	473
3014	473
3426	473
3368	473
3209	473
3327	473
3427	473
3428	473
3003	473
3149	473
2960	473
3128	473
2982	473
2861	473
2970	473
3429	473
3025	473
3113	473
3430	473
2924	473
3071	473
3067	473
3221	473
2879	473
3059	473
3005	473
3378	473
3431	473
3006	473
3377	473
3166	473
3043	473
3382	473
2920	473
3376	473
2922	473
3048	473
3432	473
3099	473
2900	473
2864	473
3160	473
3260	473
2907	473
2831	473
3270	473
2865	473
3177	473
2897	473
3026	473
2988	473
2967	473
2889	473
2845	473
3051	473
3204	473
3433	473
3118	473
3434	473
3283	473
3256	473
2941	473
3435	473
3436	473
3437	473
3438	473
3115	473
2956	473
2892	473
2856	315
2866	315
2863	315
2855	315
2857	315
2843	315
3029	315
2967	315
3044	315
2895	315
2938	315
2836	315
2827	315
2865	315
3158	315
2903	315
2958	315
3036	315
2900	315
2845	315
3008	315
2922	315
2920	315
3030	315
2890	315
2867	315
2877	315
2858	315
3052	315
3017	315
3032	315
2851	315
3012	315
2983	315
2864	315
2961	315
3045	315
2860	315
3046	315
3162	315
2934	315
3031	315
3062	315
2989	315
3035	315
2891	315
2881	1026
2864	1026
2851	1026
2856	1026
3003	1026
2855	1026
2848	1026
3145	1026
2921	1026
3008	1026
2863	1026
2953	1026
3043	1026
3242	1026
2925	1026
2890	1026
2900	1026
2958	1026
2845	1026
2961	1026
2986	1026
2987	1026
2867	1026
3032	1026
2983	1026
2866	1026
3046	1026
2938	1026
2908	1026
2910	1026
3045	1026
2843	1026
2860	1026
3032	1348
2908	1348
2900	1348
2903	1348
2857	1348
2865	1348
2855	1348
2863	1348
3153	1348
2998	1348
2864	1348
2856	1348
2836	1348
2843	1348
2881	1348
2877	1348
2866	1348
3003	1348
2961	1348
2890	1348
2943	1348
2851	1348
3042	1348
2960	1348
2879	1348
2846	1348
3173	1348
2848	1348
3064	1348
2827	1348
2929	1348
3008	1348
2860	1348
3030	1348
3046	1348
3045	1348
3321	1348
3174	1348
2862	1348
2963	1348
2953	1348
2872	1348
2911	1348
2981	1348
3145	1348
3233	1348
2867	1348
2829	1348
2901	1348
2984	1348
2948	1348
2907	1348
2938	1348
2891	1348
3031	1348
3007	1348
2937	1348
2928	1348
2933	1348
3241	1348
2910	1348
2845	1348
2927	1348
3129	1348
2880	1348
2924	1348
3158	1348
2858	1348
2902	1348
3167	1348
2868	1348
3212	1348
2967	1348
2904	1348
2920	1348
2922	1348
2895	1348
2841	1348
2885	1348
3190	1348
3055	1348
2932	1348
3416	1348
3242	1348
3360	1348
3214	1348
3027	1348
2934	1348
2906	1348
3323	1348
3324	1348
3017	1348
3254	1348
2862	1867
2863	1867
3051	1867
2953	1867
2994	1867
3327	1867
2998	1867
3044	1867
2856	1867
2855	1867
2958	1867
3376	1867
3267	1867
2972	1867
2827	1867
2841	1867
3149	1867
2890	1867
2831	1867
2982	1867
2924	1867
2864	1867
2829	1867
2851	1867
2960	1867
2843	1867
2846	1867
2876	1867
2903	1867
2963	1867
2981	1867
2839	1867
2848	1867
3049	1867
2888	1867
2984	1867
2948	1867
3132	1867
3358	1867
2910	1867
2961	1867
2866	1867
2970	1867
2916	1867
3229	1867
2875	1867
3080	1867
3435	1867
3439	1867
2992	1867
3152	1867
3440	1867
3107	1867
3204	1867
2934	1867
3317	1867
3168	1867
2993	1867
3314	1867
3040	1867
3048	1867
3121	1867
2853	1867
2849	1867
3126	1867
3224	1867
3100	1867
2889	1867
2902	1867
3006	1867
3005	1867
2901	1867
2892	1867
2865	1867
2881	1867
2896	1867
2838	1867
2989	1867
2895	1867
3042	1867
2967	1867
3192	1867
2940	1867
3177	1867
2866	1033
3131	1033
2856	1033
2865	1033
2863	1033
2877	1033
2843	1033
2855	1033
2851	1033
2881	1033
2829	1033
2836	1033
2867	1033
2890	1033
2860	1033
2922	1033
2938	1033
2920	1033
2994	1033
2953	1033
2925	1033
2900	1033
2885	1033
3008	1033
2926	1033
3034	1033
2864	1033
2983	1033
2933	1033
3032	1033
3044	1033
2891	1033
3011	1033
3046	1033
2848	1033
2961	1033
3045	1033
2908	1033
2857	1033
3043	1033
2910	1033
2904	1033
3055	1033
3022	1033
2907	1033
3052	1033
3006	1033
3007	1033
3005	1033
3012	1033
2856	125
2827	125
2895	125
3145	125
3046	125
3045	125
2855	125
2843	125
2961	125
2866	125
2839	125
2865	125
2938	125
2900	125
3058	125
2836	125
2857	125
3003	125
2922	125
2845	125
3008	125
2920	125
3005	125
3006	125
2890	125
2841	125
2867	125
2851	125
2864	125
2983	125
2971	125
3032	125
2902	125
2901	125
2860	125
2863	125
3043	125
2855	1968
2851	1968
3043	1968
2881	1968
2856	1968
3037	1968
2866	1968
3017	1968
2839	1968
2857	1968
3003	1968
2845	1968
3008	1968
3029	1968
3044	1968
2961	1968
2863	1968
2843	1968
2895	1968
2867	1968
2877	1968
2860	1968
2864	1968
2983	1968
3045	1968
3046	1968
2848	1968
2910	1968
3032	1968
3011	1968
2827	1968
2829	1646
2827	1646
2863	1646
2839	1646
2856	1646
3032	1646
2864	1646
2855	1646
2848	1646
2890	1646
2843	1646
2854	1646
3013	1646
2900	1646
2857	1646
2961	1646
3003	1646
2895	1646
3030	1646
2836	1646
2867	1646
2877	1646
2860	1646
3043	1646
2983	1646
2885	1646
3046	1646
3045	1646
2866	1646
2858	1646
2839	1223
2863	1223
2851	1223
2867	1223
2843	1223
2860	1223
3013	1223
3053	1223
2827	1223
3005	1223
3006	1223
2961	1223
2903	1223
2836	1223
2890	1223
2845	1223
2864	1223
2983	1223
3011	1223
2879	1223
2866	1223
3043	1223
2856	1223
2839	1580
2863	1580
2848	1580
2827	1580
2867	1580
2843	1580
2860	1580
3013	1580
2903	1580
2841	1580
3053	1580
3006	1580
3005	1580
2856	1580
2961	1580
2836	1580
2890	1580
2855	1580
3030	1580
2900	1580
3043	1580
3045	1580
3046	1580
2877	1580
2858	1580
3034	1580
2857	1580
2893	1580
2864	1580
2983	1580
2879	1580
2851	1580
3032	1580
2866	1580
2856	2521
2827	2521
2865	2521
2938	2521
2863	2521
2953	2521
2925	2521
2903	2521
2841	2521
2867	2521
2843	2521
3013	2521
2860	2521
3026	2521
2839	2521
2961	2521
2836	2521
2890	2521
2900	2521
2855	2521
3030	2521
2851	2521
3132	2521
3032	2521
2866	2521
2858	2521
2983	2521
2864	2521
3008	2521
3009	2521
2971	2521
3043	2521
2866	2716
2848	2716
2923	2716
2865	2716
2829	2716
2903	2716
3032	2716
2922	2716
2920	2716
2856	2716
3008	2716
3158	2716
2855	2716
3030	2716
3053	2716
2867	2716
3062	2716
3369	2716
3148	2716
2857	2716
2924	2716
2958	2716
3017	2716
3191	2716
2856	789
2863	789
2839	789
2881	789
2855	789
2877	789
2867	789
2843	789
2860	789
3013	789
2865	789
2922	789
2920	789
2903	789
2841	789
2866	789
2961	789
2836	789
2827	789
2890	789
2900	789
3043	789
2864	789
2845	789
2858	789
2885	789
2851	789
2983	789
2938	789
3046	789
3045	789
3032	789
2863	889
2856	889
2839	889
2851	889
2867	889
2860	889
2843	889
3013	889
2890	889
2865	889
2829	889
2891	889
2848	889
2900	889
2855	889
3008	889
2983	889
3009	889
3011	889
2881	889
2866	889
2856	2013
2851	2013
2848	2013
3012	2013
2863	2013
2855	2013
2877	2013
2843	2013
2857	2013
2860	2013
2879	2013
2881	2013
2839	2013
2866	2013
2872	2013
2890	2013
2867	2013
2961	2013
3153	2013
2983	2013
2864	2013
3032	2013
3026	2013
2988	2013
3013	2013
3052	2013
3441	2013
2891	2013
2895	2013
2967	2013
3045	2013
3046	2013
2938	2013
2994	2013
3051	2013
2921	2013
2856	1922
2863	1922
2855	1922
2866	1922
2848	1922
2839	1922
2843	1922
2890	1922
2829	1922
2827	1922
2867	1922
2857	1922
3013	1922
2897	1922
2961	1922
2841	1922
2895	1922
2851	1922
2900	1922
2983	1922
2864	1922
2885	1922
2938	1922
3046	1922
3045	1922
3032	1922
2860	1922
3008	1922
2924	1922
2858	1922
3144	1922
3043	1922
3148	1922
2900	2015
2863	2015
2866	2015
2885	2015
3030	2015
2856	2015
3045	2015
3046	2015
2855	2015
2860	2015
3032	2015
2961	2015
2839	2015
2865	2015
2867	2015
2845	2015
3008	2015
2843	2015
3003	2015
2857	2015
2881	2015
2938	2015
2848	2015
3043	2015
2851	2015
2890	2015
2836	2015
2827	2015
2908	2015
3011	2015
3041	2015
2983	2015
2864	2015
2971	2015
2910	2015
2903	2015
2907	2015
3298	2015
3375	2015
2856	1542
2863	1542
2839	1542
2851	1542
2893	1542
3034	1542
2848	1542
2866	1542
2864	1542
2877	1542
2843	1542
2860	1542
3013	1542
2961	1542
2841	1542
2938	1542
2855	1542
2890	1542
2867	1542
2900	1542
2983	1542
2845	1542
3011	1542
3144	1542
3008	1542
3053	1542
2827	1542
3043	1542
2858	1542
2904	1542
2906	1542
3012	1542
3148	1542
3032	1542
2856	522
3013	522
2881	522
2867	522
2890	522
2843	522
2864	522
2983	522
2855	522
2938	522
2921	522
2866	522
2961	522
2885	522
2907	522
2851	522
3043	522
2865	522
3145	522
3158	522
3003	522
2924	522
2863	522
3045	522
3046	522
3008	2754
2836	2754
2855	2754
2863	2754
2856	2754
2900	2754
3011	2754
2867	2754
2860	2754
2848	2754
2890	2754
2843	2754
2851	2754
2839	2754
3075	2754
2877	2754
2829	2754
2903	2754
3017	2754
3046	2754
2866	2754
2865	2754
2983	2754
2864	2754
2910	2754
2857	2754
2938	2754
3045	2754
3032	2754
2922	2754
2920	2754
2967	2754
2961	2754
2885	2754
2926	2754
3144	2754
2836	2046
2855	2046
2867	2046
2860	2046
2890	2046
2843	2046
2851	2046
2839	2046
2863	2046
2856	2046
2829	2046
2903	2046
2866	2046
2865	2046
2983	2046
2864	2046
2938	2046
3045	2046
3046	2046
3032	2046
2904	2046
3055	2046
2961	2046
3013	2046
3043	2046
2858	2046
2848	2046
3145	2046
3148	2046
3011	2046
3144	2046
3044	2046
3174	2046
2953	2046
2925	2046
2877	2046
2827	2046
2879	2046
2866	2596
2856	2596
2855	2596
2961	2596
2843	2596
2829	2596
3145	2596
3158	2596
2854	2596
2956	2596
2963	2596
2867	2596
2860	2596
3153	2596
2863	2596
3030	2596
2827	2596
2839	2596
2890	2596
3053	2596
2877	2596
2851	2596
2848	2596
2938	2596
2958	2596
3032	2596
3041	2596
3045	2596
3046	2596
2857	2596
2872	2596
3241	2596
2971	2596
3050	2596
2967	2596
2921	2596
3017	2596
2924	2596
2983	2596
2864	2596
2922	2596
2845	2596
2867	413
2845	413
3011	413
2857	413
2961	413
2848	413
2938	413
2855	413
2881	413
2877	413
3191	413
2856	413
2907	413
3036	413
2863	413
3066	413
3013	413
2829	413
2903	413
2866	413
3053	413
2851	413
3390	413
2967	413
3148	413
3209	1429
3059	1429
3276	1429
3275	1429
2952	1429
2972	1429
2994	1429
3334	1429
2881	1429
2867	1429
2896	1429
2959	1429
2902	1429
2901	1429
3006	1429
3005	1429
3442	1429
2845	1429
2863	1429
2856	1429
3057	1429
2843	1429
3262	1429
2865	1429
2836	1429
2848	1429
2827	1429
2851	1429
3443	1429
2961	1429
3444	1429
3317	1429
2885	1429
3008	1429
2864	1429
3051	1429
2998	1429
3299	1429
2867	198
2863	198
2864	198
2983	198
3375	198
3008	198
2855	198
2938	198
3045	198
3046	198
2860	198
2961	198
2836	198
2827	198
2856	198
2890	198
2910	198
2851	198
2848	198
3032	198
3043	198
2924	198
2900	198
2829	198
2866	198
3409	198
2843	198
2879	198
2923	198
2834	198
2885	198
3022	198
3007	198
2881	198
3034	198
2967	198
3171	198
2904	198
3055	198
2857	198
3135	198
3053	198
3144	198
3341	198
3026	198
2926	198
3031	198
3062	198
3044	198
2866	1019
2863	1019
3011	1019
3145	1019
2891	1019
3046	1019
3045	1019
2877	1019
2829	1019
2843	1019
2922	1019
2938	1019
2920	1019
2856	1019
3013	1019
2836	1019
2855	1019
2890	1019
2851	1019
3044	1019
2867	1019
2983	1019
2902	1019
2901	1019
3036	1019
3032	1019
2885	1019
2860	1019
3075	1019
2864	1019
2848	1019
3034	1019
3321	1019
2857	1019
2961	1019
2856	1342
2881	1342
2829	1342
2863	1342
2843	1342
2953	1342
2925	1342
3163	1342
2839	1342
2867	1342
2890	1342
2855	1342
2851	1342
3017	1342
3013	1342
2860	1342
3325	1342
2885	1342
2937	1342
2848	1342
2923	1342
3043	1342
2866	1342
3008	1342
3036	1342
3009	1342
2967	1342
3332	1342
2881	2420
2856	2420
2855	2420
2866	2420
2929	2420
2890	2420
2867	2420
2891	2420
3022	2420
2938	2420
2983	2420
3135	2420
2857	2420
2872	2420
3212	2420
3032	2420
2863	2420
2843	2420
3053	2420
2877	2420
2864	2420
3046	2420
3045	2420
2908	2420
2860	2420
3075	2420
2851	2420
2858	2420
2904	2420
2906	2420
3052	2420
2881	2625
2863	2625
2856	2625
2932	2625
3149	2625
2848	2625
2829	2625
3037	2625
2855	2625
2839	2625
2866	2625
2836	2625
3003	2625
2857	2625
2845	2625
3008	2625
2903	2625
2891	2625
2860	2625
3045	2625
3046	2625
2843	2625
2867	2625
2877	2625
2851	2625
2864	2625
2983	2625
2922	2625
3382	2561
2863	2561
2843	2561
2876	2561
2856	2561
2918	2561
2848	2561
2960	2561
2895	2561
2982	2561
2855	2561
2961	2561
3258	2561
2881	2561
3445	2561
2866	2561
2838	2561
2864	2561
3008	2561
2834	2561
3376	2561
2892	2561
3190	2561
2868	2561
2877	2561
3130	2561
2851	2561
3226	2561
2924	2561
2950	2561
3043	2561
2836	2561
2862	2561
2827	2561
3055	2561
2904	2561
2989	2561
3037	2561
2923	2561
2952	2561
3166	2561
2967	2561
2921	2561
3040	2561
3034	2561
3017	2561
2879	2561
3012	2561
2954	2561
3145	2561
2839	2561
2971	2561
3259	2561
2853	2561
3087	2561
2992	2561
3084	2561
3119	2561
3077	2561
3026	2561
2906	2561
2901	2561
2902	2561
3064	2561
2941	2561
3186	2561
3385	2561
2897	2561
2889	2561
2925	2561
2900	2561
3287	2561
3446	2561
2998	2561
3022	2561
2882	2561
3005	2561
3006	2561
3216	2561
2841	2561
3047	2561
2915	2561
2940	2561
3251	2184
3130	2184
2885	2184
2855	2184
2851	2184
2893	2184
2843	2184
2960	2184
2856	2184
2957	2184
2864	2184
2879	2184
2896	2184
3003	2184
2863	2184
2848	2184
2903	2184
2866	2184
2926	2184
2998	2184
2829	2184
2924	2184
2900	2184
2933	2184
2961	2184
2858	2184
2827	2184
2868	2184
2908	2184
3347	2184
2934	2184
3013	2184
2925	2184
2967	2184
2923	2184
2901	2184
2902	2184
3005	2184
3006	2184
2865	2184
3032	2184
3042	2184
3040	2184
3177	2184
3211	2184
3061	2184
3034	2184
3026	2184
3243	2184
2897	2184
2961	2185
2863	2185
2855	2185
2843	2185
3037	2185
2839	2185
3153	2185
2829	2185
2877	2185
2856	2185
3003	2185
2857	2185
2845	2185
3008	2185
2848	2185
2866	2185
3013	2185
2924	2185
3043	2185
2890	2185
2867	2185
2881	2185
2851	2185
2879	2185
2860	2185
3045	2185
3046	2185
2907	2185
3011	2185
2923	2390
2851	2390
2951	2390
2956	2390
2963	2390
2838	2390
2868	2390
3174	2390
2924	2390
2866	2390
2933	2390
3241	2390
2848	2390
2993	2390
2903	2390
3036	2390
2865	2390
2856	2390
2958	2390
2907	2390
3043	2390
3042	2390
2876	2390
2957	2390
2843	2390
2863	2390
2900	2390
2864	2390
2961	2390
3181	2390
2971	2390
2879	2390
3190	2390
2836	2390
2882	2390
2857	2390
2891	2390
3037	2390
3035	2390
3032	2390
3034	2390
2922	2390
2920	2390
3153	2390
3058	2390
3064	2390
3130	2390
2855	2390
3012	2390
2967	2390
3027	2390
2827	2390
3179	2390
2897	2390
3031	2390
3260	2390
3160	2390
3061	2390
3026	2390
2998	2390
3053	2390
2841	2390
2829	2390
2860	2390
3226	2390
2895	2390
3158	2390
3046	2390
3045	2390
3132	2390
3307	2390
2845	2390
3305	2390
2889	2390
3293	2390
3008	2390
2846	2390
2934	2390
3145	2390
2960	2390
3049	2390
3040	2390
3044	2390
2909	2390
2950	2390
2949	2390
2890	2390
3017	2390
3100	1686
3419	1686
2992	1686
3121	1686
2916	1686
3081	1686
2973	1686
3224	1686
3077	1686
3094	1686
3215	1686
2834	1686
2831	1686
3025	1686
2888	1686
3092	1686
3152	1686
3049	1686
2957	1793
2866	1793
3248	1793
3247	1793
2845	1793
3032	1793
3045	1793
2855	1793
2920	1793
3244	1793
2848	1793
3003	1793
2856	1793
2877	1793
2839	1793
2960	1793
2863	1793
2860	1793
2857	1793
3037	1793
3046	1793
2922	1793
2999	1793
2961	1793
3064	1793
2851	1793
2900	1793
2869	1793
2907	1793
2892	20
2960	20
2879	20
2845	20
2864	20
2856	20
3135	20
3012	20
2877	20
2900	20
2851	20
2866	20
2836	20
2903	20
2843	20
2961	20
2855	20
2981	20
2865	20
3237	20
2908	20
2863	20
2857	20
2938	20
2860	20
3011	20
3013	20
3051	20
3032	20
2881	20
2867	20
2890	20
2891	20
2858	20
2971	20
3043	20
2856	2767
2863	2767
2855	2767
3191	2767
2851	2767
3037	2767
2843	2767
2836	2767
3003	2767
2857	2767
3008	2767
2839	2767
2983	2767
3053	2767
2890	2767
2867	2767
2854	2767
2866	2767
3135	2767
3006	2767
3005	2767
2910	2767
3032	2767
2881	2767
2848	2767
2860	2767
2872	2767
3040	2767
2971	2767
3046	2767
2864	2767
2891	2767
2938	2767
3045	2767
2856	1507
2829	1507
2855	1507
2961	1507
2872	1507
2953	1507
2836	1507
2848	1507
2971	1507
2864	1507
2900	1507
2839	1507
2890	1507
2860	1507
2843	1507
3013	1507
2863	1507
2895	1507
2851	1507
2858	1507
2903	1507
2877	1507
2827	1507
2867	1507
2938	1507
3030	1507
2983	1507
2891	1507
2967	1507
2866	1507
3045	1507
3046	1507
2845	1507
3148	1507
3282	1507
3051	1507
2885	1507
2910	1507
3032	1507
2960	1507
2876	1507
2925	1507
2892	1507
2879	1507
3140	1507
2866	833
3011	833
2862	833
2839	833
2829	833
2855	833
2843	833
2848	833
2890	833
2827	833
3037	833
2836	833
3003	833
2856	833
2857	833
2845	833
3008	833
2838	833
2907	833
2864	833
3032	833
2920	833
2922	833
2863	833
2877	833
2904	833
3055	833
2867	833
3053	833
2851	833
2938	833
2983	833
2961	833
2860	833
2858	833
2921	833
2906	833
3027	833
3131	833
3068	833
2937	833
3014	833
2834	833
3158	833
2881	924
2863	924
2848	924
2855	924
3034	924
2843	924
2839	924
2836	924
3003	924
2856	924
2857	924
2845	924
3008	924
2903	924
2827	924
2938	924
2865	924
2851	924
2867	924
2866	924
3030	924
2983	924
2864	924
2877	924
3032	924
2924	924
2907	924
2908	924
3046	924
3045	924
2961	924
2836	193
2865	193
2855	193
2856	193
2877	193
2961	193
2863	193
3030	193
3149	193
2879	193
2845	193
2860	193
3013	193
2924	193
3034	193
2834	193
2867	193
2983	193
2864	193
3036	193
2967	193
3037	193
2910	193
2857	193
3032	193
2843	193
2858	193
2885	193
3148	193
2863	1335
2860	1335
2867	1335
2856	1335
2827	1335
2843	1335
2938	1335
2865	1335
2855	1335
2961	1335
2839	1335
3131	1335
2877	1335
2836	1335
3030	1335
3011	1335
3008	1335
2866	1335
3032	1335
2857	1335
3046	1335
3045	1335
2937	1513
2846	1513
2936	1513
2890	1513
3057	1513
2903	1513
2938	1513
2904	1513
2839	1513
2933	1513
3055	1513
2836	1513
2866	1513
3032	1513
2881	1513
2932	1513
2994	1513
3012	1513
3325	1513
2864	1513
2856	1513
2866	2103
2856	2103
2863	2103
2961	2103
2867	2103
2900	2103
2860	2103
3013	2103
2845	2103
2855	2103
2829	2103
2956	2103
2924	2103
2925	2103
2851	2103
2895	2103
2843	2103
2890	2103
3046	2103
3045	2103
2907	2103
2848	2103
3030	2103
2903	2103
2836	2103
3153	2103
2864	2103
2891	2103
3317	2103
3017	2103
2879	2103
3008	2103
3179	2103
3026	2103
2863	1947
2866	1947
2856	1947
2872	1947
2855	1947
2843	1947
2961	1947
3034	1947
2829	1947
3037	1947
2836	1947
3003	1947
2857	1947
2845	1947
3008	1947
3153	1947
2867	1947
2877	1947
2848	1947
2860	1947
3032	1947
2851	1947
2983	1947
2864	1947
2938	1947
2858	1947
2908	1947
2967	1947
3009	1947
2938	1121
2872	1121
2961	1121
2867	1121
2890	1121
2843	1121
2863	1121
2856	1121
2858	1121
2860	1121
3043	1121
3036	1121
2857	1121
2882	1121
3447	1121
3012	1121
3027	1121
3145	1121
3046	502
2961	502
2872	502
2867	502
2851	502
2860	502
2848	502
2924	502
2881	502
2920	502
2863	502
3012	502
2866	502
2891	502
3153	502
2922	502
2843	502
2879	502
2856	502
2877	502
2900	502
3013	502
2845	502
2855	502
2838	502
2829	502
2827	502
3053	502
3036	502
3008	502
3179	502
3009	502
3045	502
2938	502
3198	502
2885	502
2907	502
2836	502
2938	1848
2866	1848
3030	1848
2865	1848
3174	1848
2863	1848
2961	1848
2867	1848
2890	1848
2843	1848
2864	1848
3153	1848
3131	1848
3158	1848
2851	1848
2860	1848
2971	1848
3075	1848
2881	1848
2895	1848
2855	1848
3008	1848
3009	1848
2851	1648
2856	1648
2855	1648
2843	1648
3028	1648
2867	1648
3013	1648
2881	1648
2879	1648
2866	1648
2971	1648
2836	1648
3045	1648
3046	1648
3191	1648
3254	1648
2890	1648
2877	1648
2961	1648
3075	1648
2907	1648
2938	1648
2829	1648
3030	1648
2903	1648
2848	1648
3032	1648
2827	1648
3008	1648
2961	2192
3052	2192
2843	2192
2890	2192
2836	2192
2856	2192
2971	2192
2881	2192
2867	2192
2864	2192
2866	2192
3008	2192
3032	2192
2932	2192
3036	2192
3009	2192
2877	2192
2863	2192
2891	2192
2880	2192
3191	2192
2839	2192
3075	2192
2856	1957
2863	1957
2843	1957
2855	1957
2866	1957
2867	1957
2903	1957
2953	1957
2925	1957
2839	1957
2890	1957
2938	1957
3011	1957
3013	1957
2881	1957
2891	1957
3015	1957
2879	1957
2983	1957
2921	1957
3031	1957
2829	1957
3158	1957
3032	1957
2856	1902
2866	1902
2848	1902
2855	1902
2863	1902
2851	1902
2867	1902
2827	1902
2839	1902
2994	1902
2900	1902
2860	1902
2841	1902
3052	1902
3448	1902
3449	1126
2843	1126
3172	1126
3311	1126
3365	1126
2838	1126
3348	1126
3059	1126
2972	1126
2836	1126
2890	1126
2856	1126
2959	1126
3404	1126
2845	1126
2938	1126
2876	1126
3268	1126
3284	1126
3067	1126
2848	1126
2866	1126
3153	1126
2855	1126
2924	1126
2864	1126
2952	1126
2961	1126
2960	1126
2839	1126
3158	1126
3037	1126
3145	1126
2954	1126
3450	1126
2900	1126
2872	1126
3012	1126
3043	1126
2865	1126
3017	1126
3069	1126
3303	1126
2925	1126
3100	1126
2918	1126
2889	1126
2860	1126
3032	1126
2868	1126
3382	1126
2877	1126
2923	1126
3287	1126
3166	1126
2907	1126
3046	1126
2881	1126
3006	1126
3045	1126
3005	1126
3430	1126
2920	1126
2922	1126
3427	1126
2901	1126
2902	1126
2948	1126
3444	1126
3443	1126
2903	1126
2934	1126
2963	1126
3149	1126
2863	1126
3406	1126
2951	1126
3030	1126
2953	1126
3074	1126
3040	1126
3451	1126
3008	1126
2993	1126
2880	1126
2857	1126
2983	1126
3300	1126
3452	1126
2896	1126
2885	1126
3034	1126
3179	1126
3216	1126
2962	1126
2829	1126
2904	1126
3042	1126
2906	1126
3174	1126
3453	1126
3058	1126
3070	1126
3113	1126
3454	1126
3061	1126
2967	1126
3054	1126
3026	1126
3347	1126
2957	1126
3035	1126
3132	1126
3455	1126
2875	1126
2853	1126
2926	1126
3416	1126
2891	1126
3039	1126
3434	1126
2932	1126
3177	1126
3231	1126
2851	1126
3226	1126
3376	1126
3051	1126
3078	1126
3077	1126
3079	1126
2827	1126
3159	1126
2950	1126
2949	1126
3170	1126
3062	1126
3141	1126
3190	1126
2908	1126
3335	1126
3456	1126
3384	1126
2929	1126
2841	1126
2867	1126
3135	1126
3066	1126
3457	1126
2998	1126
3003	1126
3458	1126
2978	1126
2994	1126
3459	1126
2927	1126
2928	1126
2989	1126
3064	1126
3053	1126
2871	1126
3213	1126
3161	1126
3460	1126
3461	1126
3462	1126
2910	1126
2863	1057
2856	1057
2866	1057
2839	1057
3149	1057
2838	1057
2938	1057
3037	1057
2827	1057
2843	1057
3013	1057
2924	1057
2848	1057
2857	1057
2867	1057
2865	1057
2829	1057
3046	1057
3045	1057
3043	1057
2860	1057
3003	1057
2890	1057
3053	1057
2877	1057
2851	1057
3075	1057
2900	1057
3032	1057
2855	1057
2983	1057
3008	1057
2958	1057
2891	1057
3009	1057
2910	1057
2864	1057
2904	1057
2906	1057
3035	1057
2885	1057
3031	1057
3011	1057
3036	1057
2866	771
2856	771
3011	771
2863	771
2881	771
2843	771
2836	771
2900	771
2855	771
2829	771
2865	771
3022	771
2896	771
2851	771
3046	771
3003	771
2857	771
3008	771
2903	771
2827	771
2867	771
2938	771
2885	771
2983	771
3045	771
2864	771
2877	771
2961	771
3032	771
2858	771
3040	771
2872	771
2908	771
3064	771
2848	771
2922	771
2920	771
2998	771
2867	1699
2961	1699
2856	1699
2877	1699
2851	1699
2864	1699
2983	1699
2855	1699
2938	1699
2866	1699
2843	1699
3045	1699
3032	1699
3046	1699
2881	1699
2986	1699
2987	1699
2829	1699
2839	1699
2836	1699
2863	1699
2900	1699
2857	1699
2845	1699
2862	1699
2865	1699
2934	1699
2967	1699
3216	1699
3255	1699
2904	1699
2962	1699
2860	1699
2906	1699
3013	1699
2954	1699
3040	1699
3034	1699
2910	1699
2896	1699
2895	1699
3135	1699
3262	1699
3158	1699
3043	1699
3030	1699
2963	1699
3145	1699
3463	1699
2882	1699
2858	1699
2926	1699
3282	1699
2885	1699
2912	1699
3148	1699
2928	1699
3342	1699
2971	1113
2855	1113
2904	1113
2865	1113
2866	1113
3055	1113
2848	1113
2876	1113
2910	1113
2900	1113
2843	1113
2994	1113
2863	1113
2829	1113
2877	1113
2879	1113
2858	1113
2953	1113
2856	1113
3049	1113
2896	1113
2853	1113
2839	1113
3148	1113
2857	1113
3464	1113
2851	1113
2925	1113
3342	1113
2893	1113
3011	1113
2827	1113
3465	1113
2864	1113
2892	1113
2911	1113
2881	1113
3214	1113
3360	1113
2982	1113
2868	1113
2958	1113
2983	1113
3003	1113
2981	1113
2890	1113
3043	1113
2891	1113
3262	1113
2993	1113
3466	1113
3467	1113
2956	1113
2880	1113
3051	1113
3044	1113
2906	1113
2856	2538
2881	2538
2836	2538
2890	2538
2838	2538
2851	2538
2867	2538
2839	2538
2843	2538
2857	2538
2938	2538
3075	2538
3135	2538
2961	2538
2863	2538
3013	2538
3341	2538
3026	2538
2866	2538
2848	2538
2891	2538
2860	2538
3032	2538
2855	2538
2983	2538
2864	2538
2877	2538
2910	2538
2858	2538
3319	2538
2856	648
2881	648
2865	648
2961	648
2827	648
2890	648
2971	648
2855	648
2848	648
2851	648
2863	648
2867	648
2983	648
2864	648
2938	648
2858	648
2860	648
3075	648
2843	648
3032	648
2866	648
2910	648
2857	648
2924	648
3190	648
2836	1097
2838	1097
3340	1097
2890	1097
2858	1097
2856	1097
3022	1097
2962	1097
2932	1097
3032	1097
2881	1097
2877	1097
2961	1097
2867	1097
3030	1097
2865	1097
2843	1097
2864	1097
2827	1097
3011	1097
3135	1097
2855	1097
2839	1097
2863	1097
3045	1097
3046	1097
2860	1097
2891	1097
2851	1097
2938	1097
2834	1097
2882	1097
2855	371
2851	371
2877	371
2843	371
2856	371
2866	371
2848	371
3045	371
3032	371
3046	371
2827	371
2838	371
3242	371
2900	371
2885	371
2918	371
2857	371
2860	371
3013	371
2845	371
2920	371
2922	371
2881	371
2867	371
3053	371
2863	371
2938	371
2907	371
2921	371
3064	371
3153	371
2926	371
2891	371
2995	2594
2851	2594
2881	2594
2879	2594
2855	2594
2892	2594
2845	2594
2864	2594
3017	2594
2827	2594
2896	2594
2839	2594
2959	2594
2954	2594
3149	2594
2994	2594
2863	2594
3397	2594
3468	2594
3469	2594
2856	2594
2848	2594
2866	2594
2924	2594
2885	2594
2865	2594
2858	2594
3040	2594
3032	2594
2921	2594
3304	2594
2843	2594
2829	2594
2960	2594
3180	2594
3470	2594
3297	2594
3037	2594
2923	2594
2952	2594
3070	2594
3027	2594
2926	2594
3051	2594
3306	2594
2961	2594
2902	2594
2986	2594
2910	2594
2987	2594
2867	2594
2891	2594
3186	2594
3197	2594
2890	2594
2836	2594
3205	2594
3471	2594
3239	2594
3171	2594
3282	2594
2876	2594
2868	2594
3472	2594
3026	2594
3369	2594
3411	2594
3341	2594
2846	2594
2936	2594
3021	2594
3022	2594
2971	2594
3011	2594
2834	2594
2900	2594
3262	2594
2895	2594
3407	2594
3030	2594
2962	2594
2938	2594
2972	2594
2957	2594
3059	2594
2882	2594
3012	2594
3203	2594
3473	2594
3394	2594
3395	2594
3398	2594
2937	2594
3007	2594
3071	2594
3447	2594
3069	2594
3409	2594
2934	2594
2881	2605
2856	2605
2867	2605
2839	2605
2863	2605
2836	2605
2865	2605
2829	2605
2845	2605
3036	2605
2891	2605
2938	2605
2866	2605
2900	2605
3008	2605
2890	2605
2843	2605
3158	2605
2983	2605
2860	2605
2864	2605
3032	2605
2921	2605
2857	2605
2988	2605
3022	2605
3021	2605
2851	2605
3012	2605
3043	2605
2934	2605
2855	2605
2856	2763
2863	2763
2881	2763
2855	2763
2877	2763
2843	2763
2961	2763
2836	2763
2829	2763
2890	2763
2885	2763
2927	2763
2867	2763
2983	2763
2858	2763
2891	2763
3148	2763
2860	2763
3005	2763
3006	2763
2879	2763
2857	2763
3013	2763
3036	2763
2864	2763
3075	2763
2839	2763
2994	2763
2953	2763
2988	2763
2856	1679
2881	1679
2836	1679
2890	1679
2838	1679
2867	1679
2843	1679
2857	1679
2938	1679
2851	1679
2860	1679
3032	1679
2983	1679
2864	1679
3075	1679
2855	1679
2858	1679
2962	1679
2866	1679
3046	1679
3045	1679
3043	1679
2990	1679
3005	1679
3011	1679
3034	1679
2991	1679
3006	1679
2829	1679
3008	1679
2827	1679
2877	1679
3044	1679
2863	1679
2921	1679
2904	1679
2906	1679
3474	1679
3013	1679
3131	1679
2839	1679
3053	1679
3064	1679
2848	1679
2920	1679
2902	1679
2924	1679
2961	1679
2901	1679
2908	1679
3317	1679
2856	2415
3043	2415
2881	2415
2839	2415
2865	2415
2836	2415
2867	2415
2890	2415
2938	2415
2891	2415
3013	2415
2855	2415
2863	2415
2843	2415
2851	2415
2864	2415
2983	2415
3032	2415
3045	2415
3046	2415
2924	2415
3008	2415
2961	2415
2971	2415
2858	2415
3012	2415
3026	2415
2829	2415
2848	2415
2861	2415
3022	2415
2857	2415
3009	2415
3052	141
3173	141
2890	141
2994	141
2839	141
2829	141
2959	141
2961	141
2866	141
2856	141
2855	141
3066	141
2896	141
2827	141
3022	141
2900	141
2851	141
2864	141
2843	141
2892	141
2957	141
3206	141
2841	141
2865	141
3027	141
3158	141
3032	141
2863	141
3059	141
2857	141
2851	313
2927	313
2856	313
2971	313
3032	313
2848	313
3031	313
2903	313
2866	313
3034	313
3013	313
2901	313
2902	313
2961	313
2938	313
2864	313
2924	313
2877	313
2855	313
2836	313
2858	313
2865	313
2857	313
2922	313
2920	313
3174	313
3007	313
2843	313
2956	313
2875	313
3077	313
2930	313
2929	313
2900	313
2895	313
2863	313
2872	313
3017	313
3030	313
2841	313
2879	313
3323	313
3324	313
2827	313
2928	313
2896	313
2908	313
2921	313
3043	313
2891	313
3008	313
2998	313
3040	313
3046	313
2860	313
3045	313
2907	313
3022	313
2846	313
3145	313
3012	313
3037	313
2967	313
2868	313
2882	313
3051	313
3066	313
3005	313
3006	313
3350	313
3041	313
3212	313
3003	313
2910	313
2829	313
2885	313
3011	313
3219	50
3097	50
2853	50
2916	50
2925	50
2967	50
3031	50
3042	50
2856	50
3282	50
3475	2093
2856	2093
2885	2093
3476	2093
2953	2093
2925	2093
3246	2093
2855	2093
3280	2093
2848	2093
2895	2093
3145	2093
2900	2093
3158	2093
2843	2093
2872	2093
2893	2093
3051	2093
3188	2093
3046	2093
3045	2093
3032	2093
2860	2093
3450	2093
3477	2093
2903	2093
2864	2093
2963	2093
2961	2093
3198	2093
2932	2093
2891	2093
2938	2093
2851	2093
2924	2093
3174	2093
3044	2093
2934	2093
3354	2093
2858	2093
2845	2093
3478	2093
2856	2155
2863	2155
3153	2155
2983	2155
2843	2155
2855	2155
2839	2155
3003	2155
2891	2155
2836	2155
2904	2155
2857	2155
2906	2155
2829	2155
2866	2155
2867	2155
2877	2155
2827	2155
2903	2155
2865	2155
2900	2155
2885	2155
2864	2155
2932	2155
3036	2155
2879	2155
2881	2155
3011	826
2856	826
2881	826
3132	826
2848	826
2839	826
2855	826
2867	826
3216	826
3171	826
2829	826
2836	826
2843	826
2860	826
2890	826
2857	826
2983	826
2864	826
2885	826
3075	826
2863	826
3032	826
2866	826
2908	826
2910	826
2856	1724
3011	1724
2866	1724
2863	1724
2855	1724
2881	1724
2848	1724
2890	1724
2867	1724
3013	1724
2843	1724
2896	1724
3006	1724
3053	1724
2857	1724
2879	1724
3075	1724
2864	1724
3012	1724
2983	1724
3008	1724
3009	1724
2839	1724
2851	1724
2865	1724
3022	1724
2858	1724
2860	1724
3017	1724
3036	1724
2891	1724
3148	1724
2882	1724
2855	1405
2856	1405
2843	1405
2863	1405
2839	1405
2829	1405
2867	1405
3013	1405
3008	1405
2851	1405
2877	1405
2998	1405
2836	1405
2890	1405
2866	1405
3043	1405
2860	1405
2910	1405
2858	1405
2848	1405
2857	1405
2938	1405
3044	1405
3046	1405
3045	1405
2864	1405
3028	1579
3011	1579
2866	1579
2971	1579
2863	1579
2872	1579
2856	1579
3046	1579
3045	1579
2877	1579
2848	1579
2855	1579
2836	1579
2829	1579
2938	1579
3008	1579
2900	1579
3158	1579
2994	1579
2839	1579
2838	1579
2860	1579
2890	1579
2867	1579
2843	1579
3032	1579
2857	1579
2879	1579
3075	1579
2932	1579
3036	1579
2851	1579
2856	1899
2866	1899
3145	1899
3158	1899
2938	1899
2843	1899
3013	1899
2863	1899
2848	1899
2895	1899
3153	1899
3053	1899
2855	1899
2827	1899
3135	1899
2867	1899
2890	1899
3252	1899
2864	1899
2924	1899
2879	1899
3052	1899
2920	1899
2922	1899
3035	185
3158	185
3145	185
2856	185
2866	185
2938	185
2961	185
2843	185
2900	185
2860	185
3046	185
3045	185
2910	185
3031	185
2967	185
3036	185
3216	185
3416	185
2895	185
3012	185
2872	185
2856	1396
3158	1396
2866	1396
2971	1396
2865	1396
2855	1396
2961	1396
3003	1396
2843	1396
3036	1396
2921	1396
2903	1396
3241	1396
3032	1396
3145	1396
2872	1396
2877	1396
2860	1396
3342	1396
2885	1396
2928	1396
2858	1396
3246	913
2863	913
2960	913
2855	913
3245	913
2972	913
3248	913
2940	913
2856	913
2961	913
2881	913
2851	913
3174	913
2829	913
3158	913
2868	913
2836	913
2971	913
2866	913
3054	913
3032	913
3064	913
2903	913
2932	913
3149	913
3034	913
3045	913
3046	913
2848	913
2954	913
2839	913
2981	913
3055	913
2857	913
2904	913
2860	913
3003	913
3167	913
2956	913
2937	913
2885	913
2938	913
2827	913
2907	913
2935	913
2925	913
2942	913
2891	913
2843	913
2871	913
3042	913
2864	913
3242	913
2879	913
3043	913
3204	913
2900	913
2982	1711
2879	1711
2983	1711
2864	1711
2863	1711
2839	1711
2994	1711
2841	1711
3149	1711
2836	1711
2829	1711
3153	1711
2961	1711
2827	1711
2860	1711
2843	1711
2893	1711
3325	1711
2877	1711
2856	1711
2903	1711
3053	1711
2867	1711
2890	1711
2895	1711
2851	1711
2954	1711
2857	1711
3043	1711
2971	1711
2881	1711
3075	1711
3072	1711
2855	1711
3012	1711
2866	1711
3036	1711
2885	1711
3382	2666
2952	2666
2848	2666
3287	2666
3043	2666
3040	2666
2843	2666
2892	2666
2960	2666
2856	2666
2961	2666
2879	2666
2993	2666
2957	2666
3175	2666
2855	2666
3451	2666
3036	2666
2839	2666
2963	2666
2829	2666
2896	2666
3262	2666
2925	2666
2877	2666
2954	2666
2865	2666
2903	2666
2890	2666
2885	2666
3166	2666
3207	2666
2908	2666
2959	2666
3057	2666
2827	2666
2942	2666
2851	2666
2994	2666
2983	2666
2863	2666
3027	2666
3025	2666
3051	2666
3277	2666
2876	2666
2924	2666
2923	2666
2866	2666
2854	2666
3320	2666
3198	2666
2921	2666
3008	2666
2864	2666
2845	2666
2891	2666
3007	2666
3179	2666
2897	2666
2895	2666
2900	2666
3351	2666
2981	2666
2868	2666
3121	2666
2853	2666
2941	2666
2972	2666
2857	2666
2882	2666
2994	2624
2851	2624
2855	2624
2856	2624
2839	2624
2867	2624
2890	2624
2841	2624
3064	2624
2866	2624
2924	2624
3242	2624
2843	2624
3044	2624
2860	2624
2877	2624
2836	2624
3053	2624
2863	2624
2858	2624
2881	2624
2983	2624
2864	2624
2938	2624
2848	2624
2921	2624
3045	2624
3032	2624
2857	2624
2910	2624
2879	2624
3046	2624
2856	2710
2843	2710
3132	2710
2851	2710
2855	2710
3216	2710
2961	2710
2890	2710
2867	2710
3013	2710
2866	2710
2900	2710
2903	2710
2827	2710
2836	2710
2895	2710
2877	2710
2904	2710
2863	2710
2983	2710
2864	2710
2848	2710
2885	2710
2938	2710
2860	2710
2858	2710
2921	2710
3043	2710
2908	2710
2857	2710
3032	2710
3045	2710
3046	2710
3055	2710
2845	2710
3037	2710
2988	2710
2901	2710
2902	2710
2879	2710
2961	2445
2863	2445
2983	2445
2851	2445
2839	2445
2843	2445
2865	2445
2827	2445
2845	2445
3008	2445
3003	2445
2860	2445
2855	2445
2841	2445
3064	2445
2866	2445
2907	2445
3242	2445
2877	2445
2856	2445
2890	2445
2836	2445
2867	2445
3075	2445
2881	2445
2864	2445
3032	2445
2848	2445
2857	2445
3045	2445
3030	2445
2908	2445
3046	2445
2830	2445
3479	2445
2843	9
2851	9
2855	9
2866	9
2872	9
2856	9
2895	9
2839	9
2827	9
2961	9
2829	9
3158	9
2903	9
2836	9
3008	9
3043	9
3034	9
3036	9
2858	9
2865	9
3003	9
2857	9
2845	9
3190	9
3032	9
2890	9
2867	9
2877	9
2863	9
3075	9
2864	9
2983	9
3153	9
3045	9
3046	9
2938	9
2910	9
3006	9
3005	9
2860	9
3367	700
3149	700
2994	700
2890	700
2953	700
3311	700
2924	700
2864	700
2845	700
3012	700
2993	700
2868	700
2921	700
2879	700
2855	700
2885	700
3383	700
2839	700
2863	700
2867	700
2856	700
2851	700
2829	700
2827	700
2903	700
2866	700
2983	700
2876	700
2961	700
3043	700
3287	700
3173	700
3335	700
3052	700
2857	700
3008	700
2891	700
3036	700
3367	2243
3149	2243
2994	2243
2890	2243
2953	2243
3311	2243
2864	2243
2845	2243
2924	2243
3012	2243
2993	2243
2921	2243
2868	2243
2932	2243
2962	2243
2863	2243
2851	2243
2855	2243
3057	2243
2857	2243
2843	2243
2856	2243
2885	2243
2967	2243
2903	2243
3009	2243
2891	2243
3352	2243
3023	2243
3069	2243
2866	2243
2896	2243
2865	2243
2839	2243
2827	2243
2829	2243
2841	2243
2963	2243
2877	2243
2848	2243
2960	2243
3035	2243
3058	2243
3072	2243
3026	2243
2934	2243
2895	2243
3322	2243
3032	2243
3037	2243
3003	2243
3008	2243
3480	2243
3169	2243
3036	2243
3184	81
2863	81
3063	81
2885	81
3044	81
3040	81
2865	81
3115	81
2856	81
3058	81
2891	81
2845	81
3132	81
3216	81
2926	81
3325	81
2982	187
2983	187
2868	187
2864	187
2863	187
2902	187
2932	187
2901	187
2961	187
2845	187
3036	187
2855	187
2877	187
2856	187
3158	187
2866	187
2865	187
2829	187
3034	187
2893	187
2891	187
2967	187
2843	187
2836	187
2890	187
3008	187
2900	187
2851	187
2938	187
3012	187
2867	187
3053	187
2879	187
2848	187
3032	187
3190	187
2924	187
2910	187
2858	187
2872	187
3263	187
2925	187
3026	187
2843	2329
2863	2329
2856	2329
3149	2329
2953	2329
2877	2329
2855	2329
2866	2329
2827	2329
2865	2329
2857	2329
2971	2329
2929	2329
3153	2329
3041	2329
2940	2329
2931	2329
2861	2329
3025	2329
3032	2329
3046	2329
3241	2329
3040	2329
3212	2329
2967	2329
2907	2329
3045	2329
3009	2329
2988	2329
3135	91
2856	91
2866	91
3145	91
2891	91
3012	91
2961	91
3161	91
2855	91
2863	91
2864	91
3144	91
3003	91
2904	91
2829	91
2836	91
2890	91
2843	91
3027	91
2938	91
2860	91
2906	91
3013	91
2967	91
3282	91
3051	91
3046	91
3045	91
2865	91
2877	91
2983	91
3030	91
2827	91
2911	91
2963	91
3132	91
2926	91
3015	91
3009	91
3061	91
3324	91
3323	91
2857	91
2910	91
3032	91
2908	91
2858	91
2851	91
2876	91
2936	91
2960	91
3302	91
3140	91
3031	91
2934	91
3025	91
2856	2627
3040	2627
2881	2627
2829	2627
2863	2627
2843	2627
2953	2627
2925	2627
3163	2627
2839	2627
2867	2627
2865	2627
2890	2627
2836	2627
2855	2627
2851	2627
2924	2627
3013	2627
2860	2627
2885	2627
2937	2627
2848	2627
2923	2627
3043	2627
2866	2627
2864	2627
2938	2627
3046	2627
2967	2627
3009	2627
3045	2627
2856	1
2881	1
2829	1
2953	1
2925	1
3163	1
2994	1
2865	1
2896	1
2866	1
2890	1
2836	1
2867	1
2843	1
2900	1
3008	1
2857	1
2863	1
2855	1
2885	1
2938	1
3046	1
2864	1
3075	1
2858	1
2967	1
3009	1
2860	1
3045	1
2881	69
2856	69
2829	69
2863	69
2843	69
2953	69
2925	69
3163	69
2839	69
2890	69
2904	69
3055	69
2855	69
2851	69
3013	69
2860	69
2867	69
2866	69
2877	69
3008	69
3009	69
2938	69
3045	69
3046	69
2891	69
3043	69
2885	69
2848	69
2967	69
3325	69
2882	69
3187	69
3034	69
3026	69
2881	685
2856	685
2855	685
2929	685
2866	685
2829	685
2827	685
2953	685
2853	685
2867	685
2890	685
2872	685
3212	685
3032	685
2848	685
2843	685
2836	685
2938	685
3135	685
2857	685
2908	685
2860	685
3075	685
2864	685
2983	685
2862	685
2904	685
2858	685
3036	685
2961	685
2906	685
3052	685
2885	685
3046	685
3045	685
3011	1244
2866	1244
2856	1244
2881	1244
2829	1244
2896	1244
2863	1244
2843	1244
2953	1244
2925	1244
3163	1244
2867	1244
2865	1244
2839	1244
2890	1244
3013	1244
2857	1244
2836	1244
2967	1244
2855	1244
2851	1244
2885	1244
2937	1244
2848	1244
2923	1244
2864	1244
3009	1244
3008	1244
2938	1244
2877	1244
2961	1244
3135	1806
2856	1806
2866	1806
2863	1806
2855	1806
2829	1806
2953	1806
2925	1806
3144	1806
2961	1806
2890	1806
2839	1806
2843	1806
2872	1806
2836	1806
2857	1806
2900	1806
3008	1806
3003	1806
3026	1806
3018	1806
3331	1806
2867	1806
2881	1806
2938	1806
2864	1806
2891	1806
2908	1806
2858	1806
3032	1806
3043	1806
2860	1806
2885	1806
3282	1806
3040	1806
3046	1806
3045	1806
2923	1211
3030	1211
2829	1211
2865	1211
2851	1211
2866	1211
2910	1211
2848	1211
3043	1211
2843	1211
2857	1211
2860	1211
3032	1211
3144	1211
2896	1211
3046	1211
3045	1211
2961	1211
2967	1211
3216	1211
3026	1211
3034	1211
3282	1211
2885	1211
2890	1211
2867	1211
3008	1211
2938	1211
2891	1211
2908	1211
2858	1211
2863	1211
3012	1211
3031	1211
3011	1211
3040	1211
2872	1211
2856	1211
2876	1330
3226	1330
2960	1330
3166	1330
2972	1330
2856	1330
3059	1330
2838	1330
3057	1330
2903	1330
2885	1330
2961	1330
2827	1330
2866	1330
3481	1330
2999	1330
2881	1330
3012	1330
3329	1330
2988	1330
3026	1330
3071	1330
2926	1330
2897	1330
2982	802
2856	802
2957	802
2839	802
2827	802
2959	802
2866	802
2868	802
2938	802
3067	802
3314	802
3141	802
2993	802
2894	2661
3209	2661
2995	2661
2836	2661
2839	2661
2896	2661
3017	2661
2952	2661
2957	2661
3169	2661
2857	2661
2872	2661
2856	2661
3040	2661
2858	2661
3114	2661
2940	2661
2863	2661
2843	2661
2924	2661
2993	2661
2868	2661
2827	2661
2953	2661
2879	2661
2960	2661
2881	1656
3011	1656
2856	1656
2851	1656
2866	1656
2900	1656
2879	1656
2864	1656
2967	1656
3009	1656
2839	1656
3160	1656
3260	1656
3003	1656
2863	1656
2827	1656
2843	1656
2829	1656
3064	1656
3034	1656
3172	1656
2855	1656
2848	1656
2924	1656
3012	1656
3226	1892
3166	1892
2856	1892
2863	1892
2889	1892
3272	1892
2879	1892
3012	1892
2984	1892
2839	1892
2862	1892
2948	1892
2848	1892
2960	1892
2993	1892
2827	1892
3149	1892
3358	1892
2949	1892
2963	1892
2896	1892
2992	1892
3482	1892
3071	1892
3007	1892
3085	1892
2915	1892
3185	1892
3256	1892
2888	1892
3232	1892
2853	1892
3084	1892
2918	1892
2925	1892
3107	1892
3017	1892
2953	1892
2855	1892
2829	1892
2857	1892
2959	1892
3483	1892
3359	1892
2877	1892
2890	1892
2876	1892
3206	1892
3263	1892
3051	1892
3160	1892
3260	1892
2865	1892
3453	1892
2836	1892
2924	1892
2964	1892
2994	1892
2923	1892
2864	1892
2868	1892
2860	1892
2892	1892
2891	1892
3032	1892
3484	1892
3485	1892
3486	1892
3040	1892
3026	1892
3058	1892
2881	1892
3034	1892
2982	1892
2957	1892
2851	1892
3487	1892
3304	1892
3488	1892
3489	1892
3214	1892
2982	2407
2863	2407
2856	2407
2843	2407
3003	2407
2959	2407
2839	2407
2961	2407
2868	2407
2983	2407
2879	2407
2841	2407
3008	2407
3063	2407
2998	2407
2995	1018
3209	1018
2957	1018
2952	1018
2879	1018
2839	1018
2836	1018
2896	1018
2953	1018
2827	1018
2868	1018
2924	1018
2993	1018
2940	1018
2889	1018
2894	1018
3114	1018
2960	1018
2857	1018
3017	1018
3169	1018
3040	1018
2856	1018
2858	1018
2872	1018
3128	1018
3130	1018
2938	1018
2829	1018
3066	1018
2864	1018
3022	1018
3069	31
2961	31
2843	31
2860	31
2856	31
3041	31
2863	31
2953	31
2885	31
2855	31
2876	31
2960	31
2865	31
2829	31
2839	31
2957	31
2903	31
3067	31
2866	31
2848	31
3057	31
2951	31
2959	31
3181	31
2972	31
3059	31
2994	31
2868	31
2880	31
2923	31
2894	31
2881	31
2971	31
2924	31
2857	31
2851	31
3166	31
3023	31
2827	31
2890	31
2904	31
2864	31
2867	31
2879	31
2949	31
2900	31
3032	31
3145	31
2896	31
2892	31
2841	31
2910	31
3042	31
2882	31
3205	31
2888	31
3483	31
3158	31
3174	31
2950	31
2938	31
2948	31
3160	31
3260	31
3027	31
3266	31
2970	31
3243	31
3048	31
2889	31
2956	31
3026	31
2891	31
3169	31
3035	31
2934	31
2895	31
3055	31
3037	31
3180	31
2906	31
3267	31
3036	677
2907	677
2848	677
3046	677
3045	677
2856	677
2923	677
3158	677
2924	677
2851	677
3032	677
2960	677
3145	677
2866	677
3031	677
2963	677
2967	677
2885	677
3199	677
3034	677
3191	677
3008	677
3153	677
3064	677
2921	677
3241	677
2872	677
2891	677
2856	124
2866	124
3011	124
2881	124
2843	124
3145	124
2961	124
2863	124
3153	124
3037	124
2890	124
2857	124
3003	124
2845	124
3008	124
2854	124
3064	124
3032	124
3242	124
2879	124
2903	124
3034	124
2827	124
2867	124
3053	124
2851	124
2900	124
2983	124
2864	124
2938	124
2910	124
3045	124
3030	124
2858	124
3198	124
2848	124
2855	124
2967	124
2860	124
3035	124
2965	124
2924	124
3043	124
3046	124
2866	1849
2856	1849
2881	1849
3011	1849
2843	1849
3145	1849
2863	1849
2961	1849
3032	1849
3153	1849
3037	1849
3008	1849
2845	1849
3003	1849
2857	1849
2890	1849
2854	1849
3064	1849
3242	1849
2855	1849
2864	1849
2877	1849
2867	1849
2848	1849
2860	1849
3132	1849
2971	1849
2983	1849
2910	1849
2924	1849
2923	1849
2872	1849
2938	1849
3045	1849
3035	1849
3288	1849
3046	1849
3009	2464
2866	2464
3032	2464
2961	2464
2867	2464
2983	2464
2881	2464
2879	2464
2864	2464
2843	2464
2856	2464
2938	2464
2855	2464
2863	2464
2869	2464
2860	2464
2921	2464
2854	2464
2910	2464
2903	2464
3034	2464
2848	2464
3053	2464
3008	2464
2967	2464
3242	2464
3064	2464
3046	2464
3045	2464
3153	2464
3011	2464
3037	2464
2857	2464
3003	2464
2845	2464
3145	2464
2890	2464
3032	2701
2848	2701
2867	2701
2856	2701
2924	2701
2961	2701
2857	2701
2863	2701
2854	2701
2855	2701
2879	2701
2864	2701
2890	2701
2866	2701
2843	2701
3139	2701
3153	2701
2881	2701
3011	2701
2983	2701
2851	2701
3145	2701
3037	2701
3242	2701
3064	2701
3008	2701
3003	2701
2845	2701
3490	2701
3037	2508
2857	2508
2856	2508
3003	2508
2845	2508
3008	2508
3153	2508
2863	2508
2881	2508
3011	2508
2843	2508
2866	2508
2867	2508
2854	2508
2879	2508
2890	2508
2961	2508
2877	2508
2903	2508
2851	2508
2860	2508
2904	2508
2858	2508
2827	2508
3053	2508
2921	2508
2983	2508
2864	2508
3046	2508
3145	2508
3064	2508
3242	2508
3045	2508
2926	2508
2882	2508
2906	2508
2983	1456
2881	1456
2879	1456
2864	1456
2867	1456
2856	1456
3032	1456
2961	1456
3043	1456
2860	1456
2921	1456
2843	1456
2857	1456
3242	1456
2904	1456
2869	1456
2855	1456
2910	1456
3064	1456
2967	1456
3008	1456
2866	1456
3034	1456
2903	1456
3153	1456
2906	1456
2882	1456
3007	1456
3011	1456
2863	1456
2854	1456
2890	1456
3037	1456
3003	1456
2845	1456
3145	1456
2856	1718
2866	1718
3158	1718
2863	1718
3036	1718
2877	1718
2855	1718
2890	1718
2836	1718
2872	1718
2961	1718
2843	1718
2867	1718
2829	1718
3030	1718
3053	1718
2983	1718
3153	1718
2920	1718
2922	1718
3242	1718
3043	1718
2860	1718
3046	1718
3145	1718
3045	1718
2848	1718
3017	1718
3032	1718
3008	1718
2910	1718
3262	1718
2851	1718
2907	1718
2864	1718
2938	1718
2827	1718
2854	1718
2903	1718
3035	1718
2845	1718
3011	1718
3029	1718
2967	1718
3307	1718
3009	1718
2857	1718
3022	1718
2881	1718
3004	1718
3003	1718
2879	1718
2994	746
2957	746
2863	746
3012	746
3166	746
2952	746
3017	746
2851	746
2903	746
2954	746
2829	746
2872	746
2866	746
2924	746
2938	746
2857	746
2848	746
3032	746
3036	746
3034	746
2877	746
2856	746
2907	746
3158	746
3174	746
2896	746
2831	746
2839	746
3160	746
3260	746
2827	746
3029	746
3394	746
3395	746
2879	746
2881	746
2953	746
3105	746
3491	746
3283	746
2891	746
3203	746
2960	746
2860	746
2855	746
2865	746
3132	746
2864	746
2937	746
2885	746
2856	936
3011	936
2866	936
2827	936
2948	936
2855	936
2851	936
2903	936
2890	936
2877	936
2843	936
2836	936
3030	936
2829	936
3034	936
2953	936
2885	936
3072	936
3145	936
2860	936
2848	936
2900	936
2867	936
2910	936
2961	936
3158	936
2908	936
2938	936
2857	936
3032	936
3045	936
2869	936
2971	936
3046	936
2845	936
2983	936
2864	936
2856	1935
2866	1935
3011	1935
2827	1935
2948	1935
2855	1935
2851	1935
2903	1935
2890	1935
2877	1935
2843	1935
2836	1935
3030	1935
2829	1935
2953	1935
2860	1935
2900	1935
3032	1935
3064	1935
3145	1935
2924	1935
2885	1935
3008	1935
3034	1935
2867	1935
2983	1935
2864	1935
2938	1935
2933	1935
3037	1935
2967	1935
2910	1935
2848	1935
2971	1935
3045	1935
2960	1935
2961	1935
2863	1935
2881	1935
2895	1935
2863	1839
2855	1839
2881	1839
2839	1839
2827	1839
2843	1839
2867	1839
2877	1839
2829	1839
3045	1839
3046	1839
2858	1839
2866	1839
2856	1839
2890	1839
3003	1839
3030	1839
3053	1839
2983	1839
2900	1839
3135	1839
2851	1839
2904	1839
3008	1839
3158	1839
2961	1839
2860	1839
2857	1839
3032	1839
2848	1839
3190	1839
2906	1839
3145	1839
2971	1839
2938	1839
3011	1839
2920	1839
2922	1839
2924	1839
3242	1839
2903	1839
2866	1316
3011	1316
2863	1316
2877	1316
3043	1316
2961	1316
2836	1316
2890	1316
2865	1316
3030	1316
2856	1316
2827	1316
2855	1316
3149	1316
3145	1316
2843	1316
2851	1316
2948	1316
2938	1316
3022	1316
2867	1316
2829	1316
2848	1316
2903	1316
3144	1316
3017	1316
2857	1316
3032	1316
2953	1316
2925	1316
3057	1316
2971	1316
3046	1316
2860	1316
3045	1316
3158	1316
3008	1316
3036	1316
3026	1316
2885	1316
3011	2391
2866	2391
2877	2391
2857	2391
3057	2391
2827	2391
2865	2391
2829	2391
2963	2391
2843	2391
2890	2391
2998	2391
2855	2391
2925	2391
2953	2391
2851	2391
2856	2391
2920	2391
2922	2391
2841	2391
2938	2391
3037	2391
3158	2391
2967	2391
2900	2391
2895	2391
2903	2391
2836	2391
2867	2391
2863	2391
3043	2391
2921	2391
2961	2391
2885	2391
3034	2391
3216	2391
3046	2391
3045	2391
3075	2391
3032	2391
2860	2391
3013	2391
2879	2391
2864	2391
2983	2391
2858	2391
2866	2417
3011	2417
2877	2417
2857	2417
2851	2417
3149	2417
3057	2417
2856	2417
3030	2417
2827	2417
2829	2417
2865	2417
2953	2417
3013	2417
2848	2417
2843	2417
2994	2417
2925	2417
2841	2417
2920	2417
2922	2417
2885	2417
3008	2417
2897	2417
2900	2417
2895	2417
2903	2417
2836	2417
2890	2417
2867	2417
2863	2417
2855	2417
2860	2417
2864	2417
2907	2417
2961	2417
2921	2417
3043	2417
3045	2417
3032	2417
2924	2417
3046	2417
2938	2417
3369	2417
2866	2695
3011	2695
2903	2695
2848	2695
2896	2695
2857	2695
2829	2695
3057	2695
2954	2695
2953	2695
2855	2695
2856	2695
2843	2695
2827	2695
2841	2695
2961	2695
2863	2695
2900	2695
2895	2695
2836	2695
2867	2695
2890	2695
3075	2695
2858	2695
2877	2695
3158	2695
2983	2695
2864	2695
2971	2695
2860	2695
3032	2695
2924	2695
3013	2695
2897	2695
2925	2695
3043	2695
3046	2695
3045	2695
3034	2695
3036	2695
2922	2695
2920	2695
2866	1447
3011	1447
2863	1447
2865	1447
2855	1447
2829	1447
2896	1447
3057	1447
2953	1447
2827	1447
2890	1447
2843	1447
2994	1447
2856	1447
3013	1447
2841	1447
2920	1447
2922	1447
2900	1447
2895	1447
2903	1447
2836	1447
2867	1447
2848	1447
2897	1447
2860	1447
2857	1447
3032	1447
3045	1447
2864	1447
2938	1447
3043	1447
2925	1447
3046	1447
2983	1447
3369	1447
3158	1447
2885	1447
3037	1447
3011	1241
2866	1241
2863	1241
2839	1241
3057	1241
2890	1241
2856	1241
2998	1241
2848	1241
2855	1241
3003	1241
2829	1241
2953	1241
3030	1241
2938	1241
2841	1241
2922	1241
3158	1241
2827	1241
2836	1241
2920	1241
2860	1241
3342	1241
2928	1241
2925	1241
2867	1241
2843	1241
3032	1241
2900	1241
2885	1241
3045	1241
3043	1241
2851	1241
2921	1241
2857	1241
3034	1241
3216	1241
3009	1241
2907	1241
3075	1241
2864	1241
3046	1241
2904	1241
3055	1241
3008	1241
2983	1241
2924	1241
2856	798
2863	798
2961	798
2839	798
3057	798
2829	798
2953	798
2890	798
3149	798
3013	798
2866	798
2827	798
2903	798
2867	798
2857	798
2904	798
2906	798
2938	798
3011	798
2865	798
2925	798
2900	798
2895	798
2836	798
2843	798
3030	798
3008	798
2855	798
2908	798
3032	798
2851	798
3043	798
2971	798
2864	798
2860	798
2858	798
3135	798
3036	798
3369	798
3045	798
3046	798
2866	1086
2877	1086
2851	1086
3030	1086
3057	1086
2865	1086
2829	1086
2827	1086
2843	1086
2856	1086
2848	1086
2890	1086
2953	1086
2904	1086
3055	1086
2920	1086
2922	1086
2895	1086
2900	1086
2903	1086
2836	1086
2855	1086
2863	1086
2921	1086
2961	1086
3011	1086
3045	1086
2857	1086
3035	1086
3032	1086
2902	1086
2901	1086
3012	1086
2967	1086
2947	1086
3046	1086
2971	1086
2908	1086
2872	1086
2938	1086
2860	1086
3145	1086
3022	1086
2864	1086
3008	1086
3171	1086
2983	1086
3068	1086
3014	1086
2863	2327
2866	2327
3011	2327
2851	2327
2836	2327
3030	2327
2855	2327
3017	2327
3003	2327
2856	2327
2867	2327
2865	2327
2827	2327
2920	2327
2864	2327
2922	2327
2910	2327
2890	2327
2843	2327
3158	2327
3008	2327
2907	2327
2877	2327
2885	2327
3034	2327
3043	2327
2860	2327
2857	2327
3046	2327
2897	2327
3045	2327
2900	2327
2879	2327
2938	2327
2998	2327
3009	2327
3216	2327
2866	2047
3011	2047
2863	2047
2896	2047
3057	2047
2865	2047
2890	2047
2827	2047
2994	2047
2829	2047
3034	2047
2843	2047
2841	2047
2953	2047
2925	2047
2963	2047
2967	2047
3061	2047
2864	2047
3022	2047
3216	2047
2938	2047
2920	2047
2922	2047
2860	2047
3013	2047
2897	2047
3069	2047
2867	2047
2900	2047
2856	2047
2895	2047
2903	2047
2836	2047
2877	2047
2851	2047
3135	2047
2908	2047
2855	2047
2983	2047
2921	2047
2907	2047
2848	2047
2857	2047
3046	2047
3045	2047
3052	2047
2881	2047
3062	2047
2866	1245
3011	1245
2848	1245
2903	1245
2896	1245
2857	1245
2829	1245
2855	1245
2856	1245
2864	1245
3013	1245
3369	1245
3057	1245
2890	1245
3003	1245
2953	1245
2925	1245
2851	1245
2843	1245
2904	1245
2922	1245
2906	1245
2920	1245
2860	1245
2877	1245
2867	1245
2836	1245
3030	1245
2865	1245
2961	1245
3055	1245
2839	1245
2863	1245
2924	1245
2938	1245
2921	1245
2908	1245
3045	1245
3046	1245
3317	1245
3052	1245
3043	1245
3131	1245
2866	415
3011	415
2848	415
2903	415
2896	415
2857	415
2829	415
2961	415
2856	415
2863	415
2855	415
2851	415
2953	415
2865	415
3149	415
2867	415
2967	415
2925	415
2890	415
2843	415
2921	415
2836	415
2900	415
2879	415
2877	415
2864	415
2858	415
2908	415
2971	415
2910	415
2882	415
3037	415
2862	415
3012	415
3008	415
2839	415
2827	415
2938	415
2860	415
2872	415
3032	415
2924	415
3011	897
2866	897
2863	897
2855	897
2851	897
2856	897
2896	897
2865	897
3057	897
3149	897
3013	897
2843	897
2953	897
2994	897
2829	897
2827	897
2841	897
2920	897
2922	897
2938	897
2900	897
2895	897
2903	897
2836	897
2867	897
2890	897
3043	897
2924	897
2921	897
3022	897
3032	897
2910	897
3045	897
2897	897
2925	897
2860	897
2879	897
3075	897
3046	897
2908	897
2983	897
2864	897
3369	897
3166	1306
2952	1306
2924	1306
3012	1306
2957	1306
2863	1306
2855	1306
2994	1306
2839	1306
2848	1306
2856	1306
2851	1306
2836	1306
2857	1306
2938	1306
3158	1306
2891	1306
2866	1306
3032	1306
3174	1306
2937	1306
2896	1306
3190	1306
2831	1306
2903	1306
2827	1306
3394	1306
3395	1306
2921	1306
3160	1306
3260	1306
2865	1306
3008	1306
3036	1306
3034	1306
2877	1306
3341	1306
3295	1306
3203	1306
3040	1306
2881	1306
2953	1306
2872	1306
3283	1306
3105	1306
3491	1306
2860	1306
2885	1306
2967	1306
2962	1306
2843	1306
2879	1306
3017	1306
2868	1306
3051	1306
2998	1306
2960	1306
3011	1306
2855	1439
2881	400
2863	400
2851	400
2957	400
2953	400
2872	400
2866	400
2856	400
3032	400
2994	400
2855	400
2971	400
2972	400
3174	400
2858	400
2848	400
3262	400
2843	400
3158	400
2891	400
3149	400
2885	400
2961	400
2900	400
2864	400
3034	400
3153	400
2865	400
3483	400
2934	400
3216	400
3026	400
2895	400
3314	400
3317	400
2879	400
3141	400
2998	400
3133	400
3283	400
3105	400
3491	400
3211	400
3210	400
3051	400
2855	366
2848	366
2865	366
2896	366
2827	366
2866	366
2856	366
2960	366
2864	366
2924	366
2963	366
2829	366
2933	366
3207	366
2967	366
3492	366
2938	1054
2867	1054
2855	1054
2864	1054
2983	1054
2860	1054
3011	1054
2932	1054
2866	1054
2856	1054
2863	1054
2881	1054
2890	1054
2836	1054
3003	1054
2845	1054
2857	1054
2851	1054
2839	1054
2903	1054
3153	1054
2891	1054
2896	1054
2858	1054
3008	1054
3045	1054
3037	1054
3053	1054
2907	1054
2848	1054
3032	1054
2910	1054
3046	1054
2972	638
2892	638
2876	638
2881	638
2960	638
2855	638
2961	638
2829	638
3174	638
2865	638
2856	638
2895	638
3017	638
2957	638
2900	638
2839	638
2845	638
3158	638
2904	638
3055	638
2848	638
3131	638
2860	638
2920	638
2922	638
3262	638
3141	638
3032	638
2903	638
2885	638
2866	638
2956	638
2891	638
3036	638
3160	638
3260	638
2863	638
2868	638
3205	638
2836	638
3030	638
3187	638
2827	638
3145	638
2897	638
2864	638
2998	638
3130	638
2851	638
2879	638
3132	638
2907	638
2993	638
2924	638
3321	638
2872	638
3146	638
3042	638
3153	638
3013	638
3074	638
3045	638
3046	638
3179	638
3008	638
2934	638
3143	638
3034	638
3210	638
3211	638
3283	638
3107	638
2829	945
2967	945
3207	945
2855	945
2856	945
2848	945
2866	945
2865	945
2896	945
2827	945
2960	945
2864	945
2924	945
2963	945
2933	945
3215	542
3197	542
2881	320
2877	320
2855	320
2865	320
2848	320
2866	320
2836	320
2890	320
2856	320
2863	320
3006	320
3008	320
2900	320
2867	320
2958	320
2851	320
2864	320
2891	320
2879	320
2908	320
2921	320
2961	320
2938	320
2857	320
3037	320
2901	320
3032	320
2843	320
2948	320
2903	320
2834	320
2885	320
3026	320
3031	320
2967	320
2934	320
3282	320
3307	320
3158	320
2863	2732
2856	2732
3011	2732
2866	2732
2983	2732
2961	2732
2855	2732
3058	2732
2865	2732
3037	2732
3003	2732
2845	2732
3008	2732
2843	2732
2827	2732
2867	2732
3053	2732
3043	2732
2848	2732
3032	2732
2851	2732
2860	2732
2885	2732
3007	2732
2877	2732
3153	2732
2903	2732
2854	2732
3044	2732
2864	2732
3030	2732
2932	2732
2881	2732
2900	2732
3075	2732
2858	2732
3036	2732
2938	2732
2863	1432
2856	1432
3011	1432
2866	1432
2961	1432
2855	1432
3158	1432
3058	1432
3030	1432
2865	1432
2962	1432
2857	1432
3037	1432
2827	1432
3003	1432
2845	1432
3008	1432
2867	1432
3053	1432
2848	1432
3043	1432
3032	1432
2851	1432
2860	1432
3242	1432
2885	1432
3007	1432
2877	1432
2843	1432
2836	1432
2921	1432
2879	1432
2922	1432
2920	1432
3046	1432
3045	1432
3188	1432
2971	1432
3017	1432
2924	1432
2864	1432
2983	1432
2856	1584
2863	1584
2866	1584
3011	1584
2961	1584
3158	1584
3058	1584
2865	1584
2857	1584
3037	1584
3003	1584
2845	1584
3008	1584
2827	1584
2867	1584
3053	1584
2848	1584
3043	1584
3032	1584
2851	1584
2860	1584
3007	1584
2885	1584
2877	1584
2967	1584
2895	1584
2843	1584
2903	1584
3145	1584
3030	1584
3153	1584
2983	1584
2864	1584
2854	1584
2863	1284
2856	1284
3375	1284
2866	1284
2903	1284
2864	1284
2961	1284
2855	1284
3037	1284
2827	1284
2843	1284
3003	1284
3008	1284
2845	1284
2897	1284
2854	1284
2971	1284
3064	1284
3242	1284
2867	1284
2865	1284
3053	1284
2848	1284
3043	1284
3032	1284
2851	1284
2860	1284
3007	1284
2877	1284
2967	1284
2895	1284
3153	1284
3145	1284
3030	1284
2857	1284
2885	1284
2866	1404
3367	1404
3392	2475
2827	2475
2954	2475
2839	2475
2829	2475
3291	2475
2959	2475
3012	2475
2924	2475
2933	2475
2855	2475
2856	2475
2864	2475
2972	2475
2866	2475
2993	2475
2999	2475
3481	2475
2948	2475
2957	2475
2953	2475
2903	2475
2919	2475
2982	2475
3493	2475
3317	2475
3334	2475
2936	2475
2846	2475
3066	2475
3026	2475
3031	2475
3023	2475
2998	2475
2851	2475
2843	2475
2848	2475
2989	2475
2961	2475
2881	2475
3366	2475
3166	2475
3079	2475
3092	2475
2925	2475
3383	2475
3173	2475
2831	2475
2861	2475
3059	2475
2891	2475
2938	2475
2866	1799
2856	1799
2855	1799
2961	1799
2843	1799
2829	1799
3145	1799
3158	1799
2854	1799
2956	1799
2963	1799
2867	1799
2839	1799
3153	1799
2851	1799
2860	1799
2900	1799
3009	1799
2932	1799
3008	1799
2890	1799
2877	1799
2863	1799
3075	1799
2920	1799
2922	1799
2983	1799
2858	1799
2924	1799
2891	1799
2938	1799
2958	1799
3045	1799
3046	1799
3242	1799
2843	1801
3051	1801
2863	1801
2851	1801
2856	1801
2872	1801
3043	1801
3145	1801
2848	1801
2963	1801
3053	1801
2890	1801
2961	1801
3032	1801
2904	1801
2857	1801
2867	1801
2877	1801
2866	1801
2829	1801
2895	1801
2827	1801
3036	1801
2902	1801
2938	1801
2958	1801
2906	1801
3153	1801
3242	1801
2868	1801
3003	1801
3158	1801
2836	1801
2865	1801
2903	1801
2858	1801
2855	1801
2983	1801
2924	1801
3035	1801
2891	1801
2921	1801
3241	1801
2960	1801
2876	1801
3046	1801
3045	1801
2967	1801
3026	1801
2829	905
2827	905
2881	905
2865	905
2994	905
2903	905
2856	905
2961	905
2866	905
2836	905
2855	905
2851	905
3008	905
2900	905
2890	905
2867	905
2877	905
2863	905
3075	905
2983	905
2864	905
2860	905
2843	905
3046	905
3032	905
2910	905
3045	905
2855	1012
2863	1012
2843	1012
2839	1012
2921	1012
2961	1012
2856	1012
2866	1012
3158	1012
2896	1012
2836	1012
2865	1012
2890	1012
2900	1012
3008	1012
2867	1012
3043	1012
2877	1012
2983	1012
2864	1012
2907	1012
3045	1012
3046	1012
2958	1012
2848	1012
2908	1012
3011	1012
2960	1012
2857	1012
2938	1012
3032	1012
2851	1012
2923	1012
2827	1012
2998	1177
2851	1177
2839	1177
2855	1177
3158	1177
2827	1177
3145	1177
2843	1177
2856	1177
3003	1177
2961	1177
2863	1177
2877	1177
2890	1177
2836	1177
2867	1177
2865	1177
2983	1177
2864	1177
2896	1177
2908	1177
2829	1177
2848	1177
2866	1177
2948	1177
3045	1177
2903	1177
2963	1177
3053	1177
2857	1177
2967	1177
2860	1177
3032	1177
3046	1177
2938	1177
2910	1177
3241	1177
2900	1177
2921	1177
3008	1177
3026	1177
3183	1177
3009	1177
2981	1748
3003	2124
2863	2124
2994	2124
2841	2124
2851	2124
3188	2124
2857	2124
2856	2124
2843	2124
2860	2124
2938	2124
2891	2124
2882	2124
3036	2124
2872	2124
2961	2124
2895	2124
2855	2124
3032	2124
3214	2124
3135	2124
2900	2124
2890	2124
3064	2124
3190	2124
2866	2124
2998	2124
3067	1877
2855	1877
2856	1877
2864	1877
2894	1877
3177	1877
3092	1877
2836	1877
3072	1877
3086	1877
3027	1877
3198	1877
2872	1877
3032	1877
2863	1877
2901	1877
2902	1877
2860	1877
3269	1877
2889	1877
2938	1877
2967	1877
3308	1877
2961	1877
2843	1877
3321	1877
2956	1877
2865	1877
2841	1877
3012	1877
3009	1877
2926	1877
2925	1877
2857	1877
2866	1877
2829	1877
3035	1877
3190	1877
3179	1877
3061	1877
2903	1877
3025	1877
2900	1877
2932	1877
3160	1877
3260	1877
2851	1877
3059	2592
2904	2592
3055	2592
3012	2592
2960	2592
2876	2592
2848	2592
2864	2592
2868	2592
2956	2592
2827	2592
2963	2592
2856	2592
3043	2592
2866	2592
2921	2592
3161	2592
3316	2592
3493	2592
3375	2592
2881	2173
2855	2173
3043	2173
2851	2173
2866	2173
2843	2173
2856	2173
2829	2173
2839	2173
2836	2173
3003	2173
2857	2173
2845	2173
3008	2173
2827	2173
2863	2173
2867	2173
2877	2173
2865	2173
3053	2173
2903	2173
3030	2173
3052	2173
2848	2173
2960	2173
2921	2173
3032	2173
3045	2173
2864	2173
2879	2173
2983	2173
2924	2173
2967	2173
3046	2173
3171	2173
3011	2173
3003	2018
2863	2018
2865	2018
2954	2018
2900	2018
2994	2018
2856	2018
2843	2018
3032	2018
2891	2018
2918	2018
2889	2018
2961	2018
2855	2018
3476	2018
2927	2018
3132	2018
2860	2018
3216	2018
2827	2018
2841	2018
3190	2018
3046	2018
3045	2018
2938	2018
2981	2018
3198	2018
3494	2018
2929	2018
2881	2018
3214	2018
2862	2018
2895	2018
2851	2018
2848	2018
2857	2018
2881	1216
3145	1216
2863	1216
2855	1216
2856	1216
2829	1216
2890	1216
2836	1216
2839	1216
2921	1216
3153	1216
2843	1216
2956	1216
3035	1216
2877	1216
3053	1216
2867	1216
3075	1216
2900	1216
3052	1216
2827	1216
2924	1216
3008	1216
2961	1216
3046	1216
3043	1216
2864	1216
3242	1216
3169	1216
3032	1216
2860	1216
2858	1216
3045	1216
3022	1216
3189	1216
2932	1216
3034	1216
2897	1216
2862	754
3149	754
2851	754
2843	754
2841	754
2961	754
2855	754
2863	754
3153	754
2890	754
3191	754
2848	754
3173	754
2846	754
2882	754
2892	754
2864	754
3495	754
2908	754
2856	754
3003	754
2867	754
2839	754
2860	754
3046	754
3045	754
2891	754
2967	754
2934	754
3051	754
2877	2700
2863	2700
2961	2700
3040	2700
2856	2700
2881	2700
2866	2700
2843	2700
2904	2700
2906	2700
2829	2700
3191	2700
2867	2700
2920	2700
2922	2700
3046	2700
3045	2700
2857	2700
2827	2700
2860	2700
2851	2700
3032	2700
2938	2700
3008	2700
3031	2700
2848	2700
2836	2700
2983	2700
2864	2700
2900	2700
2855	2700
3158	2700
2885	2700
2910	2700
3043	2700
2858	2700
3072	2700
2971	2700
2872	2700
3063	2700
2960	2700
2929	2700
2930	2700
2846	2700
3012	2700
3131	2700
2903	2700
2926	2700
2891	2700
2908	2700
3496	2700
2967	2700
2962	2700
3140	2700
3059	2700
2892	2700
2876	2700
2972	2700
2879	2700
2924	2700
2845	2700
2921	2700
3055	2700
3036	2700
3018	2700
2953	1533
2889	1533
2863	1533
2890	1533
2856	1533
2836	1533
2865	1533
2866	1533
2998	1533
2857	1533
2843	1533
2827	1533
2904	1533
3055	1533
2855	1533
2872	1533
3008	1533
3003	1533
2829	1533
2867	1533
3053	1533
2903	1533
3158	1533
3030	1533
2961	1533
2877	1533
3075	1533
2938	1533
2864	1533
2958	1533
3046	1533
3045	1533
2983	1533
2924	1533
2860	1533
2891	1533
2900	1533
3153	1533
2848	1533
3032	1533
2908	1533
2851	1533
2910	1533
3113	1533
3081	1533
2914	1533
2885	1533
3022	1533
2932	1533
3035	1533
3011	1533
3497	1533
2881	2642
2863	2642
2851	2642
2855	2642
3009	2642
2845	2642
2856	2642
2885	2642
2848	2642
2836	2642
3003	2642
2857	2642
3008	2642
2839	2642
2903	2642
3032	2642
2866	2642
2843	2642
2956	2642
2827	2642
3035	2642
2890	2642
2877	2642
2867	2642
3053	2642
2838	2642
2900	2642
2829	2642
2891	2642
3011	2642
2921	2642
3344	1346
2863	1346
2876	1346
2877	1346
3206	1346
2957	1346
2836	1346
3032	1346
2866	1346
2891	1346
2864	1346
2960	1346
3153	1346
2829	1346
2885	1346
2993	1346
2881	1346
2827	1346
3174	1346
3167	1346
2855	1346
2856	1346
2848	1346
2857	1346
2895	1346
3043	1346
2949	1346
2860	1346
2961	1346
2843	1346
2959	1346
2851	1346
2903	1346
2839	1346
2879	1346
2924	1346
3035	1346
3034	1346
2938	1346
2896	1346
3074	1346
2904	1346
3055	1346
2868	1346
2872	1346
2863	1041
2843	1041
2872	1041
2848	1041
3153	1041
2855	1041
2836	1041
3008	1041
2857	1041
3003	1041
2856	1041
2841	1041
2938	1041
2867	1041
2877	1041
2890	1041
2864	1041
2900	1041
2851	1041
2983	1041
3022	1041
2921	1041
2961	1041
2866	1041
3032	1041
2910	1041
2879	1041
2885	1041
2967	1041
2845	1041
2860	1041
3045	1041
3046	1041
3009	1041
2839	1041
2863	1412
2856	1412
2848	1412
2851	1412
2960	1412
2843	1412
2866	1412
2971	1412
3032	1412
2959	1412
2827	1412
2953	1412
3177	1412
2872	1412
2918	1412
3040	1412
2864	1412
3092	1412
2865	1412
2948	1412
2855	1412
2829	1412
3262	1412
2896	1412
2860	1412
2836	1412
3288	1412
2924	1412
2938	1412
2858	1412
3072	1412
2910	1412
2961	1412
2845	1412
3045	1412
3046	1412
3231	1412
3198	1412
2963	1412
2925	1412
2882	1412
2891	1412
2971	1442
2843	1442
2841	1442
3003	1442
2856	1442
2863	1442
3153	1442
2851	1442
2994	1442
2891	1442
2848	1442
2961	1442
2890	1442
2855	1442
2882	1442
3149	1442
2881	1442
2836	1442
2981	1442
2865	1442
2866	1442
2900	1442
2860	1442
2881	451
2863	451
2839	451
2856	451
2903	451
2843	451
2827	451
2836	451
2829	451
2953	451
2845	451
3008	451
3003	451
2857	451
2925	451
2961	451
2890	451
2895	451
2867	451
2841	451
2956	451
2848	451
2921	451
2938	451
3032	451
2924	451
2937	451
2879	451
3022	451
3050	451
2864	451
2851	451
2866	451
2983	451
3046	451
2877	451
2860	451
2855	451
2858	451
3043	451
3012	451
2891	451
3212	487
2876	487
2929	487
2867	487
2856	487
2846	487
2843	487
2841	487
3003	487
2836	487
2863	487
3063	487
3008	487
2998	487
2900	487
3333	487
2827	487
2860	487
2890	487
3360	487
2932	487
3048	487
2912	487
2857	487
2862	487
2911	487
2927	487
3046	487
3045	487
2865	487
3030	487
2908	487
2938	487
3217	487
3132	487
3319	487
3037	487
3143	487
3329	487
3105	487
3186	487
2988	487
3086	487
2855	487
3156	487
3234	1808
2868	1808
2864	1808
3166	1808
3012	1808
2862	1808
2846	1808
2954	1808
2856	1808
3199	1808
3200	1808
3498	1808
2851	1808
2855	1808
2885	1808
2843	1808
2890	1808
2893	1808
2961	1808
2960	1808
2863	1808
2897	1808
2876	1808
2971	1808
2948	1808
2901	1808
2902	1808
3167	1808
2827	1808
2891	1808
2845	1808
2838	1808
3032	1808
3008	1808
3354	1808
2829	1808
2919	1808
2895	134
2856	134
2938	134
2863	134
2855	134
3032	134
2851	134
2866	134
2839	134
2843	134
3003	134
2836	134
2845	134
3008	134
2857	134
2829	134
2890	134
2867	134
2881	134
2983	134
2864	134
2879	134
2877	134
2910	134
3009	134
3043	134
2921	134
2961	134
3046	134
2924	134
3045	134
3011	134
2843	1200
2863	1200
2856	1200
2948	1200
2890	1200
2961	1200
2903	1200
2954	1200
2848	1200
2923	1200
2839	1200
2855	1200
2877	1200
3030	1200
2865	1200
2857	1200
3003	1200
3008	1200
2938	1200
2881	1200
2867	1200
3012	1200
2866	1200
2860	1200
2851	1200
2864	1200
2908	1200
2921	1200
2885	1200
3045	1200
2910	1200
3046	1200
3032	1200
2922	1200
2902	1200
3011	1200
3158	1200
2892	1200
2879	1200
2901	1200
2920	1200
3191	1200
2855	812
3153	812
2881	812
3012	812
2843	812
3003	812
2863	812
2856	812
2836	812
2890	812
2829	812
2900	812
2895	812
3008	812
2867	812
2958	812
2994	812
2866	812
2858	812
2924	812
2938	812
2961	812
2848	812
2857	812
3032	812
3046	812
3236	812
3045	812
3026	812
2877	812
2863	690
2855	690
2843	690
3012	690
2900	690
2938	690
3043	690
2961	690
3153	690
2856	690
3003	690
2829	690
2827	690
2836	690
3008	690
2890	690
2867	690
2877	690
2958	690
2864	690
2924	690
2891	690
2858	690
2866	690
2839	690
2857	690
2998	690
2908	690
2903	690
3030	690
3241	690
3075	690
2851	690
3145	690
3045	690
3046	690
2910	690
2879	690
2977	1668
2951	1668
3234	1668
3051	1668
3161	1668
2843	1668
2863	1668
3302	1668
3499	1668
3152	1668
2901	1668
2848	1668
3166	1668
3012	1668
3068	1668
2902	1668
2972	1668
2952	1668
2957	1668
2960	1668
3032	1668
2989	1668
2851	1668
2920	1668
2922	1668
2876	1668
2879	1668
2855	1668
2868	1668
2880	1668
3042	1668
2921	1668
2856	1668
2908	1668
2885	1668
2993	1668
3006	1668
3005	1668
2891	1668
2866	62
2855	62
2856	62
2863	62
3043	62
2851	62
2864	62
2829	62
2877	62
2836	62
2827	62
2867	62
3064	62
2906	62
2904	62
2857	62
2938	62
2958	62
2961	62
3241	62
2903	62
2895	62
2843	62
3158	62
2900	62
3030	62
2845	62
2848	62
2983	62
2924	62
2891	62
3046	62
3045	62
2858	62
2860	62
3032	62
3186	62
3062	62
2925	62
3145	62
3242	62
3252	62
3004	62
3500	62
2855	819
2856	819
2843	819
2881	819
2863	819
3153	819
2866	819
2953	819
2938	819
2839	819
2889	819
3049	819
3263	819
2853	819
3007	819
2851	819
2836	819
3008	819
2857	819
3003	819
2961	819
2890	819
2867	819
2877	819
2860	819
2983	819
2864	819
2879	819
2900	819
2958	819
2908	819
3046	819
2910	819
3032	819
3045	819
2948	1588
3314	1588
2856	1588
2910	1588
2866	1588
2900	1588
3292	1588
2827	1588
2855	1588
2953	1588
2998	1588
3148	1588
2846	1588
2857	1588
2862	1588
3317	1588
2890	1588
2829	1588
2863	1588
2961	1588
3074	1588
2843	1588
2839	1588
2984	1588
2972	1588
2957	1588
3149	1588
2838	1588
2858	1588
2933	1588
2864	1588
2954	1588
2994	1588
2892	1588
3262	1588
2881	1588
2851	1588
2848	1588
3427	1588
3430	1588
3501	1588
3324	1588
3502	1588
3323	1588
2896	1588
2840	1588
2852	1588
3503	1588
3005	1588
3011	1588
3006	1588
3360	1588
2836	1588
2927	1588
3467	1588
3443	1588
3466	1588
3444	1588
3038	1588
2928	1588
2908	1588
2876	1588
2841	1588
2865	1588
2971	1588
3169	1588
3241	1588
3208	1588
2986	1588
2987	1588
2921	1588
2903	1588
2923	1588
2885	59
2967	59
2827	59
2856	59
2855	59
2829	59
2839	59
2876	59
2927	59
2971	59
3262	59
2963	59
3044	59
2896	59
2866	59
3342	59
3038	59
2900	59
2860	59
2929	59
2843	59
2863	59
3032	59
2865	59
3031	59
3296	59
3132	59
3264	59
2881	1978
2863	1978
2961	1978
2829	1978
2839	1978
2845	1978
2856	1978
2848	1978
2836	1978
3003	1978
3008	1978
2857	1978
2865	1978
2830	1978
2890	1978
2843	1978
2867	1978
2877	1978
3030	1978
2851	1978
2855	1978
2866	1978
2864	1978
2860	1978
3040	1978
3045	1978
3046	1978
2983	1978
2891	1978
2921	1978
3032	1978
2858	1978
2881	1496
2839	1496
2890	1496
2983	1496
2865	1496
2903	1496
2866	1496
2921	1496
2829	1496
2856	1496
3058	1496
3003	1496
2857	1496
2843	1496
2845	1496
3008	1496
2867	1496
3149	1496
2854	1496
2863	1496
2864	1496
3012	1496
3027	1496
2938	1496
3051	1496
2961	1496
2851	1496
3032	1496
2848	1496
2855	1496
2877	1496
2900	1496
3153	1496
3174	1496
2885	1496
2910	1496
2908	1496
2876	1496
2860	1496
2871	1496
2932	1496
2881	70
2839	70
3145	70
2890	70
2865	70
2827	70
3003	70
2856	70
2857	70
2843	70
2845	70
3008	70
2829	70
3179	70
3061	70
2863	70
2961	70
2867	70
2877	70
3075	70
2851	70
2864	70
2983	70
2855	70
3045	70
3046	70
2848	70
2938	70
3041	70
3032	70
2932	70
2866	70
2881	602
2839	602
2856	602
2983	602
2900	602
3030	602
3037	602
3158	602
2866	602
3058	602
3003	602
2857	602
2843	602
2845	602
3008	602
2829	602
2903	602
2938	602
2851	602
2848	602
2890	602
2867	602
2877	602
2863	602
2958	602
2864	602
2855	602
3046	602
3045	602
2908	602
3032	602
2932	602
2881	2296
2839	2296
2843	2296
3003	2296
2856	2296
2827	2296
2865	2296
2857	2296
2845	2296
3008	2296
2938	2296
2829	2296
2890	2296
2867	2296
2863	2296
2900	2296
2836	2296
3053	2296
2877	2296
3075	2296
2855	2296
2864	2296
2866	2296
2858	2296
3153	2296
2924	2296
2907	2296
3045	2296
3046	2296
3032	2296
2881	799
2839	799
2890	799
2827	799
2865	799
3003	799
2856	799
2857	799
2843	799
2845	799
3008	799
2829	799
2922	799
2863	799
2920	799
2900	799
2895	799
2903	799
2836	799
2867	799
2877	799
2864	799
2983	799
2885	799
2938	799
3045	799
3032	799
3153	799
2848	799
2924	799
2866	799
2907	799
2851	799
2908	799
2871	799
2919	799
2855	799
2860	799
2932	799
2885	1319
2994	1319
2866	1319
2983	1319
2851	1319
3053	1319
2827	1319
3036	1319
2856	1319
2865	1319
2843	1319
3003	1319
2857	1319
2845	1319
3008	1319
2932	1319
2891	1319
2855	1319
2877	1319
2890	1319
2836	1319
2867	1319
2961	1319
2904	1319
3055	1319
2860	1319
3032	1319
2906	1319
2863	1319
2900	1319
2864	1319
2938	1319
2971	1319
2848	1319
2924	1319
3045	1319
3046	1319
3005	1319
3153	1319
3006	1319
2937	1319
2907	1319
2892	1319
2834	1319
2861	1319
3022	1319
2881	2357
2839	2357
2890	2357
2865	2357
3003	2357
2856	2357
2857	2357
2843	2357
2845	2357
3008	2357
2903	2357
2829	2357
2866	2357
2851	2357
2938	2357
2867	2357
2855	2357
2863	2357
3149	2357
2841	2357
2953	2357
2925	2357
2864	2357
2891	2357
2921	2357
2961	2357
2900	2357
2860	2357
3021	2357
3022	2357
3043	2357
2881	1540
2839	1540
2890	1540
2827	1540
2865	1540
3003	1540
2856	1540
2857	1540
2843	1540
2845	1540
3008	1540
3153	1540
2851	1540
2867	1540
3053	1540
3149	1540
2855	1540
2864	1540
2983	1540
2961	1540
2920	1540
3045	1540
3046	1540
2938	1540
2921	1540
2908	1540
3043	1540
2863	1540
2848	1540
3032	1540
3041	1540
2860	1540
2866	1540
2881	996
2863	996
2856	996
2855	996
3009	996
2890	996
2836	996
3003	996
2857	996
2845	996
3008	996
2839	996
2827	996
2829	996
2843	996
2903	996
3241	996
2867	996
2900	996
3030	996
2851	996
2983	996
2864	996
3045	996
3046	996
3011	996
3052	996
2877	996
2971	996
2848	996
2921	996
3032	996
2921	1574
3249	1574
3051	1574
2881	1574
3040	1574
2998	1574
2895	1574
2848	1574
2851	1574
2900	1574
2903	1574
2855	1574
2885	1574
3504	1574
2866	1574
3129	1574
3063	1574
2972	1574
2876	1574
2841	1574
3335	1574
2863	1574
2860	1574
2843	1574
2856	1574
2961	1574
3169	1574
2877	1574
2857	1574
2984	1574
3376	1574
3003	1574
3167	1574
2868	1574
3505	1574
2829	1574
3283	1574
2986	1574
2987	1574
3206	1574
3506	1574
2827	1574
3032	1574
3042	1574
2936	1574
2831	1574
3132	1574
3214	1574
2967	1574
3312	1574
2902	1574
3156	1574
2901	1574
3055	1574
2925	1574
3085	1574
2853	1574
3330	1574
3406	1574
3374	1574
3101	1574
3102	1574
3148	1574
2875	1574
3080	1574
2963	1574
2948	1574
2990	1574
2904	1574
3164	1574
2989	1574
2880	1574
2991	1574
3177	1574
2944	1574
3305	1574
2891	1574
3241	1574
3507	1574
3219	1574
3508	1574
3472	1574
3397	1574
3181	1574
3008	1574
2934	1574
3005	1574
3058	1574
2897	1574
3163	1574
2988	1574
3197	1574
3006	1574
2865	1574
3302	1574
2973	1574
3385	1574
3048	1574
3483	1574
3027	1574
2957	1574
2993	1574
2950	1574
3187	1574
3338	1574
3057	1574
3264	1574
3344	1574
3061	2421
2925	2421
3310	2421
3309	2421
3209	2421
2868	2421
2879	2421
2866	2421
2864	2421
2972	2421
2993	2421
2968	2421
2959	2421
3043	2421
3320	2421
2994	2421
3311	2421
2950	2421
2829	2421
3067	2421
2983	2421
2953	2421
3059	2421
2856	2421
2863	2421
3004	2421
3509	2421
3424	2421
2881	2421
2839	2421
2951	2421
2960	2421
2855	2421
2857	2421
3169	2421
3040	2421
2900	2421
2843	2421
3044	2421
2848	2421
3510	2421
2889	2421
3166	2421
3149	2421
3260	865
3160	865
3231	865
2878	865
2950	865
2900	865
3214	865
3198	865
2857	865
2856	865
3032	865
2956	865
3092	865
3511	865
3048	865
2853	865
3152	865
3292	865
3278	865
2892	865
3335	865
2838	865
2877	865
3050	865
3132	865
2960	865
3012	865
2848	865
2961	865
3003	865
2866	865
3507	865
2836	865
2827	865
3262	865
2903	865
3512	865
2902	865
3141	865
2967	865
3063	865
2841	865
2843	865
2855	865
2984	865
3029	865
3055	865
2927	865
2998	865
3129	865
3501	865
3502	865
2963	865
2929	865
3042	865
2924	865
3513	865
2901	865
2865	865
3126	865
3167	865
2992	865
3271	865
3286	865
2930	865
3084	865
2889	865
3115	865
3514	865
3066	865
3515	865
2925	865
2891	865
3008	865
3337	865
3258	865
3087	865
3051	865
3342	865
2897	865
3216	865
2863	865
2952	865
2893	865
3377	865
3006	865
2933	865
3058	865
3164	865
3378	865
3005	865
3279	865
3230	865
2885	865
3177	865
3219	865
3283	865
2916	865
3195	865
3228	865
2928	865
2868	865
3233	865
3199	865
3200	865
3204	865
3184	865
2866	472
2993	472
2960	472
3042	472
2855	472
2925	472
3031	472
2926	472
2856	472
2848	472
3516	472
2981	472
2984	472
3317	472
2933	472
2885	472
2865	472
2971	472
2903	472
2910	472
2948	472
2829	472
3011	472
2967	472
3132	472
3303	472
3015	472
3319	472
2868	472
3167	472
2902	472
3040	472
2864	472
3249	472
3162	472
3178	472
2924	472
3073	472
2866	2272
2863	2272
2855	2272
2843	2272
2856	2272
2829	2272
2839	2272
3046	2272
2836	2272
2994	2272
2827	2272
2961	2272
2921	2272
2903	2272
3008	2272
2900	2272
2865	2272
2922	2272
2920	2272
3153	2272
2877	2272
2890	2272
2867	2272
3053	2272
2881	2272
2958	2272
2983	2272
2858	2272
3035	2272
2924	2272
2891	2272
2908	2272
3045	2272
2881	2123
2863	2123
2827	2123
2856	2123
2855	2123
2900	2123
2866	2123
3058	2123
2843	2123
3037	2123
2839	2123
3003	2123
2857	2123
2845	2123
3008	2123
2938	2123
2865	2123
2920	2123
2922	2123
2961	2123
2903	2123
3241	2123
2890	2123
2867	2123
2983	2123
2864	2123
2879	2123
2877	2123
3032	2123
2910	2123
3009	2123
2848	2123
2921	2123
3046	2123
2860	2123
3045	2123
2885	2123
3011	2123
2961	1931
2855	1931
3037	1931
2863	1931
2864	1931
2851	1931
2890	1931
2856	1931
2836	1931
2839	1931
2848	1931
2843	1931
2895	1931
2938	1931
3053	1931
2907	1931
2900	1931
2845	1931
3008	1931
2867	1931
2866	1931
3032	1931
2983	1931
2924	1931
3198	1931
2958	1931
2860	1931
2908	1931
3045	1931
3046	1931
2881	1931
2829	1931
3051	1392
3030	1392
2900	1392
2856	1392
2903	1392
2895	1392
2938	1392
2857	1392
2866	1392
2961	1392
2839	1392
2855	1392
2836	1392
2932	1392
3036	1392
3037	1392
3053	1392
3158	1392
3145	1392
2829	1392
2827	1392
2904	1392
2922	1392
2920	1392
2924	1392
2906	1392
2843	1392
2958	1392
2851	1392
2867	1392
2877	1392
2890	1392
2865	1392
2983	1392
2864	1392
2921	1392
3043	1392
3153	1392
3032	1392
2908	1392
3046	1392
3045	1392
3135	1392
2858	1392
3148	1753
2992	1753
3360	1753
2856	1753
2862	1753
3214	1753
2846	1753
2843	1753
3055	1753
2841	1753
2908	1753
2902	1753
2863	1753
2904	1753
3057	1753
2851	1753
2989	1753
2924	1753
2866	1753
2901	1753
2921	1753
3299	1753
2900	1753
2895	1753
3003	1753
3042	1753
2960	1753
3031	1753
3052	1753
2853	1753
3006	1753
3005	1753
3361	1753
2876	1753
3241	1753
2857	1753
2829	1753
3518	1753
2855	1753
2836	1753
3074	1753
3317	1753
2865	1753
2864	1753
3166	1753
2929	1753
2845	1753
2838	1753
2990	1753
2991	1753
2896	1753
3519	1753
2948	1753
2984	1753
2927	1753
3377	1753
2933	1753
2868	1753
3378	1753
2926	1753
2950	1753
2879	1753
3520	1753
2848	1753
2903	1753
2998	1753
3132	1753
2860	1753
3011	1753
3133	1753
2987	1753
2986	1753
3038	1753
2961	1753
3149	1753
3213	1753
3303	1753
2993	1753
2827	1753
3059	2130
2892	2130
2855	2130
3321	2130
2972	2130
3174	2130
2843	2130
2856	2130
2851	2130
2953	2130
2827	2130
2877	2130
2960	2130
3053	2130
2903	2130
2879	2130
3017	2130
2924	2130
2998	2130
3008	2130
3105	2130
3491	2130
2863	2130
3040	2130
2891	2130
2885	2130
2900	2130
2893	2130
2876	2130
3343	2130
2983	2130
2864	2130
2858	2130
3057	2130
2860	2130
2932	2130
3037	2130
2967	2130
3164	2130
2897	2130
3179	2130
3153	2130
2961	2130
3075	2130
2866	2130
2971	2130
2829	2130
3262	2130
2896	2130
2839	2130
3146	2130
3034	2130
2845	2130
2863	1811
2866	1811
2895	1811
2938	1811
2827	1811
3036	1811
2856	1811
2836	1811
2843	1811
3037	1811
3003	1811
2857	1811
3008	1811
3158	1811
3145	1811
2855	1811
3308	1811
2879	1811
2867	1811
2890	1811
2877	1811
2864	1811
2983	1811
2900	1811
2851	1811
2860	1811
2921	1811
2848	1811
2907	1811
2961	1811
3043	1811
3032	1811
3045	1811
3046	1811
3011	1811
2827	2067
2867	2067
2851	2067
2856	2067
2865	2067
2836	2067
2855	2067
2848	2067
3036	2067
2938	2067
2910	2067
2866	2067
2900	2067
2857	2067
3008	2067
3032	2067
2920	2067
2922	2067
2907	2067
2863	2067
3131	2067
2860	2067
2879	2067
3158	2067
3463	2067
2902	2067
2901	2067
3135	2067
2890	2067
2877	2067
2908	2067
3052	2067
2872	2067
3034	2067
3005	2067
2921	2067
2961	2067
2843	2067
3011	2067
3046	2067
2881	2067
3006	2067
3045	2067
2864	2067
3252	2067
2895	2067
2863	2584
2856	2584
3153	2584
2839	2584
2994	2584
2843	2584
2841	2584
2836	2584
2851	2584
2848	2584
2829	2584
2866	2584
2865	2584
2938	2584
2900	2584
2845	2584
3008	2584
2934	2584
2890	2584
2867	2584
2877	2584
2961	2584
3030	2584
2908	2584
3011	2584
2983	2584
2924	2584
2958	2584
3046	2584
3045	2584
2921	2584
2857	2584
2858	2584
2910	2584
3148	2584
3061	2584
3367	266
2879	266
2866	266
2863	266
2851	266
2855	266
2938	266
2856	266
3059	266
2839	266
2994	266
2960	266
2896	266
3068	266
2989	266
2907	266
2829	266
2865	266
2827	266
3153	266
2937	266
2846	266
3005	266
3006	266
2902	266
2901	266
2885	266
2848	266
2921	266
2924	266
2864	266
3017	266
3021	266
3030	266
2961	266
2890	266
2986	266
2987	266
3043	266
2933	266
2903	266
3074	266
2845	266
2857	266
3145	266
3174	266
2922	266
2920	266
2843	266
3011	266
3057	266
3023	266
2957	266
2973	266
2892	266
2900	266
2954	266
3317	266
2997	266
3383	266
2881	1333
2867	1333
2890	1333
2843	1333
2851	1333
2863	1333
2855	1333
2827	1333
3012	1333
2864	1333
2924	1333
2891	1333
2866	1333
2971	1333
3319	1333
2900	1333
3036	1333
2856	1333
2841	1333
3153	1333
2848	1333
2860	1333
3135	1333
2836	1333
2896	1333
3149	1333
2961	1333
2901	1333
2902	1333
2895	678
2856	678
2863	678
2855	678
2961	678
3132	678
2983	678
3216	678
3153	678
2839	678
3053	678
2843	678
3003	678
2836	678
2857	678
2845	678
3008	678
3006	678
2841	678
2938	678
2877	678
2827	678
2890	678
3030	678
2865	678
2867	678
3075	678
2881	678
2900	678
2851	678
2866	678
2864	678
3045	678
3046	678
3032	678
2848	678
2860	678
2924	678
3026	678
2967	678
2988	678
3226	1845
2903	1845
3057	1845
3036	1845
2865	1845
2896	1845
2848	1845
2961	1845
2866	1845
2857	1845
3062	1845
2960	1845
2885	1845
2851	1845
3031	1845
3282	1845
2967	1845
2926	1845
3026	1845
2863	1845
2892	1845
2877	1845
3166	1845
2868	1845
2924	1845
2845	1845
3376	1845
3521	1845
2957	1845
2856	1845
2923	1845
3005	1845
3317	1845
2954	1845
3190	1845
3141	1845
3139	1845
2829	1845
3314	1845
3149	1845
3032	1845
2891	1845
2855	1845
2843	1845
2921	1845
3522	1845
2838	1845
2836	1845
2956	1845
3030	1845
2925	1845
2858	1845
2932	1845
3135	1630
2908	1630
2843	1630
2856	1630
3321	1630
3214	1630
2863	1630
2867	1630
3053	1630
2994	1630
2839	1630
2961	1630
2855	1630
2971	1630
2851	1630
2866	1630
2860	1630
3045	1630
3046	1630
3153	1630
3190	1630
2881	1630
2903	1630
2841	1630
2827	1630
3139	1630
2862	1630
2836	1630
3032	1630
2891	1630
2921	1630
2998	1630
2929	1630
2927	1630
3011	1630
2928	1630
2924	1630
2848	1630
2863	2603
2856	2603
2866	2603
2997	2603
2851	2603
2994	2603
2855	2603
2829	2603
2963	2603
2827	2603
2841	2603
3145	2603
2843	2603
2867	2603
2900	2603
2895	2603
2903	2603
2836	2603
2890	2603
2848	2603
2907	2603
2921	2603
2961	2603
2938	2603
2857	2603
3045	2603
2924	2603
2860	2603
2877	2603
2864	2603
3046	2603
2893	2603
3158	2603
3263	2603
2885	2603
2853	2603
2891	2603
2925	2603
3035	2603
3043	2603
3032	2603
3523	2603
3216	2603
3036	2603
2863	1777
2827	1777
3037	1777
2866	1777
3158	1777
2961	1777
2865	1777
2841	1777
3003	1777
2855	1777
2836	1777
2890	1777
3145	1777
2867	1777
2843	1777
2856	1777
2877	1777
2908	1777
2851	1777
2937	1777
2848	1777
2857	1777
3343	1777
2853	1777
3009	1777
3032	1777
2885	1777
2925	1777
2971	1777
2938	1777
3043	1777
2860	1777
2879	1777
2900	1777
2895	1777
3148	1777
3011	1777
2863	389
2855	389
2836	389
2890	389
2827	389
2866	389
3037	389
3003	389
2856	389
2857	389
2900	389
3008	389
2865	389
2839	389
3045	389
3046	389
2848	389
2867	389
2851	389
2920	389
2860	389
3032	389
2922	389
2879	389
2938	389
2908	389
3036	389
2971	389
2881	389
2983	389
2864	389
3013	389
3369	389
2863	2719
2907	2719
2851	2719
2839	2719
3003	2719
2855	2719
2938	2719
2843	2719
2836	2719
3037	2719
2856	2719
3008	2719
2857	2719
2903	2719
2827	2719
2920	2719
2922	2719
2866	2719
3034	2719
3036	2719
2867	2719
2890	2719
2877	2719
3030	2719
2865	2719
3158	2719
2971	2719
2848	2719
2858	2719
2961	2719
3052	2719
2904	2719
2906	2719
2908	2719
2921	2719
3046	2719
3032	2719
2910	2719
3045	2719
3132	2719
3144	2719
2881	2719
2864	2719
2983	2719
3011	2719
2900	1409
2851	1409
2863	1409
2854	1409
2866	1409
3145	1409
2877	1409
2855	1409
2843	1409
3030	1409
2836	1409
2865	1409
2890	1409
3135	1409
2867	1409
2858	1409
2895	1409
2856	1409
2860	1409
3012	1409
3036	1409
2938	1409
2908	1409
3034	1409
3008	1409
2920	1409
3011	1409
2829	1409
2922	1409
2961	1409
2848	1409
2857	1409
3022	1409
3046	1409
3032	1409
2885	1409
3045	1409
3062	1409
2983	1409
2864	1409
2904	1409
3055	1409
2901	1409
3011	1042
2967	1042
2856	1042
2836	1042
2843	1042
2900	1042
2863	1042
3132	1042
2961	1042
2938	1042
3036	1042
2864	1042
2879	1042
2877	1042
2865	1042
2839	1042
2827	1042
3032	1042
2855	1042
2866	1042
2848	1042
2867	1042
2890	1042
3030	1042
2921	1042
3158	1042
3045	1042
3046	1042
3239	1042
3009	1042
2857	1042
3008	1042
3043	1042
2907	1042
2851	1042
2860	1042
3171	1042
2922	1042
2920	1042
2971	1042
2881	1042
2983	1042
2856	1031
2843	1031
2863	1031
2855	1031
2864	1031
3003	1031
2866	1031
2836	1031
2903	1031
3008	1031
2857	1031
2961	1031
2971	1031
3032	1031
2938	1031
2891	1031
2900	1031
3158	1031
2872	1031
3036	1031
3034	1031
3216	1031
2851	1031
2867	1031
2890	1031
2848	1031
3046	1031
3045	1031
2882	1031
2860	1031
3043	1031
2910	1031
2858	1031
3007	1031
2881	1031
2879	1031
2983	1031
2885	1031
3037	1031
3035	1031
3416	1031
2903	1976
2866	1976
3011	1976
2881	1976
3145	1976
2843	1976
2938	1976
2855	1976
2851	1976
3030	1976
2856	1976
2865	1976
2863	1976
2836	1976
2890	1976
2839	1976
2867	1976
2924	1976
2857	1976
2848	1976
2860	1976
2908	1976
2971	1976
3032	1976
2872	1976
3022	1976
2882	1976
2900	1976
3008	1976
3043	1976
3075	1976
3017	1976
2864	1976
2961	1976
2921	1976
2858	1976
3046	1976
2891	1976
2885	687
2856	687
2866	687
2961	687
2863	687
3145	687
2851	687
2872	687
2895	687
3037	687
3158	687
3036	687
2865	687
2843	687
2827	687
3003	687
2857	687
3008	687
2903	687
2907	687
2890	687
2867	687
2921	687
3043	687
2848	687
3032	687
2938	687
3046	687
3011	687
3045	687
3052	687
2858	687
3034	687
2998	687
2836	687
3030	687
3296	687
2864	687
2924	687
2855	687
2922	687
2863	1854
2856	1854
2961	1854
3145	1854
2865	1854
3158	1854
2848	1854
2843	1854
2855	1854
2963	1854
2827	1854
2994	1854
2841	1854
2866	1854
2851	1854
2857	1854
2893	1854
2867	1854
2890	1854
2921	1854
2907	1854
3045	1854
2938	1854
2924	1854
2860	1854
2877	1854
2864	1854
3043	1854
3046	1854
3032	1854
3523	1854
3216	1854
2900	1854
2885	1854
3263	1854
2925	1854
3186	1854
2891	1854
2853	1854
3013	1854
3036	1854
3524	11
2855	11
2863	11
2856	11
2961	11
2866	11
2957	11
2960	11
2848	11
2829	11
3064	11
3522	11
3214	11
3130	11
3128	11
2864	11
3213	11
3008	11
2878	11
2843	11
2851	11
3017	11
2924	11
3013	11
3034	11
2998	11
2885	11
3012	11
2855	1607
2872	1607
2851	1607
2881	1607
2961	1607
2843	1607
2863	1607
3034	1607
3032	1607
2829	1607
2953	1607
2891	1607
2925	1607
2836	1607
2890	1607
2900	1607
2857	1607
2845	1607
3008	1607
2856	1607
2839	1607
3153	1607
2867	1607
2866	1607
2910	1607
2983	1607
2864	1607
3158	1607
2932	1607
2958	1607
3135	1607
2938	1607
3350	1607
3319	1607
2923	1607
3046	1607
3045	1607
2881	854
2864	854
3153	854
2843	854
2903	854
2848	854
2855	854
2953	854
2856	854
2900	854
3008	854
2998	854
2890	854
2867	854
2863	854
2877	854
3075	854
2983	854
2924	854
2938	854
2845	854
2866	854
2961	854
3045	854
3046	854
2857	854
2860	854
3032	854
2851	854
2889	854
3049	854
3263	854
2882	854
2891	854
2853	854
2968	1538
3185	1538
2972	1538
2863	1538
3525	1538
2888	1538
3526	1538
3083	1538
3415	1538
3177	1538
3194	1538
2874	1538
3219	1538
2853	1538
3527	1538
3417	1538
3105	1538
3491	1538
2970	1538
2845	517
3288	517
2972	517
3067	517
3059	517
2959	517
2957	517
2960	517
2923	517
2840	517
2863	517
2839	517
2876	517
2961	517
2843	517
2856	517
2866	517
2838	517
2920	517
2860	517
2836	517
2922	517
2949	517
2881	517
2855	517
3041	517
2846	517
2908	517
2851	517
3149	517
2994	517
3032	517
2857	517
2848	517
2864	517
2910	517
2948	517
2829	517
2858	517
2984	517
2862	517
2954	517
3344	517
2998	517
3505	517
3043	517
3520	517
2900	517
2865	517
3006	517
2902	517
3005	517
2901	517
2896	517
3418	517
3173	517
2903	517
2827	517
3453	517
2852	517
3141	517
2895	517
3011	517
3052	517
2985	517
3135	517
3129	517
3156	517
3003	517
2987	517
2986	517
2904	517
2871	517
2906	517
2885	517
2926	517
3282	517
3040	517
2891	517
3110	2086
3528	2086
3529	2086
3530	2086
3119	2086
3531	2086
3087	2086
3532	2086
3533	2086
3534	2086
3535	2086
3536	2086
2944	2086
3537	2086
3232	2086
3538	2086
3539	2086
3540	2086
3541	2086
3542	2086
3543	2086
3097	2086
3544	2086
3545	2086
3112	2086
3111	2086
3085	2086
3080	2086
2935	2086
3109	2086
3286	2086
3125	2086
3127	2086
3095	2086
3546	2086
3547	2086
3090	2086
3417	2086
2875	2086
3511	2086
3093	2086
3219	2086
3122	2086
2885	2086
3439	2086
3483	2086
3256	2086
3108	2086
3548	2086
3549	2086
3526	2086
3550	2086
3117	2086
3120	2086
3230	2086
3079	2086
3527	2086
3116	2086
3098	2086
3082	2086
3194	2086
3551	2086
3100	2086
3078	2086
3227	2086
3092	2086
3047	2086
3121	2086
2973	2086
3094	2086
3258	2086
3048	2086
2970	2086
3107	2086
3283	2086
3436	2086
3083	2086
3552	2086
3553	2086
2916	2086
3084	2086
3126	2086
3231	2086
3099	2086
3081	2086
2874	2086
2889	2086
2941	2086
2853	2086
2992	2086
3228	2086
2940	2086
2888	2086
2993	2086
3429	2086
3554	2086
2856	2086
2848	2086
2851	2086
2960	2086
3166	2086
3115	2086
3233	2086
3113	2086
2925	2086
2926	2086
2864	2086
2868	2086
3051	2086
2957	496
2960	496
3522	496
2856	496
2829	496
2866	496
2848	496
2961	496
2827	496
2855	496
2993	496
2868	496
2876	496
2994	496
2855	248
2851	248
2881	248
2863	248
2961	248
2848	248
2829	248
2866	248
2856	248
2867	248
2890	248
2827	248
3053	248
2864	248
3158	248
2865	248
3043	248
3145	248
2958	248
2938	248
3046	248
3045	248
3044	248
2860	248
2877	248
2836	248
2843	248
2858	248
2983	248
3022	248
2857	248
3032	248
3035	248
2922	248
2920	248
3012	248
3148	248
2891	248
2967	248
3191	248
2839	1052
2855	1052
2881	1052
2890	1052
2865	1052
2827	1052
2856	1052
2857	1052
3003	1052
3008	1052
2843	1052
2864	1052
2863	1052
2841	1052
2938	1052
2877	1052
2836	1052
2867	1052
3075	1052
2851	1052
2983	1052
2891	1052
2860	1052
2961	1052
2848	1052
2910	1052
3045	1052
3046	1052
2876	1052
2879	1052
3032	1052
2972	1531
2863	1531
2855	1531
2960	1531
2961	1531
2881	1531
2957	1531
2924	1531
2879	1531
2864	1531
2829	1531
2896	1531
2949	1531
2827	1531
3236	1531
2891	1531
2843	1531
2866	1531
2868	1531
2921	1531
2856	1531
2885	1531
2964	1531
2851	1531
2981	1531
2848	1531
2839	1531
2954	1531
2959	1531
3555	1531
3119	1531
2953	1531
2889	1531
2973	1531
2963	1531
3256	1531
3258	1531
2890	1531
2845	1531
3436	1531
2993	1531
3320	1531
3287	1531
2876	1531
3017	1531
2863	489
2856	489
2866	489
3145	489
2967	489
2900	489
2843	489
2877	489
2895	489
2848	489
2839	489
2903	489
2864	489
2836	489
3006	489
3013	489
2867	489
2865	489
3064	489
2922	489
3153	489
2902	489
3032	489
2938	489
2961	489
2855	489
2860	489
3043	489
2920	489
2907	489
2858	489
3003	489
3158	489
3030	489
2904	489
2829	489
2880	489
2857	489
2879	489
3036	489
3008	489
3046	489
2924	489
2906	489
2882	489
3179	489
3037	489
3009	489
3216	489
3375	489
2881	908
2856	908
2890	908
2936	908
2846	908
3037	908
2961	908
2836	908
3003	908
2857	908
2845	908
3008	908
2866	908
2865	908
2855	908
2839	908
2891	908
2863	908
2843	908
2867	908
2877	908
3045	908
3046	908
2860	908
3032	908
2879	908
2864	908
2983	908
2858	908
2881	1356
2863	1356
2839	1356
2843	1356
2836	1356
2866	1356
2827	1356
2903	1356
3036	1356
2857	1356
2856	1356
3003	1356
2845	1356
3008	1356
3046	1356
3045	1356
2855	1356
2895	1356
2890	1356
2867	1356
2860	1356
2851	1356
2864	1356
3032	1356
2900	1356
2983	1356
2938	1356
2961	1356
2848	1356
2910	1356
3011	1356
2909	830
2907	830
2885	830
2927	830
2856	830
2851	830
2922	830
2920	830
3043	830
2860	830
2900	830
2932	830
2866	830
3044	830
3164	830
2929	830
3145	830
3158	830
2895	830
2843	830
3055	830
2904	830
2938	830
2855	830
2863	830
2838	830
2867	830
2877	830
2854	830
2876	830
2960	830
2829	830
2972	830
2994	830
2840	830
2857	830
2906	830
3030	830
3169	830
2961	830
3008	830
3034	830
2848	830
3005	830
3006	830
2971	830
3042	830
3515	830
3302	830
3058	830
2858	830
2902	830
2901	830
2845	830
3026	830
3317	830
2998	830
3032	830
2846	830
2827	830
3141	830
2872	830
3174	830
2933	830
2865	830
2924	830
3361	830
3086	830
2911	830
3556	830
2912	830
2942	830
2940	830
3048	830
3007	830
3246	830
2864	830
3066	830
3003	830
2956	830
2841	830
3288	830
3557	830
2896	830
3064	830
3320	830
2839	830
3153	830
2852	830
2879	830
2880	830
2983	830
3017	830
2893	830
3558	830
3130	830
3559	830
2881	830
3057	830
2836	830
2925	830
2891	830
3012	830
3280	830
2978	830
2862	830
2953	830
2889	830
3054	830
3560	830
2948	830
3029	830
2981	830
3132	830
3416	830
2882	830
3523	830
3161	830
3036	830
3051	830
2928	830
3038	830
3212	830
2881	518
2863	518
2856	518
2866	518
2851	518
2855	518
3132	518
3044	518
3034	518
3148	518
2848	518
2983	518
2836	518
2843	518
2865	518
2827	518
2857	518
3003	518
2845	518
3008	518
3007	518
2829	518
2830	518
2864	518
2890	518
2867	518
2900	518
2961	518
2885	518
2891	518
2938	518
3045	518
3046	518
2854	518
2971	518
2860	518
2858	518
2932	518
2877	518
3032	518
2938	737
3061	737
3037	737
3035	737
2967	737
3031	737
3046	737
3034	737
3045	737
2925	737
2912	737
3015	737
3054	737
3179	737
3416	737
2872	737
3032	737
2952	737
3262	737
2845	737
2993	737
2957	737
2855	737
2856	737
2971	737
2855	477
2961	477
2866	477
2856	477
2848	477
2843	477
2829	477
2904	477
3145	477
3158	477
2854	477
2956	477
2963	477
2839	477
2927	477
3153	477
2860	477
2906	477
2890	477
2867	477
2877	477
3032	477
3075	477
2863	477
2851	477
2983	477
2864	477
2938	477
3022	477
2857	477
3045	477
3041	477
3046	477
3027	477
2882	477
2885	477
3051	477
3020	477
3038	477
2895	477
2872	477
2928	477
3006	477
2958	477
2881	477
2929	477
2960	477
2910	477
2924	477
2845	477
3005	477
3032	872
2866	872
2855	872
2862	872
2864	872
2827	872
2953	872
2925	872
3505	872
3173	872
2872	872
2890	872
2843	872
2927	872
2857	872
2846	872
2856	872
2836	872
3149	872
2851	872
2863	872
3135	872
2904	872
2867	872
2891	872
2860	872
2893	872
2938	872
3040	872
3212	872
2929	872
2948	872
2845	872
3055	872
3238	872
3050	872
2998	872
2928	872
2827	1360
2856	1360
2961	1360
2863	1360
2929	1360
2846	1360
2890	1360
2860	1360
2862	1360
2851	1360
2927	1360
2836	1360
2872	1360
2857	1360
2948	1360
2839	1360
2848	1360
2866	1360
2885	1360
3465	1360
2858	1360
3430	1360
3427	1360
2843	1360
2998	1360
2900	1360
2938	1360
2971	1360
2865	1360
3317	1360
3314	1360
3032	1360
3144	1360
3212	1360
2925	1360
2953	1360
2833	1360
2856	2606
2994	2606
2839	2606
2881	2606
2855	2606
2877	2606
2843	2606
2867	2606
3158	2606
2860	2606
3013	2606
2845	2606
2891	2606
2829	2606
2938	2606
2836	2606
2890	2606
2863	2606
2851	2606
2900	2606
3062	2606
2857	2606
2866	2606
3011	2606
3036	2606
3043	2606
2858	2606
2848	2606
2865	2606
2971	2606
3008	2606
3179	2606
3035	2606
3007	2606
2856	197
2881	197
2843	197
2855	197
3037	197
2848	197
2961	197
2932	197
2895	197
2827	197
2857	197
2953	197
2829	197
2925	197
2867	197
2877	197
2900	197
2836	197
2890	197
3053	197
2967	197
2904	197
2906	197
2938	197
3043	197
2851	197
2858	197
3027	197
2863	197
2860	197
3061	197
3008	197
2925	1897
3054	1897
3037	1897
2926	1897
2934	1897
2903	2646
3061	2646
3046	2646
3034	2646
3416	2646
2967	2646
2928	2646
3164	2646
3145	2646
3045	2646
3375	2646
2885	2646
2872	2646
3008	2646
3031	2646
3131	2646
3158	2646
3035	2646
2938	2646
3015	2646
3011	2646
3027	2646
3077	2646
3054	2646
3545	2646
2957	264
3166	264
2958	264
3044	264
2851	264
2896	264
3317	264
2972	264
2841	264
2994	264
2895	264
2890	264
2950	264
2829	264
2831	264
2949	264
2876	264
2855	264
3314	264
2856	264
3051	264
3358	264
2848	264
2961	264
3149	264
2866	264
3159	264
3226	264
2846	264
2881	264
3376	264
2864	264
2827	264
2953	264
2892	264
2879	264
2959	264
2960	264
2863	264
2956	264
2963	264
2954	264
2839	264
3382	264
2981	264
2862	264
2843	264
2857	264
3132	264
2924	264
2919	264
2834	264
3025	264
3293	264
2948	264
2952	264
2951	264
3292	264
2903	264
2998	264
3366	264
3262	264
3074	264
3204	264
2934	264
2865	264
2889	264
3083	264
2875	264
3177	264
2970	264
3435	264
3227	264
3048	264
3116	264
2888	264
3100	264
3098	264
2992	264
3077	264
3192	264
3078	264
3283	264
2853	264
3107	264
2995	264
3049	264
3005	264
3006	264
2943	264
2971	264
3126	264
3080	264
3193	264
3340	264
3067	264
2894	264
2989	264
2901	264
2902	264
3092	264
2973	264
3561	264
2849	264
3084	264
3194	264
3152	264
3224	264
2916	264
3113	264
3135	47
2856	47
2863	47
2932	47
3321	47
2836	47
2851	47
2855	47
3028	47
2829	47
2890	47
2867	47
2857	47
2843	47
2864	47
2881	47
2866	47
3045	47
3046	47
3040	47
2903	47
3145	47
3009	47
3131	47
3051	47
3066	47
3032	47
2971	47
2908	47
3008	47
2909	47
3011	1870
2866	1870
2848	1870
2872	1870
2851	1870
3037	1870
2938	1870
2856	1870
3342	1870
3031	1870
2963	1870
3003	1870
2857	1870
3008	1870
2896	1870
3032	1870
3158	1870
3036	1870
3174	1870
2867	1870
2843	1870
2854	1870
2961	1870
2890	1870
2881	1870
2877	1870
2983	1870
3064	1870
3046	1870
2967	1870
3009	1870
2907	1870
2902	1870
2901	1870
3045	1870
2860	1870
2858	1870
3040	1870
3135	1870
3375	1171
3105	1171
3034	1171
2925	1171
2853	1171
2994	2291
2839	2291
2961	2291
3153	2291
2895	2291
2865	2291
2866	2291
2903	2291
2855	2291
2890	2291
2856	2291
2867	2291
2854	2291
3064	2291
3242	2291
2863	2291
2827	2291
3252	2291
2843	2291
2851	2291
2881	2291
2958	2291
2877	2291
2864	2291
2983	2291
3036	2291
2924	2291
3158	2291
3044	2291
2860	2291
3011	2291
2921	2291
2848	2291
2857	2291
3032	2291
3035	2291
3046	2291
2908	2291
3045	2291
2863	1569
2961	1569
2866	1569
2848	1569
2856	1569
3053	1569
2827	1569
2900	1569
3158	1569
2938	1569
2924	1569
2865	1569
3145	1569
2857	1569
2963	1569
2829	1569
2867	1569
2998	1569
3034	1569
2839	1569
3153	1569
2860	1569
2843	1569
3030	1569
2890	1569
2877	1569
2958	1569
2855	1569
2921	1569
2891	1569
2892	1569
3032	1569
2879	1569
2864	1569
3001	1569
2895	1569
2908	1569
2838	1569
3135	1569
3045	1569
3046	1569
2876	1569
2960	1569
2856	2656
2866	2656
3011	2656
2881	2656
2843	2656
2857	2656
2855	2656
2877	2656
2863	2656
2836	2656
2890	2656
2904	2656
3055	2656
3008	2656
2903	2656
2938	2656
2851	2656
2827	2656
2895	2656
3036	2656
2848	2656
2891	2656
2867	2656
2900	2656
2864	2656
2983	2656
3046	2656
3045	2656
2921	2656
2858	2656
2962	2656
2961	2656
3032	2656
3043	2656
2860	2656
2908	2656
3342	2656
3031	2656
2928	2656
2872	2656
2933	2656
2967	2656
2885	2656
3144	2656
2856	2447
2863	2447
2881	2447
2877	2447
2827	2447
3003	2447
2843	2447
3030	2447
2865	2447
2857	2447
3008	2447
2908	2447
2983	2447
2903	2447
2938	2447
2866	2447
2900	2447
3036	2447
2855	2447
2867	2447
2890	2447
2836	2447
2864	2447
3046	2447
3045	2447
2921	2447
2858	2447
2891	2447
2848	2447
2961	2447
3032	2447
3043	2447
2860	2447
3342	2447
3031	2447
2928	2447
2872	2447
2923	2563
2851	2563
2866	2563
2960	2563
2843	2563
2827	2563
2896	2563
2848	2563
2855	2563
2961	2563
2856	2563
2829	2563
3198	2563
2889	2563
2921	2563
3174	2563
2864	2563
3017	2563
2924	2563
2954	2563
2839	2563
3145	2563
2918	2563
2845	2563
2960	1130
2851	1130
2866	1130
2856	1130
2923	1130
2843	1130
2848	1130
3017	1130
2924	1130
2896	1130
2827	1130
2961	1130
2855	1130
2829	1130
3198	1130
2889	1130
2921	1130
2864	1130
2857	1130
2954	1130
2839	1130
3145	1130
2918	1130
2851	1933
2866	1933
2923	1933
2924	1933
2848	1933
2856	1933
2857	1933
3017	1933
2997	2210
3040	2210
2856	2210
2948	2210
2829	2210
3032	2210
2961	2210
2953	2210
2857	2210
2843	2210
2925	2210
3034	2210
2923	2210
2885	2210
3030	2210
2865	2210
3053	2210
2867	2210
2866	2210
2848	2210
2938	2210
2924	2210
2856	1263
2863	1263
2881	1263
2843	1263
2836	1263
3003	1263
2857	1263
3008	1263
2829	1263
2865	1263
2866	1263
2827	1263
2938	1263
2839	1263
2851	1263
2867	1263
2890	1263
2877	1263
2864	1263
2983	1263
2872	1263
2971	1263
3045	1263
3046	1263
3043	1263
3032	1263
2961	1263
3011	1263
2910	1263
2848	1263
2860	1263
2858	1263
2855	1263
2921	1263
2872	398
2856	398
2924	398
2848	398
3032	398
2855	398
3288	398
2867	398
3046	398
2961	398
2904	398
2906	398
3030	398
2866	398
3045	398
3055	398
2910	398
3311	398
2862	398
3059	398
2993	398
2846	398
2857	398
2892	398
2972	398
2957	398
2868	398
2876	398
2890	398
2863	398
2864	398
2843	398
3067	398
2960	398
3207	398
2827	398
3017	398
3169	398
2998	398
2829	398
3351	398
2903	398
3209	398
2952	398
2879	398
2851	398
2881	398
3212	398
3023	398
3038	398
2928	398
2938	398
2894	398
2948	398
2865	398
3168	398
3043	398
2885	398
2994	398
2923	398
2967	398
3173	398
3368	398
3172	398
3424	398
2908	398
3189	398
2963	398
2891	398
2959	398
2954	398
2955	398
2940	398
3511	398
2839	398
2915	398
3562	398
2866	1101
3011	1101
2856	1101
2863	1101
2851	1101
2891	1101
2865	1101
2848	1101
2890	1101
2836	1101
3030	1101
3043	1101
2855	1101
2867	1101
2961	1101
2860	1101
2900	1101
3008	1101
2827	1101
2903	1101
3036	1101
2877	1101
2938	1101
2864	1101
3046	1101
3045	1101
2857	1101
2921	1101
3032	1101
2924	1101
2843	1101
2839	1101
2910	1101
3158	1101
2881	1101
2858	1101
3072	1101
3197	1101
3037	1101
2851	2053
2857	2053
2895	2053
2856	2053
2836	2053
3003	2053
2863	2053
2900	2053
3188	2053
3563	2053
3026	2053
2891	2053
2843	2053
2890	2053
2953	2053
2925	2053
2967	2053
2834	2053
3014	2053
2857	778
2904	778
2906	778
2856	778
2843	778
2867	778
2866	778
2891	778
2829	778
2836	778
2881	778
2877	778
2855	778
2851	778
2890	778
3252	778
2981	778
2863	778
2838	778
2901	778
2902	778
3055	778
2908	778
2871	778
3135	778
2827	778
2895	778
3145	778
3053	778
3062	778
2924	778
3045	778
3046	778
3036	778
2858	778
3022	778
2921	778
2860	778
3032	778
3366	778
3351	778
3213	778
2848	778
2929	778
2927	778
2900	778
3139	778
3448	778
2982	778
3141	778
3190	778
3030	778
2827	82
2848	82
2843	82
2881	82
2836	82
2890	82
2838	82
2867	82
2864	82
3008	82
3034	82
2879	82
2885	82
3053	82
2856	82
3013	82
2866	82
3044	82
2921	82
2855	82
3191	82
3145	82
3564	82
3032	82
2891	82
3037	82
2967	82
2991	82
2990	82
2924	82
3242	82
3064	82
2972	82
2851	82
2961	82
3236	82
2908	82
2910	82
3045	82
3046	82
2998	82
2909	82
3075	82
2860	82
3070	82
3012	82
2857	82
2856	1079
2863	1079
2881	1079
2890	1079
3003	1079
2843	1079
3030	1079
2865	1079
2857	1079
3008	1079
2983	1079
2908	1079
2903	1079
2938	1079
2866	1079
2900	1079
3036	1079
2855	1079
2867	1079
2877	1079
2836	1079
2864	1079
3046	1079
3045	1079
2921	1079
2848	1079
2891	1079
3032	1079
2961	1079
2910	1079
2858	1079
2866	2127
3011	2127
2856	2127
2881	2127
2843	2127
2857	2127
2855	2127
2877	2127
2863	2127
2836	2127
2890	2127
2904	2127
3055	2127
3008	2127
2903	2127
2938	2127
2851	2127
2827	2127
2895	2127
3036	2127
2848	2127
2891	2127
2867	2127
2900	2127
2864	2127
2983	2127
3046	2127
3045	2127
2921	2127
2885	2127
3032	2127
2961	2127
2910	2127
2908	2127
2858	2127
3037	2127
3460	2127
3197	2127
2856	1980
2863	1980
2881	1980
2890	1980
3003	1980
2843	1980
3030	1980
2865	1980
2857	1980
3008	1980
2983	1980
2908	1980
2855	1980
2938	1980
2903	1980
2866	1980
2900	1980
3036	1980
2827	1980
2867	1980
2877	1980
2836	1980
2864	1980
3045	1980
3032	1980
3046	1980
2921	1980
2848	1980
2961	1980
2891	1980
3011	1980
3043	1980
2851	1980
2920	1980
2922	1980
2860	1980
2858	1980
2866	1102
3011	1102
2856	1102
2881	1102
2843	1102
2857	1102
2855	1102
2877	1102
2863	1102
2836	1102
2890	1102
2904	1102
3055	1102
3008	1102
2903	1102
2938	1102
2839	1102
2851	1102
2827	1102
2895	1102
3036	1102
2848	1102
2891	1102
2867	1102
2900	1102
2864	1102
2983	1102
3046	1102
3045	1102
2921	1102
2885	1102
2961	1102
3032	1102
3043	1102
2920	1102
2922	1102
2860	1102
2908	1102
2858	1102
3037	1102
3460	1102
3197	1102
2863	88
2838	88
2885	88
3069	88
2879	88
3042	88
3168	88
2866	88
2857	88
3207	88
3262	88
2876	88
3023	88
3059	88
3267	88
2864	88
3003	88
2829	88
3184	88
3027	88
2855	88
2827	88
3391	88
2891	88
3115	88
3273	88
2851	88
2900	88
2860	88
3352	88
2953	88
2862	88
3117	88
2863	17
2838	17
2885	17
3069	17
2879	17
3565	17
3042	17
3168	17
2866	17
2857	17
3207	17
3191	17
3262	17
2876	17
3023	17
3059	17
3267	17
2864	17
3003	17
2829	17
3184	17
3027	17
2855	17
2827	17
3115	17
2843	17
2856	17
3273	17
2851	17
2900	17
2860	17
3352	17
3224	17
2989	494
2831	494
3175	494
2857	494
2907	494
3173	494
3012	494
3069	494
2885	494
3172	494
2993	494
2868	494
2843	494
3017	494
3004	1422
2989	1422
2831	1422
3175	1422
2857	1422
2907	1422
3173	1422
3012	1422
3069	1422
3076	1422
3175	2229
2863	2229
3166	2229
2982	2229
2864	2229
3064	2229
2831	2229
3270	2229
2856	2229
2855	2229
2845	2229
2938	2229
2851	2229
2848	2229
3051	493
2900	493
3158	493
3023	493
2851	493
3067	493
2881	493
2856	493
2843	493
2952	493
3077	493
2885	493
2864	493
3262	493
2892	493
2839	493
2959	493
2855	493
2895	493
2863	493
2972	493
2879	493
2890	493
2896	493
3205	493
2926	493
2925	493
2891	493
2921	493
3044	493
2868	493
2963	493
2940	493
3039	493
3057	493
2954	493
2953	493
2827	493
2889	493
2924	493
2876	493
2987	493
2986	493
2841	493
2848	493
2866	493
2829	493
2857	493
3032	493
2961	493
3164	493
2960	493
2865	493
3566	493
2971	493
3037	493
3243	493
2858	493
3132	493
3104	493
2845	493
3128	493
3130	493
2906	493
2904	493
2998	493
2988	493
3216	493
2934	493
3026	493
3035	493
3172	493
2957	493
3059	493
2903	493
3197	493
3168	493
3567	493
2910	493
3382	493
2856	2056
2863	2056
2881	2056
2827	2056
2877	2056
3003	2056
2843	2056
3030	2056
2865	2056
2857	2056
3008	2056
2983	2056
2908	2056
2866	2056
2903	2056
2938	2056
2900	2056
2962	2056
2855	2056
2867	2056
2890	2056
2836	2056
2864	2056
3045	2056
3032	2056
2891	2056
2961	2056
2848	2056
2858	2056
3043	2056
2851	2056
2885	2056
3066	2056
2971	2056
2872	2056
2866	427
3011	427
2856	427
2881	427
2843	427
2857	427
2855	427
2877	427
2863	427
2836	427
2890	427
2904	427
3055	427
3008	427
2903	427
2938	427
2851	427
2827	427
2895	427
3036	427
2848	427
2891	427
2867	427
2900	427
2864	427
2983	427
3046	427
3045	427
2885	427
2961	427
3032	427
2858	427
3043	427
2908	427
3066	427
2971	427
3037	427
3460	427
3197	427
2856	523
2863	523
2881	523
2827	523
3003	523
2843	523
2836	523
2857	523
3008	523
2983	523
2908	523
2903	523
2938	523
2866	523
3036	523
2855	523
2839	523
2867	523
2890	523
2877	523
2864	523
3046	523
3032	523
2921	523
2848	523
2961	523
2891	523
3011	523
3045	523
3043	523
2851	523
2860	523
2858	523
2866	918
3011	918
2856	918
2881	918
2843	918
2857	918
2855	918
2877	918
2863	918
2836	918
2890	918
2904	918
3055	918
3008	918
2903	918
2938	918
2839	918
2851	918
2827	918
2895	918
3036	918
2848	918
2891	918
2867	918
2900	918
2864	918
2983	918
3046	918
3045	918
2921	918
2885	918
2961	918
3032	918
3043	918
2860	918
2908	918
2858	918
3037	918
3460	918
3197	918
2997	140
3040	140
2856	140
2948	140
2829	140
3032	140
2961	140
2953	140
2857	140
2843	140
2925	140
3034	140
2885	140
2923	140
3030	140
2865	140
3053	140
2867	140
2866	140
2848	140
2938	140
2924	140
3568	2289
3515	2289
3061	2289
2926	2289
3081	2289
3085	2289
3569	2289
3231	2289
3570	2289
3006	2289
2872	2289
2961	2289
2900	2289
2856	2289
3375	2289
3077	2289
3126	2289
2992	2289
3551	2289
3571	2289
3054	2289
3092	2289
2944	2289
2925	2289
3094	2289
3286	2289
2853	2289
3116	2289
3005	2289
3100	2289
2907	2289
3084	2289
3403	2289
2967	2289
2973	2289
3078	2289
3572	2289
3080	2289
3132	2289
3037	2289
3087	2289
3063	2289
2918	2289
3282	2289
3196	2289
3278	2289
3573	2289
2874	2289
2889	2289
2858	2289
3574	2289
2932	2289
3101	2289
3034	2289
3102	2289
3243	2289
3252	2289
3195	2289
2938	2289
3194	2289
2942	2289
3218	2289
2888	2289
2934	2289
3121	2289
3158	2289
3045	2289
3046	2289
2841	2289
3145	2289
3242	2289
3279	2289
3115	2289
3185	2289
3120	2289
3179	2289
3160	2289
3260	2289
2893	2289
3032	2289
3031	2289
2885	2289
3042	2289
2948	2289
3390	2289
3216	2289
2933	2289
3086	2289
3283	2289
2935	2289
3026	2289
2916	2289
3322	2289
3359	2289
2912	2289
3109	2289
3117	2289
2914	2289
2960	2289
2848	2289
2866	2289
2972	2289
2928	2289
2927	2289
3064	2289
2921	2289
2855	2289
3130	2289
3157	2289
2930	2289
3119	2289
2929	2289
3233	2289
3127	2289
3125	2289
2924	2289
2963	2289
3567	2289
2940	2289
3189	2289
2906	2289
3022	2289
2904	2289
2857	2289
2998	2289
2984	2289
3505	2289
3575	2289
3003	2289
2843	2289
2846	2289
3043	2289
2879	2289
3012	2289
3152	2289
3241	2289
3576	2289
3048	2289
3074	2289
2827	2289
2864	2289
2941	2289
3131	2289
2970	2289
3113	2289
3228	2289
2994	2289
2862	2289
3149	2289
3292	2289
2908	2289
3167	2289
3153	2289
2851	2289
2932	1669
2848	1669
2855	1669
2868	1669
3206	1669
2921	1669
2856	1669
3174	1669
3158	1669
2866	1669
2865	1669
2960	1669
2839	1669
2948	1669
2863	1669
2982	1669
2843	1669
2971	1669
2864	1669
3486	1669
3485	1669
2876	1669
3032	1669
3488	1669
2827	1669
3205	1669
2881	2016
2827	2016
2865	2016
2829	2016
2890	2016
2836	2016
2856	2016
2903	2016
2961	2016
2866	2016
2855	2016
2851	2016
2900	2016
3008	2016
2891	2016
2877	2016
3030	2016
2867	2016
2838	2016
3158	2016
3145	2016
2848	2016
3003	2016
2954	2016
3149	2016
2841	2016
2908	2016
2958	2016
2858	2016
2924	2016
3174	2016
3052	2016
3032	2016
2857	2016
2843	2016
3011	2016
2938	2016
3046	2016
2863	2016
3045	2016
2910	2016
2895	2016
3053	2016
2855	97
2863	97
2843	97
2961	97
2856	97
3158	97
2866	97
2836	97
2896	97
2865	97
2900	97
3008	97
2867	97
3043	97
2877	97
2890	97
2860	97
2857	97
2864	97
2983	97
2908	97
2938	97
3032	97
3046	97
3045	97
3153	97
2848	97
3041	97
2827	97
3053	97
2839	97
2866	1129
2856	1129
2855	1129
2848	1129
2843	1129
2954	1129
2829	1129
2961	1129
3145	1129
3158	1129
2854	1129
2956	1129
2963	1129
2904	1129
2860	1129
2906	1129
2900	1129
2938	1129
3008	1129
2839	1129
3012	1129
2879	1129
2924	1129
2836	1129
2867	1129
2877	1129
3030	1129
2865	1129
2895	1129
2864	1129
2891	1129
2903	1129
2967	1129
2863	1129
2958	1129
2921	1129
2858	1129
2843	1296
2903	1296
2877	1296
2857	1296
2963	1296
2855	1296
2827	1296
2961	1296
2856	1296
2948	1296
2836	1296
2839	1296
2851	1296
2906	1296
2904	1296
3046	1296
3032	1296
3045	1296
2958	1296
2938	1296
2890	1296
2867	1296
2994	1296
3052	1296
2908	1296
2863	1296
2907	1296
3158	1296
2983	1296
2864	1296
2924	1296
3008	1296
3009	1296
2900	1296
2921	1296
2848	1296
2866	1296
2891	1296
3077	1296
3511	1296
2875	1296
2853	1296
2992	1296
2970	1296
3048	1296
3219	1296
3233	1296
3172	1511
2957	1511
2879	1511
2972	1511
3203	1511
3394	1511
3395	1511
2866	1511
2856	1511
2960	1511
2855	1511
2848	1511
2885	2073
3034	2073
3216	2073
2856	2073
2879	2073
2868	2073
2993	2073
2866	2073
2924	2073
2923	2073
2864	2073
2983	2073
3311	2073
3382	2073
3017	2073
3012	2073
3153	2073
2848	2073
2843	2073
2998	2073
2882	2073
2897	2073
3389	2073
3020	2073
3056	2073
3059	2073
3254	2073
2863	2073
3061	2073
2957	1680
2848	1680
2855	1680
2960	1680
2856	1680
2866	1680
3203	1680
3394	1680
3395	1680
3067	1680
2952	1680
2923	1680
2868	1680
2879	1680
2993	1680
2865	1680
2829	1680
2995	1680
2864	1680
2983	1680
2971	1680
2851	1680
2924	1680
2885	1680
3158	1680
2872	1680
3017	1680
2860	1680
3032	1680
3368	1680
2950	1680
3207	1680
3309	1680
3381	1680
2982	1680
3379	1680
3380	1680
2827	1680
2896	1680
2949	1680
2867	1680
2843	1680
3132	1680
3149	1680
2836	1680
2854	1680
2841	1680
3174	1680
2903	1680
3153	1680
2877	2413
2863	2413
2836	2413
2827	2413
3030	2413
2890	2413
2855	2413
2860	2413
3011	2413
2866	2413
3032	2413
2857	2413
2961	2413
2843	2413
3003	2413
2856	2413
3131	2413
3008	2413
2903	2413
2865	2413
2938	2413
3034	2413
3046	2413
3045	2413
2867	2413
2864	2413
2983	2413
2962	2413
2858	2413
2848	2413
3043	2413
2908	2413
3342	2413
3031	2413
2891	2413
2928	2413
2872	2413
3011	2674
2866	2674
2856	2674
2961	2674
2855	2674
2872	2674
2848	2674
2836	2674
2900	2674
2857	2674
3008	2674
3029	2674
2829	2674
2851	2674
3252	2674
3145	2674
2891	2674
3030	2674
2867	2674
3043	2674
2860	2674
2843	2674
2890	2674
2877	2674
2863	2674
2864	2674
2983	2674
2971	2674
3045	2674
3046	2674
3032	2674
2910	2674
2858	2674
2921	2674
2938	2674
2841	207
2856	207
2885	207
2863	207
2998	207
2893	207
3040	207
3153	207
2843	207
2851	207
2948	207
2895	207
3198	207
3063	207
3053	207
2865	207
3242	207
2904	207
3055	207
3042	207
2848	207
3058	207
3027	207
2900	207
3006	207
2908	207
3323	207
2879	207
2891	207
2866	207
2933	207
3008	207
3563	207
2967	207
3132	207
3005	207
3324	207
3130	207
3081	207
2853	207
3054	207
2914	207
3158	207
2932	207
2882	207
2984	207
2864	207
3577	207
2827	207
3241	207
2953	207
3244	207
2942	207
3026	207
3273	207
3043	207
2963	207
3252	207
3031	207
3052	207
2903	207
2973	207
3080	207
2956	207
2854	207
3216	207
2935	207
3483	2234
2970	2234
3107	2234
2885	2234
3223	2234
2953	2234
2961	2234
2934	2234
2866	2234
2900	2234
3167	2234
3035	2234
3216	2234
2925	2234
2856	2234
2891	2234
3006	2234
2827	2234
3005	2234
2855	2234
2836	2234
2993	2234
2957	2234
2960	2234
2848	2234
3578	2234
2879	2234
2950	2234
3290	2234
2921	2234
3027	2234
2998	2234
2843	2234
3172	2234
2888	2234
2863	2234
3007	2234
2904	2234
2906	2234
3042	2234
2865	2234
2857	2234
3160	2234
3260	2234
2903	2234
2829	2234
2924	2234
2890	2234
3043	2234
3158	2234
3207	2234
2897	2234
2876	2234
2854	2234
2981	2234
3339	2234
3067	2234
3385	2234
2952	2234
3579	2234
2982	2234
2977	2234
2839	2234
2896	2234
3382	2234
3376	2234
2851	2234
2864	2234
3166	2234
2923	2234
3145	2234
3012	2234
3174	2234
3153	2234
2967	2234
2908	2234
3075	2234
3032	2234
3037	2234
2881	2234
2892	2234
2860	2234
2845	2234
3368	2234
3026	2234
3132	2234
3061	2234
3179	2234
3008	2234
3017	2234
2868	2234
2938	2234
2933	2234
2954	2234
3180	2234
3342	2234
3003	2234
2877	2234
2962	2234
3375	2234
2972	2234
3392	2277
2989	2277
3367	2277
2972	2277
2851	2277
3005	2277
3006	2277
2902	2277
2952	2277
2856	2277
2843	2277
2855	2277
2848	2277
2923	2277
3175	2277
3059	2277
2990	2277
2982	2277
2876	2277
2881	2277
3172	2277
3311	2277
2863	2277
3368	2277
2995	2277
2960	2277
2879	2277
3264	2277
2901	2277
2866	2277
3376	2277
3382	2277
3226	2277
2950	2277
2955	2277
2957	2277
3166	2277
3067	2277
3234	2277
3209	2277
2892	2277
3581	2277
3017	2277
3153	2277
3582	1005
3034	1005
2866	1005
3583	1005
2829	1005
3029	1005
2893	1005
2856	1005
2830	1005
2885	1005
3040	1005
2848	1005
3019	1005
3584	1005
3020	1005
2962	1005
2856	1622
2863	1622
2881	1622
2877	1622
2827	1622
3003	1622
2843	1622
3030	1622
2865	1622
2857	1622
3008	1622
2908	1622
2983	1622
2903	1622
2938	1622
2866	1622
2900	1622
3036	1622
2829	1622
2855	1622
2851	1622
2867	1622
2890	1622
2836	1622
2864	1622
3046	1622
3045	1622
2921	1622
2961	1622
2858	1622
2848	1622
2891	1622
3032	1622
3043	1622
2860	1622
2998	1622
3158	1622
3011	1622
2971	1622
3262	1622
2872	1622
2866	596
3011	596
2856	596
2881	596
2843	596
2857	596
2855	596
2877	596
2863	596
2836	596
2890	596
2904	596
3055	596
3008	596
2903	596
2938	596
2851	596
2827	596
2895	596
3036	596
2848	596
2891	596
2867	596
2900	596
2864	596
2983	596
3046	596
3045	596
2921	596
2961	596
2858	596
3032	596
3043	596
2860	596
2908	596
2998	596
3158	596
2971	596
3262	596
2872	596
2933	596
2885	596
2882	596
3585	596
2908	573
3158	573
2932	573
3036	573
2866	573
2910	573
3032	573
3046	573
2857	573
2843	573
3045	573
2860	573
2851	573
2856	573
2938	573
2848	573
2923	573
2924	573
2872	573
3030	573
2836	573
2827	573
2839	573
2865	573
3145	573
2829	573
2881	573
2867	573
2864	573
2890	573
2854	573
2855	573
2960	573
3207	573
2900	573
2971	573
2868	573
3581	573
2950	573
3020	573
3526	1029
3417	1029
3048	1029
2992	1029
2853	1029
3115	1029
2897	1029
3177	1029
2855	1029
2968	1029
2892	1029
3074	1029
3324	1029
2866	1029
3221	1029
3323	1029
3208	1029
2972	1029
2827	1029
2856	1029
2841	1029
3049	1029
3160	1029
3260	1029
2904	1029
3382	1029
3494	1029
2958	1029
3225	1029
2903	1029
3442	1029
2985	1029
3277	1029
2863	1029
3149	1029
3528	1029
2851	1029
3057	1029
2949	1029
3586	1029
3292	1029
2848	1029
3044	1029
2906	1029
2891	1029
3081	1029
3330	1029
2829	1029
2948	1029
2925	1029
3118	1029
2953	1029
3228	1029
3080	1029
3302	1029
2931	1029
2940	1029
3093	1029
2915	1029
2941	1029
2894	1029
3231	1029
3444	1029
3443	1029
3077	1029
3040	1029
2879	1029
3005	1029
3053	1029
2864	1029
2960	1029
2843	1029
3006	1029
2893	1029
3427	1029
3430	1029
2890	1029
2959	1029
2981	1029
2900	1029
3498	1029
3211	1029
3045	1029
3046	1029
3166	1029
3051	1029
3216	1029
2865	1029
3061	1029
3243	1029
3026	1029
2967	1029
3508	1029
3472	1029
3023	1029
3169	1029
2998	1029
2895	1029
2885	1029
2955	2320
2950	2320
2952	2320
2848	2320
2879	2320
2864	2320
2921	2320
2863	2320
2903	2320
2881	2320
2868	2320
2856	2320
2960	2320
3149	2320
2843	2320
2890	2320
2981	2320
2997	2320
2851	2320
2829	2320
3131	2320
2836	2320
2929	2320
3212	2320
2866	2320
2928	2320
3032	2320
2924	2320
3034	2320
3298	2320
3043	2320
3141	2320
2827	2320
3158	2320
3174	2320
2896	2320
3191	2320
3416	2320
3003	2320
3132	2320
2953	2320
3190	2320
3008	2320
3167	2320
3026	2320
2857	2320
2925	2320
2923	2320
3074	2320
3042	2320
2893	2320
3062	2320
2933	2320
2967	2320
3186	2320
2857	123
2932	123
2877	123
2843	123
2903	123
2961	123
2856	123
3003	123
2848	123
2866	123
3059	123
3158	123
2855	123
2867	644
3314	644
3317	644
2923	644
2857	644
2900	644
2866	644
2924	644
3011	644
2848	644
2829	644
3032	644
2961	644
2865	644
3044	644
3158	644
2856	644
3034	644
3036	644
2919	977
3074	977
2836	977
3132	977
3104	977
2881	977
2995	977
2989	977
2924	977
2845	977
2857	977
2856	977
3037	977
2967	977
2827	977
2865	977
2855	977
2998	977
3013	977
3042	977
2829	977
2839	977
2923	977
2961	977
2890	977
3149	977
2904	977
3055	977
3186	977
3026	977
2882	977
2926	977
2885	977
3209	977
2952	977
2907	977
2876	977
2998	903
3008	903
2895	903
2843	903
2900	903
2856	903
2863	903
3032	903
2885	903
2938	903
2841	903
2836	903
2867	903
2860	903
3031	903
2963	903
2891	903
2865	903
2992	903
2830	903
3013	903
3040	903
2868	903
3105	903
3304	903
3390	903
3243	903
3026	903
3139	903
2848	903
2967	903
2997	1910
3040	1910
2856	1910
2948	1910
2829	1910
3032	1910
2961	1910
2953	1910
2857	1910
2925	1910
3034	1910
2885	1910
2923	1910
3030	1910
2865	1910
3053	1910
2867	1910
2932	1910
2866	1910
2848	1910
2938	1910
2924	1910
3011	1043
2866	1043
2856	1043
2961	1043
3145	1043
2863	1043
2851	1043
3034	1043
2848	1043
2855	1043
3216	1043
2839	1043
3003	1043
2836	1043
2857	1043
3008	1043
2829	1043
3131	1043
2885	1043
2827	1043
2903	1043
3241	1043
2867	1043
2877	1043
2890	1043
2881	1043
2983	1043
2864	1043
2891	1043
3046	1043
2971	1043
2872	1043
3045	1043
3043	1043
2938	1043
2908	1043
3032	1043
3238	1043
2910	1043
2860	1043
2843	1043
3011	2550
2866	2550
2856	2550
2961	2550
3145	2550
2863	2550
2851	2550
3034	2550
2848	2550
2855	2550
3216	2550
2827	2550
3053	2550
3003	2550
2836	2550
2857	2550
3008	2550
2829	2550
3131	2550
2885	2550
2903	2550
3241	2550
2867	2550
2877	2550
2890	2550
2881	2550
2983	2550
2864	2550
2891	2550
3046	2550
2971	2550
2872	2550
3045	2550
3043	2550
2938	2550
2908	2550
3032	2550
3238	2550
2910	2550
2860	2550
2843	2550
2948	2550
3055	2550
2904	2550
2984	2550
2843	2137
2867	2137
2890	2137
2877	2137
2863	2137
2836	2137
2908	2137
2855	2137
3032	2137
3036	2137
2857	2137
2856	2137
2903	2137
2971	2137
2879	2137
2904	2137
3238	2137
2906	2137
2866	2137
2851	2137
2864	2137
2862	2137
3149	2137
2872	2137
3214	2137
2881	2137
2994	2137
2948	2137
2885	2137
2865	2137
3145	2137
3055	2137
2984	2137
3317	2137
3067	2108
2881	2108
2843	2108
2866	2108
2864	2108
2868	2108
2993	2108
2924	2108
3173	2108
3052	2108
3062	2108
3052	1561
3173	1561
2881	1561
3172	1561
2864	1561
2868	1561
2856	1194
2827	1194
2863	1194
3153	1194
2877	1194
2933	1194
3030	1194
2900	1194
3037	1194
3003	1194
2857	1194
3008	1194
2903	1194
2843	1194
3145	1194
2848	1194
2855	1194
2865	1194
2890	1194
2867	1194
3158	1194
2961	1194
3009	1194
2851	1194
2983	1194
2858	1194
2866	1194
2907	1194
2921	1194
2938	1194
3032	1194
3046	1194
3017	1194
3045	1194
2908	1194
3052	1194
2881	1194
2860	1194
2879	1194
3034	1194
2891	1194
2864	1194
2856	1958
2827	1958
2863	1958
3153	1958
2877	1958
2933	1958
3030	1958
2900	1958
3037	1958
3003	1958
2857	1958
3008	1958
2903	1958
2843	1958
3145	1958
2848	1958
2855	1958
2865	1958
2890	1958
2836	1958
2867	1958
3158	1958
3009	1958
2851	1958
2983	1958
2866	1958
3046	1958
2938	1958
2858	1958
2920	1958
2961	1958
3032	1958
3045	1958
2902	1958
2860	1958
3173	1958
2910	1958
2971	1958
3043	1958
2908	1958
3034	1958
2891	1958
2864	1958
2856	1598
2863	1598
2881	1598
2890	1598
2836	1598
2900	1598
2827	1598
3008	1598
2829	1598
2903	1598
2962	1598
2866	1598
3145	1598
2921	1598
2839	1598
2855	1598
2851	1598
2843	1598
2867	1598
2877	1598
2864	1598
2983	1598
2848	1598
2872	1598
3045	1598
3046	1598
3032	1598
3043	1598
2858	1598
2961	1598
2857	1598
2971	1598
2938	1598
2879	1598
2866	250
3011	250
2856	250
2881	250
2843	250
2857	250
2855	250
2877	250
2863	250
2836	250
2890	250
2904	250
3055	250
3008	250
2903	250
2938	250
2851	250
2827	250
2895	250
3036	250
2848	250
2891	250
2867	250
2900	250
2864	250
2983	250
3032	250
2872	250
3045	250
3046	250
2961	250
3043	250
2858	250
2921	250
2971	250
2879	250
2856	1883
2863	1883
2881	1883
2890	1883
2827	1883
2836	1883
2900	1883
3008	1883
2983	1883
2908	1883
2855	1883
2938	1883
2903	1883
2866	1883
3036	1883
2839	1883
2843	1883
2867	1883
2877	1883
2864	1883
3032	1883
2971	1883
3046	1883
2885	1883
2848	1883
3045	1883
2961	1883
2857	1883
2858	1883
2910	1883
2923	1883
2860	1883
2866	33
3011	33
2856	33
2881	33
2843	33
2857	33
2855	33
2877	33
2863	33
2836	33
2890	33
2904	33
3055	33
3008	33
2903	33
2938	33
2839	33
2851	33
2827	33
2895	33
3036	33
2848	33
2891	33
2867	33
2900	33
2864	33
2983	33
2961	33
3032	33
2971	33
3046	33
2885	33
3045	33
2860	33
2910	33
2923	33
3031	2246
2885	2246
2848	2246
2967	2246
2924	2246
3186	2246
3022	2246
3557	2246
3042	2246
2872	2246
2866	2246
2960	2246
2827	2246
2896	2246
2948	2246
2903	2246
2998	2246
2855	2246
2881	2246
3051	2246
2957	2246
2907	2246
2972	2246
2876	2246
2856	2246
2923	2246
2961	2246
2863	2246
3017	2246
3012	2297
2923	2297
2989	2297
2848	2297
3017	2297
2851	2297
2903	2297
2866	2297
2998	2297
2856	2297
2865	2297
3037	2297
2876	2297
2960	2297
2924	2297
2957	2297
2855	2297
2863	2297
3069	2297
2900	2297
3036	2297
3027	2297
2967	2297
3062	2297
2885	2297
2891	2297
3209	1744
2995	1744
2903	1744
2961	1744
2866	1744
3043	1744
3034	1744
2967	1744
3037	1744
2855	1744
3190	1744
2856	1744
2890	1744
3365	1744
2994	1744
3587	1744
3189	1744
2834	1744
2882	1744
3186	1744
2920	2065
3055	2065
2967	2065
2922	2065
3160	2065
3260	2065
2863	2065
2856	2065
2903	2065
3030	2065
3037	2065
2856	2122
2881	2122
2890	2122
2863	2122
2836	2122
2827	2122
2900	2122
3008	2122
2983	2122
2855	2122
2938	2122
2866	2122
2865	2122
3036	2122
2839	2122
2843	2122
2867	2122
2877	2122
2864	2122
3046	2122
3045	2122
2961	2122
3032	2122
2848	2122
2971	2122
2923	2122
2860	2122
3043	2122
2904	2122
2906	2122
2857	2122
3027	2122
2882	2122
3051	2122
2851	2122
2866	980
3011	980
2856	980
2881	980
2843	980
2857	980
2855	980
2877	980
2863	980
2836	980
2890	980
2904	980
3055	980
3008	980
2903	980
2938	980
2839	980
2851	980
2827	980
2895	980
3036	980
2848	980
2891	980
2867	980
2864	980
2983	980
3046	980
3045	980
2961	980
3032	980
2971	980
2923	980
2860	980
3043	980
2906	980
3027	980
2882	980
3051	980
2897	980
2967	980
3131	980
2885	980
2926	2170
2982	2170
3190	2170
2866	2170
3022	2170
3034	2170
3037	2170
2885	2170
2998	2170
2843	2170
3118	2170
2930	2170
2860	2170
2910	2170
2836	1945
2900	1945
3003	1945
2855	1945
2961	1945
2827	1945
2983	1945
2877	1945
2863	1945
2856	1945
2865	1945
2841	1945
2857	1945
3358	1945
2864	1945
3031	1945
3026	1945
3054	1945
2829	1945
3030	1945
2963	1945
2866	1945
2924	1945
2933	1945
2921	1945
2843	1945
2851	1945
2848	1945
2971	1945
3007	1945
3017	1945
2868	1945
2928	1945
3011	1945
3013	1945
2860	1945
3135	1945
3032	1945
3217	1945
3212	1945
2920	1945
3492	1945
2922	1945
2967	1945
2897	1945
3241	1945
2892	1945
2879	1945
2856	2470
2863	2470
2881	2470
2890	2470
2827	2470
2836	2470
2900	2470
3008	2470
2983	2470
2908	2470
2855	2470
2938	2470
2903	2470
2866	2470
3036	2470
2864	2470
2851	2470
2843	2470
2867	2470
2877	2470
3046	2470
3045	2470
2858	2470
3043	2470
3032	2470
2885	2470
2910	2470
2961	2470
2960	2470
2856	2242
2881	2242
2843	2242
2866	2242
2857	2242
2855	2242
2877	2242
2863	2242
2836	2242
2890	2242
2904	2242
3055	2242
3008	2242
2903	2242
2938	2242
2851	2242
2864	2242
2827	2242
2895	2242
3036	2242
2848	2242
2962	2242
2867	2242
2983	2242
2891	2242
3046	2242
3045	2242
2961	2242
2858	2242
3032	2242
2910	2242
2960	2242
2897	2242
3144	2242
3009	2242
2904	476
3055	476
3321	476
2860	476
2864	476
2857	476
2872	476
2856	476
2866	476
2848	476
2863	476
3174	476
2855	476
2877	476
2922	476
3032	476
2938	476
2920	476
2921	476
2893	476
3045	476
2879	476
3046	476
2836	476
2867	476
3043	476
3492	476
3075	476
2963	476
3003	476
2841	476
2843	476
2961	476
2876	476
2936	476
2907	476
2908	476
2891	476
2907	1983
2857	1983
2971	1983
3017	1983
2856	1983
2836	1983
2862	1983
2863	1983
3045	1983
3046	1983
3005	1983
3006	1983
2871	1983
2963	1983
2877	1983
2855	1983
2848	1983
2890	1983
2843	1983
2858	1983
3492	1983
3030	1983
2865	1983
2895	1983
2903	1983
3032	1983
2868	1983
3011	411
2885	411
2856	411
2848	411
2863	411
2872	411
2827	411
2948	411
2851	411
2843	411
2836	411
2877	411
3003	411
2857	411
3034	411
3008	411
3046	411
3045	411
3023	411
3158	411
2855	411
3030	411
2866	411
3032	411
2869	411
2860	411
3145	411
2890	411
2867	411
2900	411
2864	411
2983	411
2938	411
2921	411
2858	411
2961	411
3043	411
2908	411
3036	411
3040	411
3064	411
2932	411
3367	994
3234	994
3059	994
2881	994
2868	994
3153	994
2863	994
2921	994
2924	994
2864	994
2952	994
2994	994
2851	994
2951	994
2949	994
2959	994
2856	994
2829	994
2865	994
2866	994
2903	994
3020	994
2996	994
2993	994
2972	994
3029	994
2907	994
2876	994
2960	994
2857	994
2838	994
2827	994
3207	994
2938	994
3022	994
2836	994
2987	994
2986	994
2843	994
2961	994
3150	994
3151	994
2890	994
2855	994
3588	994
2848	994
2879	994
2900	994
3037	994
3003	994
2885	994
2891	994
3005	994
3006	994
3012	994
3170	994
3321	994
2860	994
2846	994
3072	994
2834	994
2967	994
2932	994
2934	994
3026	994
3216	994
3308	994
2933	994
3262	994
3032	994
2908	994
3148	994
3332	994
3076	994
3252	2619
2866	2619
3046	2619
3045	2619
2929	2619
2900	2619
2885	2619
2904	2619
2906	2619
3041	2619
2961	2619
3012	2619
3027	2619
3051	2619
2998	2619
2860	2619
3035	2619
2856	2619
2938	2619
3130	2619
3128	2619
2912	2619
3086	2619
3416	2619
3233	2619
2841	2619
2895	2619
3003	2619
2911	2619
2871	2619
3243	2619
2903	2619
3055	2619
2921	2619
3212	2619
2872	2619
3321	2619
3131	2619
3133	2619
2928	2619
2927	2619
3342	2619
3145	2619
2857	2619
3158	2619
3008	2619
3030	2619
3038	2619
3061	2619
3034	2619
3179	2619
3169	2619
2865	2619
3037	2619
2925	2619
2967	2619
3295	2619
2907	2619
2948	2619
2864	2619
3121	2619
3185	2619
2853	2619
3589	2619
3085	2619
2915	2619
3227	2619
2827	2619
3556	2619
3502	2619
2942	2619
2918	2619
3081	2619
3132	2619
2910	2619
2984	2619
2848	2619
2843	2619
2933	2619
2855	2619
3044	2619
2973	2619
2932	2619
3286	2619
3326	2619
3032	2619
3164	2619
2889	2619
3501	2619
3042	797
2948	797
2872	797
3317	797
2851	797
2856	797
2866	797
2855	797
2848	797
3303	797
2829	797
2960	797
3141	797
2857	797
3207	797
2984	797
2924	797
2923	797
2865	797
3046	797
3045	797
2961	797
2928	797
3212	797
2881	2174
2900	2174
2856	2174
2866	2174
2843	2174
2857	2174
2855	2174
2890	2174
2836	2174
3003	2174
3008	2174
2938	2174
2903	2174
2839	2174
2961	2174
3009	2174
2867	2174
2877	2174
2863	2174
2864	2174
2983	2174
2962	2174
3032	2174
3046	2174
2858	2174
3037	2174
3045	2174
3022	2174
2932	2174
2860	2174
2921	2174
3043	2174
2851	2174
3030	2174
2865	2174
3149	2174
2841	2174
2891	2174
2848	2174
2866	79
2864	79
3032	79
2856	79
2857	79
3262	79
2924	79
2865	79
2868	79
2957	79
2993	79
2903	79
2960	79
2994	79
2855	79
2972	79
2851	79
3149	79
3181	79
2839	79
2829	79
2963	79
2953	79
2843	79
2862	79
2848	79
2863	79
2827	79
2879	79
2838	79
2902	79
2876	79
2948	79
2901	79
3003	79
3043	79
2971	79
3317	79
2984	79
2896	79
2967	79
3177	79
3048	79
3121	79
2853	79
3119	79
3093	79
3152	79
2834	79
2841	79
2959	79
3126	79
3132	79
3320	79
2845	79
2956	79
2998	79
2992	79
3051	79
2988	79
2925	79
2856	860
2923	860
2848	860
2866	860
3145	860
2903	860
2924	860
2829	860
2865	860
3036	860
2891	860
3030	860
2867	860
3053	860
2938	860
3032	860
2855	860
3045	860
3046	860
2851	860
2961	860
2885	860
2856	179
2923	179
2848	179
2866	179
3145	179
2903	179
2896	179
2829	179
2865	179
2962	179
3036	179
3030	179
2867	179
3053	179
2924	179
2938	179
2891	179
3032	179
2855	179
3045	179
3046	179
2851	179
2961	179
2885	179
2885	2218
3069	2218
2865	2218
2856	2218
2863	2218
2881	2218
2864	2218
2841	2218
2879	2218
2891	2218
2972	2218
2866	2218
2984	2218
2948	2218
2890	2218
2827	2218
2855	2218
2876	2218
2845	2218
2851	2218
2961	2218
3149	2218
3023	2218
2892	2218
2829	2218
3043	2218
2960	2218
3067	2218
2838	2218
2951	2218
2959	2218
2839	2218
2848	2218
2989	2218
3005	2218
3014	2218
2903	2218
2924	2218
2963	2218
2843	2218
2902	2218
2933	2218
3254	2218
2896	2218
3327	2218
2950	2218
3226	2218
2982	2218
3175	2218
2957	2218
2954	2218
3291	2218
3059	2218
2949	2218
3044	2218
3184	2218
2994	2218
2988	2218
2952	2218
3006	2218
3141	2218
2901	2218
3512	2218
3513	2218
2970	2218
3042	2218
2897	2218
3372	2218
3177	2218
3132	2218
2856	846
3055	846
2972	846
2863	846
2879	846
2851	846
2904	846
3043	846
2857	846
2841	846
3327	846
2868	846
2957	846
2891	846
3012	846
2827	846
2924	846
2843	846
3249	846
3166	846
2834	846
2961	846
2855	846
2854	846
2864	846
3149	846
2994	846
2902	846
2881	846
2876	846
2866	846
3209	846
2848	846
3226	846
2954	846
2839	846
2960	846
2845	846
2952	846
3234	846
3141	846
2950	846
3159	846
3376	846
2838	846
2865	846
3214	846
2890	846
2996	846
3382	846
3059	846
2901	846
2892	846
2993	846
2990	846
3006	846
2991	846
3005	846
2860	846
2858	846
3254	846
2885	846
2953	846
3042	846
3132	846
3314	846
2948	846
2862	846
3231	846
2925	846
3100	846
3177	846
3092	846
3198	846
2989	846
2831	846
2880	846
3329	846
3071	846
3282	846
3258	2544
2912	2544
2903	2544
3556	2544
3002	2544
3035	2544
2885	2544
2932	2544
3061	2544
3034	2544
3081	2544
3375	2544
2967	2544
3416	2544
3179	2544
3008	2544
3158	2544
3191	2544
3216	2544
2916	2544
3195	2544
3037	2544
3046	2544
3045	2544
3093	2544
3119	2544
2940	2544
2928	2544
2933	2544
2845	2544
2925	2544
3009	2544
3026	2544
3054	2544
3298	2544
3144	2544
2891	2544
3590	2544
3360	1582
2876	1582
2890	1582
2841	1582
3502	1582
2990	1582
2846	1582
3292	1582
2863	1582
3314	1582
3141	1582
2862	1582
3052	1582
2991	1582
3501	1582
3223	1582
2892	1582
3012	1582
2955	1582
3049	1582
2958	1582
3005	1582
3446	1582
3006	1582
2866	1582
3290	1582
2902	1582
2901	1582
2960	1582
2857	1582
3175	1582
3042	1582
3449	1582
3591	1582
2851	1582
3257	1582
2843	1582
2848	1582
3588	1582
2881	1582
2879	1582
3377	1582
3378	1582
2889	1582
2840	1582
3507	1582
3217	1582
3132	1582
2834	1582
3215	1582
2989	1582
2856	1582
2925	1582
2891	1582
3033	1582
2896	1582
2979	1582
3293	1582
2903	1582
2948	1582
2988	1582
2856	1677
2863	1677
2851	1677
2855	1677
2866	1677
2827	1677
2954	1677
2836	1677
3029	1677
2848	1677
2924	1677
2900	1677
3008	1677
2903	1677
2867	1677
2890	1677
2877	1677
2864	1677
2983	1677
2938	1677
2961	1677
3032	1677
3045	1677
3046	1677
3043	1677
2843	1677
3161	1677
3302	1677
2860	1677
2857	1677
2866	1886
3011	1886
2856	1886
2881	1886
2890	1886
2836	1886
2857	1886
3003	1886
2843	1886
3008	1886
2855	1886
2827	1886
2903	1886
3131	1886
2851	1886
3161	1886
3255	1886
2867	1886
2877	1886
2863	1886
2900	1886
2864	1886
2983	1886
2938	1886
2961	1886
3032	1886
2962	1886
3045	1886
3046	1886
3043	1886
3302	1886
2860	1886
2856	180
2863	180
2851	180
2855	180
2866	180
2827	180
2954	180
2836	180
3029	180
2848	180
2924	180
2900	180
3008	180
2903	180
2867	180
2890	180
2877	180
2881	180
2879	180
2864	180
2983	180
2961	180
2921	180
2938	180
3032	180
3045	180
2891	180
3046	180
3043	180
2843	180
3161	180
3302	180
2860	180
2910	180
2866	1341
3011	1341
2856	1341
2881	1341
2890	1341
2836	1341
2857	1341
3003	1341
2843	1341
3008	1341
2855	1341
2827	1341
2903	1341
3131	1341
2851	1341
3161	1341
3255	1341
2867	1341
2877	1341
2863	1341
2864	1341
2983	1341
2961	1341
2921	1341
2938	1341
3032	1341
3045	1341
2962	1341
3046	1341
3043	1341
3302	1341
2860	1341
2910	1341
2856	2345
2866	2345
2848	2345
3032	2345
2841	2345
2851	2345
2843	2345
2863	2345
2876	2345
2953	2345
2972	2345
3149	2345
2827	2345
3303	2345
2864	2345
2998	2345
2960	2345
3043	2345
3382	2345
2961	2345
2855	2345
3119	2345
3107	2345
2865	2345
2901	2345
2902	2345
2943	2345
2829	2345
2992	2345
2888	2345
2957	2345
2856	1105
2863	1105
2851	1105
2855	1105
2866	1105
2827	1105
2954	1105
2836	1105
3029	1105
2848	1105
2924	1105
2900	1105
3008	1105
2903	1105
2867	1105
2890	1105
2877	1105
2864	1105
2983	1105
2938	1105
3022	1105
2908	1105
3032	1105
3045	1105
2910	1105
2857	1105
3046	1105
3043	1105
3161	1105
3302	1105
2860	1105
2961	1105
2858	1105
2866	894
3011	894
2856	894
2881	894
2890	894
2836	894
2857	894
3003	894
2843	894
3008	894
2855	894
2827	894
2903	894
3131	894
2851	894
3161	894
3255	894
2867	894
2877	894
2863	894
2900	894
2864	894
2983	894
2938	894
2908	894
2848	894
3032	894
3045	894
2910	894
3046	894
3043	894
3302	894
2860	894
2961	894
2858	894
2924	894
2865	2048
2993	2048
3159	2048
2851	2048
2841	2048
2885	2048
2848	2048
2866	2048
3234	2048
2952	2048
3067	2048
2856	2048
2957	2048
2863	2048
2960	2048
3226	2048
2876	2048
2972	2048
2855	2048
2994	2048
2890	2048
2881	2048
2827	2048
2843	2048
2839	2048
3209	2048
2984	2048
2829	2048
2959	2048
2862	2048
2961	2048
2982	2048
2846	2048
2902	2048
3006	2048
3430	2048
3512	2048
3513	2048
3427	2048
3005	2048
2901	2048
2995	2048
2949	2048
2879	2048
3181	2048
3287	2048
3166	2048
2857	2048
2864	2048
3043	2048
2924	2048
2892	2048
3377	2048
2998	2048
3378	2048
2996	2048
3141	2048
2954	2048
3292	2048
3327	2048
2903	2048
2868	2048
2845	2048
3149	2048
3592	2048
2831	2048
3215	2048
3303	2048
2948	2048
2888	2048
3426	2048
3014	2048
3129	2048
2971	2048
3314	2048
3032	2048
2933	2048
2880	2048
2925	2048
3511	2048
2853	2048
2866	2045
3011	2045
2856	2045
2851	2045
2855	2045
2895	2045
3145	2045
2857	2045
3013	2045
2867	2045
2863	2045
2836	2045
2890	2045
2904	2045
3055	2045
3008	2045
2865	2045
2938	2045
3255	2045
3161	2045
3043	2045
2901	2045
2902	2045
2860	2045
2879	2045
2843	2045
2877	2045
2900	2045
2864	2045
2983	2045
3191	2045
2921	2045
2858	2045
2885	2045
2848	2045
2961	2045
3032	2045
2908	2045
3342	2045
3031	2045
2891	2045
2928	2045
2872	2045
2967	2045
2897	2045
2933	2045
3148	2045
2856	520
2957	520
2949	520
2827	520
2855	520
2829	520
3181	520
2993	520
2868	520
2864	520
2866	520
2984	520
2924	520
2891	520
2903	520
3149	520
3043	1162
2863	1162
2889	1162
2960	1162
2855	1162
3051	1162
2998	1162
3206	1162
3145	1162
3034	1162
2903	1162
2839	1162
2885	1162
2890	1162
2860	1162
2892	1162
2836	1162
3593	1162
3555	1162
2994	1162
3427	1162
3430	1162
3006	1162
3005	1162
3017	1162
2900	1162
3226	1162
2972	1162
2954	1162
2827	1162
2895	1162
2868	1162
2866	1162
2961	1162
2856	1162
3391	1162
2829	1162
3199	1162
3200	1162
2951	1162
2952	1162
3067	1162
2857	1162
3059	1162
2879	1162
2891	1162
3211	1162
2881	1162
2910	1162
3191	1162
2864	1162
3037	1162
3243	1162
2834	163
3008	163
2944	163
2882	163
3390	163
2967	163
2912	163
3026	163
3179	163
3594	163
3081	163
3258	163
2874	163
3094	163
3286	163
2853	163
3037	163
3326	163
2925	163
3556	163
3148	163
3226	1201
2873	1201
2856	1201
3051	1201
2848	1201
2855	1201
2998	1201
2889	1201
3211	1201
3206	1201
3034	1201
3145	1201
3040	1201
3032	1201
2909	1201
3003	1201
2846	1201
2895	1201
2863	1201
2891	1201
3430	1201
3427	1201
3444	1201
3443	1201
3005	1201
3006	1201
2900	1201
3351	1201
2839	1201
2827	1201
2843	1201
2866	1201
2829	1201
2865	1201
2851	1201
2981	1201
2879	1201
2857	1201
2938	1201
2864	1201
2903	1201
3141	1201
3445	1201
2892	1201
2834	1201
2967	1201
3026	1201
3025	1201
2926	1201
2843	479
2863	479
2893	479
2856	479
2839	479
2895	479
2877	479
2827	479
2904	479
2906	479
2867	479
2857	479
2845	479
3008	479
2836	479
2961	479
3043	479
2866	479
2920	479
2922	479
2855	479
2938	479
2864	479
2932	479
3046	479
3064	479
2890	479
2865	479
3030	479
2881	479
2848	479
2958	479
2851	479
2983	479
3045	479
2891	479
2860	479
3032	479
2948	479
2876	479
2900	479
2907	479
2908	479
2902	479
2921	479
3242	479
2901	479
3148	479
3061	479
2897	479
3035	479
2885	479
3022	479
2903	479
3067	2664
2856	2664
2843	2664
2952	2664
2885	2664
2864	2664
2892	2664
2839	2664
2959	2664
2863	2664
2881	2664
2851	2664
3057	2664
2954	2664
2855	2664
2876	2664
2896	2664
2829	2664
2900	2664
2857	2664
2960	2664
2848	2664
2924	2664
2866	2664
2971	2664
2827	2664
2890	2664
3037	2664
3243	2664
3382	2664
2889	2664
3593	2664
2860	2664
2901	2664
2902	2664
3443	2664
3444	2664
2993	2664
3008	2664
2961	2664
3262	2664
3017	2664
2940	2664
3124	2664
2994	2664
3567	2664
2957	2664
2865	2664
2997	2664
2891	2664
2895	2664
3026	2664
3003	2664
2998	2664
3040	2664
2879	2664
2950	2664
2972	2664
3051	2664
3048	1445
3223	1445
2880	1445
2888	1445
2881	1445
2953	1445
3483	1445
2855	1445
2961	1445
2925	1445
2894	1445
2863	1445
3532	1445
3145	1445
2934	1445
2891	1445
2885	1445
2866	1445
2856	1445
2903	1445
2922	1445
2920	1445
3375	1445
2836	1445
2879	1445
2948	1445
2857	1445
3045	1445
3578	1445
2877	1445
2957	1445
2900	1445
2848	1445
2851	1445
3160	1445
3260	1445
2872	1445
2843	1445
2921	1445
3027	1445
2864	1445
2876	1445
3059	1445
3046	1445
2865	1445
3289	1445
3172	1445
2924	1445
2829	1445
2845	1445
2897	1445
2839	1445
3166	1445
3043	1445
2938	1445
2960	1445
2896	1445
2981	1445
3035	1445
2827	1445
3037	1445
3174	1445
3012	1445
3205	1445
2950	1445
3067	1445
3030	1445
3158	1445
2959	1445
2949	1445
3207	1445
3339	1445
3579	1445
2992	1445
3385	1445
3290	1445
3226	1445
2952	1445
2993	1445
2904	1445
3055	1445
2982	1445
3173	1445
2991	1445
2908	1445
2990	1445
3209	1445
2860	1445
3216	1445
3026	1445
3132	1445
3061	1445
3057	1445
2868	1445
3017	1445
3003	1445
3180	1445
3051	1445
2841	1445
2957	1413
2960	1413
2876	1413
3280	1413
2856	1413
2851	1413
2923	1413
2993	1413
2868	1413
2879	1413
2866	1413
2829	1413
2848	1413
2924	1413
2926	128
2982	128
3190	128
2866	128
3022	128
3034	128
3037	128
2885	128
2910	128
3031	128
2848	128
2967	128
2924	128
3186	128
3557	128
3042	128
2872	128
2960	128
2827	128
2896	128
2948	128
2903	128
2998	128
2855	128
2881	128
2957	128
2907	128
2972	128
2876	128
2856	128
2923	128
2961	128
2863	128
3017	128
3051	128
2920	128
3055	128
2922	128
3160	128
3260	128
3030	128
2843	128
3118	128
2930	128
2860	128
2919	128
3074	128
2836	128
3132	128
3104	128
2995	128
2989	128
2845	128
2857	128
2865	128
3013	128
2829	128
2839	128
2890	128
3149	128
2904	128
3026	128
2882	128
3209	128
2952	128
3043	128
3365	128
2994	128
3587	128
3189	128
2834	128
2867	128
3314	128
3317	128
2900	128
3011	128
3032	128
3044	128
3158	128
3036	128
3012	128
2851	128
3069	128
3027	128
3062	128
2891	128
2932	128
2877	128
3003	128
3059	128
2981	128
3131	128
3141	128
2929	128
2921	128
2997	128
3212	128
2928	128
3298	128
3191	128
2955	128
3416	128
3167	128
2868	128
2879	128
2893	128
3008	128
2953	128
2925	128
3174	128
2864	128
2950	128
2933	128
2892	128
3595	128
3596	128
3040	128
3523	128
3028	128
2934	128
2975	128
3597	128
3014	128
3184	128
3343	128
2853	128
3054	128
3376	128
3282	128
2912	128
2992	128
3236	128
3128	128
3130	128
2895	128
2858	128
3145	128
3153	128
3243	128
3187	128
2904	483
3028	483
2864	483
2955	483
3234	483
3226	483
2924	483
3011	483
2866	483
3062	483
2938	483
3055	483
2829	483
2993	483
2865	483
2903	483
2885	483
2891	483
3030	483
2950	483
3581	483
3043	483
2827	483
2856	483
3242	483
2851	483
2987	483
2986	483
2895	483
2900	483
3072	483
2957	483
2952	483
3382	483
2843	483
3339	483
2839	483
3207	483
3288	536
2827	536
2866	536
2856	536
2948	536
3057	536
2829	536
3032	536
3158	536
3023	536
2839	536
2960	536
2855	536
3145	536
2868	536
2952	536
2993	536
2865	536
3286	952
2853	952
3589	952
3556	952
3119	952
3403	952
2912	952
2866	952
2915	952
3080	952
2888	952
3087	952
3224	952
3085	952
3252	952
2918	952
2932	952
3158	952
2925	952
3061	952
3011	952
2992	952
3081	952
3152	952
3598	952
3195	952
2916	952
3121	952
3374	952
3548	952
2963	952
2874	952
3026	952
3048	952
3084	952
2967	952
3037	952
3126	952
3599	952
3169	952
3031	952
3342	952
3452	952
3008	952
3419	952
2908	952
2856	952
2930	952
3594	952
3145	952
2855	952
2894	952
2865	952
3233	952
3416	952
3042	952
2872	952
3040	952
2897	952
3034	952
3216	952
3600	952
3601	952
3575	952
3285	952
2891	952
3086	952
3232	952
3012	952
2926	952
3375	952
3144	952
3322	952
3602	952
3113	952
3523	952
3258	952
3036	952
2854	952
2900	952
2928	952
2971	952
3032	952
2961	952
3046	952
3045	952
3319	952
3164	952
3179	952
2885	952
2882	952
3096	952
2889	952
3027	952
3231	952
3141	952
3133	952
3321	952
3002	952
3178	952
3035	952
3295	952
2938	952
3603	952
3326	952
3058	952
3185	952
3205	952
3190	952
3568	952
2940	952
3074	952
2950	952
2993	952
2841	952
2857	952
2942	952
3053	952
2924	952
3571	952
2856	1888
2866	1888
2863	1888
2881	1888
2855	1888
2864	1888
2890	1888
2953	1888
2925	1888
3036	1888
2877	1888
2938	1888
2836	1888
2843	1888
2895	1888
2904	1888
3055	1888
3131	1888
3008	1888
2961	1888
2867	1888
2827	1888
2900	1888
2851	1888
2983	1888
2860	1888
3011	1888
2858	1888
3032	1888
3045	1888
2910	1888
3046	1888
2845	1888
2967	1888
3009	1888
2885	1888
3037	1205
2906	1205
3414	1205
2938	1205
2924	1205
3012	1205
2848	1205
2864	1205
3055	1205
3587	1205
3189	1205
3509	1205
3424	1205
3004	1205
2843	1205
3025	1205
3015	1205
2856	1205
2867	1205
2972	1205
2952	1205
2904	1205
3166	1205
2994	1205
2839	1205
2827	1205
2885	1205
3282	1205
2856	2634
2863	2634
2881	2634
2827	2634
3003	2634
2836	2634
2843	2634
2857	2634
3008	2634
2829	2634
2865	2634
2938	2634
3036	2634
2839	2634
3252	2634
2855	2634
2851	2634
2890	2634
2867	2634
2877	2634
2864	2634
2983	2634
3032	2634
2860	2634
2967	2634
3009	2634
3045	2634
2848	2634
2961	2634
2866	2634
3011	2634
2885	2634
2910	2634
2908	2634
3046	2634
2856	1730
2881	1730
2936	1730
2890	1730
2846	1730
2962	1730
2961	1730
2836	1730
2904	1730
3055	1730
3008	1730
3003	1730
2863	1730
3158	1730
3036	1730
3145	1730
2867	1730
3030	1730
2900	1730
2864	1730
2851	1730
2983	1730
2855	1730
2938	1730
3011	1730
2843	1730
2858	1730
3032	1730
3045	1730
2860	1730
3046	1730
3043	1730
2908	1730
2857	1730
2866	1730
2998	1730
2910	1730
2960	1730
2967	1730
3009	1730
3217	1730
2933	1730
2948	1730
3040	1730
3026	1730
2885	1730
3031	1730
2891	1730
2827	676
2904	676
2906	676
2881	676
2839	676
2867	676
2856	676
2857	676
2855	676
2891	676
2885	676
2922	676
2981	676
2903	676
2851	676
2865	676
2920	676
2864	676
2983	676
3046	676
3045	676
2866	676
3052	676
3032	676
2863	676
2843	676
2921	676
2961	676
2860	1331
3017	1331
3045	1331
3046	1331
2901	1331
2902	1331
2863	1331
2855	1331
2856	1331
3032	1331
2851	1331
2938	1331
2904	1331
2906	1331
2857	1331
2891	1331
3158	1331
2885	1331
2962	1331
2866	1331
2881	1331
3053	1331
2865	1331
2843	1331
3011	1331
2936	1331
2867	1331
2864	1331
2983	1331
2856	2225
2881	2225
2863	2225
2827	2225
3003	2225
2836	2225
2857	2225
2843	2225
3008	2225
2829	2225
2903	2225
2938	2225
3036	2225
2839	2225
3252	2225
2855	2225
2890	2225
2867	2225
2877	2225
2864	2225
2983	2225
2900	2225
2866	2225
3066	2225
2908	2225
3032	2225
2961	2225
3045	2225
2910	2225
3046	2225
3043	2225
2860	2225
2921	2225
2829	998
2827	998
2896	998
2890	998
2839	998
2959	998
2994	998
2949	998
2903	998
2865	998
2933	998
3057	998
2968	998
3221	998
3266	998
2958	998
2857	998
3604	998
2948	998
2866	998
2856	998
2845	998
2848	998
2843	998
2855	998
2960	998
2863	998
2957	998
2952	998
2876	998
2972	998
2892	998
3059	998
3067	998
3172	998
2885	998
3605	998
2980	998
3606	998
2976	998
2924	998
2864	998
3607	998
3040	998
2998	998
2868	998
3001	998
2900	998
2993	998
2879	998
2880	998
3290	998
3289	998
3069	998
3192	998
2889	998
3608	998
3048	998
3258	998
3483	998
3105	998
2856	978
2863	978
3129	978
2881	978
2890	978
2843	978
2867	978
2866	978
2829	978
3158	978
2857	978
2885	978
2938	978
2961	978
2855	978
2877	978
3053	978
2865	978
2827	978
2903	978
2836	978
3030	978
3036	978
2864	978
2983	978
3153	978
2908	978
3045	978
3043	978
2848	978
2920	978
2882	978
2891	978
3046	978
3032	978
2922	978
2851	978
2907	978
2910	978
2879	978
2858	978
2967	978
2965	978
2933	978
3062	978
2856	1975
2863	1975
2881	1975
2827	1975
3003	1975
2836	1975
2843	1975
2857	1975
3008	1975
2829	1975
2865	1975
2938	1975
3036	1975
2855	1975
3064	1975
2866	1975
2851	1975
2867	1975
2890	1975
2877	1975
2864	1975
2983	1975
3032	1975
2858	1975
3045	1975
3046	1975
2848	1975
2961	1975
2924	1975
2910	1975
2856	2693
2863	2693
2881	2693
2827	2693
3003	2693
2836	2693
2843	2693
2857	2693
3008	2693
2829	2693
2865	2693
2938	2693
3036	2693
2839	2693
3252	2693
2855	2693
2851	2693
2867	2693
2890	2693
2877	2693
2864	2693
2983	2693
3032	2693
2860	2693
2961	2693
2848	2693
3046	2693
2910	2693
3045	2693
2845	2693
2858	2693
2900	2693
2879	2693
3179	2693
3178	2693
2885	2693
2856	2435
2923	2435
2865	2435
2851	2435
2903	2435
2866	2435
2829	2435
2848	2435
2896	2435
3145	2435
2967	2435
3297	2435
3037	2435
3030	2435
2867	2435
3053	2435
2924	2435
2891	2435
2908	2435
3017	2435
3035	2435
3032	2435
3011	2435
2872	2435
2829	1324
2953	1324
2967	1324
3255	1324
3136	1324
2960	1324
2848	1324
2971	1324
2855	1324
2851	1324
2908	1324
2856	1324
2948	1324
2863	1324
2872	1324
2862	1324
2877	1324
2827	1324
2865	1324
2866	1324
2867	1324
2843	1324
3045	1324
3046	1324
2882	1324
2891	1324
2890	1324
2836	1324
2881	1324
2961	1324
3129	1324
3012	1324
2900	1324
2938	1324
3036	1324
3032	1324
2860	1324
3043	1324
2857	1324
3034	1324
2856	2299
2863	2299
2855	2299
2843	2299
3003	2299
2836	2299
2857	2299
3008	2299
2903	2299
3036	2299
2953	2299
2925	2299
2938	2299
2839	2299
2851	2299
2890	2299
2867	2299
2877	2299
2961	2299
2983	2299
2864	2299
2860	2299
2910	2299
2908	2299
2866	2299
3045	2299
3032	2299
3046	2299
3043	2299
2856	509
2881	509
2890	509
2997	509
2983	509
3003	509
2836	509
2827	509
2860	509
2843	509
3008	509
2895	509
3036	509
2829	509
2839	509
2855	509
2851	509
2903	509
2867	509
2877	509
2863	509
2864	509
2879	509
2858	509
2900	509
2857	509
2908	509
2866	509
2961	509
2938	509
2910	509
3045	509
3032	509
3046	509
3043	509
2856	1332
2863	1332
2881	1332
2843	1332
2827	1332
3003	1332
3037	1332
2857	1332
3008	1332
2903	1332
3036	1332
2866	1332
3145	1332
2921	1332
2829	1332
2839	1332
2851	1332
2855	1332
2890	1332
2867	1332
2877	1332
2836	1332
2961	1332
2938	1332
3022	1332
2864	1332
3032	1332
2858	1332
2910	1332
2893	1332
3046	1332
3045	1332
3043	1332
2860	1332
3369	1332
2856	1436
2895	1436
2857	1436
2881	1436
2863	1436
2866	1436
2848	1436
2843	1436
2836	1436
3003	1436
3008	1436
2827	1436
2900	1436
2903	1436
2953	1436
2925	1436
2938	1436
2891	1436
2855	1436
2890	1436
2867	1436
2877	1436
2851	1436
2864	1436
2983	1436
2879	1436
2908	1436
2858	1436
2910	1436
2885	1436
3046	1436
3032	1436
3045	1436
3043	1436
2860	1436
2998	1436
2961	1436
2921	1436
2967	1436
2948	1436
2872	1436
3034	1436
2865	1436
2856	2706
2863	2706
2881	2706
2827	2706
3003	2706
2836	2706
2843	2706
2857	2706
3008	2706
2829	2706
2865	2706
2938	2706
3036	2706
2839	2706
3252	2706
2855	2706
2851	2706
2867	2706
2890	2706
2877	2706
2864	2706
2983	2706
3043	2706
2860	2706
2866	2706
3032	2706
3045	2706
2910	2706
3046	2706
2845	2706
2858	2706
2900	2706
2961	2706
2879	2706
2856	1115
2863	1115
2855	1115
2843	1115
2836	1115
2890	1115
3003	1115
2857	1115
3008	1115
2865	1115
2948	1115
2885	1115
2867	1115
2938	1115
2866	1115
2829	1115
2827	1115
2839	1115
2877	1115
2983	1115
2864	1115
3043	1115
2961	1115
2848	1115
3045	1115
3032	1115
2851	1115
2860	1115
3017	1115
3046	1115
2858	1115
2904	1115
2906	1115
3034	1115
3007	1115
3216	1115
2856	1221
2881	1221
2863	1221
2890	1221
2836	1221
2900	1221
3008	1221
2839	1221
2851	1221
2877	1221
2867	1221
2843	1221
2865	1221
3053	1221
2827	1221
2903	1221
2829	1221
2866	1221
2864	1221
2983	1221
2855	1221
3045	1221
3046	1221
2938	1221
2858	1221
2961	1221
3043	1221
2891	1221
3032	1221
2910	1221
2971	1221
2848	1221
2924	1221
2856	2680
2881	2680
2890	2680
3057	2680
2863	2680
2855	2680
2866	2680
2900	2680
3036	2680
2867	2680
2843	2680
3158	2680
2860	2680
2829	2680
3042	2680
2827	2680
2839	2680
3003	2680
2877	2680
2836	2680
2864	2680
2983	2680
3045	2680
3046	2680
2938	2680
2858	2680
2961	2680
2848	2680
3032	2680
2857	2680
2910	2680
2971	2680
3043	2680
2851	2680
2998	2680
3064	2680
2961	2336
2864	2336
3022	2336
2994	2336
2827	2336
2839	2336
2863	2336
2843	2336
2856	2336
2866	2336
3368	2336
3148	2336
2888	2336
2855	2336
2901	2336
3107	2336
2834	2336
2971	2336
2924	2336
3446	2336
2868	2336
2975	2336
2879	2336
3376	2336
2911	2336
3003	2336
2856	258
2881	258
2863	258
2827	258
3003	258
2836	258
2857	258
2843	258
3008	258
2829	258
2903	258
2938	258
3036	258
2839	258
3252	258
2855	258
2890	258
2867	258
2877	258
2961	258
2900	258
2851	258
2864	258
3045	258
3046	258
3369	258
2908	258
2866	258
3032	258
2893	258
2858	258
2910	258
3043	258
2856	1682
3003	1682
2863	1682
2879	1682
2866	1682
2896	1682
3030	1682
2848	1682
2851	1682
2983	1682
2855	1682
2836	1682
2890	1682
2900	1682
2857	1682
3008	1682
2862	1682
3158	1682
3145	1682
2938	1682
2903	1682
2877	1682
2843	1682
2867	1682
2961	1682
2864	1682
3045	1682
3046	1682
3369	1682
3032	1682
2893	1682
2858	1682
3043	1682
2860	1682
2902	1682
2901	1682
3149	1682
2865	1682
2908	1682
2829	1682
3017	1682
2897	1682
2834	1682
2885	1682
3187	1682
3011	1682
3022	1682
3007	1682
3032	1015
3008	1015
2872	1015
2864	1015
2943	1015
3034	1015
3022	1015
2827	1015
2839	1015
2851	1015
2866	1015
2937	1015
2838	1015
3100	1015
2957	1015
3177	1015
2894	1015
3151	1015
3150	1015
2925	1015
2885	1015
3066	1015
2960	2000
2892	2000
2876	2000
3037	2000
2868	2000
2932	2000
2856	2000
2855	2000
2864	2000
2846	2000
2881	2000
3022	2000
2882	2000
2926	2000
2885	2000
2851	2000
2848	2000
2866	2000
2938	2000
2827	2000
3190	2000
3032	2000
2829	2000
2839	2000
2896	2000
2845	2000
3153	2000
3012	2000
2903	2000
2933	2000
2921	2000
2962	2000
2891	2000
3062	2000
2843	2000
2961	2000
2967	2000
2960	861
2892	861
2868	861
3012	861
2829	861
2903	861
3197	861
2897	861
2912	861
2967	861
2866	861
2855	861
2881	861
2907	861
2885	861
3062	861
2843	861
2882	861
2926	861
2934	861
3483	861
2908	861
2856	861
2923	861
3174	861
2924	861
3043	861
2846	861
2845	861
2983	861
2863	861
3020	861
2864	861
2848	861
3317	861
3054	861
3027	861
3158	861
2933	861
3008	861
2827	861
3053	861
3032	861
3037	861
2891	861
2856	1327
2881	1327
2863	1327
2890	1327
2836	1327
3003	1327
2857	1327
3008	1327
3011	1327
2827	1327
2953	1327
2903	1327
2829	1327
3036	1327
2855	1327
2867	1327
2851	1327
2843	1327
2877	1327
2900	1327
2864	1327
2983	1327
3045	1327
3032	1327
3046	1327
2858	1327
2848	1327
2866	1327
2910	1327
2938	1327
3158	1327
2924	1327
2967	1327
2971	1327
2860	1327
2879	1327
2856	2734
2839	2734
2854	2734
2855	2734
2863	2734
2866	2734
2843	2734
2836	2734
3003	2734
2857	2734
3008	2734
3036	2734
2938	2734
3030	2734
2827	2734
2961	2734
2877	2734
3011	2734
2867	2734
3053	2734
2903	2734
2865	2734
2829	2734
2890	2734
2900	2734
2983	2734
2864	2734
2858	2734
3017	2734
2904	2734
2906	2734
2910	2734
2848	2734
2924	2734
2851	2734
2971	2734
3032	2734
3034	2734
2872	2734
3158	2734
3145	2734
2918	2334
2960	2334
3034	2334
2866	2334
3042	2334
2952	2334
3249	2334
2967	2334
2891	2334
2855	2334
3145	2334
3198	2334
2908	2334
2924	2334
2872	2334
3177	2334
3241	2334
2933	2334
3174	2334
2848	2334
3031	2334
3158	2334
3163	2334
2856	2334
3160	2334
2885	2334
3032	2334
3046	2334
2961	2334
3037	2334
3133	2334
3045	2334
2843	2334
2863	2334
2972	2334
3012	2334
3036	2334
3023	2334
3013	2334
2868	2334
3051	2334
2860	2334
3118	2334
3216	2334
3007	2334
2856	1545
2851	1545
2923	1545
2865	1545
2903	1545
2866	1545
2829	1545
2848	1545
2896	1545
3145	1545
2967	1545
3035	1545
3030	1545
2867	1545
3053	1545
2924	1545
3036	1545
2908	1545
3032	1545
3017	1545
2872	1545
2829	927
2953	927
3140	927
2925	927
2960	927
2848	927
2971	927
2855	927
2851	927
2908	927
2856	927
2948	927
2872	927
2862	927
2827	927
2865	927
2877	927
2863	927
2867	927
3011	927
2843	927
3045	927
3046	927
2891	927
2882	927
2890	927
2836	927
2881	927
2857	927
2961	927
3012	927
2900	927
2938	927
3036	927
2879	927
3043	927
2860	927
2866	927
3034	927
3053	927
2910	927
3158	927
3145	927
2856	825
2895	825
2843	825
3145	825
2866	825
3003	825
2961	825
2900	825
2863	825
2867	825
3053	825
2890	825
2846	825
3135	825
2903	825
2836	825
2872	825
3041	825
2877	825
2885	825
2910	825
2960	825
3046	825
3045	825
2907	825
3032	825
2851	825
2891	825
2855	825
3153	825
2938	825
3158	825
2864	825
2860	825
3043	825
2857	825
2881	825
2876	825
2879	825
2989	825
3011	825
2908	825
2848	825
3034	825
2998	825
2944	2063
2925	2063
3034	2063
3252	2063
3031	2063
3301	2063
3178	2063
2845	2063
2967	2063
3045	2063
3046	2063
2963	2063
2933	2063
3164	2063
2903	2063
3036	2063
3037	2063
3322	2063
3058	2063
3145	2063
3133	2063
3008	2063
2866	2063
3243	2063
3569	2063
3081	2063
2914	2063
2932	2063
3144	2063
3119	2063
3035	2063
3101	2063
3102	2063
2940	2063
3085	2063
2915	2063
3084	2063
3285	2063
3286	2063
3231	2063
2853	2063
2973	2063
3336	2063
3333	2063
3195	2063
2908	2063
3258	2063
2912	2063
3048	2063
3087	2063
3228	2063
2934	2063
3609	2063
3054	2063
3190	2063
3375	2063
2938	2063
2856	2063
3241	2063
2865	2063
2924	2063
3061	2063
3179	2063
2875	2063
3080	2063
2926	2063
2961	2063
3495	2063
2885	2063
3015	2063
3158	2063
3295	2063
3599	2063
3040	2063
2889	2063
3077	2063
2960	2063
2868	2063
2941	2063
2848	2063
2994	2374
2881	2374
2997	2374
2983	2374
2864	2374
2904	2374
3055	2374
2890	2374
2921	2374
2879	2374
2900	2374
3158	2374
3145	2374
2863	2374
2895	2374
2903	2374
2855	2374
3043	2374
3012	2374
2843	2374
2856	2374
3011	2374
2866	2374
2829	2374
2891	2374
2882	2374
2867	2374
2836	2374
3045	2374
3046	2374
2877	2374
2857	2374
2858	2374
2872	2374
2839	2374
2827	2374
2851	2374
2860	2374
3013	2374
2841	2374
3242	2374
3064	2374
2961	2374
2856	2669
2863	2669
2881	2669
2890	2669
2836	2669
2900	2669
3008	2669
2908	2669
2855	2669
2839	2669
2829	2669
2857	2669
2851	2669
2877	2669
2843	2669
2867	2669
3053	2669
2865	2669
2827	2669
2903	2669
3036	2669
2961	2669
2864	2669
2983	2669
2866	2669
3032	2669
2858	2669
3045	2669
2910	2669
2848	2669
3046	2669
2866	580
2856	580
2863	580
2855	580
2851	580
2890	580
2903	580
2900	580
2836	580
3008	580
2829	580
3158	580
2891	580
3145	580
2867	580
3030	580
2877	580
2864	580
2924	580
3369	580
3045	580
3032	580
3046	580
3009	580
2961	580
2848	580
2921	580
2857	580
2893	580
2910	580
2938	580
3043	580
2843	580
2860	580
2858	580
2856	1257
2881	1257
2863	1257
2890	1257
2843	1257
2864	1257
2827	1257
2854	1257
2921	1257
2900	1257
3008	1257
2961	1257
2953	1257
2925	1257
2903	1257
2836	1257
2867	1257
2877	1257
2851	1257
2983	1257
3036	1257
2857	1257
2860	1257
2866	1257
2885	1257
3046	1257
2938	1257
3045	1257
2855	1257
2848	1257
3032	1257
2924	1257
3043	1257
2856	539
2863	539
2881	539
2843	539
3003	539
2836	539
2857	539
3008	539
2839	539
2855	539
2827	539
2903	539
2890	539
2866	539
2829	539
2997	539
2867	539
2877	539
2900	539
2961	539
2983	539
2864	539
2932	539
3145	539
2858	539
2854	539
3032	539
2879	539
2860	539
3043	539
2856	234
2863	234
2881	234
2890	234
2836	234
2900	234
2827	234
3008	234
2829	234
2983	234
2865	234
2938	234
2866	234
3145	234
2921	234
2839	234
2851	234
2848	234
2843	234
2867	234
2877	234
2864	234
3011	234
3046	234
3045	234
2857	234
3052	234
2961	234
3032	234
3043	234
2855	234
2860	234
2881	2099
2855	2099
2829	2099
2953	2099
2890	2099
2864	2099
2836	2099
2857	2099
2856	2099
3003	2099
3008	2099
2843	2099
2841	2099
2863	2099
2961	2099
3046	2099
3045	2099
2938	2099
2877	2099
2865	2099
3030	2099
2867	2099
2903	2099
3053	2099
2851	2099
2983	2099
2924	2099
3158	2099
2860	2099
2858	2099
2848	2099
2866	2099
3032	2099
2908	2099
2932	2099
2885	2099
2957	2099
2948	2099
2994	2099
2827	2099
2866	1623
2856	1623
2855	1623
2848	1623
3158	1623
2863	1623
2843	1623
2961	1623
2845	1623
2829	1623
3034	1623
2836	1623
2857	1623
3030	1623
2839	1623
3005	1623
2938	1623
2830	1623
3006	1623
2904	1623
3055	1623
2895	1623
3319	1623
3131	1623
3008	1623
2920	1623
2902	1623
2901	1623
2921	1623
2890	1623
2867	1623
2827	1623
3053	1623
2900	1623
2851	1623
2881	1623
3032	1623
2860	1623
2864	1623
2983	1623
2885	1623
3046	1623
3045	1623
3009	1623
3043	1623
3135	1623
2903	1623
2967	1623
3062	1623
3162	1623
2868	1623
2960	1623
2856	2497
2863	2497
2881	2497
2827	2497
3003	2497
2836	2497
2843	2497
2857	2497
3008	2497
2829	2497
2865	2497
2938	2497
3036	2497
2839	2497
3252	2497
2855	2497
2851	2497
2890	2497
2867	2497
2877	2497
2900	2497
2961	2497
2983	2497
2864	2497
2860	2497
2858	2497
2971	2497
2910	2497
3032	2497
2866	2497
3131	2497
2856	2166
2863	2166
2881	2166
2827	2166
3003	2166
2836	2166
2843	2166
2857	2166
3008	2166
2829	2166
2865	2166
2938	2166
3036	2166
2839	2166
3252	2166
2855	2166
2851	2166
2890	2166
2867	2166
2877	2166
2864	2166
2961	2166
3032	2166
2860	2166
3045	2166
2910	2166
2924	2166
3046	2166
3369	2166
3043	2166
3017	2166
2856	2354
2863	2354
2881	2354
2827	2354
3003	2354
2836	2354
2843	2354
2857	2354
3008	2354
2829	2354
2865	2354
2938	2354
3036	2354
2839	2354
3252	2354
2855	2354
2851	2354
2890	2354
2867	2354
2877	2354
3135	2354
2864	2354
2983	2354
2961	2354
2860	2354
3045	2354
3032	2354
3046	2354
2971	2354
2900	2354
3131	2354
2932	2354
2885	2354
2856	554
2881	554
2863	554
2827	554
3003	554
2836	554
2857	554
2843	554
3008	554
2829	554
2903	554
2938	554
3036	554
2839	554
3252	554
2855	554
2956	554
3035	554
2877	554
2890	554
2867	554
3053	554
2900	554
2864	554
3009	554
2848	554
2961	554
2907	554
3045	554
2860	554
3032	554
2921	554
3046	554
2851	554
3066	554
3131	554
2866	1247
3172	1247
2960	1247
2957	1247
3610	1247
2864	1247
2868	1247
3158	1247
3145	1247
2856	1247
2829	1247
3053	1247
3003	1247
3041	1247
2900	1247
2857	1247
2855	1247
3214	1247
3207	1247
2972	1247
2993	1247
2851	1247
2895	1247
2879	1247
2938	1173
3022	1173
2834	1173
3027	1173
2856	2670
2863	2670
2881	2670
2954	2670
2890	2670
2836	2670
2900	2670
3008	2670
2829	2670
2925	2670
2956	2670
3011	2670
2953	2670
2839	2670
2855	2670
2851	2670
2843	2670
2867	2670
2877	2670
2938	2670
2864	2670
2983	2670
2857	2670
3032	2670
2860	2670
2967	2670
3009	2670
3045	2670
2848	2670
2961	2670
2866	2670
2885	2670
2910	2670
2908	2670
3046	2670
2881	1265
2855	1265
2856	1265
2890	1265
3009	1265
2830	1265
3053	1265
2866	1265
2839	1265
2851	1265
2848	1265
2867	1265
2864	1265
2863	1265
2921	1265
2857	1265
3032	1265
3030	1265
2982	1265
2860	1265
2879	1265
3242	1265
2961	1265
3064	1265
2938	1265
2960	1265
2924	1265
2892	1265
2876	1265
2836	1265
2900	1265
3008	1265
2881	108
2855	108
2856	108
2829	108
2866	108
2867	108
2865	108
2848	108
2924	108
2879	108
2961	108
2890	108
3030	108
2860	108
2863	108
2864	108
3017	108
2938	108
2921	108
2857	108
2900	108
3008	108
2982	108
2856	855
2881	855
2863	855
2954	855
2890	855
2836	855
2900	855
3008	855
2829	855
2956	855
2925	855
2839	855
2855	855
2851	855
2843	855
2827	855
2903	855
2867	855
2877	855
2983	855
2864	855
2961	855
2857	855
3046	855
3045	855
3066	855
2848	855
2866	855
3032	855
2910	855
2938	855
2860	855
2856	2534
2863	2534
2881	2534
2954	2534
2890	2534
2836	2534
2900	2534
3008	2534
2829	2534
2925	2534
2956	2534
3011	2534
2953	2534
2839	2534
2855	2534
2851	2534
2843	2534
2867	2534
2877	2534
3032	2534
3036	2534
2983	2534
2864	2534
2858	2534
3045	2534
3046	2534
2848	2534
2961	2534
2924	2534
2910	2534
2866	2534
3014	359
3198	359
3032	359
2928	359
2929	359
2845	359
3008	359
3263	359
2872	359
2938	359
2930	359
2889	359
2994	359
2863	359
2843	359
2856	359
3153	359
2932	359
2848	359
3145	359
2953	359
2855	359
2841	359
2926	359
2998	359
2910	359
3163	359
3077	359
2967	359
2857	359
3133	359
3195	359
2895	359
2856	2078
2863	2078
2881	2078
2954	2078
2890	2078
2836	2078
2900	2078
3008	2078
2829	2078
2925	2078
2956	2078
3011	2078
2953	2078
2839	2078
2855	2078
2851	2078
2843	2078
2867	2078
2877	2078
2983	2078
2864	2078
2938	2078
2961	2078
3064	2078
3032	2078
2860	2078
2967	2078
3009	2078
2866	2078
2857	2078
3045	2078
2971	2078
2924	2078
3034	2078
2910	2078
3046	2078
2907	2078
3482	1846
3216	1846
2836	1846
2923	1846
3559	1846
3183	1846
3032	1846
2921	1846
2860	1846
3131	1846
3081	1846
3611	1846
3612	1846
3008	1846
3246	1846
3179	1846
2961	1846
2872	1846
3036	1846
2986	1846
2987	1846
3041	1846
2864	1846
3226	1846
3343	1846
2938	1846
3034	1846
3051	1846
3017	1846
3064	1846
2889	1846
3118	1846
3190	1846
2827	1846
2829	1846
2949	1846
2863	1846
2851	1846
2843	1846
2856	1846
3237	1846
2866	1846
2892	1846
2972	1846
2934	1846
3204	1846
2846	1846
3604	1846
2853	1846
3613	1846
3256	1846
3266	1846
2973	1846
3614	1846
3321	1846
3035	1846
3153	1846
2957	1846
2932	1846
2896	1846
2848	1846
2862	1846
2948	1846
2960	1846
3158	1846
2953	1846
2894	1846
3221	1846
2888	1846
2970	1846
3283	1846
2855	1846
2876	1846
3166	1846
2968	1846
3223	1846
2904	1846
3055	1846
3605	1846
2903	1846
2993	1846
3006	1846
3005	1846
2925	1846
2940	1846
2841	1846
2952	1846
2992	1846
3526	1846
3378	1846
3377	1846
2926	1846
3425	1846
2998	1846
3061	1846
3414	1846
3040	1846
3141	1846
3181	1846
2971	1846
2906	1846
2924	1846
2893	1846
3077	1846
2967	1846
2857	1846
2879	1846
3258	1846
3012	1846
3515	1846
3026	1846
3075	1846
3169	1846
2858	1846
3305	1846
2877	1846
2900	1846
2895	1846
2882	1109
3252	1109
2843	1109
3169	1109
3158	1109
3009	1109
3008	1109
3132	1109
3255	1109
2967	1109
3131	1109
3031	1109
2872	1109
3036	1109
3063	1109
2932	1109
2938	1109
3216	1109
3084	1109
2925	1109
2922	1109
2920	1109
3045	1109
3032	1109
3046	1109
3061	1109
3164	1109
2916	1109
2853	1109
3002	1109
3243	1109
3140	1109
3195	1109
3316	1109
3448	1109
3314	1109
3317	1109
3493	1109
3159	1109
2949	1109
2994	1109
2827	1109
2866	1109
2868	1109
3522	1109
2950	1109
2960	1109
2855	1109
3158	1242
2829	1242
2856	1242
2921	1242
3149	1242
2890	1242
2836	1242
2900	1242
3008	1242
2866	1242
2872	1242
3131	1242
2938	1242
2865	1242
2839	1242
2851	1242
2843	1242
2827	1242
2903	1242
2953	1242
2962	1242
2867	1242
2877	1242
2863	1242
2983	1242
2864	1242
2961	1242
3022	1242
2860	1242
3032	1242
2967	1242
3009	1242
2855	1242
2858	1242
2857	1242
3045	1242
2910	1242
3046	1242
3043	1242
2856	1817
2923	1817
2848	1817
2903	1817
2866	1817
2829	1817
2896	1817
3148	1817
3145	1817
3030	1817
2865	1817
2867	1817
3053	1817
2924	1817
2938	1817
2857	1817
2860	1817
3032	1817
3034	1817
2872	1817
3036	1817
2856	442
2900	442
2895	442
2857	442
2881	442
2983	442
2890	442
3003	442
2836	442
2843	442
3008	442
2829	442
2867	442
2938	442
3032	442
3179	442
2872	442
2885	442
2851	442
2827	442
2903	442
3036	442
2877	442
2863	442
2864	442
2855	442
2961	442
2848	442
3045	442
2866	442
3046	442
3043	442
2860	442
3030	442
2865	442
2994	442
3037	442
3216	442
3013	442
2879	442
2924	442
2967	442
2965	442
2933	442
3062	442
3011	1285
2962	1285
2866	1285
2856	1285
2881	1285
2841	1285
2854	1285
2895	1285
2843	1285
2908	1285
2938	1285
2922	1285
2920	1285
3034	1285
3045	1285
3046	1285
2872	1285
2900	1285
3158	1285
2961	1285
2855	1285
2903	1285
2836	1285
2904	1285
3055	1285
3008	1285
3135	1285
2891	1285
2890	1285
2867	1285
2877	1285
2863	1285
2864	1285
2983	1285
2857	1285
3032	1285
2967	1285
3009	1285
3012	1285
3031	1285
3062	1285
2848	1285
2885	1285
2910	1285
2860	1285
3026	1285
3255	1285
2933	1285
3460	1285
2900	1521
2839	1521
3032	1521
2855	1521
2866	1521
2856	1521
3153	1521
2851	1521
2927	1521
3038	1521
2829	1521
2827	1521
2836	1521
2903	1521
3003	1521
2857	1521
2845	1521
3008	1521
2885	1521
2938	1521
2863	1521
2843	1521
2890	1521
2867	1521
2881	1521
2983	1521
2864	1521
3046	1521
3045	1521
2961	1521
2848	1521
2860	1521
2858	1521
3043	1521
3132	1521
2971	1521
2925	1521
2872	1521
2863	319
2881	319
2983	319
2864	319
2851	319
3339	319
3030	319
2896	319
2865	319
3207	319
2848	319
2961	319
2866	319
2904	319
2843	319
2857	319
2906	319
3008	319
2867	319
2856	319
2829	319
2839	319
2855	319
2924	319
3053	319
2836	319
2860	319
2900	319
2922	319
2920	319
2885	319
3045	319
3046	319
2879	319
2923	319
3282	319
2938	319
2967	319
3026	319
2827	319
2863	2715
2881	2715
2872	2715
2866	2715
2855	2715
3037	2715
2983	2715
2843	2715
3053	2715
2836	2715
3003	2715
2856	2715
2857	2715
2922	2715
2845	2715
3008	2715
2920	2715
3058	2715
2839	2715
2829	2715
2890	2715
2867	2715
3153	2715
2851	2715
2961	2715
2858	2715
2860	2715
2879	2715
3009	2715
2885	2715
2921	2715
2907	2715
2938	2715
3032	2715
3046	2715
3045	2715
2864	2715
2855	2788
2851	2788
2954	2788
2877	2788
2961	2788
2839	2788
2838	2788
2867	2788
2863	2788
2836	2788
2827	2788
2856	2788
3003	2788
2997	2788
2829	2788
2866	2788
3030	2788
3369	2788
3045	2788
3046	2788
2900	2788
2971	2788
2860	2788
2879	2788
3041	2788
2857	2788
3043	2788
2843	2788
3053	2788
2890	2788
2848	2788
3036	2788
3032	2788
3135	2788
3052	2788
2858	2788
2872	2788
3471	2788
2954	560
2877	560
2856	560
2961	560
2839	560
2838	560
2867	560
2863	560
2836	560
2827	560
3003	560
2997	560
2829	560
2866	560
2865	560
2938	560
2900	560
2971	560
2860	560
3043	560
2881	560
2851	560
2864	560
2843	560
3053	560
2890	560
2848	560
3036	560
3032	560
2857	560
2910	560
3158	560
2858	560
2921	560
3030	560
2855	560
3046	560
3045	560
3041	560
3321	560
3026	560
2932	2172
2903	2172
2855	2172
2866	2172
2857	2172
2863	2172
2851	2172
2843	2172
2836	2172
3003	2172
2856	2172
3008	2172
2839	2172
2983	2172
3053	2172
2961	2172
3043	2172
2877	2172
2890	2172
2994	2172
2867	2172
2841	2172
2900	2172
2864	2172
2938	2172
3041	2172
2971	2172
2910	2172
2848	2172
2907	2172
2960	2172
3046	2172
3045	2172
2921	2172
2881	2172
2860	2172
2858	2172
2863	1014
2881	1014
2851	1014
2983	1014
2855	1014
2843	1014
2836	1014
2839	1014
3003	1014
2856	1014
2857	1014
2845	1014
3008	1014
2829	1014
2866	1014
2890	1014
2867	1014
3058	1014
3158	1014
2860	1014
2848	1014
3032	1014
2938	1014
2864	1014
3045	1014
3046	1014
2900	1014
3011	1014
3321	2689
2851	2689
2877	2689
2843	2689
2961	2689
2848	2689
2872	2689
2856	2689
2855	2689
2866	2689
2960	2689
3032	2689
2948	2689
3135	2689
2867	2689
2890	2689
3314	2689
2839	2689
2860	2689
2829	2689
3053	2689
2994	2689
3158	2689
3149	2689
2938	2689
2841	2689
3153	2689
2891	2689
2863	2689
2908	2689
3145	2689
3169	2689
3044	2689
3034	2689
3045	2689
3046	2689
3149	64
2994	64
2890	64
2827	64
2954	64
2851	64
2863	64
2843	64
2829	64
2890	2012
2881	2012
2843	2012
2885	2012
2961	2012
2856	2012
2948	2012
2858	2012
2855	2012
2901	2012
3073	2012
2848	2012
2902	2012
3296	2012
3007	2012
2900	706
2903	706
2904	706
2867	706
2846	706
2895	706
2868	706
2906	706
3321	706
3034	706
2845	706
2829	706
2856	706
2954	706
2920	706
3006	706
2922	706
3005	706
2843	706
2851	706
2864	706
2921	706
3064	706
2881	92
3446	92
2836	92
3030	92
2827	92
2839	92
2841	92
2854	92
2843	92
2860	92
3053	92
2885	92
2867	92
3075	92
2863	92
2857	92
2858	92
3174	92
2845	92
3021	92
2876	92
3017	92
2856	92
2938	92
3022	92
3352	92
2855	1879
2881	1879
2863	1879
2848	1879
2843	1879
3009	1879
2983	1879
2829	1879
2851	1879
2839	1879
2856	1879
2836	1879
2857	1879
3003	1879
2845	1879
3008	1879
2866	1879
2890	1879
2841	1879
2895	1879
2867	1879
2900	1879
2864	1879
2879	1879
3032	1879
2860	1879
3046	1879
3045	1879
2938	1879
2924	1879
3174	1879
2923	1879
2896	1879
2865	1879
3053	1879
2891	1879
3017	1879
2907	1879
2827	1879
3011	1879
3446	2306
2856	2306
2957	2306
2839	2306
2894	2306
2953	2306
2924	2306
2848	2306
2896	2306
2992	2306
3071	2306
3036	2306
2938	2306
3110	2306
3229	2306
2875	2306
2934	2306
2918	2306
2843	2306
3153	2306
2866	2306
2921	2306
2838	2306
2959	2306
2855	2306
2880	2306
2993	2306
2885	2306
2865	2306
3523	2306
2891	2306
3009	2306
3028	2306
2963	2306
2829	2306
3037	2306
2903	2306
2904	2306
2857	2306
3203	2306
2864	2306
3473	2306
2906	2306
2972	2306
2881	2306
2827	2306
2889	2306
2845	2306
3174	2306
3020	2306
3023	2306
2863	2306
2846	2306
3131	2306
2853	2306
3576	2306
3026	2306
3019	2306
3128	2306
3012	2306
3064	2306
2961	2306
3022	2306
3011	2112
2866	2112
2932	2112
2856	2112
2855	2112
2863	2112
2848	2112
2827	2112
2867	2112
3053	2112
2836	2112
2900	2112
3043	2112
2857	2112
3008	2112
2880	2112
3145	2112
2851	2112
2890	2112
2877	2112
2954	2112
3030	2112
2865	2112
2921	2112
2864	2112
2983	2112
2971	2112
3032	2112
2872	2112
2961	2112
3066	2112
2881	2112
3041	2112
2907	2112
2910	2112
3046	2112
3045	2112
2860	2112
2983	2548
2851	2548
2866	2548
2961	2548
2865	2548
2863	2548
2836	2548
2890	2548
2856	2548
3030	2548
2829	2548
2877	2548
2986	2548
2987	2548
2900	2548
2855	2548
3053	2548
3041	2548
2921	2548
2904	2548
3055	2548
3008	2548
3045	2548
3046	2548
2960	2548
3043	2548
3205	2548
2880	2548
3145	2548
2891	2548
2867	2548
2881	2548
2938	2548
2864	2548
2860	2548
2879	2548
2876	2548
2843	2548
2848	2548
3032	2548
2858	2548
3011	1305
2866	1305
2856	1305
2932	1305
2961	1305
2855	1305
2843	1305
2863	1305
3043	1305
2836	1305
3003	1305
2857	1305
3008	1305
2867	1305
3053	1305
3032	1305
2860	1305
2864	1305
2921	1305
2854	1305
3145	1305
2903	1305
2879	1305
2890	1305
2877	1305
3041	1305
2851	1305
3066	1305
2960	1305
3045	1305
3046	1305
3011	322
2866	322
2848	322
2856	322
2903	322
2896	322
2885	322
3030	322
2865	322
2867	322
3053	322
2851	322
3158	322
2891	322
2938	322
3148	322
3046	322
2961	322
3045	322
2860	322
2857	322
3032	322
2924	322
3011	1001
2866	1001
2848	1001
2856	1001
2903	1001
2896	1001
2885	1001
2865	1001
3030	1001
2867	1001
3053	1001
2851	1001
3158	1001
2938	1001
3148	1001
3046	1001
2860	1001
2857	1001
3032	1001
3045	1001
3011	598
2866	598
2848	598
2856	598
2903	598
2896	598
2885	598
3030	598
2865	598
2867	598
3053	598
2851	598
3158	598
3062	598
2938	598
3148	598
3046	598
2961	598
3045	598
2860	598
2857	598
3032	598
2924	598
3011	2607
2866	2607
2848	2607
2856	2607
2903	2607
2896	2607
2829	2607
2885	2607
3030	2607
2865	2607
2867	2607
3053	2607
2851	2607
3158	2607
2938	2607
3148	2607
3046	2607
2860	2607
2857	2607
3032	2607
3045	2607
3011	1813
2866	1813
2848	1813
2856	1813
2903	1813
2896	1813
2829	1813
2885	1813
3030	1813
2865	1813
2867	1813
3053	1813
2851	1813
3158	1813
3062	1813
2938	1813
3148	1813
3046	1813
2961	1813
3045	1813
2860	1813
2857	1813
3032	1813
2924	1813
3011	447
2866	447
2848	447
2856	447
2903	447
2896	447
2885	447
3030	447
2865	447
2867	447
3053	447
2851	447
3158	447
2938	447
3148	447
3046	447
2860	447
2857	447
3032	447
3045	447
3011	262
2866	262
3174	262
2848	262
2856	262
2865	262
2896	262
3032	262
2885	262
3030	262
2867	262
3053	262
2923	262
2924	262
2938	262
2961	262
3045	262
2860	262
2857	262
3046	262
2851	262
3011	1469
2866	1469
2848	1469
2856	1469
2903	1469
2896	1469
2885	1469
3030	1469
2865	1469
2867	1469
3053	1469
2851	1469
3158	1469
2891	1469
2938	1469
3148	1469
3046	1469
2961	1469
3045	1469
2860	1469
2857	1469
3032	1469
2924	1469
3062	1469
3174	1469
2923	1469
2872	1736
2961	1736
2867	1736
3053	1736
2890	1736
2827	1736
2843	1736
2863	1736
2921	1736
2860	1736
3013	1736
2851	1736
2856	1736
2881	1736
3321	1736
3214	1736
3153	1736
2855	1736
2836	1736
2895	1736
3045	1736
3046	1736
2900	1736
3188	1736
2909	1736
2938	1736
2864	1736
2896	1827
2839	1827
2865	1827
2838	1827
2829	1827
3030	1827
2827	1827
2866	1827
3045	1827
3046	1827
2957	1827
2971	1827
2856	1827
3144	1827
3158	1827
2959	1827
2908	1827
2855	1827
3145	1827
2891	1827
2953	1827
2925	1827
2848	1827
3043	1827
2910	1827
3198	1827
2885	1827
2924	1827
3036	1827
2901	1827
2902	1827
2851	1827
2863	1827
2843	1827
2938	1827
3064	1827
2907	1827
3032	1827
2896	2146
2839	2146
2865	2146
2838	2146
2829	2146
3030	2146
2827	2146
2866	2146
3045	2146
3046	2146
2957	2146
2971	2146
2856	2146
3144	2146
3241	2146
3158	2146
2959	2146
2908	2146
2855	2146
3145	2146
2891	2146
2953	2146
2925	2146
2848	2146
3043	2146
2910	2146
3198	2146
2885	2146
2924	2146
3036	2146
2901	2146
2902	2146
2851	2146
2863	2146
2843	2146
2938	2146
3064	2146
2907	2146
3032	2146
2994	2146
2846	2146
3317	2146
2956	2146
2864	2146
2971	2471
2865	2471
2903	2471
2866	2471
2868	2471
3145	2471
2829	2471
2957	2471
2924	2471
2856	2471
2961	2471
2921	2471
2863	2471
3298	2471
3011	2471
3036	2471
3375	2471
2967	2471
2848	2471
2960	2471
3040	2471
2893	2471
3008	2471
3158	2471
2891	2471
2876	591
2998	591
2900	591
2851	591
2863	591
2827	591
3023	591
2836	591
3036	591
2938	591
2921	591
2967	591
2960	591
2856	591
2959	591
3061	591
2955	883
2848	883
2864	883
2855	883
2856	883
2881	883
2863	883
2866	883
2961	883
2867	883
2923	883
2851	883
2879	883
3023	883
3166	883
2938	883
3022	883
3036	883
2839	883
2827	883
2900	883
2998	883
2924	883
2829	883
2868	883
2960	883
2967	883
2880	883
3026	883
2829	2725
3057	2725
2827	2725
2896	2725
2963	2725
3604	2725
2948	2725
3317	2725
2984	2725
3141	2725
3303	2725
3293	2725
3615	2725
2910	2725
2866	2725
3606	2725
2976	2725
2856	2725
2845	2725
2864	2725
2848	2725
2961	2725
2855	2725
2851	2725
3213	2725
2925	2725
2853	2725
2931	2725
3302	2725
3616	2725
3617	2725
2863	653
2881	653
2866	653
2856	653
2855	653
2845	653
2848	653
2839	653
2836	653
2903	653
2857	653
3003	653
3008	653
2891	653
2851	653
2890	653
2843	653
2867	653
2879	653
2983	653
2864	653
3011	653
2853	1466
2992	1466
3387	1466
3140	1466
3283	1466
3027	1466
3374	1466
3084	1466
3099	1466
3126	1466
3113	1466
2942	1466
3054	1466
2899	1466
2934	1466
3085	1466
3120	1466
3239	1466
3136	1466
3416	1466
3034	1466
3013	1466
2932	1466
3164	1466
2925	1466
2940	1466
3618	1337
2903	1337
3031	1337
2958	1337
3604	1337
2866	1337
2856	1337
2845	1337
2961	1337
2885	1337
2980	1337
3606	1337
2976	1337
3619	1337
3620	1337
3161	1337
3132	1337
2868	1337
2895	1337
2880	1337
3353	1337
2897	1337
3204	1337
3058	1337
3162	1337
2925	1337
3357	1337
2829	85
3618	85
2830	85
3031	85
2963	85
2958	85
2910	85
2866	85
2856	85
2845	85
2855	85
2885	85
2980	85
2976	85
3044	85
3620	85
3040	85
2893	85
3132	85
2868	85
3042	85
3026	85
3192	85
3308	85
3115	85
3357	85
3172	168
2950	168
2952	168
2856	168
2993	168
2924	168
2864	168
2918	168
3082	168
2889	168
3077	168
2972	168
2876	168
3321	168
2843	168
2889	356
2874	356
3194	356
3082	356
3092	356
2888	356
2970	356
3079	356
2940	356
3132	1767
2856	1767
2866	1767
2972	1767
2880	1767
3153	1767
2848	1767
2855	1767
2993	1767
2910	1767
2868	1767
2967	1767
2879	1767
2877	1767
2876	72
2863	72
3300	72
3344	72
3043	72
2827	72
2843	72
2855	72
3206	72
2856	72
2948	72
3476	72
2866	72
3205	72
3057	72
2903	72
3023	72
2839	72
2829	72
3394	72
3395	72
3146	72
2864	72
3397	72
3132	72
3243	72
3208	72
2891	72
3489	72
3488	72
2921	1438
3007	1438
2843	1438
2856	1438
2972	1438
3166	1438
3605	1438
2952	1438
2978	1438
2857	1438
3376	1438
2871	1438
2993	2687
2933	2687
3042	2687
2866	2687
2865	2687
2999	2687
2829	2687
2856	2687
2868	2687
2876	2687
2864	2687
2879	2687
2877	2687
2924	2687
2838	2687
3003	2687
3406	2687
2949	2687
2863	2687
2892	2687
3012	2687
2900	2687
2843	2687
2827	2687
2972	2687
2957	2687
2960	2687
2994	2687
2881	2687
3621	2687
3214	2687
3149	2687
3495	2687
2857	2687
2956	2687
2996	2687
2895	2687
2855	2687
3057	2687
2841	2687
3303	2687
3262	2687
2890	2687
3275	2687
2901	2687
2902	2687
3276	2687
2848	2687
2961	2687
2971	2687
2831	2687
2834	2687
3340	2687
3215	2687
3025	2687
3141	2687
2904	2687
3158	2687
2891	2687
2872	2687
3005	2687
3006	2687
2998	2687
2851	2687
2925	2687
2967	2687
2906	2687
2953	2687
3064	2687
2921	2687
2860	2687
3017	2687
3036	2687
3482	2264
3216	2264
3198	2264
2860	2264
3086	2264
2915	2264
3054	2264
2918	2264
2914	2264
3179	2264
2864	2264
3226	2264
2907	2264
2889	2264
3110	2264
2994	2264
2890	2264
2827	2264
2829	2264
2949	2264
2959	2264
2839	2264
2863	2264
2843	2264
2856	2264
2881	2264
2892	2264
2972	2264
3059	2264
2919	2264
2846	2264
2956	2264
3048	2264
3256	2264
3266	2264
3321	2264
3035	2264
3314	2264
3174	2264
2957	2264
2932	2264
2848	2264
2960	2264
2953	2264
2894	2264
2970	2264
2855	2264
2876	2264
2968	2264
2993	2264
3382	2264
3317	2264
2952	2264
3526	2264
2941	2264
3083	2264
2971	2264
2897	2264
3162	2264
3483	2264
2868	2264
2879	2264
3258	2264
2865	2264
3026	2264
3075	2264
2858	2264
2969	2264
2881	143
2855	143
2863	143
2866	143
2895	143
2827	143
2838	143
2839	143
2856	143
2867	143
3053	143
2877	143
2829	143
2843	143
2851	143
3066	143
3013	143
3036	143
2891	143
2938	143
2903	143
2848	143
3012	143
3263	143
3622	143
3081	143
3046	143
3131	143
2961	143
3032	143
2910	143
2904	143
3055	143
3045	143
2872	143
3135	143
2900	143
3058	143
2920	143
2922	143
2971	143
2908	143
3064	143
2967	143
2848	1417
2827	1417
2856	1417
2829	1417
2865	1417
2851	1417
2866	1417
2891	1417
2890	1417
2841	1417
3034	1417
2843	1417
2889	1417
2885	1417
2961	167
2843	167
2856	167
2863	167
3153	167
2866	167
2983	167
2848	167
2885	167
2867	167
2829	167
2903	167
3043	167
3352	167
3145	167
2877	167
2865	167
3003	167
2845	167
3008	167
3030	167
3032	167
2922	167
3045	167
3064	167
2827	167
2938	167
3036	167
2900	167
3158	167
2872	167
3053	167
2836	167
2890	167
2994	167
2851	167
2855	167
2864	167
2904	167
2932	167
2921	167
2923	167
2907	167
2857	167
3046	167
2895	167
3005	167
3006	167
3055	167
2971	167
2920	167
3021	167
2879	167
3022	167
2834	167
2882	167
2933	167
3031	167
3062	167
2908	167
3131	167
2967	167
3187	167
2891	167
3026	167
2856	2373
2863	2373
2881	2373
2855	2373
2890	2373
2836	2373
3003	2373
2843	2373
2857	2373
3008	2373
2867	2373
2864	2373
2983	2373
2866	2373
2856	930
2863	930
2881	930
2855	930
2890	930
2836	930
3003	930
2843	930
2857	930
3008	930
2867	930
2864	930
2983	930
2866	930
2863	1106
2881	1106
2839	1106
2855	1106
2843	1106
2903	1106
2836	1106
3003	1106
2856	1106
2857	1106
2845	1106
3008	1106
2885	1106
2938	1106
2848	1106
2851	1106
2890	1106
2867	1106
2877	1106
3075	1106
2961	1106
3034	1106
3061	1106
2860	1106
2921	1106
2967	1106
2864	1106
3045	1106
3046	1106
3032	1106
2924	1106
2881	421
2863	421
2855	421
2848	421
2856	421
3034	421
2890	421
2836	421
3003	421
2857	421
2845	421
3008	421
2829	421
2953	421
2925	421
2891	421
2839	421
2877	421
2903	421
3030	421
2866	421
2867	421
3075	421
2843	421
2983	421
2864	421
2938	421
2860	421
2961	421
2910	421
3045	421
3032	421
3046	421
2851	421
2932	421
3317	1006
2866	1006
2952	1006
2950	1006
3042	1006
2908	1006
3495	1006
3074	1006
2857	1006
2856	1006
2963	1006
2929	1006
2848	1006
3126	1006
3040	1006
2872	1006
3169	1006
2897	1006
3157	1006
3177	1006
2928	1006
3084	1006
3032	1006
3416	1006
2925	1006
3092	1006
3623	1006
3077	1006
3231	1006
2935	1006
2915	1006
2973	1006
3278	1006
3279	1006
3081	1006
2914	1006
3080	1006
3178	1006
2855	1006
2948	1006
3286	1006
2853	1006
2860	1006
3326	1006
2854	1006
2932	1006
2934	1006
3194	1006
3252	1006
2858	1006
3131	1006
2865	1006
3014	1006
3321	1006
2912	1006
3258	1006
3185	1006
3446	1006
2938	1006
3133	1006
2998	1006
3375	1006
2829	1006
3007	1006
3242	1006
2933	1006
2864	1006
3145	1006
3094	1006
3572	1006
3573	1006
3109	1006
3624	1006
2940	1006
3457	1006
3002	1006
2876	1006
2918	1006
3196	1006
2863	1006
3422	1006
3115	1006
3085	1006
3011	1006
2880	1006
2885	1006
2871	1006
2873	1006
2992	1006
2886	1006
3044	1006
3191	1006
3130	1006
3243	1006
3026	1006
3061	1006
3369	1006
3551	1006
3054	1006
2961	1006
3625	1006
2843	1006
3045	1006
3046	1006
3626	1006
2874	1006
3364	1006
3589	1006
3121	1006
3232	1006
3627	1006
3101	1006
3102	1006
3013	1006
3478	1006
2984	1006
3053	1006
2960	1006
2942	1006
3148	1006
3556	1006
3003	1006
3043	1006
3628	1006
2841	1006
3198	1006
3190	1006
2921	1006
2924	1006
3164	1006
3037	1006
3421	1006
2927	1006
3100	1006
2889	1006
3117	1006
2891	1006
3120	1006
3271	1006
2904	1006
2906	1006
2900	1006
3052	1006
3382	1006
3342	1006
3629	1006
3051	1006
2993	1006
3216	1006
3179	1006
3295	1006
3132	1006
3204	1006
3034	1006
3515	1006
3233	1006
3423	1006
2930	1006
3334	1006
3036	1006
3064	1006
2888	1006
2895	1006
3219	1006
3594	1006
3448	1006
2953	1006
3158	1006
3030	1006
3099	1006
3017	1006
3490	1006
2851	1006
3128	1006
3282	1006
3078	1006
3156	1006
2967	1006
3025	1006
3337	1006
3333	1006
3501	1006
3008	1006
3212	1006
3502	1006
3035	1006
3103	1006
2875	1006
3096	1006
3630	1006
2862	1006
3505	1006
3363	1006
2882	1006
2866	1572
3032	1572
2857	1572
3034	1572
2908	1572
3031	1572
2856	1572
2988	1572
3054	1572
2851	1572
2855	1572
2993	1572
2848	1572
2960	1572
2903	1572
3166	1572
3017	1572
2863	1572
2827	1572
2843	1572
2836	1572
2927	1572
3043	1572
3214	1572
3132	1572
2864	1572
2933	1572
3044	1572
2872	1572
2952	1572
2868	1572
3241	1572
2860	1572
2865	1572
2879	1572
3130	1572
2998	1572
2895	1572
3161	1572
2924	1572
2876	1572
2991	1572
3005	1572
2901	1572
3213	1572
2900	1572
2990	1572
3006	1572
2902	1572
2961	1572
3060	1572
3026	1572
3216	1572
2893	1572
2891	1572
2928	1572
3301	1572
3199	1572
2925	1572
2967	1572
2910	1572
2926	1572
2971	1572
2896	1572
3001	1572
2957	1572
2958	1572
2972	1572
2892	1572
2923	1572
2984	1572
2881	1572
3351	1572
2953	1572
2829	1572
3192	1572
2956	1572
3050	1572
3061	1572
3317	1572
3051	1572
2918	1572
2841	1572
2904	1572
2922	1572
3149	1572
2838	1572
2845	1572
2920	1572
3012	1572
2894	1572
2981	1572
3293	1572
3141	1572
3035	1572
2889	1572
2934	1572
3055	1572
3069	1572
3631	1572
3228	1572
3105	1572
3011	1572
2963	1572
3347	1572
3179	1572
3027	1572
2987	1572
2986	1572
3068	1572
2938	1572
3282	1572
2921	1572
3064	1572
3416	1572
3008	1572
2950	1572
2907	1572
3209	1572
3198	1572
3181	1572
3629	1572
2929	1572
2877	1572
2941	1572
2992	1572
2853	1572
3013	1572
3329	1572
3046	1572
3036	1572
3324	1572
3323	1572
3045	1572
2888	1572
3218	1572
3385	1572
3374	1572
2875	1572
3231	1572
3262	1572
3037	1572
3190	1572
3153	1572
3204	1572
3211	1572
3175	1572
3288	1572
2871	1572
2890	1572
3226	1572
2880	1572
3040	1572
3187	1572
3254	1572
2985	1572
2978	1572
2940	1572
3003	1572
3049	1572
2882	1572
3235	1572
3169	1572
3632	1572
3129	1572
3135	1572
3048	1572
3522	1572
3212	1572
3093	1572
3390	1572
3598	1572
2867	1572
3174	1572
2830	1572
3042	1572
3377	1572
3378	1572
3104	1572
3301	1036
3008	1036
3179	1036
3026	1036
2925	1036
3177	1036
2967	1036
2891	1036
2986	1036
2987	1036
2864	1036
2856	1036
3005	1036
2872	1036
2860	1036
2863	1036
2923	1036
2876	1036
3209	1036
3064	1036
2972	1036
3214	1036
2848	1036
2866	1036
2960	1036
2879	1036
2952	1036
2961	1036
2929	1036
3522	1036
2877	1036
2921	1036
3048	1036
3093	1036
3374	1036
3129	1036
2845	1036
2868	1036
3017	1036
2857	1036
2843	1036
2933	1036
2903	1036
2865	1036
3241	1036
2957	1036
2950	1036
2855	1036
2900	1036
3132	1036
2851	1036
3031	1036
2993	1036
3044	1036
2829	1036
2827	1036
2924	1036
3043	1036
3032	1036
2958	1036
3141	1036
2963	1036
3130	1036
3006	1036
3135	1036
2901	1036
2902	1036
2910	1036
3235	1036
3023	1036
3174	1036
3390	1036
3054	1036
3040	1036
3034	1036
3212	1036
3027	1036
3258	1036
3161	1036
3011	1036
3104	1036
2888	1036
3385	1036
3187	1036
3117	1036
3199	1036
3115	1036
3074	1036
3035	1036
3382	1036
2895	1036
3376	1036
3001	1036
2937	1036
3022	1036
3169	1036
3003	1036
2904	1036
2890	1036
3378	1036
3377	1036
3633	1036
3055	1036
2938	1036
2922	1036
2920	1036
3563	1036
2998	1036
3037	1036
2926	1036
2907	1036
3036	1036
3216	1036
3061	1036
3046	1036
3317	1036
2934	1036
3050	1036
2908	1036
2953	1036
3185	1036
3045	1036
2897	1036
2871	1036
2940	1036
2892	1036
3234	1036
3226	1036
2982	1036
3166	1036
2836	1036
2838	1036
3629	1036
3213	1036
3204	1036
2971	1036
2896	1036
2928	1036
3198	1036
2941	1036
3158	1036
3263	1036
2983	1036
3149	1036
3100	1036
2988	1036
2956	1036
3200	1036
2841	1036
3042	1036
3012	1036
3182	1036
3186	1036
2853	1036
2992	1036
3145	1036
2977	1036
3181	1036
2959	1036
2881	1036
3305	1036
2968	1036
3222	1036
3288	1036
3107	1036
3230	1036
3225	1036
3221	1036
3494	1036
3292	1036
3184	1036
3323	1036
3324	1036
2954	1036
2949	1036
2867	1036
3223	1036
3057	1036
2893	1036
3375	1036
2875	1036
3096	1036
3124	1036
3634	1036
3218	1036
2931	1036
3119	1036
3343	1036
3270	1036
3077	1036
2889	1036
3081	1036
2858	1036
3073	1036
3262	1036
2839	1036
3053	1036
2906	1036
3128	1036
3190	1036
2984	1036
2994	1036
3059	1036
3457	1036
3051	1036
3287	1036
2927	1036
3152	1036
3080	1036
3084	1036
3030	1036
3264	1036
2990	1036
2885	1036
2991	1036
3631	1036
3302	1036
3113	1036
2932	1036
3321	1036
3495	1036
3295	1036
3299	1036
3326	1036
3598	1036
2827	221
2839	221
2958	221
2857	221
2862	221
3032	221
2980	221
2866	221
3606	221
2976	221
2856	221
2845	221
2864	221
3607	221
2921	221
2843	221
2855	221
2879	221
2851	221
2960	221
2863	221
2876	221
2881	221
2885	221
2967	221
2907	221
3620	221
2998	221
3198	221
2918	221
2895	221
2877	221
3157	221
3251	221
3301	221
2925	221
3608	221
3077	221
3228	221
3199	221
3385	221
3128	221
2904	221
3130	221
2906	221
3523	221
2890	2536
2839	2536
2865	2536
3030	2536
3053	2536
2836	2536
2867	2536
2857	2536
3032	2536
2860	2536
2858	2536
2910	2536
3050	2536
3075	2536
2980	2536
2866	2536
2976	2536
2856	2536
2845	2536
2924	2536
2864	2536
2961	2536
2843	2536
2855	2536
3252	2536
2983	2536
2851	2536
2863	2536
2881	2536
2938	2536
2891	2536
3022	2536
3008	2536
2877	2536
3003	2536
3046	2536
3045	2536
3170	2558
2882	2558
3049	2558
3587	2558
2834	2558
2856	2558
2866	2558
3020	2558
2845	2558
3008	2558
2830	2558
2994	2558
2877	2558
3011	2558
3635	2558
2843	2558
2885	2558
3034	2558
2865	2558
3636	2558
3031	2558
3026	2558
2990	2558
2851	2558
2902	2558
2961	2558
2908	2558
2988	2558
2856	2364
2860	2364
3370	2364
3158	2364
3145	2364
2967	2364
2843	2364
2961	2364
3046	2364
3020	2364
3030	2364
2921	2364
2836	2364
2890	2364
2881	2364
2851	2364
3190	2364
2866	2364
2855	2364
3017	2364
3071	2364
2848	2364
2867	2364
3045	2364
2983	2364
2845	2364
2891	2364
3032	2364
2864	2364
3009	2364
2846	2364
2908	2364
2863	2364
2827	2364
2895	2364
3036	2364
2900	2364
3482	2402
3421	2402
3250	2402
3637	2402
3638	2402
3550	2402
3219	2402
3087	2402
3048	2402
3232	2402
2944	2402
3256	2402
3152	2402
3078	2402
3000	2402
2888	2402
2970	2402
2916	2402
2940	2402
3107	2402
2992	2402
3113	2402
3121	2402
3536	2402
3258	2402
2969	2402
3220	740
2968	740
3077	740
3082	740
2856	740
2855	740
3419	740
2853	740
2935	740
3283	740
2970	740
3392	740
3231	740
2888	740
3177	740
3223	740
2964	740
3439	740
3290	740
2856	2164
2863	2164
2881	2164
2855	2164
2848	2164
2851	2164
2827	2164
2903	2164
2829	2164
2866	2164
2938	2164
2867	2164
2843	2164
2885	2164
2865	2164
2961	2164
3013	2164
3158	2164
2900	2164
3043	2164
2864	2164
2836	2164
3030	2164
2890	2164
2879	2164
2924	2164
2921	2164
3129	2164
2856	2195
2903	2195
2866	2195
3036	2195
2961	2195
2872	2195
2848	2195
2863	2195
2885	2195
2857	2195
2877	2195
3003	2195
3252	2195
3008	2195
2865	2195
2843	2195
2900	2195
2891	2195
2938	2195
2855	2195
3135	2195
3032	2195
3046	2195
3045	2195
2932	2195
2997	2195
2851	2195
3030	2195
2836	2195
2867	2195
2890	2195
2983	2195
2862	811
2881	811
3505	811
2856	811
2855	811
2851	811
2866	811
2971	811
2903	811
3011	811
2863	811
3131	811
2848	811
2948	811
3145	811
3174	811
2877	811
2843	811
3030	811
2836	811
2867	811
2961	811
2938	811
2910	811
3032	811
2900	811
2891	811
2920	811
2922	811
2932	2756
2856	2756
2872	2756
2863	2756
2907	2756
2938	2756
2903	2756
2866	2756
2890	2756
2857	2756
2836	2756
3008	2756
2885	2756
2998	2756
3003	2756
2843	2756
3145	2756
2895	2756
2855	2756
3043	2756
3032	2756
2877	2756
3030	2756
2865	2756
2994	2756
2867	2756
3053	2756
2900	2756
2983	2756
2864	2756
3046	2756
3045	2756
2910	2756
2961	2756
2851	2756
2971	2756
3131	959
2856	959
2866	959
2863	959
3321	959
2907	959
2890	959
2997	959
2885	959
2932	959
2830	959
2836	959
2956	959
2900	959
3008	959
3145	959
3036	959
2843	959
3051	959
2938	959
3003	959
3149	959
2961	959
2839	959
2829	959
2855	959
2851	959
2867	959
3043	959
3032	959
3045	959
3046	959
2857	959
2856	1100
2866	1100
2863	1100
3011	1100
2907	1100
2932	1100
2885	1100
2848	1100
2830	1100
2997	1100
2890	1100
2867	1100
3135	1100
2843	1100
2855	1100
2877	1100
3030	1100
2836	1100
2881	1100
3032	1100
2961	1100
3046	1100
3045	1100
3043	1100
2851	1100
2900	1100
2983	1100
3153	1100
2938	1100
2904	1100
3055	1100
3037	1100
2895	1100
3217	1100
3034	1100
3009	1100
3143	1100
3296	1100
3177	1100
3007	1100
2856	1734
3145	1734
2881	1734
2961	1734
2903	1734
2866	1734
2855	1734
2867	1734
2843	1734
3013	1734
3036	1734
2890	1734
2838	1734
2983	1734
2864	1734
2938	1734
3043	1734
2860	1734
2858	1734
2900	1734
2851	1734
2863	1734
2829	1734
3032	1734
2848	1734
2902	1734
2901	1734
2879	1734
2921	1734
3046	1734
2924	1734
3045	1734
2908	1734
2885	1734
3008	1734
3034	1734
2877	1734
2865	1734
3053	1734
2925	1734
2953	1734
2923	1734
3030	724
2866	724
3053	724
2938	724
2851	724
3214	724
2937	724
2863	724
2860	724
3022	724
3041	724
3032	724
2961	724
2843	724
3045	724
3046	724
2856	724
2908	724
3013	724
3034	724
3548	1520
3037	1520
3061	1520
3179	1520
3031	1520
3035	1520
3036	1520
3027	1520
2967	1520
2845	1520
3416	1520
2929	1520
2866	1520
2932	1520
3064	1520
2975	1520
3206	1520
2860	1520
3241	1520
3003	1520
3321	1520
2900	1520
2895	1520
3042	1520
3158	1520
2861	1520
3022	1520
3152	1520
2863	1520
2962	1520
2961	1520
2882	1520
2856	1520
2956	1520
3002	1520
3132	1520
3026	1520
2857	1520
3008	1520
3164	1520
3038	1520
3063	1520
2998	1520
3145	1520
3319	1520
2885	1520
3045	1520
3046	1520
2907	1520
3072	376
2866	376
2856	376
2855	376
2938	376
2961	376
2867	376
2900	376
2827	376
2895	376
2862	376
2857	376
2843	376
2865	376
2829	376
2890	376
2863	376
3158	376
2885	376
2877	376
3030	376
2836	376
2864	376
2983	376
3046	376
3045	376
3040	376
2851	376
2910	376
2860	376
3036	376
2907	376
2960	376
2845	376
2971	376
3032	376
3135	1364
2856	1364
2882	1364
2954	1364
2881	1364
2843	1364
2836	1364
2904	1364
2865	1364
3058	1364
3013	1364
2839	1364
2855	1364
3179	1364
3037	1364
2967	1364
3072	1364
3055	1364
3051	1364
2900	1364
3007	1364
2848	1364
3045	1364
3046	1364
2867	1364
2877	1364
2863	1364
2827	1364
2879	1364
2864	1364
2983	1364
2866	1364
2938	1364
2906	1364
2965	1364
2961	1364
2851	1364
2971	1364
2860	1364
2910	1364
2876	1364
3032	1364
2858	1364
3040	1364
2872	1364
3135	1596
2856	1596
2882	1596
2967	1596
2855	1596
2863	1596
2881	1596
2839	1596
2890	1596
2865	1596
2829	1596
2836	1596
2866	1596
2864	1596
2900	1596
2857	1596
2845	1596
2885	1596
2860	1596
2848	1596
2908	1596
3032	1596
3009	1596
3179	1596
2877	1596
3003	1596
2867	1596
2827	1596
2851	1596
2983	1596
2910	1596
3043	1596
2843	1596
2858	1596
2961	1596
3131	1596
2907	1596
3034	1596
2922	1596
2920	1596
2872	1596
2876	1596
3045	1596
2971	1596
2938	1596
2891	1596
2926	1596
3188	1596
3135	976
2856	976
2882	976
2967	976
2855	976
2843	976
2896	976
2877	976
2851	976
2836	976
2866	976
2863	976
2994	976
2865	976
2900	976
2932	976
3132	976
2845	976
2885	976
3216	976
3009	976
2857	976
2860	976
2867	976
2890	976
2961	976
3030	976
2864	976
2983	976
2938	976
2904	976
3055	976
3036	976
2971	976
2876	976
2960	976
3046	976
3045	976
3032	976
3012	976
2858	976
3034	976
2872	976
3389	976
2066	3646
2515	3646
1732	3646
2106	3646
1003	3646
630	3646
956	3646
3647	3646
1493	3646
635	3646
99	3646
3648	3646
768	3646
1279	3646
2138	3646
1670	3646
1203	3646
3649	3646
3650	3646
1359	3646
1687	3646
1267	3646
679	3646
764	3646
340	3646
469	3646
898	3646
3651	3646
1463	3646
2465	3646
14	3646
1509	3646
51	3646
1834	3646
867	3646
639	3646
3652	3646
156	3646
691	3646
566	3646
838	3646
328	3646
1002	3646
2332	3646
2240	3646
821	3646
571	3646
1204	3646
2493	3646
829	3646
2406	3646
939	3646
57	3646
572	3646
1307	3646
230	3646
1789	3646
1471	3646
109	3646
76	3646
884	3646
1929	3646
1198	3646
718	3646
2281	3646
971	3646
463	3646
461	3646
599	3646
438	3646
60	3646
2529	3646
2202	3646
300	3646
781	3646
785	3646
2189	3646
853	3653
2416	3646
162	3646
1657	3646
1062	3646
160	3646
556	3646
499	3646
710	3646
330	3646
3640	3646
1270	3646
1045	3646
1013	3646
2466	3646
1743	3654
95	3654
896	3655
1074	3656
2387	3657
2456	3658
787	3658
211	3657
2484	3659
2790	3660
595	3659
1164	3654
2567	3659
2628	3659
1858	3658
1363	3658
1372	3654
2643	3657
1398	3654
2075	3658
703	3658
2506	3654
926	3654
1186	3654
129	3654
2758	3658
54	3654
1963	3655
784	3653
112	3654
2190	3654
1272	3658
2083	3656
915	3653
2001	3653
327	3653
501	3660
1942	3653
1776	3657
3661	3662
990	3654
859	3657
1805	3653
739	3653
2304	3655
1530	3657
755	3657
948	3653
979	3659
2188	3657
2395	3658
964	3657
667	3653
2113	3658
2356	3658
1924	3658
1721	3658
1212	3654
1850	3659
2709	3659
2245	3653
2503	3658
983	3654
1716	3656
649	3663
27	3662
715	3656
289	3656
1843	3656
75	3653
2577	3657
615	3653
2684	3653
2004	3657
6	3662
497	3654
49	3658
1797	3658
1708	3657
1994	3659
773	3659
2058	3660
257	3653
1617	3657
782	3658
1379	3653
1099	3653
1979	3657
1302	3653
1728	3653
2090	3658
2755	3653
464	3653
2197	3653
858	3653
2408	3654
970	3653
1183	3654
2686	3662
2044	3662
3	3654
1179	3658
1524	3658
1926	3659
1358	3653
37	3657
2479	3658
1286	3653
2785	3656
2485	3653
2270	3653
2697	3662
1537	3659
52	3653
1494	3656
2026	3662
195	3662
1028	3653
1400	3662
2632	3659
1923	3658
637	3654
2175	3653
23	3653
2598	3656
792	3659
1457	3658
2766	3656
937	3653
844	3656
738	3658
814	3653
311	3653
601	3654
2363	3656
783	3654
640	3656
912	3654
2036	3653
628	3657
1047	3657
524	3657
208	3657
1055	3654
272	3654
624	3656
2546	3654
2549	3658
1369	3657
909	3658
766	3658
2276	3654
1383	3657
901	3657
2397	3658
1192	3658
2150	3657
2616	3657
1125	3657
2691	3657
297	3659
656	3657
53	3658
2089	3662
18	3662
1182	3653
1989	3653
418	3657
2712	3657
2626	3657
2119	3657
503	3658
2033	3658
229	3658
2682	3657
323	3653
697	3657
942	3657
1602	3646
3664	3646
2791	3646
1641	3646
1616	3646
1700	3646
3665	3646
1323	3646
1426	3646
1557	3646
2587	3646
1500	3646
1575	3646
2203	3646
1626	3646
1558	3646
3666	3646
574	3646
286	3646
2205	3646
263	3646
1828	3646
2347	3646
1120	3646
296	3646
847	3646
733	3646
742	3646
145	3646
2649	3646
2005	3646
314	3646
2074	3646
2200	3646
1420	3646
634	3646
1165	3646
995	3646
2008	3646
3667	3646
1262	3646
368	3646
3668	3646
1861	3646
969	3646
3669	3646
529	3646
35	3646
161	3646
1474	3646
2694	3646
1291	3646
813	3646
3670	3646
377	3646
899	3646
169	3646
622	3646
1885	3646
1779	3646
2554	3646
775	3646
1343	3646
2782	3646
2707	3646
1022	3657
1233	3654
1553	3657
1818	3654
2314	3657
806	3658
2499	3658
1982	3658
3671	3657
235	3658
2082	3654
1080	3657
1322	3657
412	3653
1038	3658
795	3657
1916	3657
1882	3657
2730	3657
1174	3657
582	3657
2152	3657
1159	3657
553	3658
2460	3657
227	3658
7	3654
2676	3653
2467	3657
549	3653
1723	3653
1389	3657
1517	3657
205	3653
916	3654
631	3657
1397	3657
151	3657
866	3657
551	3657
444	3657
1376	3659
1880	3657
1997	3657
2759	3657
244	3657
910	3657
2358	3657
2604	3657
2547	3654
2129	3657
2786	3653
1088	3663
1578	3658
28	3654
2769	3657
459	3657
1234	3653
2401	3657
1208	3654
713	3657
2208	3653
1946	3657
1142	3653
1048	3659
1665	3653
2282	3657
796	3653
1727	3653
2574	3653
1920	3653
165	3657
2161	3656
822	3663
2494	3659
2213	3657
1639	3657
144	3657
2114	3657
2035	3657
2302	3657
1355	3654
1878	3662
938	3654
1565	3658
1755	3658
443	3658
2690	3658
1336	3657
3672	3654
2288	3657
228	3654
864	3653
2705	3662
1206	3658
2438	3658
2741	3653
285	3653
3641	3653
2660	3654
2028	3653
1470	3654
1803	3655
881	3658
2645	3653
719	3653
2085	3660
2739	3654
2513	3653
1039	3653
1023	3658
1821	3657
662	3657
2312	3654
2639	3653
2346	3659
828	3658
2394	3657
1606	3653
16	3653
1809	3653
2098	3659
1985	3653
1825	3653
758	3653
2575	3653
2491	3659
663	3662
1184	3658
1025	3656
1056	3663
2478	3653
2535	3655
2412	3657
1458	3653
1076	3656
2747	3653
1202	3654
278	3653
1455	3654
1488	3653
2224	3659
1191	3658
2193	3654
2500	3656
1647	3663
2142	3656
2359	3654
111	3654
1529	3656
583	3659
1629	3663
935	3654
1053	3657
548	3654
80	3653
1628	3656
2091	3653
2222	3653
22	3656
1235	3653
1873	3653
2260	3653
392	3653
2059	3653
2400	3654
2822	3653
1189	3656
2020	3654
761	3654
204	3654
2109	3656
308	3654
1550	3654
2779	3654
423	3656
510	3654
1702	3654
213	3654
429	3658
2368	3653
1940	3653
1967	3653
1318	3653
409	3653
1706	3653
1796	3653
1984	3662
2512	3653
887	3656
1977	3653
1151	3653
1064	3654
816	3662
1640	3654
119	3653
1780	3653
769	3653
776	3653
1078	3653
2659	3653
2326	3653
958	3653
1619	3653
1903	3653
2057	3653
240	3657
2054	3653
2675	3653
790	3653
1504	3653
2379	3653
40	3657
1577	3653
1024	3655
2007	3654
2522	3654
1746	3657
1290	3657
2648	3656
1374	3659
246	3657
2662	3657
1831	3654
2633	3656
1152	3653
492	3653
2068	3653
1742	3654
1653	3653
1515	3653
420	3653
1829	3657
2578	3653
705	3658
98	3653
298	3653
2608	3659
2041	3657
2301	3657
2061	3657
731	3657
2495	3657
839	3654
1269	3657
153	3654
3673	3657
2148	3654
2029	3657
178	3657
203	3654
633	3657
365	3657
2262	3654
1175	3657
1644	3657
1991	3657
1475	3657
220	3657
1144	3654
2720	3657
3674	3657
3675	3658
914	3659
1783	3653
1449	3654
416	3657
538	3659
957	3653
621	3657
1020	3653
242	3653
393	3655
2463	3655
695	3653
2331	3657
2446	3657
1388	3655
1169	3656
1328	3653
275	3657
236	3657
1046	3655
1411	3660
259	3660
2121	3657
1663	3654
1240	3654
2253	3662
1611	3655
281	3657
3676	3653
1246	3659
155	3653
1896	3655
1027	3653
301	3654
110	3653
2168	3653
1040	3659
561	3659
1510	3654
2023	3655
13	3653
2559	3653
1683	3654
1714	3654
1784	3653
747	3658
2765	3653
1814	3653
604	3659
1689	3659
2571	3656
2733	3659
2207	3654
902	3653
403	3654
96	3658
2076	3654
2498	3654
1385	3660
686	3660
2319	3660
2507	3660
2092	3660
73	3653
767	3657
2429	3653
1775	3662
1261	3658
280	3655
1114	3653
606	3653
1566	3653
943	3657
1589	3657
1676	3657
575	3657
1749	3653
2518	3653
201	3653
2672	3653
516	3653
1017	3653
382	3657
215	3655
1320	3656
1620	3653
1603	3659
1548	3657
484	3653
920	3653
2770	3653
77	3653
1431	3653
2443	3657
982	3659
1512	3653
2375	3653
2365	3653
2459	3656
1118	3658
1518	3653
984	3653
2764	3654
2307	3654
1231	3653
1310	3653
1930	3658
410	3659
2179	3659
375	3657
1781	3663
672	3654
993	3658
2055	3653
1568	3653
1282	3658
780	3653
1317	3653
1890	3653
986	3653
2294	3653
10	3653
514	3654
2176	3662
962	3662
355	3662
1655	3653
55	3653
2060	3653
2285	3653
1207	3654
1131	3653
2523	3654
1981	3653
1604	3653
2581	3653
2620	3653
354	3662
1654	3653
1451	3654
1840	3653
267	3653
2343	3653
552	3653
136	3654
336	3656
2081	3653
878	3657
157	3655
326	3653
1237	3658
1112	3658
206	3653
2731	3660
406	3658
879	3658
1260	3658
2516	3658
25	3658
384	3658
2211	3658
2257	3658
2369	3658
283	3658
1255	3662
1236	3654
1594	3657
664	3658
2261	3657
609	3653
974	3657
555	3658
177	3659
2704	3653
629	3654
2293	3658
2600	3657
1526	3656
1852	3658
655	3654
233	3660
1030	3660
661	3653
1448	3659
2165	3658
1427	3653
619	3656
1035	3654
1739	3662
2147	3657
1800	3657
2657	3654
1229	3654
1199	3657
2768	3657
2219	3658
83	3658
343	3658
1271	3653
478	3657
1745	3659
2133	3656
224	3654
1567	3653
627	3657
2027	3659
1450	3653
1459	3656
1146	3656
1887	3659
533	3654
347	3656
1692	3653
2287	3657
712	3657
2398	3653
1893	3653
1587	3653
2461	3653
142	3657
3677	3658
3678	3658
1766	3654
1051	3654
2586	3658
2557	3660
673	3653
534	3662
2564	3657
809	3657
563	3657
2576	3657
1973	3657
1738	3657
1128	3655
745	3653
1966	3659
842	3654
2376	3654
2711	3654
875	3654
972	3654
1804	3654
2568	3654
1576	3654
2087	3654
736	3654
2308	3658
1288	3658
708	3654
1339	3654
804	3654
933	3654
2070	3653
380	3653
991	3659
1444	3653
748	3653
2017	3654
453	3662
306	3654
470	3656
200	3655
269	3655
2530	3655
1103	3657
2271	3654
2268	3657
2217	3657
8	3653
2601	3659
1864	3653
832	3658
2683	3654
968	3654
1618	3653
2414	3655
181	3655
1321	3656
2105	3656
632	3656
1697	3659
2760	3653
2159	3653
1925	3656
348	3653
2009	3653
2333	3660
2611	3653
237	3653
1297	3658
2227	3654
1362	3658
893	3658
567	3653
726	3653
1726	3655
1713	3663
1555	3654
1401	3654
1681	3654
1077	3657
1467	3655
2781	3657
1932	3654
2458	3655
2593	3655
1934	3659
21	3659
1108	3653
1375	3653
3642	3657
131	3653
2132	3654
757	3657
863	3659
2651	3656
2477	3657
1443	3654
2378	3654
652	3654
594	3654
2241	3654
857	3657
293	3653
1004	3658
15	3653
100	3657
608	3654
127	3654
1756	3654
1986	3656
1334	3656
3679	3656
2186	3656
1238	3653
261	3657
1384	3657
3680	3662
2750	3662
904	3656
508	3654
2562	3655
2340	3653
2591	3659
335	3656
4	3656
1802	3653
2439	3660
2167	3654
2783	3654
600	3653
1652	3654
1096	3654
585	3658
1352	3654
1725	3659
2772	3653
1187	3654
2426	3659
148	3653
2663	3657
1292	3653
1948	3653
1060	3655
917	3653
890	3657
1608	3653
1787	3655
2252	3653
2482	3659
1104	3653
808	3653
1145	3654
2427	3653
2468	3653
711	3653
290	3653
682	3653
625	3658
528	3656
1927	3653
450	3653
1559	3653
1264	3653
562	3653
987	3659
45	3653
1367	3653
1147	3653
2318	3655
374	3653
1172	3658
1836	3653
519	3653
1819	3662
680	3659
2181	3659
1889	3653
2330	3657
1770	3653
612	3654
1905	3653
312	3653
2635	3653
191	3655
1570	3656
3643	3654
1127	3654
704	3655
1196	3656
772	3653
586	3663
317	3653
2450	3653
126	3653
1313	3653
449	3653
3644	3653
1185	3653
2259	3654
2650	3659
1914	3653
1410	3653
800	3654
1300	3654
1069	3654
2722	3654
1498	3653
2531	3653
1729	3654
788	3653
1061	3653
1941	3659
2528	3653
41	3663
378	3655
1671	3653
1938	3653
1424	3653
1414	3653
2490	3653
104	3653
1044	3653
2433	3653
1837	3653
2419	3653
381	3653
2032	3653
1132	3653
1480	3658
1634	3653
2555	3658
1855	3654
947	3654
1859	3655
294	3659
823	3653
3681	3662
3682	3662
2135	3662
2367	3653
989	3653
2	3653
1213	3653
1790	3657
2024	3657
1180	3653
2158	3663
2752	3653
2215	3662
688	3657
485	3657
2380	3655
1168	3653
683	3653
1971	3653
1807	3653
2744	3663
698	3656
396	3653
1642	3658
63	3658
2088	3659
1637	3653
1381	3653
1590	3653
2049	3653
3683	3657
3684	3657
3685	3657
3686	3657
3687	3657
3688	3657
2295	3657
2525	3656
870	3654
2573	3654
734	3653
1631	3654
3689	3653
2565	3654
1709	3656
2612	3662
1294	3653
1636	3653
1345	3653
1009	3653
188	3690
2050	3654
654	3660
2101	3653
2727	3653
1960	3654
3645	3653
1138	3653
2502	3656
2120	3654
1949	3653
837	3654
295	3657
611	3655
2128	3653
345	3654
1068	3657
1478	3653
614	3654
1423	3654
2622	3654
1527	3653
2776	3653
1842	3653
115	3653
786	3653
34	3653
1764	3656
1465	3654
2442	3663
2726	3653
951	3653
2545	3691
531	3691
2629	3691
1228	3691
1452	3691
1075	3691
911	3658
2154	3656
1894	3654
352	3658
473	3656
1907	3691
170	3691
2469	3653
1868	3653
666	3691
774	3691
2483	3691
315	3653
1034	3691
2381	3657
1026	3653
616	3659
471	3691
671	3655
1514	3654
2102	3691
1908	3691
1503	3691
42	3658
1750	3658
305	3654
404	3691
1215	3691
86	3691
1348	3657
2039	3657
2160	3691
284	3657
1544	3691
888	3691
2209	3691
367	3659
239	3658
2097	3654
1987	3691
988	3653
547	3653
597	3653
1661	3691
2071	3657
1867	3654
521	3653
749	3691
1033	3653
1110	3662
125	3653
1968	3653
1646	3653
1223	3653
1580	3653
1658	3691
2521	3653
1016	3653
2716	3653
1762	3691
175	3653
1704	3691
789	3653
2370	3690
643	3658
889	3653
2013	3653
1563	3691
1922	3653
2015	3653
1542	3653
1956	3691
1915	3658
522	3653
2754	3653
2046	3653
2248	3691
2051	3663
2681	3663
405	3691
2596	3653
3692	3662
413	3653
2737	3662
1429	3658
1387	3655
198	3653
1019	3653
2444	3691
2510	3653
1342	3653
2420	3653
730	3657
89	3662
1943	3691
2488	3653
1881	3690
2668	3653
1785	3653
1067	3653
2096	3653
1495	3653
770	3653
1722	3653
587	3653
741	3653
500	3653
727	3653
2778	3653
2386	3653
1560	3653
1536	3653
732	3653
1440	3654
2625	3653
2789	3653
2434	3653
370	3653
2696	3653
1696	3653
2561	3658
1891	3653
2728	3653
1707	3691
2184	3654
2185	3653
1685	3653
1253	3653
950	3653
2424	3653
2403	3653
584	3653
2274	3653
329	3653
721	3653
1694	3654
430	3658
488	3653
309	3653
3693	3653
2317	3653
1571	3653
1737	3653
30	3654
1678	3653
363	3691
1226	3658
3694	3658
934	3658
2267	3658
2504	3658
2223	3657
1293	3653
2390	3663
2473	3663
1884	3658
1686	3655
1939	3653
1250	3654
1793	3654
1747	3655
2551	3659
379	3660
2724	3653
1157	3659
265	3659
2278	3659
954	3655
1782	3691
1564	3654
3695	3659
1830	3659
1740	3653
2003	3655
446	3655
1218	3655
824	3655
669	3653
581	3659
1481	3659
1032	3659
425	3656
504	3653
2145	3662
401	3653
2476	3653
2389	3653
20	3662
2767	3653
1525	3657
1000	3654
2072	3658
1507	3653
833	3653
351	3662
1875	3656
1768	3656
2342	3691
1937	3653
2496	3653
2774	3653
1193	3653
2688	3653
924	3653
1703	3662
193	3653
183	3653
1335	3662
1513	3662
2204	3659
2486	3654
2103	3657
1382	3653
1947	3653
2749	3655
2692	3656
1309	3655
1121	3691
502	3657
1848	3662
1648	3662
2192	3662
1957	3662
1902	3662
2300	3653
2335	3658
1126	3659
2396	3658
869	3653
2279	3653
24	3653
3696	3653
1895	3690
337	3656
1057	3653
2589	3655
771	3653
2667	3659
2655	3653
2654	3653
1970	3653
641	3653
694	3653
1472	3653
756	3653
1243	3653
1347	3653
1624	3653
1441	3653
2144	3653
1158	3653
751	3653
1219	3653
2623	3653
1021	3653
1585	3653
1547	3653
2410	3653
921	3653
794	3653
2787	3653
2321	3653
2388	3653
1254	3653
2505	3653
2216	3653
660	3653
729	3653
1340	3653
2418	3653
1815	3653
117	3653
1667	3653
2492	3656
2641	3656
565	3658
1699	3653
2022	3653
1170	3658
981	3659
1113	3653
880	3663
1357	3662
2538	3653
648	3653
164	3653
1097	3697
892	3653
2385	3691
371	3657
38	3653
2273	3658
810	3658
2118	3658
1651	3658
1595	3658
2569	3658
2313	3653
906	3657
2171	3658
1528	3658
527	3658
2644	3654
2594	3659
1123	3654
1650	3656
1664	3656
720	3654
2605	3653
2763	3653
1679	3653
2415	3653
141	3690
626	3658
452	3659
1912	3653
2134	3658
313	3657
58	3657
1220	3653
2180	3654
1832	3653
282	3690
2404	3698
960	3654
1856	3658
2740	3656
1499	3658
302	3653
50	3659
1898	3657
1860	3653
395	3656
2093	3654
310	3659
975	3662
1833	3654
338	3690
2349	3690
1715	3690
2155	3653
826	3662
1724	3653
1405	3653
1579	3653
1899	3653
1283	3653
1757	3653
468	3653
1230	3659
2232	3654
1298	3653
26	3658
579	3658
185	3653
1396	3653
913	3654
1711	3662
2341	3653
2666	3655
394	3653
2624	3690
2710	3653
2409	3653
1421	3656
1148	3655
2352	3658
2445	3653
1489	3658
2718	3658
1486	3658
9	3690
2585	3660
2566	3659
1081	3690
692	3660
700	3656
2243	3656
81	3657
187	3653
2337	3654
2637	3659
725	3659
1303	3659
657	3658
2520	3691
2399	3658
2449	3662
2338	3658
39	3653
2329	3662
1853	3654
3699	3653
91	3659
1662	3662
2627	3662
1	3662
69	3662
685	3662
1244	3662
1806	3662
1211	3662
373	3658
2717	3658
1612	3658
106	3658
46	3653
2480	3700
1330	3656
74	3654
1754	3658
137	3654
1593	3659
318	3653
802	3656
2661	3656
1656	3698
1892	3654
1857	3659
1795	3653
192	3698
3701	3690
2407	3655
486	3657
1386	3690
1136	3697
116	3697
350	3658
391	3654
276	3654
2254	3690
1018	3655
31	3654
2798	3653
2139	3654
793	3663
590	3656
2431	3658
1772	3653
1484	3653
1760	3654
2422	3653
171	3653
1872	3691
603	3654
1615	3653
1773	3659
2162	3690
677	3698
1281	3654
714	3656
1826	3654
333	3657
2653	3690
369	3690
1851	3690
124	3653
1849	3653
2464	3653
2701	3653
2508	3653
1456	3653
1289	3691
434	3653
961	3654
1719	3653
2665	3653
1718	3653
1778	3653
2751	3653
2220	3658
746	3654
457	3653
1361	3653
209	3653
2042	3653
1820	3653
2614	3653
2156	3653
936	3653
1935	3653
1839	3690
1316	3690
2391	3690
2417	3690
2695	3690
1447	3690
1241	3690
798	3690
1086	3690
2327	3690
2047	3690
1245	3690
415	3690
897	3690
1950	3653
1306	3654
1439	3659
1502	3653
2324	3654
2140	3653
1701	3653
255	3655
1256	3653
245	3653
743	3653
105	3658
1874	3658
454	3658
1314	3658
2309	3654
2560	3658
2323	3657
400	3654
1344	3656
1092	3658
366	3698
1054	3653
638	3654
945	3698
303	3653
1278	3653
542	3657
320	3690
2732	3653
1432	3653
1584	3653
1284	3653
1377	3655
1482	3653
1600	3653
2652	3659
1404	3700
871	3657
1418	3653
1085	3655
791	3653
152	3653
2031	3654
3702	3690
122	3653
868	3653
1371	3653
1166	3690
321	3697
1928	3690
68	3690
2411	3690
218	3690
2475	3656
2771	3654
834	3690
928	3653
681	3690
1275	3690
1373	3657
1153	3653
1799	3690
1801	3690
905	3690
1012	3690
1999	3690
642	3654
1082	3690
186	3690
1280	3658
2590	3690
2636	3690
135	3658
408	3653
2064	3690
1167	3690
1160	3658
1177	3690
1748	3690
2037	3690
2124	3662
1581	3653
1877	3662
2592	3656
2377	3653
2173	3653
2018	3690
231	3690
2237	3658
2501	3659
2117	3691
1625	3690
3703	3690
3704	3690
2235	3690
2350	3658
2580	3657
607	3654
346	3653
2472	3690
1969	3690
1084	3690
1962	3653
1216	3690
754	3653
2700	3690
176	3654
1390	3658
1533	3690
1273	3690
2642	3653
1346	3654
1041	3690
2265	3690
279	3698
439	3663
2006	3690
1365	3658
3705	3690
1393	3690
139	3658
1733	3690
217	3690
817	3691
1412	3662
593	3658
570	3653
2255	3653
2773	3690
133	3656
1906	3653
44	3653
1442	3690
451	3653
487	3657
665	3653
919	3653
2743	3700
670	3690
407	3653
1808	3690
2539	3653
134	3653
1200	3690
812	3690
690	3690
803	3653
287	3658
762	3654
1143	3654
2353	3658
1505	3656
1649	3654
1951	3653
849	3653
1668	3698
2149	3653
696	3653
2647	3653
1461	3653
515	3653
545	3653
62	3690
819	3690
1588	3662
59	3690
474	3658
1978	3653
2775	3653
2111	3653
967	3653
1430	3653
2579	3653
2104	3690
1315	3656
1496	3690
70	3690
602	3690
2296	3690
799	3690
1319	3690
2357	3690
1540	3690
530	3653
996	3653
2524	3653
1574	3663
2421	3653
1209	3658
865	3658
973	3690
1008	3690
424	3654
2163	3654
1720	3658
472	3657
1586	3654
2272	3690
658	3690
1591	3662
2123	3653
1931	3653
2481	3690
2382	3656
2392	3657
2597	3657
1304	3657
997	3657
1392	3690
1753	3657
2230	3690
1965	3690
1222	3690
475	3690
831	3653
1972	3653
2019	3657
334	3662
61	3657
277	3691
815	3657
2115	3653
2275	3690
2130	3654
1961	3653
130	3658
1788	3658
1811	3690
2067	3690
1378	3657
2584	3690
1592	3690
251	3690
266	3656
1333	3662
273	3655
455	3654
678	3653
43	3659
1845	3656
2266	3657
717	3657
723	3658
1630	3690
1329	3690
2748	3690
1710	3653
1816	3653
2517	3653
1394	3653
498	3690
2603	3690
1777	3690
389	3690
2719	3690
1409	3690
1042	3690
1031	3690
1976	3690
687	3690
1854	3690
1406	3653
1988	3653
2436	3659
2540	3659
2355	3653
765	3663
107	3653
11	3698
1276	3653
925	3659
2362	3657
1607	3690
854	3690
843	3654
617	3659
1869	3690
2425	3658
2110	3663
1353	3653
1538	3654
173	3656
907	3654
1490	3690
2703	3690
1792	3691
544	3690
71	3656
568	3656
2451	3656
1155	3658
2116	3690
1812	3653
2310	3653
1251	3659
2325	3659
845	3698
2136	3653
517	3690
2086	3654
992	3698
1188	3659
496	3659
248	3690
1052	3690
636	3653
2141	3653
1531	3655
489	3698
908	3653
1996	3698
1402	3659
1312	3659
433	3659
190	3659
2553	3659
1063	3690
166	3656
2708	3690
2679	3659
1072	3700
931	3655
2236	3659
647	3690
1059	3657
2084	3656
1356	3653
1181	3657
852	3653
1761	3690
830	3657
1428	3656
1645	3690
518	3653
737	3653
199	3658
2519	3658
2256	3658
3706	3658
1909	3659
2371	3657
1763	3656
2677	3658
1731	3658
419	3690
1249	3690
1066	3658
477	3690
872	3690
1360	3690
2606	3653
1368	3654
93	3659
2069	3663
613	3658
668	3659
1287	3690
1299	3659
2640	3653
2824	3653
2823	3653
2818	3653
362	3653
1660	3658
32	3654
2125	3658
818	3663
2151	3697
1134	3658
194	3655
2038	3658
103	3657
197	3653
1897	3659
372	3658
1468	3659
402	3658
2646	3657
344	3658
264	3654
238	3690
1698	3690
2263	3690
1673	3657
2258	3691
332	3653
922	3654
102	3690
543	3653
1071	3653
985	3658
2366	3690
1523	3654
709	3654
2077	3653
2761	3653
2351	3653
2777	3653
2199	3658
431	3691
232	3691
1190	3658
763	3659
1791	3659
2283	3659
1119	3659
1395	3654
2430	3656
1522	3656
437	3656
465	3653
1156	3654
2440	3658
1224	3691
360	3653
47	3690
2290	3658
1870	3653
114	3658
397	3660
1268	3691
807	3654
646	3653
1171	3659
247	3658
507	3654
2291	3690
1569	3690
1901	3658
965	3654
1823	3654
1350	3654
546	3658
307	3658
1464	3658
1952	3653
2746	3653
2153	3654
1532	3656
1073	3658
1090	3658
2298	3653
576	3658
2656	3690
2447	3690
1492	3656
2563	3698
1130	3698
1933	3698
1351	3663
87	3663
480	3663
2452	3698
1349	3690
932	3690
820	3659
2742	3659
2210	3690
2514	3653
2437	3655
1263	3690
398	3663
1101	3690
1583	3658
388	3653
999	3663
2053	3663
778	3659
82	3659
2698	3658
1079	3690
2127	3690
1786	3654
1980	3690
1102	3690
3707	3657
1675	3657
1609	3654
3708	3657
3709	3657
3710	3657
3711	3657
3712	3657
3713	3657
1866	3657
605	3657
386	3657
88	3660
17	3660
494	3660
1422	3660
2229	3660
1011	3659
493	3658
2056	3690
427	3690
2595	3658
675	3658
1944	3656
1541	3663
777	3653
2212	3653
132	3653
2537	3653
2206	3691
874	3658
1865	3659
2021	3654
523	3690
918	3690
2610	3690
140	3690
674	3654
2289	3657
1669	3654
2615	3690
2016	3690
97	3690
1129	3690
1296	3690
1511	3656
2073	3656
1680	3656
1366	3657
1659	3690
2413	3690
2674	3690
207	3657
2234	3654
1810	3658
2277	3656
2305	3690
1005	3697
1622	3690
596	3690
1913	3654
1900	3658
2532	3658
271	3654
1506	3654
573	3659
1029	3654
2320	3656
123	3656
644	3656
977	3656
903	3657
1910	3690
256	3653
1446	3654
1794	3654
1043	3690
2550	3690
2137	3690
2108	3656
1561	3656
1546	3691
1117	3653
1194	3653
1958	3653
2448	3659
1111	3659
589	3659
2556	3659
2613	3653
1598	3690
250	3690
2034	3653
1338	3658
2582	3658
1883	3690
33	3690
2246	3656
2297	3656
1744	3656
2065	3654
2122	3690
980	3690
1225	3653
873	3653
2316	3653
390	3659
1552	3656
1614	3653
482	3653
2170	3656
2511	3654
2630	3657
1945	3653
2470	3690
2242	3690
476	3653
2228	3691
1983	3653
2617	3653
149	3663
557	3691
243	3658
411	3690
994	3655
2619	3657
2095	3691
2303	3691
532	3657
797	3691
270	3657
526	3654
801	3691
684	3653
2238	3656
2174	3690
467	3690
252	3690
2249	3654
2030	3653
79	3691
885	3656
2453	3690
2457	3653
1610	3690
2542	3690
1425	3690
701	3658
426	3654
2423	3690
860	3690
179	3690
2218	3663
1232	3663
1483	3657
805	3657
610	3663
1094	3657
1674	3654
466	3657
2583	3663
946	3654
1083	3654
886	3654
1058	3656
1098	3655
1161	3657
846	3691
2544	3653
840	3654
1582	3653
2599	3662
1717	3658
1677	3690
1886	3690
2405	3653
2673	3653
2247	3657
2745	3657
180	3690
1341	3690
882	3655
222	3691
2345	3691
1917	3691
1759	3690
1695	3691
1105	3690
894	3690
2226	3663
693	3658
1433	3658
577	3658
364	3658
2702	3690
1141	3653
1691	3653
212	3658
1871	3659
2048	3691
1633	3655
512	3653
2040	3653
1601	3653
1133	3653
1936	3654
2045	3690
1597	3691
520	3691
2428	3658
1162	3658
1771	3691
1632	3691
1953	3653
2821	3690
163	3662
953	3654
1201	3658
2489	3658
2269	3690
436	3657
479	3690
2664	3658
1445	3654
1413	3698
2541	3654
1959	3691
2570	3658
138	3654
128	3656
483	3656
2339	3659
650	3653
223	3658
65	3659
2328	3659
2361	3663
1137	3658
1835	3663
536	3655
241	3663
1798	3659
67	3654
1453	3663
651	3658
1690	3658
1487	3690
952	3657
1705	3654
2344	3653
578	3654
1239	3653
1643	3653
1888	3690
525	3659
1205	3655
113	3653
2634	3690
2454	3690
1065	3659
1730	3690
676	3653
1331	3653
2487	3654
2225	3690
1862	3656
998	3654
2292	3653
978	3690
36	3654
891	3658
1975	3690
2432	3653
2693	3690
944	3654
1535	3655
2435	3690
1324	3690
3714	3691
2299	3690
349	3654
760	3653
827	3653
1089	3653
509	3690
2043	3653
856	3698
1454	3658
1380	3658
1274	3658
196	3658
66	3658
588	3658
1332	3690
592	3690
2251	3659
876	3653
1876	3653
1135	3663
537	3653
1436	3690
422	3663
2671	3653
1163	3653
1613	3659
2706	3690
2025	3658
1847	3653
753	3653
1115	3690
862	3653
2638	3654
1221	3690
90	3654
1122	3662
1391	3662
2680	3690
2214	3653
1095	3657
2336	3655
1403	3653
258	3690
505	3658
1682	3690
1214	3653
1015	3660
2000	3656
861	3656
2239	3657
1573	3653
1327	3690
146	3659
2182	3690
2734	3690
2360	3653
541	3653
2334	3658
1519	3663
1545	3690
927	3690
2714	3653
825	3690
481	3663
260	3653
226	3658
900	3653
1399	3657
1508	3653
1070	3690
2685	3656
2010	3653
699	3653
456	3653
940	3653
147	3653
848	3653
1326	3653
84	3653
2736	3653
645	3653
2322	3653
29	3653
1091	3653
214	3653
750	3653
458	3653
1460	3653
341	3658
2315	3663
150	3658
2157	3691
1712	3690
1107	3691
316	3691
1621	3663
728	3691
2063	3657
618	3658
1539	3658
2374	3659
2286	3654
357	3653
1434	3654
202	3663
2572	3658
1491	3690
428	3698
2191	3690
342	3698
78	3690
219	3690
2100	3690
1992	3690
1485	3690
2723	3658
3715	3653
2079	3653
1605	3656
1124	3654
966	3653
1824	3653
1562	3653
841	3653
121	3656
2669	3690
1497	3658
1551	3658
580	3690
1257	3690
435	3653
1998	3690
539	3690
1408	3690
299	3653
462	3653
304	3654
1955	3653
234	3690
2099	3690
1197	3654
1623	3653
1735	3653
558	3653
2177	3658
2658	3658
722	3657
216	3658
1501	3658
2194	3658
172	3653
249	3653
2497	3690
2166	3690
1295	3690
941	3653
3716	3653
2354	3690
1049	3690
540	3690
1150	3690
1543	3690
702	3690
1516	3690
101	3690
2713	3659
513	3698
1995	3659
554	3690
1954	3690
2080	3658
1140	3690
2231	3658
1247	3698
1173	3698
1974	3690
1415	3690
1178	3690
2284	3690
1751	3690
1822	3658
2670	3690
1265	3653
108	3653
184	3656
1195	3656
855	3690
1752	3653
174	3653
1210	3653
2621	3653
2780	3653
0	3653
225	3653
689	3653
2753	3657
2534	3690
1217	3654
2198	3657
491	3654
559	3659
2509	3690
359	3657
1476	3656
620	3654
2078	3690
1308	3690
1846	3654
1109	3659
2609	3690
1242	3690
1817	3690
2678	3655
1477	3690
923	3690
442	3690
1285	3690
2250	3658
1549	3653
1765	3653
2169	3690
1904	3653
1521	3653
319	3653
2715	3653
19	3658
1921	3658
1635	3690
1149	3690
2788	3690
560	3690
2631	3690
158	3659
2187	3690
1758	3690
2131	3690
2172	3690
1014	3653
2689	3690
64	3663
2012	3659
706	3659
92	3659
1116	3654
324	3658
1879	3653
2306	3698
159	3690
1838	3690
1741	3654
2311	3690
2588	3690
2526	3690
94	3654
1693	3690
2729	3690
12	3690
1919	3658
2348	3690
949	3654
490	3658
1774	3658
759	3658
1248	3658
895	3658
387	3653
707	3691
1918	3653
2372	3698
877	3655
1407	3658
2112	3690
1462	3653
120	3653
2548	3690
550	3654
385	3658
2052	3658
1266	3658
48	3659
1473	3658
1684	3690
1227	3659
1599	3659
1305	3690
274	3658
2143	3659
2280	3653
835	3663
414	3656
2441	3658
1911	3658
210	3653
1672	3690
325	3658
1435	3658
2244	3659
2474	3654
322	3690
1001	3690
598	3690
2607	3690
1813	3690
447	3690
262	3690
1469	3690
2462	3658
929	3658
1666	3659
1736	3662
460	3690
56	3663
417	3653
1827	3690
2146	3690
2721	3691
2471	3656
1176	3690
1769	3658
383	3690
2384	3654
591	3690
883	3690
2126	3659
1638	3658
2725	3691
5	3653
1258	3690
653	3690
1007	3659
1325	3690
2196	3690
495	3690
1301	3690
432	3690
2762	3690
1627	3656
535	3690
1139	3690
1311	3690
254	3690
1087	3690
353	3690
1964	3658
1556	3690
1354	3654
1419	3654
851	3654
1370	3656
1990	3698
1466	3659
2383	3690
1337	3657
85	3659
448	3690
1841	3690
1863	3663
358	3656
440	3658
716	3654
836	3658
2002	3654
1416	3655
2602	3663
3717	3658
1037	3654
1479	3654
506	3654
2178	3658
2221	3653
850	3658
361	3690
168	3698
291	3653
356	3659
1767	3663
72	3654
2393	3653
1438	3691
2107	3690
2738	3654
2201	3658
2455	3663
2687	3691
2264	3660
143	3653
2699	3691
1417	3653
154	3658
963	3657
2233	3658
167	3659
268	3654
2094	3654
2373	3653
930	3653
1106	3653
1993	3658
421	3653
2011	3654
735	3662
2784	3654
399	3654
339	3654
779	3654
2062	3690
3718	3658
1534	3654
2527	3659
2735	3658
1006	3657
1154	3654
1572	3658
1036	3658
569	3690
744	3690
1259	3658
441	3658
3719	3691
1844	3656
1554	3658
221	3658
1050	3690
659	3690
2533	3690
292	3690
511	3690
955	3653
623	3690
2536	3653
288	3654
2558	3660
1252	3659
118	3656
2183	3656
253	3656
182	3690
2364	3653
1688	3658
2402	3654
2757	3658
740	3659
1437	3658
189	3690
564	3660
2164	3653
2195	3653
811	3653
2756	3653
959	3653
1100	3653
1734	3653
724	3655
1520	3657
2618	3691
1277	3690
445	3654
1093	3658
376	3690
1364	3690
1596	3690
976	3690
2543	3654
331	3690
2552	3662
2014	3690
752	3662
1010	3654
3646	2066
3646	2515
3646	1732
3646	2106
3646	1003
3646	630
3646	956
3646	3647
3646	1493
3646	635
3646	99
3646	3648
3646	768
3646	1279
3646	2138
3646	1670
3646	1203
3646	3649
3646	3650
3646	1359
3646	1687
3646	1267
3646	679
3646	764
3646	340
3646	469
3646	898
3646	3651
3646	1463
3646	2465
3646	14
3646	1509
3646	51
3646	1834
3646	867
3646	639
3646	3652
3646	156
3646	691
3646	566
3646	838
3646	328
3646	1002
3646	2332
3646	2240
3646	821
3646	571
3646	1204
3646	2493
3646	829
3646	2406
3646	939
3646	57
3646	572
3646	1307
3646	230
3646	1789
3646	1471
3646	109
3646	76
3646	884
3646	1929
3646	1198
3646	718
3646	2281
3646	971
3646	463
3646	461
3646	599
3646	438
3646	60
3646	2529
3646	2202
3646	300
3646	781
3646	785
3646	2189
3653	853
3646	2416
3646	162
3646	1657
3646	1062
3646	160
3646	556
3646	499
3646	710
3646	330
3646	3640
3646	1270
3646	1045
3646	1013
3646	2466
3654	1743
3654	95
3655	896
3656	1074
3657	2387
3658	2456
3658	787
3657	211
3659	2484
3660	2790
3659	595
3654	1164
3659	2567
3659	2628
3658	1858
3658	1363
3654	1372
3657	2643
3654	1398
3658	2075
3658	703
3654	2506
3654	926
3654	1186
3654	129
3658	2758
3654	54
3655	1963
3653	784
3654	112
3654	2190
3658	1272
3656	2083
3653	915
3653	2001
3653	327
3660	501
3653	1942
3657	1776
3662	3661
3654	990
3657	859
3653	1805
3653	739
3655	2304
3657	1530
3657	755
3653	948
3659	979
3657	2188
3658	2395
3657	964
3653	667
3658	2113
3658	2356
3658	1924
3658	1721
3654	1212
3659	1850
3659	2709
3653	2245
3658	2503
3654	983
3656	1716
3663	649
3662	27
3656	715
3656	289
3656	1843
3653	75
3657	2577
3653	615
3653	2684
3657	2004
3662	6
3654	497
3658	49
3658	1797
3657	1708
3659	1994
3659	773
3660	2058
3653	257
3657	1617
3658	782
3653	1379
3653	1099
3657	1979
3653	1302
3653	1728
3658	2090
3653	2755
3653	464
3653	2197
3653	858
3654	2408
3653	970
3654	1183
3662	2686
3662	2044
3654	3
3658	1179
3658	1524
3659	1926
3653	1358
3657	37
3658	2479
3653	1286
3656	2785
3653	2485
3653	2270
3662	2697
3659	1537
3653	52
3656	1494
3662	2026
3662	195
3653	1028
3662	1400
3659	2632
3658	1923
3654	637
3653	2175
3653	23
3656	2598
3659	792
3658	1457
3656	2766
3653	937
3656	844
3658	738
3653	814
3653	311
3654	601
3656	2363
3654	783
3656	640
3654	912
3653	2036
3657	628
3657	1047
3657	524
3657	208
3654	1055
3654	272
3656	624
3654	2546
3658	2549
3657	1369
3658	909
3658	766
3654	2276
3657	1383
3657	901
3658	2397
3658	1192
3657	2150
3657	2616
3657	1125
3657	2691
3659	297
3657	656
3658	53
3662	2089
3662	18
3653	1182
3653	1989
3657	418
3657	2712
3657	2626
3657	2119
3658	503
3658	2033
3658	229
3657	2682
3653	323
3657	697
3657	942
3646	1602
3646	3664
3646	2791
3646	1641
3646	1616
3646	1700
3646	3665
3646	1323
3646	1426
3646	1557
3646	2587
3646	1500
3646	1575
3646	2203
3646	1626
3646	1558
3646	3666
3646	574
3646	286
3646	2205
3646	263
3646	1828
3646	2347
3646	1120
3646	296
3646	847
3646	733
3646	742
3646	145
3646	2649
3646	2005
3646	314
3646	2074
3646	2200
3646	1420
3646	634
3646	1165
3646	995
3646	2008
3646	3667
3646	1262
3646	368
3646	3668
3646	1861
3646	969
3646	3669
3646	529
3646	35
3646	161
3646	1474
3646	2694
3646	1291
3646	813
3646	3670
3646	377
3646	899
3646	169
3646	622
3646	1885
3646	1779
3646	2554
3646	775
3646	1343
3646	2782
3646	2707
3657	1022
3654	1233
3657	1553
3654	1818
3657	2314
3658	806
3658	2499
3658	1982
3657	3671
3658	235
3654	2082
3657	1080
3657	1322
3653	412
3658	1038
3657	795
3657	1916
3657	1882
3657	2730
3657	1174
3657	582
3657	2152
3657	1159
3658	553
3657	2460
3658	227
3654	7
3653	2676
3657	2467
3653	549
3653	1723
3657	1389
3657	1517
3653	205
3654	916
3657	631
3657	1397
3657	151
3657	866
3657	551
3657	444
3659	1376
3657	1880
3657	1997
3657	2759
3657	244
3657	910
3657	2358
3657	2604
3654	2547
3657	2129
3653	2786
3663	1088
3658	1578
3654	28
3657	2769
3657	459
3653	1234
3657	2401
3654	1208
3657	713
3653	2208
3657	1946
3653	1142
3659	1048
3653	1665
3657	2282
3653	796
3653	1727
3653	2574
3653	1920
3657	165
3656	2161
3663	822
3659	2494
3657	2213
3657	1639
3657	144
3657	2114
3657	2035
3657	2302
3654	1355
3662	1878
3654	938
3658	1565
3658	1755
3658	443
3658	2690
3657	1336
3654	3672
3657	2288
3654	228
3653	864
3662	2705
3658	1206
3658	2438
3653	2741
3653	285
3653	3641
3654	2660
3653	2028
3654	1470
3655	1803
3658	881
3653	2645
3653	719
3660	2085
3654	2739
3653	2513
3653	1039
3658	1023
3657	1821
3657	662
3654	2312
3653	2639
3659	2346
3658	828
3657	2394
3653	1606
3653	16
3653	1809
3659	2098
3653	1985
3653	1825
3653	758
3653	2575
3659	2491
3662	663
3658	1184
3656	1025
3663	1056
3653	2478
3655	2535
3657	2412
3653	1458
3656	1076
3653	2747
3654	1202
3653	278
3654	1455
3653	1488
3659	2224
3658	1191
3654	2193
3656	2500
3663	1647
3656	2142
3654	2359
3654	111
3656	1529
3659	583
3663	1629
3654	935
3657	1053
3654	548
3653	80
3656	1628
3653	2091
3653	2222
3656	22
3653	1235
3653	1873
3653	2260
3653	392
3653	2059
3654	2400
3653	2822
3656	1189
3654	2020
3654	761
3654	204
3656	2109
3654	308
3654	1550
3654	2779
3656	423
3654	510
3654	1702
3654	213
3658	429
3653	2368
3653	1940
3653	1967
3653	1318
3653	409
3653	1706
3653	1796
3662	1984
3653	2512
3656	887
3653	1977
3653	1151
3654	1064
3662	816
3654	1640
3653	119
3653	1780
3653	769
3653	776
3653	1078
3653	2659
3653	2326
3653	958
3653	1619
3653	1903
3653	2057
3657	240
3653	2054
3653	2675
3653	790
3653	1504
3653	2379
3657	40
3653	1577
3655	1024
3654	2007
3654	2522
3657	1746
3657	1290
3656	2648
3659	1374
3657	246
3657	2662
3654	1831
3656	2633
3653	1152
3653	492
3653	2068
3654	1742
3653	1653
3653	1515
3653	420
3657	1829
3653	2578
3658	705
3653	98
3653	298
3659	2608
3657	2041
3657	2301
3657	2061
3657	731
3657	2495
3654	839
3657	1269
3654	153
3657	3673
3654	2148
3657	2029
3657	178
3654	203
3657	633
3657	365
3654	2262
3657	1175
3657	1644
3657	1991
3657	1475
3657	220
3654	1144
3657	2720
3657	3674
3658	3675
3659	914
3653	1783
3654	1449
3657	416
3659	538
3653	957
3657	621
3653	1020
3653	242
3655	393
3655	2463
3653	695
3657	2331
3657	2446
3655	1388
3656	1169
3653	1328
3657	275
3657	236
3655	1046
3660	1411
3660	259
3657	2121
3654	1663
3654	1240
3662	2253
3655	1611
3657	281
3653	3676
3659	1246
3653	155
3655	1896
3653	1027
3654	301
3653	110
3653	2168
3659	1040
3659	561
3654	1510
3655	2023
3653	13
3653	2559
3654	1683
3654	1714
3653	1784
3658	747
3653	2765
3653	1814
3659	604
3659	1689
3656	2571
3659	2733
3654	2207
3653	902
3654	403
3658	96
3654	2076
3654	2498
3660	1385
3660	686
3660	2319
3660	2507
3660	2092
3653	73
3657	767
3653	2429
3662	1775
3658	1261
3655	280
3653	1114
3653	606
3653	1566
3657	943
3657	1589
3657	1676
3657	575
3653	1749
3653	2518
3653	201
3653	2672
3653	516
3653	1017
3657	382
3655	215
3656	1320
3653	1620
3659	1603
3657	1548
3653	484
3653	920
3653	2770
3653	77
3653	1431
3657	2443
3659	982
3653	1512
3653	2375
3653	2365
3656	2459
3658	1118
3653	1518
3653	984
3654	2764
3654	2307
3653	1231
3653	1310
3658	1930
3659	410
3659	2179
3657	375
3663	1781
3654	672
3658	993
3653	2055
3653	1568
3658	1282
3653	780
3653	1317
3653	1890
3653	986
3653	2294
3653	10
3654	514
3662	2176
3662	962
3662	355
3653	1655
3653	55
3653	2060
3653	2285
3654	1207
3653	1131
3654	2523
3653	1981
3653	1604
3653	2581
3653	2620
3662	354
3653	1654
3654	1451
3653	1840
3653	267
3653	2343
3653	552
3654	136
3656	336
3653	2081
3657	878
3655	157
3653	326
3658	1237
3658	1112
3653	206
3660	2731
3658	406
3658	879
3658	1260
3658	2516
3658	25
3658	384
3658	2211
3658	2257
3658	2369
3658	283
3662	1255
3654	1236
3657	1594
3658	664
3657	2261
3653	609
3657	974
3658	555
3659	177
3653	2704
3654	629
3658	2293
3657	2600
3656	1526
3658	1852
3654	655
3660	233
3660	1030
3653	661
3659	1448
3658	2165
3653	1427
3656	619
3654	1035
3662	1739
3657	2147
3657	1800
3654	2657
3654	1229
3657	1199
3657	2768
3658	2219
3658	83
3658	343
3653	1271
3657	478
3659	1745
3656	2133
3654	224
3653	1567
3657	627
3659	2027
3653	1450
3656	1459
3656	1146
3659	1887
3654	533
3656	347
3653	1692
3657	2287
3657	712
3653	2398
3653	1893
3653	1587
3653	2461
3657	142
3658	3677
3658	3678
3654	1766
3654	1051
3658	2586
3660	2557
3653	673
3662	534
3657	2564
3657	809
3657	563
3657	2576
3657	1973
3657	1738
3655	1128
3653	745
3659	1966
3654	842
3654	2376
3654	2711
3654	875
3654	972
3654	1804
3654	2568
3654	1576
3654	2087
3654	736
3658	2308
3658	1288
3654	708
3654	1339
3654	804
3654	933
3653	2070
3653	380
3659	991
3653	1444
3653	748
3654	2017
3662	453
3654	306
3656	470
3655	200
3655	269
3655	2530
3657	1103
3654	2271
3657	2268
3657	2217
3653	8
3659	2601
3653	1864
3658	832
3654	2683
3654	968
3653	1618
3655	2414
3655	181
3656	1321
3656	2105
3656	632
3659	1697
3653	2760
3653	2159
3656	1925
3653	348
3653	2009
3660	2333
3653	2611
3653	237
3658	1297
3654	2227
3658	1362
3658	893
3653	567
3653	726
3655	1726
3663	1713
3654	1555
3654	1401
3654	1681
3657	1077
3655	1467
3657	2781
3654	1932
3655	2458
3655	2593
3659	1934
3659	21
3653	1108
3653	1375
3657	3642
3653	131
3654	2132
3657	757
3659	863
3656	2651
3657	2477
3654	1443
3654	2378
3654	652
3654	594
3654	2241
3657	857
3653	293
3658	1004
3653	15
3657	100
3654	608
3654	127
3654	1756
3656	1986
3656	1334
3656	3679
3656	2186
3653	1238
3657	261
3657	1384
3662	3680
3662	2750
3656	904
3654	508
3655	2562
3653	2340
3659	2591
3656	335
3656	4
3653	1802
3660	2439
3654	2167
3654	2783
3653	600
3654	1652
3654	1096
3658	585
3654	1352
3659	1725
3653	2772
3654	1187
3659	2426
3653	148
3657	2663
3653	1292
3653	1948
3655	1060
3653	917
3657	890
3653	1608
3655	1787
3653	2252
3659	2482
3653	1104
3653	808
3654	1145
3653	2427
3653	2468
3653	711
3653	290
3653	682
3658	625
3656	528
3653	1927
3653	450
3653	1559
3653	1264
3653	562
3659	987
3653	45
3653	1367
3653	1147
3655	2318
3653	374
3658	1172
3653	1836
3653	519
3662	1819
3659	680
3659	2181
3653	1889
3657	2330
3653	1770
3654	612
3653	1905
3653	312
3653	2635
3655	191
3656	1570
3654	3643
3654	1127
3655	704
3656	1196
3653	772
3663	586
3653	317
3653	2450
3653	126
3653	1313
3653	449
3653	3644
3653	1185
3654	2259
3659	2650
3653	1914
3653	1410
3654	800
3654	1300
3654	1069
3654	2722
3653	1498
3653	2531
3654	1729
3653	788
3653	1061
3659	1941
3653	2528
3663	41
3655	378
3653	1671
3653	1938
3653	1424
3653	1414
3653	2490
3653	104
3653	1044
3653	2433
3653	1837
3653	2419
3653	381
3653	2032
3653	1132
3658	1480
3653	1634
3658	2555
3654	1855
3654	947
3655	1859
3659	294
3653	823
3662	3681
3662	3682
3662	2135
3653	2367
3653	989
3653	2
3653	1213
3657	1790
3657	2024
3653	1180
3663	2158
3653	2752
3662	2215
3657	688
3657	485
3655	2380
3653	1168
3653	683
3653	1971
3653	1807
3663	2744
3656	698
3653	396
3658	1642
3658	63
3659	2088
3653	1637
3653	1381
3653	1590
3653	2049
3657	3683
3657	3684
3657	3685
3657	3686
3657	3687
3657	3688
3657	2295
3656	2525
3654	870
3654	2573
3653	734
3654	1631
3653	3689
3654	2565
3656	1709
3662	2612
3653	1294
3653	1636
3653	1345
3653	1009
3690	188
3654	2050
3660	654
3653	2101
3653	2727
3654	1960
3653	3645
3653	1138
3656	2502
3654	2120
3653	1949
3654	837
3657	295
3655	611
3653	2128
3654	345
3657	1068
3653	1478
3654	614
3654	1423
3654	2622
3653	1527
3653	2776
3653	1842
3653	115
3653	786
3653	34
3656	1764
3654	1465
3663	2442
3653	2726
3653	951
3691	2545
3691	531
3691	2629
3691	1228
3691	1452
3691	1075
3658	911
3656	2154
3654	1894
3658	352
3656	473
3691	1907
3691	170
3653	2469
3653	1868
3691	666
3691	774
3691	2483
3653	315
3691	1034
3657	2381
3653	1026
3659	616
3691	471
3655	671
3654	1514
3691	2102
3691	1908
3691	1503
3658	42
3658	1750
3654	305
3691	404
3691	1215
3691	86
3657	1348
3657	2039
3691	2160
3657	284
3691	1544
3691	888
3691	2209
3659	367
3658	239
3654	2097
3691	1987
3653	988
3653	547
3653	597
3691	1661
3657	2071
3654	1867
3653	521
3691	749
3653	1033
3662	1110
3653	125
3653	1968
3653	1646
3653	1223
3653	1580
3691	1658
3653	2521
3653	1016
3653	2716
3691	1762
3653	175
3691	1704
3653	789
3690	2370
3658	643
3653	889
3653	2013
3691	1563
3653	1922
3653	2015
3653	1542
3691	1956
3658	1915
3653	522
3653	2754
3653	2046
3691	2248
3663	2051
3663	2681
3691	405
3653	2596
3662	3692
3653	413
3662	2737
3658	1429
3655	1387
3653	198
3653	1019
3691	2444
3653	2510
3653	1342
3653	2420
3657	730
3662	89
3691	1943
3653	2488
3690	1881
3653	2668
3653	1785
3653	1067
3653	2096
3653	1495
3653	770
3653	1722
3653	587
3653	741
3653	500
3653	727
3653	2778
3653	2386
3653	1560
3653	1536
3653	732
3654	1440
3653	2625
3653	2789
3653	2434
3653	370
3653	2696
3653	1696
3658	2561
3653	1891
3653	2728
3691	1707
3654	2184
3653	2185
3653	1685
3653	1253
3653	950
3653	2424
3653	2403
3653	584
3653	2274
3653	329
3653	721
3654	1694
3658	430
3653	488
3653	309
3653	3693
3653	2317
3653	1571
3653	1737
3654	30
3653	1678
3691	363
3658	1226
3658	3694
3658	934
3658	2267
3658	2504
3657	2223
3653	1293
3663	2390
3663	2473
3658	1884
3655	1686
3653	1939
3654	1250
3654	1793
3655	1747
3659	2551
3660	379
3653	2724
3659	1157
3659	265
3659	2278
3655	954
3691	1782
3654	1564
3659	3695
3659	1830
3653	1740
3655	2003
3655	446
3655	1218
3655	824
3653	669
3659	581
3659	1481
3659	1032
3656	425
3653	504
3662	2145
3653	401
3653	2476
3653	2389
3662	20
3653	2767
3657	1525
3654	1000
3658	2072
3653	1507
3653	833
3662	351
3656	1875
3656	1768
3691	2342
3653	1937
3653	2496
3653	2774
3653	1193
3653	2688
3653	924
3662	1703
3653	193
3653	183
3662	1335
3662	1513
3659	2204
3654	2486
3657	2103
3653	1382
3653	1947
3655	2749
3656	2692
3655	1309
3691	1121
3657	502
3662	1848
3662	1648
3662	2192
3662	1957
3662	1902
3653	2300
3658	2335
3659	1126
3658	2396
3653	869
3653	2279
3653	24
3653	3696
3690	1895
3656	337
3653	1057
3655	2589
3653	771
3659	2667
3653	2655
3653	2654
3653	1970
3653	641
3653	694
3653	1472
3653	756
3653	1243
3653	1347
3653	1624
3653	1441
3653	2144
3653	1158
3653	751
3653	1219
3653	2623
3653	1021
3653	1585
3653	1547
3653	2410
3653	921
3653	794
3653	2787
3653	2321
3653	2388
3653	1254
3653	2505
3653	2216
3653	660
3653	729
3653	1340
3653	2418
3653	1815
3653	117
3653	1667
3656	2492
3656	2641
3658	565
3653	1699
3653	2022
3658	1170
3659	981
3653	1113
3663	880
3662	1357
3653	2538
3653	648
3653	164
3697	1097
3653	892
3691	2385
3657	371
3653	38
3658	2273
3658	810
3658	2118
3658	1651
3658	1595
3658	2569
3653	2313
3657	906
3658	2171
3658	1528
3658	527
3654	2644
3659	2594
3654	1123
3656	1650
3656	1664
3654	720
3653	2605
3653	2763
3653	1679
3653	2415
3690	141
3658	626
3659	452
3653	1912
3658	2134
3657	313
3657	58
3653	1220
3654	2180
3653	1832
3690	282
3698	2404
3654	960
3658	1856
3656	2740
3658	1499
3653	302
3659	50
3657	1898
3653	1860
3656	395
3654	2093
3659	310
3662	975
3654	1833
3690	338
3690	2349
3690	1715
3653	2155
3662	826
3653	1724
3653	1405
3653	1579
3653	1899
3653	1283
3653	1757
3653	468
3659	1230
3654	2232
3653	1298
3658	26
3658	579
3653	185
3653	1396
3654	913
3662	1711
3653	2341
3655	2666
3653	394
3690	2624
3653	2710
3653	2409
3656	1421
3655	1148
3658	2352
3653	2445
3658	1489
3658	2718
3658	1486
3690	9
3660	2585
3659	2566
3690	1081
3660	692
3656	700
3656	2243
3657	81
3653	187
3654	2337
3659	2637
3659	725
3659	1303
3658	657
3691	2520
3658	2399
3662	2449
3658	2338
3653	39
3662	2329
3654	1853
3653	3699
3659	91
3662	1662
3662	2627
3662	1
3662	69
3662	685
3662	1244
3662	1806
3662	1211
3658	373
3658	2717
3658	1612
3658	106
3653	46
3700	2480
3656	1330
3654	74
3658	1754
3654	137
3659	1593
3653	318
3656	802
3656	2661
3698	1656
3654	1892
3659	1857
3653	1795
3698	192
3690	3701
3655	2407
3657	486
3690	1386
3697	1136
3697	116
3658	350
3654	391
3654	276
3690	2254
3655	1018
3654	31
3653	2798
3654	2139
3663	793
3656	590
3658	2431
3653	1772
3653	1484
3654	1760
3653	2422
3653	171
3691	1872
3654	603
3653	1615
3659	1773
3690	2162
3698	677
3654	1281
3656	714
3654	1826
3657	333
3690	2653
3690	369
3690	1851
3653	124
3653	1849
3653	2464
3653	2701
3653	2508
3653	1456
3691	1289
3653	434
3654	961
3653	1719
3653	2665
3653	1718
3653	1778
3653	2751
3658	2220
3654	746
3653	457
3653	1361
3653	209
3653	2042
3653	1820
3653	2614
3653	2156
3653	936
3653	1935
3690	1839
3690	1316
3690	2391
3690	2417
3690	2695
3690	1447
3690	1241
3690	798
3690	1086
3690	2327
3690	2047
3690	1245
3690	415
3690	897
3653	1950
3654	1306
3659	1439
3653	1502
3654	2324
3653	2140
3653	1701
3655	255
3653	1256
3653	245
3653	743
3658	105
3658	1874
3658	454
3658	1314
3654	2309
3658	2560
3657	2323
3654	400
3656	1344
3658	1092
3698	366
3653	1054
3654	638
3698	945
3653	303
3653	1278
3657	542
3690	320
3653	2732
3653	1432
3653	1584
3653	1284
3655	1377
3653	1482
3653	1600
3659	2652
3700	1404
3657	871
3653	1418
3655	1085
3653	791
3653	152
3654	2031
3690	3702
3653	122
3653	868
3653	1371
3690	1166
3697	321
3690	1928
3690	68
3690	2411
3690	218
3656	2475
3654	2771
3690	834
3653	928
3690	681
3690	1275
3657	1373
3653	1153
3690	1799
3690	1801
3690	905
3690	1012
3690	1999
3654	642
3690	1082
3690	186
3658	1280
3690	2590
3690	2636
3658	135
3653	408
3690	2064
3690	1167
3658	1160
3690	1177
3690	1748
3690	2037
3662	2124
3653	1581
3662	1877
3656	2592
3653	2377
3653	2173
3690	2018
3690	231
3658	2237
3659	2501
3691	2117
3690	1625
3690	3703
3690	3704
3690	2235
3658	2350
3657	2580
3654	607
3653	346
3690	2472
3690	1969
3690	1084
3653	1962
3690	1216
3653	754
3690	2700
3654	176
3658	1390
3690	1533
3690	1273
3653	2642
3654	1346
3690	1041
3690	2265
3698	279
3663	439
3690	2006
3658	1365
3690	3705
3690	1393
3658	139
3690	1733
3690	217
3691	817
3662	1412
3658	593
3653	570
3653	2255
3690	2773
3656	133
3653	1906
3653	44
3690	1442
3653	451
3657	487
3653	665
3653	919
3700	2743
3690	670
3653	407
3690	1808
3653	2539
3653	134
3690	1200
3690	812
3690	690
3653	803
3658	287
3654	762
3654	1143
3658	2353
3656	1505
3654	1649
3653	1951
3653	849
3698	1668
3653	2149
3653	696
3653	2647
3653	1461
3653	515
3653	545
3690	62
3690	819
3662	1588
3690	59
3658	474
3653	1978
3653	2775
3653	2111
3653	967
3653	1430
3653	2579
3690	2104
3656	1315
3690	1496
3690	70
3690	602
3690	2296
3690	799
3690	1319
3690	2357
3690	1540
3653	530
3653	996
3653	2524
3663	1574
3653	2421
3658	1209
3658	865
3690	973
3690	1008
3654	424
3654	2163
3658	1720
3657	472
3654	1586
3690	2272
3690	658
3662	1591
3653	2123
3653	1931
3690	2481
3656	2382
3657	2392
3657	2597
3657	1304
3657	997
3690	1392
3657	1753
3690	2230
3690	1965
3690	1222
3690	475
3653	831
3653	1972
3657	2019
3662	334
3657	61
3691	277
3657	815
3653	2115
3690	2275
3654	2130
3653	1961
3658	130
3658	1788
3690	1811
3690	2067
3657	1378
3690	2584
3690	1592
3690	251
3656	266
3662	1333
3655	273
3654	455
3653	678
3659	43
3656	1845
3657	2266
3657	717
3658	723
3690	1630
3690	1329
3690	2748
3653	1710
3653	1816
3653	2517
3653	1394
3690	498
3690	2603
3690	1777
3690	389
3690	2719
3690	1409
3690	1042
3690	1031
3690	1976
3690	687
3690	1854
3653	1406
3653	1988
3659	2436
3659	2540
3653	2355
3663	765
3653	107
3698	11
3653	1276
3659	925
3657	2362
3690	1607
3690	854
3654	843
3659	617
3690	1869
3658	2425
3663	2110
3653	1353
3654	1538
3656	173
3654	907
3690	1490
3690	2703
3691	1792
3690	544
3656	71
3656	568
3656	2451
3658	1155
3690	2116
3653	1812
3653	2310
3659	1251
3659	2325
3698	845
3653	2136
3690	517
3654	2086
3698	992
3659	1188
3659	496
3690	248
3690	1052
3653	636
3653	2141
3655	1531
3698	489
3653	908
3698	1996
3659	1402
3659	1312
3659	433
3659	190
3659	2553
3690	1063
3656	166
3690	2708
3659	2679
3700	1072
3655	931
3659	2236
3690	647
3657	1059
3656	2084
3653	1356
3657	1181
3653	852
3690	1761
3657	830
3656	1428
3690	1645
3653	518
3653	737
3658	199
3658	2519
3658	2256
3658	3706
3659	1909
3657	2371
3656	1763
3658	2677
3658	1731
3690	419
3690	1249
3658	1066
3690	477
3690	872
3690	1360
3653	2606
3654	1368
3659	93
3663	2069
3658	613
3659	668
3690	1287
3659	1299
3653	2640
3653	2824
3653	2823
3653	2818
3653	362
3658	1660
3654	32
3658	2125
3663	818
3697	2151
3658	1134
3655	194
3658	2038
3657	103
3653	197
3659	1897
3658	372
3659	1468
3658	402
3657	2646
3658	344
3654	264
3690	238
3690	1698
3690	2263
3657	1673
3691	2258
3653	332
3654	922
3690	102
3653	543
3653	1071
3658	985
3690	2366
3654	1523
3654	709
3653	2077
3653	2761
3653	2351
3653	2777
3658	2199
3691	431
3691	232
3658	1190
3659	763
3659	1791
3659	2283
3659	1119
3654	1395
3656	2430
3656	1522
3656	437
3653	465
3654	1156
3658	2440
3691	1224
3653	360
3690	47
3658	2290
3653	1870
3658	114
3660	397
3691	1268
3654	807
3653	646
3659	1171
3658	247
3654	507
3690	2291
3690	1569
3658	1901
3654	965
3654	1823
3654	1350
3658	546
3658	307
3658	1464
3653	1952
3653	2746
3654	2153
3656	1532
3658	1073
3658	1090
3653	2298
3658	576
3690	2656
3690	2447
3656	1492
3698	2563
3698	1130
3698	1933
3663	1351
3663	87
3663	480
3698	2452
3690	1349
3690	932
3659	820
3659	2742
3690	2210
3653	2514
3655	2437
3690	1263
3663	398
3690	1101
3658	1583
3653	388
3663	999
3663	2053
3659	778
3659	82
3658	2698
3690	1079
3690	2127
3654	1786
3690	1980
3690	1102
3657	3707
3657	1675
3654	1609
3657	3708
3657	3709
3657	3710
3657	3711
3657	3712
3657	3713
3657	1866
3657	605
3657	386
3660	88
3660	17
3660	494
3660	1422
3660	2229
3659	1011
3658	493
3690	2056
3690	427
3658	2595
3658	675
3656	1944
3663	1541
3653	777
3653	2212
3653	132
3653	2537
3691	2206
3658	874
3659	1865
3654	2021
3690	523
3690	918
3690	2610
3690	140
3654	674
3657	2289
3654	1669
3690	2615
3690	2016
3690	97
3690	1129
3690	1296
3656	1511
3656	2073
3656	1680
3657	1366
3690	1659
3690	2413
3690	2674
3657	207
3654	2234
3658	1810
3656	2277
3690	2305
3697	1005
3690	1622
3690	596
3654	1913
3658	1900
3658	2532
3654	271
3654	1506
3659	573
3654	1029
3656	2320
3656	123
3656	644
3656	977
3657	903
3690	1910
3653	256
3654	1446
3654	1794
3690	1043
3690	2550
3690	2137
3656	2108
3656	1561
3691	1546
3653	1117
3653	1194
3653	1958
3659	2448
3659	1111
3659	589
3659	2556
3653	2613
3690	1598
3690	250
3653	2034
3658	1338
3658	2582
3690	1883
3690	33
3656	2246
3656	2297
3656	1744
3654	2065
3690	2122
3690	980
3653	1225
3653	873
3653	2316
3659	390
3656	1552
3653	1614
3653	482
3656	2170
3654	2511
3657	2630
3653	1945
3690	2470
3690	2242
3653	476
3691	2228
3653	1983
3653	2617
3663	149
3691	557
3658	243
3690	411
3655	994
3657	2619
3691	2095
3691	2303
3657	532
3691	797
3657	270
3654	526
3691	801
3653	684
3656	2238
3690	2174
3690	467
3690	252
3654	2249
3653	2030
3691	79
3656	885
3690	2453
3653	2457
3690	1610
3690	2542
3690	1425
3658	701
3654	426
3690	2423
3690	860
3690	179
3663	2218
3663	1232
3657	1483
3657	805
3663	610
3657	1094
3654	1674
3657	466
3663	2583
3654	946
3654	1083
3654	886
3656	1058
3655	1098
3657	1161
3691	846
3653	2544
3654	840
3653	1582
3662	2599
3658	1717
3690	1677
3690	1886
3653	2405
3653	2673
3657	2247
3657	2745
3690	180
3690	1341
3655	882
3691	222
3691	2345
3691	1917
3690	1759
3691	1695
3690	1105
3690	894
3663	2226
3658	693
3658	1433
3658	577
3658	364
3690	2702
3653	1141
3653	1691
3658	212
3659	1871
3691	2048
3655	1633
3653	512
3653	2040
3653	1601
3653	1133
3654	1936
3690	2045
3691	1597
3691	520
3658	2428
3658	1162
3691	1771
3691	1632
3653	1953
3690	2821
3662	163
3654	953
3658	1201
3658	2489
3690	2269
3657	436
3690	479
3658	2664
3654	1445
3698	1413
3654	2541
3691	1959
3658	2570
3654	138
3656	128
3656	483
3659	2339
3653	650
3658	223
3659	65
3659	2328
3663	2361
3658	1137
3663	1835
3655	536
3663	241
3659	1798
3654	67
3663	1453
3658	651
3658	1690
3690	1487
3657	952
3654	1705
3653	2344
3654	578
3653	1239
3653	1643
3690	1888
3659	525
3655	1205
3653	113
3690	2634
3690	2454
3659	1065
3690	1730
3653	676
3653	1331
3654	2487
3690	2225
3656	1862
3654	998
3653	2292
3690	978
3654	36
3658	891
3690	1975
3653	2432
3690	2693
3654	944
3655	1535
3690	2435
3690	1324
3691	3714
3690	2299
3654	349
3653	760
3653	827
3653	1089
3690	509
3653	2043
3698	856
3658	1454
3658	1380
3658	1274
3658	196
3658	66
3658	588
3690	1332
3690	592
3659	2251
3653	876
3653	1876
3663	1135
3653	537
3690	1436
3663	422
3653	2671
3653	1163
3659	1613
3690	2706
3658	2025
3653	1847
3653	753
3690	1115
3653	862
3654	2638
3690	1221
3654	90
3662	1122
3662	1391
3690	2680
3653	2214
3657	1095
3655	2336
3653	1403
3690	258
3658	505
3690	1682
3653	1214
3660	1015
3656	2000
3656	861
3657	2239
3653	1573
3690	1327
3659	146
3690	2182
3690	2734
3653	2360
3653	541
3658	2334
3663	1519
3690	1545
3690	927
3653	2714
3690	825
3663	481
3653	260
3658	226
3653	900
3657	1399
3653	1508
3690	1070
3656	2685
3653	2010
3653	699
3653	456
3653	940
3653	147
3653	848
3653	1326
3653	84
3653	2736
3653	645
3653	2322
3653	29
3653	1091
3653	214
3653	750
3653	458
3653	1460
3658	341
3663	2315
3658	150
3691	2157
3690	1712
3691	1107
3691	316
3663	1621
3691	728
3657	2063
3658	618
3658	1539
3659	2374
3654	2286
3653	357
3654	1434
3663	202
3658	2572
3690	1491
3698	428
3690	2191
3698	342
3690	78
3690	219
3690	2100
3690	1992
3690	1485
3658	2723
3653	3715
3653	2079
3656	1605
3654	1124
3653	966
3653	1824
3653	1562
3653	841
3656	121
3690	2669
3658	1497
3658	1551
3690	580
3690	1257
3653	435
3690	1998
3690	539
3690	1408
3653	299
3653	462
3654	304
3653	1955
3690	234
3690	2099
3654	1197
3653	1623
3653	1735
3653	558
3658	2177
3658	2658
3657	722
3658	216
3658	1501
3658	2194
3653	172
3653	249
3690	2497
3690	2166
3690	1295
3653	941
3653	3716
3690	2354
3690	1049
3690	540
3690	1150
3690	1543
3690	702
3690	1516
3690	101
3659	2713
3698	513
3659	1995
3690	554
3690	1954
3658	2080
3690	1140
3658	2231
3698	1247
3698	1173
3690	1974
3690	1415
3690	1178
3690	2284
3690	1751
3658	1822
3690	2670
3653	1265
3653	108
3656	184
3656	1195
3690	855
3653	1752
3653	174
3653	1210
3653	2621
3653	2780
3653	0
3653	225
3653	689
3657	2753
3690	2534
3654	1217
3657	2198
3654	491
3659	559
3690	2509
3657	359
3656	1476
3654	620
3690	2078
3690	1308
3654	1846
3659	1109
3690	2609
3690	1242
3690	1817
3655	2678
3690	1477
3690	923
3690	442
3690	1285
3658	2250
3653	1549
3653	1765
3690	2169
3653	1904
3653	1521
3653	319
3653	2715
3658	19
3658	1921
3690	1635
3690	1149
3690	2788
3690	560
3690	2631
3659	158
3690	2187
3690	1758
3690	2131
3690	2172
3653	1014
3690	2689
3663	64
3659	2012
3659	706
3659	92
3654	1116
3658	324
3653	1879
3698	2306
3690	159
3690	1838
3654	1741
3690	2311
3690	2588
3690	2526
3654	94
3690	1693
3690	2729
3690	12
3658	1919
3690	2348
3654	949
3658	490
3658	1774
3658	759
3658	1248
3658	895
3653	387
3691	707
3653	1918
3698	2372
3655	877
3658	1407
3690	2112
3653	1462
3653	120
3690	2548
3654	550
3658	385
3658	2052
3658	1266
3659	48
3658	1473
3690	1684
3659	1227
3659	1599
3690	1305
3658	274
3659	2143
3653	2280
3663	835
3656	414
3658	2441
3658	1911
3653	210
3690	1672
3658	325
3658	1435
3659	2244
3654	2474
3690	322
3690	1001
3690	598
3690	2607
3690	1813
3690	447
3690	262
3690	1469
3658	2462
3658	929
3659	1666
3662	1736
3690	460
3663	56
3653	417
3690	1827
3690	2146
3691	2721
3656	2471
3690	1176
3658	1769
3690	383
3654	2384
3690	591
3690	883
3659	2126
3658	1638
3691	2725
3653	5
3690	1258
3690	653
3659	1007
3690	1325
3690	2196
3690	495
3690	1301
3690	432
3690	2762
3656	1627
3690	535
3690	1139
3690	1311
3690	254
3690	1087
3690	353
3658	1964
3690	1556
3654	1354
3654	1419
3654	851
3656	1370
3698	1990
3659	1466
3690	2383
3657	1337
3659	85
3690	448
3690	1841
3663	1863
3656	358
3658	440
3654	716
3658	836
3654	2002
3655	1416
3663	2602
3658	3717
3654	1037
3654	1479
3654	506
3658	2178
3653	2221
3658	850
3690	361
3698	168
3653	291
3659	356
3663	1767
3654	72
3653	2393
3691	1438
3690	2107
3654	2738
3658	2201
3663	2455
3691	2687
3660	2264
3653	143
3691	2699
3653	1417
3658	154
3657	963
3658	2233
3659	167
3654	268
3654	2094
3653	2373
3653	930
3653	1106
3658	1993
3653	421
3654	2011
3662	735
3654	2784
3654	399
3654	339
3654	779
3690	2062
3658	3718
3654	1534
3659	2527
3658	2735
3657	1006
3654	1154
3658	1572
3658	1036
3690	569
3690	744
3658	1259
3658	441
3691	3719
3656	1844
3658	1554
3658	221
3690	1050
3690	659
3690	2533
3690	292
3690	511
3653	955
3690	623
3653	2536
3654	288
3660	2558
3659	1252
3656	118
3656	2183
3656	253
3690	182
3653	2364
3658	1688
3654	2402
3658	2757
3659	740
3658	1437
3690	189
3660	564
3653	2164
3653	2195
3653	811
3653	2756
3653	959
3653	1100
3653	1734
3655	724
3657	1520
3691	2618
3690	1277
3654	445
3658	1093
3690	376
3690	1364
3690	1596
3690	976
3654	2543
3690	331
3662	2552
3690	2014
3662	752
3654	1010
3720	3646
3720	3653
3720	3654
3720	3655
3720	3656
3720	3657
3720	3658
3720	3659
3720	3660
3720	3662
3720	3663
3720	3690
3720	3691
3720	3697
3720	3698
3720	3700
3646	3720
3653	3720
3654	3720
3655	3720
3656	3720
3657	3720
3658	3720
3659	3720
3660	3720
3662	3720
3663	3720
3690	3720
3691	3720
3697	3720
3698	3720
3700	3720
2826	3720
3720	2826
